INFO - 2024-10-25 09:31:47 --> Session: Class initialized using 'CodeIgniter\Session\Handlers\FileHandler' driver.
WARNING - 2024-10-25 09:31:47 --> [DEPRECATED] Creation of dynamic property IonAuth\Models\IonAuthModel::$join is deprecated in FCPATH\vendor\benedmunds\codeigniter-ion-auth\Models\IonAuthModel.php on line 231.
 1 APPPATH\Libraries\IonAuth.php(71): IonAuth\Models\IonAuthModel->__construct()
 2 APPPATH\Controllers\Home.php(12): App\Libraries\IonAuth->__construct()
 3 SYSTEMPATH\CodeIgniter.php(903): App\Controllers\Home->__construct()
 4 SYSTEMPATH\CodeIgniter.php(500): CodeIgniter\CodeIgniter->createController()
 5 SYSTEMPATH\CodeIgniter.php(355): CodeIgniter\CodeIgniter->handleRequest(null, Object(Config\Cache), false)
 6 SYSTEMPATH\Boot.php(325): CodeIgniter\CodeIgniter->run()
 7 SYSTEMPATH\Boot.php(67): CodeIgniter\Boot::runCodeIgniter(Object(CodeIgniter\CodeIgniter))
 8 FCPATH\index.php(56): CodeIgniter\Boot::bootWeb(Object(Config\Paths))
WARNING - 2024-10-25 09:31:47 --> [DEPRECATED] Creation of dynamic property IonAuth\Models\IonAuthModel::$hashMethod is deprecated in FCPATH\vendor\benedmunds\codeigniter-ion-auth\Models\IonAuthModel.php on line 234.
 1 APPPATH\Libraries\IonAuth.php(71): IonAuth\Models\IonAuthModel->__construct()
 2 APPPATH\Controllers\Home.php(12): App\Libraries\IonAuth->__construct()
 3 SYSTEMPATH\CodeIgniter.php(903): App\Controllers\Home->__construct()
 4 SYSTEMPATH\CodeIgniter.php(500): CodeIgniter\CodeIgniter->createController()
 5 SYSTEMPATH\CodeIgniter.php(355): CodeIgniter\CodeIgniter->handleRequest(null, Object(Config\Cache), false)
 6 SYSTEMPATH\Boot.php(325): CodeIgniter\CodeIgniter->run()
 7 SYSTEMPATH\Boot.php(67): CodeIgniter\Boot::runCodeIgniter(Object(CodeIgniter\CodeIgniter))
 8 FCPATH\index.php(56): CodeIgniter\Boot::bootWeb(Object(Config\Paths))
WARNING - 2024-10-25 09:31:47 --> [DEPRECATED] Creation of dynamic property IonAuth\Models\IonAuthModel::$messagesTemplates is deprecated in FCPATH\vendor\benedmunds\codeigniter-ion-auth\Models\IonAuthModel.php on line 237.
 1 APPPATH\Libraries\IonAuth.php(71): IonAuth\Models\IonAuthModel->__construct()
 2 APPPATH\Controllers\Home.php(12): App\Libraries\IonAuth->__construct()
 3 SYSTEMPATH\CodeIgniter.php(903): App\Controllers\Home->__construct()
 4 SYSTEMPATH\CodeIgniter.php(500): CodeIgniter\CodeIgniter->createController()
 5 SYSTEMPATH\CodeIgniter.php(355): CodeIgniter\CodeIgniter->handleRequest(null, Object(Config\Cache), false)
 6 SYSTEMPATH\Boot.php(325): CodeIgniter\CodeIgniter->run()
 7 SYSTEMPATH\Boot.php(67): CodeIgniter\Boot::runCodeIgniter(Object(CodeIgniter\CodeIgniter))
 8 FCPATH\index.php(56): CodeIgniter\Boot::bootWeb(Object(Config\Paths))
INFO - 2024-10-25 09:31:52 --> Session: Class initialized using 'CodeIgniter\Session\Handlers\FileHandler' driver.
WARNING - 2024-10-25 09:31:52 --> [DEPRECATED] Creation of dynamic property IonAuth\Libraries\IonAuth::$session is deprecated in FCPATH\vendor\benedmunds\codeigniter-ion-auth\Libraries\IonAuth.php on line 65.
 1 APPPATH\Controllers\Login.php(13): IonAuth\Libraries\IonAuth->__construct()
 2 SYSTEMPATH\CodeIgniter.php(903): App\Controllers\Login->__construct()
 3 SYSTEMPATH\CodeIgniter.php(500): CodeIgniter\CodeIgniter->createController()
 4 SYSTEMPATH\CodeIgniter.php(355): CodeIgniter\CodeIgniter->handleRequest(null, Object(Config\Cache), false)
 5 SYSTEMPATH\Boot.php(325): CodeIgniter\CodeIgniter->run()
 6 SYSTEMPATH\Boot.php(67): CodeIgniter\Boot::runCodeIgniter(Object(CodeIgniter\CodeIgniter))
 7 FCPATH\index.php(56): CodeIgniter\Boot::bootWeb(Object(Config\Paths))
WARNING - 2024-10-25 09:31:52 --> [DEPRECATED] Creation of dynamic property IonAuth\Models\IonAuthModel::$join is deprecated in FCPATH\vendor\benedmunds\codeigniter-ion-auth\Models\IonAuthModel.php on line 231.
 1 FCPATH\vendor\benedmunds\codeigniter-ion-auth\Libraries\IonAuth.php(67): IonAuth\Models\IonAuthModel->__construct()
 2 APPPATH\Controllers\Login.php(13): IonAuth\Libraries\IonAuth->__construct()
 3 SYSTEMPATH\CodeIgniter.php(903): App\Controllers\Login->__construct()
 4 SYSTEMPATH\CodeIgniter.php(500): CodeIgniter\CodeIgniter->createController()
 5 SYSTEMPATH\CodeIgniter.php(355): CodeIgniter\CodeIgniter->handleRequest(null, Object(Config\Cache), false)
 6 SYSTEMPATH\Boot.php(325): CodeIgniter\CodeIgniter->run()
 7 SYSTEMPATH\Boot.php(67): CodeIgniter\Boot::runCodeIgniter(Object(CodeIgniter\CodeIgniter))
 8 FCPATH\index.php(56): CodeIgniter\Boot::bootWeb(Object(Config\Paths))
WARNING - 2024-10-25 09:31:52 --> [DEPRECATED] Creation of dynamic property IonAuth\Models\IonAuthModel::$hashMethod is deprecated in FCPATH\vendor\benedmunds\codeigniter-ion-auth\Models\IonAuthModel.php on line 234.
 1 FCPATH\vendor\benedmunds\codeigniter-ion-auth\Libraries\IonAuth.php(67): IonAuth\Models\IonAuthModel->__construct()
 2 APPPATH\Controllers\Login.php(13): IonAuth\Libraries\IonAuth->__construct()
 3 SYSTEMPATH\CodeIgniter.php(903): App\Controllers\Login->__construct()
 4 SYSTEMPATH\CodeIgniter.php(500): CodeIgniter\CodeIgniter->createController()
 5 SYSTEMPATH\CodeIgniter.php(355): CodeIgniter\CodeIgniter->handleRequest(null, Object(Config\Cache), false)
 6 SYSTEMPATH\Boot.php(325): CodeIgniter\CodeIgniter->run()
 7 SYSTEMPATH\Boot.php(67): CodeIgniter\Boot::runCodeIgniter(Object(CodeIgniter\CodeIgniter))
 8 FCPATH\index.php(56): CodeIgniter\Boot::bootWeb(Object(Config\Paths))
WARNING - 2024-10-25 09:31:52 --> [DEPRECATED] Creation of dynamic property IonAuth\Models\IonAuthModel::$messagesTemplates is deprecated in FCPATH\vendor\benedmunds\codeigniter-ion-auth\Models\IonAuthModel.php on line 237.
 1 FCPATH\vendor\benedmunds\codeigniter-ion-auth\Libraries\IonAuth.php(67): IonAuth\Models\IonAuthModel->__construct()
 2 APPPATH\Controllers\Login.php(13): IonAuth\Libraries\IonAuth->__construct()
 3 SYSTEMPATH\CodeIgniter.php(903): App\Controllers\Login->__construct()
 4 SYSTEMPATH\CodeIgniter.php(500): CodeIgniter\CodeIgniter->createController()
 5 SYSTEMPATH\CodeIgniter.php(355): CodeIgniter\CodeIgniter->handleRequest(null, Object(Config\Cache), false)
 6 SYSTEMPATH\Boot.php(325): CodeIgniter\CodeIgniter->run()
 7 SYSTEMPATH\Boot.php(67): CodeIgniter\Boot::runCodeIgniter(Object(CodeIgniter\CodeIgniter))
 8 FCPATH\index.php(56): CodeIgniter\Boot::bootWeb(Object(Config\Paths))
INFO - 2024-10-25 09:31:55 --> Session: Class initialized using 'CodeIgniter\Session\Handlers\FileHandler' driver.
WARNING - 2024-10-25 09:31:55 --> [DEPRECATED] Creation of dynamic property IonAuth\Models\IonAuthModel::$join is deprecated in FCPATH\vendor\benedmunds\codeigniter-ion-auth\Models\IonAuthModel.php on line 231.
 1 APPPATH\Libraries\IonAuth.php(71): IonAuth\Models\IonAuthModel->__construct()
 2 APPPATH\Controllers\Auth.php(77): App\Libraries\IonAuth->__construct()
 3 SYSTEMPATH\CodeIgniter.php(903): App\Controllers\Auth->__construct()
 4 SYSTEMPATH\CodeIgniter.php(500): CodeIgniter\CodeIgniter->createController()
 5 SYSTEMPATH\CodeIgniter.php(355): CodeIgniter\CodeIgniter->handleRequest(null, Object(Config\Cache), false)
 6 SYSTEMPATH\Boot.php(325): CodeIgniter\CodeIgniter->run()
 7 SYSTEMPATH\Boot.php(67): CodeIgniter\Boot::runCodeIgniter(Object(CodeIgniter\CodeIgniter))
 8 FCPATH\index.php(56): CodeIgniter\Boot::bootWeb(Object(Config\Paths))
WARNING - 2024-10-25 09:31:55 --> [DEPRECATED] Creation of dynamic property IonAuth\Models\IonAuthModel::$hashMethod is deprecated in FCPATH\vendor\benedmunds\codeigniter-ion-auth\Models\IonAuthModel.php on line 234.
 1 APPPATH\Libraries\IonAuth.php(71): IonAuth\Models\IonAuthModel->__construct()
 2 APPPATH\Controllers\Auth.php(77): App\Libraries\IonAuth->__construct()
 3 SYSTEMPATH\CodeIgniter.php(903): App\Controllers\Auth->__construct()
 4 SYSTEMPATH\CodeIgniter.php(500): CodeIgniter\CodeIgniter->createController()
 5 SYSTEMPATH\CodeIgniter.php(355): CodeIgniter\CodeIgniter->handleRequest(null, Object(Config\Cache), false)
 6 SYSTEMPATH\Boot.php(325): CodeIgniter\CodeIgniter->run()
 7 SYSTEMPATH\Boot.php(67): CodeIgniter\Boot::runCodeIgniter(Object(CodeIgniter\CodeIgniter))
 8 FCPATH\index.php(56): CodeIgniter\Boot::bootWeb(Object(Config\Paths))
WARNING - 2024-10-25 09:31:55 --> [DEPRECATED] Creation of dynamic property IonAuth\Models\IonAuthModel::$messagesTemplates is deprecated in FCPATH\vendor\benedmunds\codeigniter-ion-auth\Models\IonAuthModel.php on line 237.
 1 APPPATH\Libraries\IonAuth.php(71): IonAuth\Models\IonAuthModel->__construct()
 2 APPPATH\Controllers\Auth.php(77): App\Libraries\IonAuth->__construct()
 3 SYSTEMPATH\CodeIgniter.php(903): App\Controllers\Auth->__construct()
 4 SYSTEMPATH\CodeIgniter.php(500): CodeIgniter\CodeIgniter->createController()
 5 SYSTEMPATH\CodeIgniter.php(355): CodeIgniter\CodeIgniter->handleRequest(null, Object(Config\Cache), false)
 6 SYSTEMPATH\Boot.php(325): CodeIgniter\CodeIgniter->run()
 7 SYSTEMPATH\Boot.php(67): CodeIgniter\Boot::runCodeIgniter(Object(CodeIgniter\CodeIgniter))
 8 FCPATH\index.php(56): CodeIgniter\Boot::bootWeb(Object(Config\Paths))
INFO - 2024-10-25 09:31:56 --> Session: Class initialized using 'CodeIgniter\Session\Handlers\FileHandler' driver.
WARNING - 2024-10-25 09:31:56 --> [DEPRECATED] Creation of dynamic property IonAuth\Models\IonAuthModel::$join is deprecated in FCPATH\vendor\benedmunds\codeigniter-ion-auth\Models\IonAuthModel.php on line 231.
 1 APPPATH\Libraries\IonAuth.php(71): IonAuth\Models\IonAuthModel->__construct()
 2 APPPATH\Controllers\vendor\Home.php(17): App\Libraries\IonAuth->__construct()
 3 SYSTEMPATH\CodeIgniter.php(903): App\Controllers\vendor\Home->__construct()
 4 SYSTEMPATH\CodeIgniter.php(500): CodeIgniter\CodeIgniter->createController()
 5 SYSTEMPATH\CodeIgniter.php(355): CodeIgniter\CodeIgniter->handleRequest(null, Object(Config\Cache), false)
 6 SYSTEMPATH\Boot.php(325): CodeIgniter\CodeIgniter->run()
 7 SYSTEMPATH\Boot.php(67): CodeIgniter\Boot::runCodeIgniter(Object(CodeIgniter\CodeIgniter))
 8 FCPATH\index.php(56): CodeIgniter\Boot::bootWeb(Object(Config\Paths))
WARNING - 2024-10-25 09:31:56 --> [DEPRECATED] Creation of dynamic property IonAuth\Models\IonAuthModel::$hashMethod is deprecated in FCPATH\vendor\benedmunds\codeigniter-ion-auth\Models\IonAuthModel.php on line 234.
 1 APPPATH\Libraries\IonAuth.php(71): IonAuth\Models\IonAuthModel->__construct()
 2 APPPATH\Controllers\vendor\Home.php(17): App\Libraries\IonAuth->__construct()
 3 SYSTEMPATH\CodeIgniter.php(903): App\Controllers\vendor\Home->__construct()
 4 SYSTEMPATH\CodeIgniter.php(500): CodeIgniter\CodeIgniter->createController()
 5 SYSTEMPATH\CodeIgniter.php(355): CodeIgniter\CodeIgniter->handleRequest(null, Object(Config\Cache), false)
 6 SYSTEMPATH\Boot.php(325): CodeIgniter\CodeIgniter->run()
 7 SYSTEMPATH\Boot.php(67): CodeIgniter\Boot::runCodeIgniter(Object(CodeIgniter\CodeIgniter))
 8 FCPATH\index.php(56): CodeIgniter\Boot::bootWeb(Object(Config\Paths))
WARNING - 2024-10-25 09:31:56 --> [DEPRECATED] Creation of dynamic property IonAuth\Models\IonAuthModel::$messagesTemplates is deprecated in FCPATH\vendor\benedmunds\codeigniter-ion-auth\Models\IonAuthModel.php on line 237.
 1 APPPATH\Libraries\IonAuth.php(71): IonAuth\Models\IonAuthModel->__construct()
 2 APPPATH\Controllers\vendor\Home.php(17): App\Libraries\IonAuth->__construct()
 3 SYSTEMPATH\CodeIgniter.php(903): App\Controllers\vendor\Home->__construct()
 4 SYSTEMPATH\CodeIgniter.php(500): CodeIgniter\CodeIgniter->createController()
 5 SYSTEMPATH\CodeIgniter.php(355): CodeIgniter\CodeIgniter->handleRequest(null, Object(Config\Cache), false)
 6 SYSTEMPATH\Boot.php(325): CodeIgniter\CodeIgniter->run()
 7 SYSTEMPATH\Boot.php(67): CodeIgniter\Boot::runCodeIgniter(Object(CodeIgniter\CodeIgniter))
 8 FCPATH\index.php(56): CodeIgniter\Boot::bootWeb(Object(Config\Paths))
INFO - 2024-10-25 09:31:58 --> Session: Class initialized using 'CodeIgniter\Session\Handlers\FileHandler' driver.
WARNING - 2024-10-25 09:31:58 --> [DEPRECATED] Creation of dynamic property IonAuth\Models\IonAuthModel::$join is deprecated in FCPATH\vendor\benedmunds\codeigniter-ion-auth\Models\IonAuthModel.php on line 231.
 1 APPPATH\Libraries\IonAuth.php(71): IonAuth\Models\IonAuthModel->__construct()
 2 APPPATH\Filters\CheckPermissions.php(16): App\Libraries\IonAuth->__construct()
 3 SYSTEMPATH\Filters\Filters.php(197): App\Filters\CheckPermissions->__construct()
 4 SYSTEMPATH\Filters\Filters.php(184): CodeIgniter\Filters\Filters->runBefore([...])
 5 SYSTEMPATH\CodeIgniter.php(481): CodeIgniter\Filters\Filters->run('vendor/home/fetch_sales', 'before')
 6 SYSTEMPATH\CodeIgniter.php(355): CodeIgniter\CodeIgniter->handleRequest(null, Object(Config\Cache), false)
 7 SYSTEMPATH\Boot.php(325): CodeIgniter\CodeIgniter->run()
 8 SYSTEMPATH\Boot.php(67): CodeIgniter\Boot::runCodeIgniter(Object(CodeIgniter\CodeIgniter))
 9 FCPATH\index.php(56): CodeIgniter\Boot::bootWeb(Object(Config\Paths))
WARNING - 2024-10-25 09:31:58 --> [DEPRECATED] Creation of dynamic property IonAuth\Models\IonAuthModel::$hashMethod is deprecated in FCPATH\vendor\benedmunds\codeigniter-ion-auth\Models\IonAuthModel.php on line 234.
 1 APPPATH\Libraries\IonAuth.php(71): IonAuth\Models\IonAuthModel->__construct()
 2 APPPATH\Filters\CheckPermissions.php(16): App\Libraries\IonAuth->__construct()
 3 SYSTEMPATH\Filters\Filters.php(197): App\Filters\CheckPermissions->__construct()
 4 SYSTEMPATH\Filters\Filters.php(184): CodeIgniter\Filters\Filters->runBefore([...])
 5 SYSTEMPATH\CodeIgniter.php(481): CodeIgniter\Filters\Filters->run('vendor/home/fetch_sales', 'before')
 6 SYSTEMPATH\CodeIgniter.php(355): CodeIgniter\CodeIgniter->handleRequest(null, Object(Config\Cache), false)
 7 SYSTEMPATH\Boot.php(325): CodeIgniter\CodeIgniter->run()
 8 SYSTEMPATH\Boot.php(67): CodeIgniter\Boot::runCodeIgniter(Object(CodeIgniter\CodeIgniter))
 9 FCPATH\index.php(56): CodeIgniter\Boot::bootWeb(Object(Config\Paths))
WARNING - 2024-10-25 09:31:58 --> [DEPRECATED] Creation of dynamic property IonAuth\Models\IonAuthModel::$messagesTemplates is deprecated in FCPATH\vendor\benedmunds\codeigniter-ion-auth\Models\IonAuthModel.php on line 237.
 1 APPPATH\Libraries\IonAuth.php(71): IonAuth\Models\IonAuthModel->__construct()
 2 APPPATH\Filters\CheckPermissions.php(16): App\Libraries\IonAuth->__construct()
 3 SYSTEMPATH\Filters\Filters.php(197): App\Filters\CheckPermissions->__construct()
 4 SYSTEMPATH\Filters\Filters.php(184): CodeIgniter\Filters\Filters->runBefore([...])
 5 SYSTEMPATH\CodeIgniter.php(481): CodeIgniter\Filters\Filters->run('vendor/home/fetch_sales', 'before')
 6 SYSTEMPATH\CodeIgniter.php(355): CodeIgniter\CodeIgniter->handleRequest(null, Object(Config\Cache), false)
 7 SYSTEMPATH\Boot.php(325): CodeIgniter\CodeIgniter->run()
 8 SYSTEMPATH\Boot.php(67): CodeIgniter\Boot::runCodeIgniter(Object(CodeIgniter\CodeIgniter))
 9 FCPATH\index.php(56): CodeIgniter\Boot::bootWeb(Object(Config\Paths))
WARNING - 2024-10-25 09:31:58 --> [DEPRECATED] Creation of dynamic property IonAuth\Models\IonAuthModel::$join is deprecated in FCPATH\vendor\benedmunds\codeigniter-ion-auth\Models\IonAuthModel.php on line 231.
 1 APPPATH\Libraries\IonAuth.php(71): IonAuth\Models\IonAuthModel->__construct()
 2 APPPATH\Controllers\vendor\Home.php(17): App\Libraries\IonAuth->__construct()
 3 SYSTEMPATH\CodeIgniter.php(903): App\Controllers\vendor\Home->__construct()
 4 SYSTEMPATH\CodeIgniter.php(500): CodeIgniter\CodeIgniter->createController()
 5 SYSTEMPATH\CodeIgniter.php(355): CodeIgniter\CodeIgniter->handleRequest(null, Object(Config\Cache), false)
 6 SYSTEMPATH\Boot.php(325): CodeIgniter\CodeIgniter->run()
 7 SYSTEMPATH\Boot.php(67): CodeIgniter\Boot::runCodeIgniter(Object(CodeIgniter\CodeIgniter))
 8 FCPATH\index.php(56): CodeIgniter\Boot::bootWeb(Object(Config\Paths))
WARNING - 2024-10-25 09:31:58 --> [DEPRECATED] Creation of dynamic property IonAuth\Models\IonAuthModel::$hashMethod is deprecated in FCPATH\vendor\benedmunds\codeigniter-ion-auth\Models\IonAuthModel.php on line 234.
 1 APPPATH\Libraries\IonAuth.php(71): IonAuth\Models\IonAuthModel->__construct()
 2 APPPATH\Controllers\vendor\Home.php(17): App\Libraries\IonAuth->__construct()
 3 SYSTEMPATH\CodeIgniter.php(903): App\Controllers\vendor\Home->__construct()
 4 SYSTEMPATH\CodeIgniter.php(500): CodeIgniter\CodeIgniter->createController()
 5 SYSTEMPATH\CodeIgniter.php(355): CodeIgniter\CodeIgniter->handleRequest(null, Object(Config\Cache), false)
 6 SYSTEMPATH\Boot.php(325): CodeIgniter\CodeIgniter->run()
 7 SYSTEMPATH\Boot.php(67): CodeIgniter\Boot::runCodeIgniter(Object(CodeIgniter\CodeIgniter))
 8 FCPATH\index.php(56): CodeIgniter\Boot::bootWeb(Object(Config\Paths))
WARNING - 2024-10-25 09:31:58 --> [DEPRECATED] Creation of dynamic property IonAuth\Models\IonAuthModel::$messagesTemplates is deprecated in FCPATH\vendor\benedmunds\codeigniter-ion-auth\Models\IonAuthModel.php on line 237.
 1 APPPATH\Libraries\IonAuth.php(71): IonAuth\Models\IonAuthModel->__construct()
 2 APPPATH\Controllers\vendor\Home.php(17): App\Libraries\IonAuth->__construct()
 3 SYSTEMPATH\CodeIgniter.php(903): App\Controllers\vendor\Home->__construct()
 4 SYSTEMPATH\CodeIgniter.php(500): CodeIgniter\CodeIgniter->createController()
 5 SYSTEMPATH\CodeIgniter.php(355): CodeIgniter\CodeIgniter->handleRequest(null, Object(Config\Cache), false)
 6 SYSTEMPATH\Boot.php(325): CodeIgniter\CodeIgniter->run()
 7 SYSTEMPATH\Boot.php(67): CodeIgniter\Boot::runCodeIgniter(Object(CodeIgniter\CodeIgniter))
 8 FCPATH\index.php(56): CodeIgniter\Boot::bootWeb(Object(Config\Paths))
WARNING - 2024-10-25 15:01:58 --> [DEPRECATED] Creation of dynamic property IonAuth\Models\IonAuthModel::$join is deprecated in FCPATH\vendor\benedmunds\codeigniter-ion-auth\Models\IonAuthModel.php on line 231.
 1 APPPATH\Libraries\IonAuth.php(71): IonAuth\Models\IonAuthModel->__construct()
 2 APPPATH\Filters\CheckPermissions.php(16): App\Libraries\IonAuth->__construct()
 3 SYSTEMPATH\Filters\Filters.php(235): App\Filters\CheckPermissions->__construct()
 4 SYSTEMPATH\Filters\Filters.php(188): CodeIgniter\Filters\Filters->runAfter([...])
 5 SYSTEMPATH\CodeIgniter.php(527): CodeIgniter\Filters\Filters->run('vendor/home/fetch_sales', 'after')
 6 SYSTEMPATH\CodeIgniter.php(355): CodeIgniter\CodeIgniter->handleRequest(null, Object(Config\Cache), false)
 7 SYSTEMPATH\Boot.php(325): CodeIgniter\CodeIgniter->run()
 8 SYSTEMPATH\Boot.php(67): CodeIgniter\Boot::runCodeIgniter(Object(CodeIgniter\CodeIgniter))
 9 FCPATH\index.php(56): CodeIgniter\Boot::bootWeb(Object(Config\Paths))
WARNING - 2024-10-25 15:01:58 --> [DEPRECATED] Creation of dynamic property IonAuth\Models\IonAuthModel::$hashMethod is deprecated in FCPATH\vendor\benedmunds\codeigniter-ion-auth\Models\IonAuthModel.php on line 234.
 1 APPPATH\Libraries\IonAuth.php(71): IonAuth\Models\IonAuthModel->__construct()
 2 APPPATH\Filters\CheckPermissions.php(16): App\Libraries\IonAuth->__construct()
 3 SYSTEMPATH\Filters\Filters.php(235): App\Filters\CheckPermissions->__construct()
 4 SYSTEMPATH\Filters\Filters.php(188): CodeIgniter\Filters\Filters->runAfter([...])
 5 SYSTEMPATH\CodeIgniter.php(527): CodeIgniter\Filters\Filters->run('vendor/home/fetch_sales', 'after')
 6 SYSTEMPATH\CodeIgniter.php(355): CodeIgniter\CodeIgniter->handleRequest(null, Object(Config\Cache), false)
 7 SYSTEMPATH\Boot.php(325): CodeIgniter\CodeIgniter->run()
 8 SYSTEMPATH\Boot.php(67): CodeIgniter\Boot::runCodeIgniter(Object(CodeIgniter\CodeIgniter))
 9 FCPATH\index.php(56): CodeIgniter\Boot::bootWeb(Object(Config\Paths))
WARNING - 2024-10-25 15:01:58 --> [DEPRECATED] Creation of dynamic property IonAuth\Models\IonAuthModel::$messagesTemplates is deprecated in FCPATH\vendor\benedmunds\codeigniter-ion-auth\Models\IonAuthModel.php on line 237.
 1 APPPATH\Libraries\IonAuth.php(71): IonAuth\Models\IonAuthModel->__construct()
 2 APPPATH\Filters\CheckPermissions.php(16): App\Libraries\IonAuth->__construct()
 3 SYSTEMPATH\Filters\Filters.php(235): App\Filters\CheckPermissions->__construct()
 4 SYSTEMPATH\Filters\Filters.php(188): CodeIgniter\Filters\Filters->runAfter([...])
 5 SYSTEMPATH\CodeIgniter.php(527): CodeIgniter\Filters\Filters->run('vendor/home/fetch_sales', 'after')
 6 SYSTEMPATH\CodeIgniter.php(355): CodeIgniter\CodeIgniter->handleRequest(null, Object(Config\Cache), false)
 7 SYSTEMPATH\Boot.php(325): CodeIgniter\CodeIgniter->run()
 8 SYSTEMPATH\Boot.php(67): CodeIgniter\Boot::runCodeIgniter(Object(CodeIgniter\CodeIgniter))
 9 FCPATH\index.php(56): CodeIgniter\Boot::bootWeb(Object(Config\Paths))
INFO - 2024-10-25 09:31:58 --> Session: Class initialized using 'CodeIgniter\Session\Handlers\FileHandler' driver.
WARNING - 2024-10-25 09:31:58 --> [DEPRECATED] Creation of dynamic property IonAuth\Models\IonAuthModel::$join is deprecated in FCPATH\vendor\benedmunds\codeigniter-ion-auth\Models\IonAuthModel.php on line 231.
 1 APPPATH\Libraries\IonAuth.php(71): IonAuth\Models\IonAuthModel->__construct()
 2 APPPATH\Filters\CheckPermissions.php(16): App\Libraries\IonAuth->__construct()
 3 SYSTEMPATH\Filters\Filters.php(197): App\Filters\CheckPermissions->__construct()
 4 SYSTEMPATH\Filters\Filters.php(184): CodeIgniter\Filters\Filters->runBefore([...])
 5 SYSTEMPATH\CodeIgniter.php(481): CodeIgniter\Filters\Filters->run('vendor/home/fetch_purchases', 'before')
 6 SYSTEMPATH\CodeIgniter.php(355): CodeIgniter\CodeIgniter->handleRequest(null, Object(Config\Cache), false)
 7 SYSTEMPATH\Boot.php(325): CodeIgniter\CodeIgniter->run()
 8 SYSTEMPATH\Boot.php(67): CodeIgniter\Boot::runCodeIgniter(Object(CodeIgniter\CodeIgniter))
 9 FCPATH\index.php(56): CodeIgniter\Boot::bootWeb(Object(Config\Paths))
WARNING - 2024-10-25 09:31:58 --> [DEPRECATED] Creation of dynamic property IonAuth\Models\IonAuthModel::$hashMethod is deprecated in FCPATH\vendor\benedmunds\codeigniter-ion-auth\Models\IonAuthModel.php on line 234.
 1 APPPATH\Libraries\IonAuth.php(71): IonAuth\Models\IonAuthModel->__construct()
 2 APPPATH\Filters\CheckPermissions.php(16): App\Libraries\IonAuth->__construct()
 3 SYSTEMPATH\Filters\Filters.php(197): App\Filters\CheckPermissions->__construct()
 4 SYSTEMPATH\Filters\Filters.php(184): CodeIgniter\Filters\Filters->runBefore([...])
 5 SYSTEMPATH\CodeIgniter.php(481): CodeIgniter\Filters\Filters->run('vendor/home/fetch_purchases', 'before')
 6 SYSTEMPATH\CodeIgniter.php(355): CodeIgniter\CodeIgniter->handleRequest(null, Object(Config\Cache), false)
 7 SYSTEMPATH\Boot.php(325): CodeIgniter\CodeIgniter->run()
 8 SYSTEMPATH\Boot.php(67): CodeIgniter\Boot::runCodeIgniter(Object(CodeIgniter\CodeIgniter))
 9 FCPATH\index.php(56): CodeIgniter\Boot::bootWeb(Object(Config\Paths))
WARNING - 2024-10-25 09:31:58 --> [DEPRECATED] Creation of dynamic property IonAuth\Models\IonAuthModel::$messagesTemplates is deprecated in FCPATH\vendor\benedmunds\codeigniter-ion-auth\Models\IonAuthModel.php on line 237.
 1 APPPATH\Libraries\IonAuth.php(71): IonAuth\Models\IonAuthModel->__construct()
 2 APPPATH\Filters\CheckPermissions.php(16): App\Libraries\IonAuth->__construct()
 3 SYSTEMPATH\Filters\Filters.php(197): App\Filters\CheckPermissions->__construct()
 4 SYSTEMPATH\Filters\Filters.php(184): CodeIgniter\Filters\Filters->runBefore([...])
 5 SYSTEMPATH\CodeIgniter.php(481): CodeIgniter\Filters\Filters->run('vendor/home/fetch_purchases', 'before')
 6 SYSTEMPATH\CodeIgniter.php(355): CodeIgniter\CodeIgniter->handleRequest(null, Object(Config\Cache), false)
 7 SYSTEMPATH\Boot.php(325): CodeIgniter\CodeIgniter->run()
 8 SYSTEMPATH\Boot.php(67): CodeIgniter\Boot::runCodeIgniter(Object(CodeIgniter\CodeIgniter))
 9 FCPATH\index.php(56): CodeIgniter\Boot::bootWeb(Object(Config\Paths))
WARNING - 2024-10-25 09:31:58 --> [DEPRECATED] Creation of dynamic property IonAuth\Models\IonAuthModel::$join is deprecated in FCPATH\vendor\benedmunds\codeigniter-ion-auth\Models\IonAuthModel.php on line 231.
 1 APPPATH\Libraries\IonAuth.php(71): IonAuth\Models\IonAuthModel->__construct()
 2 APPPATH\Controllers\vendor\Home.php(17): App\Libraries\IonAuth->__construct()
 3 SYSTEMPATH\CodeIgniter.php(903): App\Controllers\vendor\Home->__construct()
 4 SYSTEMPATH\CodeIgniter.php(500): CodeIgniter\CodeIgniter->createController()
 5 SYSTEMPATH\CodeIgniter.php(355): CodeIgniter\CodeIgniter->handleRequest(null, Object(Config\Cache), false)
 6 SYSTEMPATH\Boot.php(325): CodeIgniter\CodeIgniter->run()
 7 SYSTEMPATH\Boot.php(67): CodeIgniter\Boot::runCodeIgniter(Object(CodeIgniter\CodeIgniter))
 8 FCPATH\index.php(56): CodeIgniter\Boot::bootWeb(Object(Config\Paths))
WARNING - 2024-10-25 09:31:58 --> [DEPRECATED] Creation of dynamic property IonAuth\Models\IonAuthModel::$hashMethod is deprecated in FCPATH\vendor\benedmunds\codeigniter-ion-auth\Models\IonAuthModel.php on line 234.
 1 APPPATH\Libraries\IonAuth.php(71): IonAuth\Models\IonAuthModel->__construct()
 2 APPPATH\Controllers\vendor\Home.php(17): App\Libraries\IonAuth->__construct()
 3 SYSTEMPATH\CodeIgniter.php(903): App\Controllers\vendor\Home->__construct()
 4 SYSTEMPATH\CodeIgniter.php(500): CodeIgniter\CodeIgniter->createController()
 5 SYSTEMPATH\CodeIgniter.php(355): CodeIgniter\CodeIgniter->handleRequest(null, Object(Config\Cache), false)
 6 SYSTEMPATH\Boot.php(325): CodeIgniter\CodeIgniter->run()
 7 SYSTEMPATH\Boot.php(67): CodeIgniter\Boot::runCodeIgniter(Object(CodeIgniter\CodeIgniter))
 8 FCPATH\index.php(56): CodeIgniter\Boot::bootWeb(Object(Config\Paths))
WARNING - 2024-10-25 09:31:58 --> [DEPRECATED] Creation of dynamic property IonAuth\Models\IonAuthModel::$messagesTemplates is deprecated in FCPATH\vendor\benedmunds\codeigniter-ion-auth\Models\IonAuthModel.php on line 237.
 1 APPPATH\Libraries\IonAuth.php(71): IonAuth\Models\IonAuthModel->__construct()
 2 APPPATH\Controllers\vendor\Home.php(17): App\Libraries\IonAuth->__construct()
 3 SYSTEMPATH\CodeIgniter.php(903): App\Controllers\vendor\Home->__construct()
 4 SYSTEMPATH\CodeIgniter.php(500): CodeIgniter\CodeIgniter->createController()
 5 SYSTEMPATH\CodeIgniter.php(355): CodeIgniter\CodeIgniter->handleRequest(null, Object(Config\Cache), false)
 6 SYSTEMPATH\Boot.php(325): CodeIgniter\CodeIgniter->run()
 7 SYSTEMPATH\Boot.php(67): CodeIgniter\Boot::runCodeIgniter(Object(CodeIgniter\CodeIgniter))
 8 FCPATH\index.php(56): CodeIgniter\Boot::bootWeb(Object(Config\Paths))
WARNING - 2024-10-25 15:01:58 --> [DEPRECATED] Creation of dynamic property IonAuth\Models\IonAuthModel::$join is deprecated in FCPATH\vendor\benedmunds\codeigniter-ion-auth\Models\IonAuthModel.php on line 231.
 1 APPPATH\Libraries\IonAuth.php(71): IonAuth\Models\IonAuthModel->__construct()
 2 APPPATH\Filters\CheckPermissions.php(16): App\Libraries\IonAuth->__construct()
 3 SYSTEMPATH\Filters\Filters.php(235): App\Filters\CheckPermissions->__construct()
 4 SYSTEMPATH\Filters\Filters.php(188): CodeIgniter\Filters\Filters->runAfter([...])
 5 SYSTEMPATH\CodeIgniter.php(527): CodeIgniter\Filters\Filters->run('vendor/home/fetch_purchases', 'after')
 6 SYSTEMPATH\CodeIgniter.php(355): CodeIgniter\CodeIgniter->handleRequest(null, Object(Config\Cache), false)
 7 SYSTEMPATH\Boot.php(325): CodeIgniter\CodeIgniter->run()
 8 SYSTEMPATH\Boot.php(67): CodeIgniter\Boot::runCodeIgniter(Object(CodeIgniter\CodeIgniter))
 9 FCPATH\index.php(56): CodeIgniter\Boot::bootWeb(Object(Config\Paths))
WARNING - 2024-10-25 15:01:58 --> [DEPRECATED] Creation of dynamic property IonAuth\Models\IonAuthModel::$hashMethod is deprecated in FCPATH\vendor\benedmunds\codeigniter-ion-auth\Models\IonAuthModel.php on line 234.
 1 APPPATH\Libraries\IonAuth.php(71): IonAuth\Models\IonAuthModel->__construct()
 2 APPPATH\Filters\CheckPermissions.php(16): App\Libraries\IonAuth->__construct()
 3 SYSTEMPATH\Filters\Filters.php(235): App\Filters\CheckPermissions->__construct()
 4 SYSTEMPATH\Filters\Filters.php(188): CodeIgniter\Filters\Filters->runAfter([...])
 5 SYSTEMPATH\CodeIgniter.php(527): CodeIgniter\Filters\Filters->run('vendor/home/fetch_purchases', 'after')
 6 SYSTEMPATH\CodeIgniter.php(355): CodeIgniter\CodeIgniter->handleRequest(null, Object(Config\Cache), false)
 7 SYSTEMPATH\Boot.php(325): CodeIgniter\CodeIgniter->run()
 8 SYSTEMPATH\Boot.php(67): CodeIgniter\Boot::runCodeIgniter(Object(CodeIgniter\CodeIgniter))
 9 FCPATH\index.php(56): CodeIgniter\Boot::bootWeb(Object(Config\Paths))
WARNING - 2024-10-25 15:01:58 --> [DEPRECATED] Creation of dynamic property IonAuth\Models\IonAuthModel::$messagesTemplates is deprecated in FCPATH\vendor\benedmunds\codeigniter-ion-auth\Models\IonAuthModel.php on line 237.
 1 APPPATH\Libraries\IonAuth.php(71): IonAuth\Models\IonAuthModel->__construct()
 2 APPPATH\Filters\CheckPermissions.php(16): App\Libraries\IonAuth->__construct()
 3 SYSTEMPATH\Filters\Filters.php(235): App\Filters\CheckPermissions->__construct()
 4 SYSTEMPATH\Filters\Filters.php(188): CodeIgniter\Filters\Filters->runAfter([...])
 5 SYSTEMPATH\CodeIgniter.php(527): CodeIgniter\Filters\Filters->run('vendor/home/fetch_purchases', 'after')
 6 SYSTEMPATH\CodeIgniter.php(355): CodeIgniter\CodeIgniter->handleRequest(null, Object(Config\Cache), false)
 7 SYSTEMPATH\Boot.php(325): CodeIgniter\CodeIgniter->run()
 8 SYSTEMPATH\Boot.php(67): CodeIgniter\Boot::runCodeIgniter(Object(CodeIgniter\CodeIgniter))
 9 FCPATH\index.php(56): CodeIgniter\Boot::bootWeb(Object(Config\Paths))
INFO - 2024-10-25 09:31:58 --> Session: Class initialized using 'CodeIgniter\Session\Handlers\FileHandler' driver.
WARNING - 2024-10-25 09:31:58 --> [DEPRECATED] Creation of dynamic property IonAuth\Models\IonAuthModel::$join is deprecated in FCPATH\vendor\benedmunds\codeigniter-ion-auth\Models\IonAuthModel.php on line 231.
 1 APPPATH\Libraries\IonAuth.php(71): IonAuth\Models\IonAuthModel->__construct()
 2 APPPATH\Filters\CheckPermissions.php(16): App\Libraries\IonAuth->__construct()
 3 SYSTEMPATH\Filters\Filters.php(197): App\Filters\CheckPermissions->__construct()
 4 SYSTEMPATH\Filters\Filters.php(184): CodeIgniter\Filters\Filters->runBefore([...])
 5 SYSTEMPATH\CodeIgniter.php(481): CodeIgniter\Filters\Filters->run('vendor/home/fetch_data', 'before')
 6 SYSTEMPATH\CodeIgniter.php(355): CodeIgniter\CodeIgniter->handleRequest(null, Object(Config\Cache), false)
 7 SYSTEMPATH\Boot.php(325): CodeIgniter\CodeIgniter->run()
 8 SYSTEMPATH\Boot.php(67): CodeIgniter\Boot::runCodeIgniter(Object(CodeIgniter\CodeIgniter))
 9 FCPATH\index.php(56): CodeIgniter\Boot::bootWeb(Object(Config\Paths))
WARNING - 2024-10-25 09:31:58 --> [DEPRECATED] Creation of dynamic property IonAuth\Models\IonAuthModel::$hashMethod is deprecated in FCPATH\vendor\benedmunds\codeigniter-ion-auth\Models\IonAuthModel.php on line 234.
 1 APPPATH\Libraries\IonAuth.php(71): IonAuth\Models\IonAuthModel->__construct()
 2 APPPATH\Filters\CheckPermissions.php(16): App\Libraries\IonAuth->__construct()
 3 SYSTEMPATH\Filters\Filters.php(197): App\Filters\CheckPermissions->__construct()
 4 SYSTEMPATH\Filters\Filters.php(184): CodeIgniter\Filters\Filters->runBefore([...])
 5 SYSTEMPATH\CodeIgniter.php(481): CodeIgniter\Filters\Filters->run('vendor/home/fetch_data', 'before')
 6 SYSTEMPATH\CodeIgniter.php(355): CodeIgniter\CodeIgniter->handleRequest(null, Object(Config\Cache), false)
 7 SYSTEMPATH\Boot.php(325): CodeIgniter\CodeIgniter->run()
 8 SYSTEMPATH\Boot.php(67): CodeIgniter\Boot::runCodeIgniter(Object(CodeIgniter\CodeIgniter))
 9 FCPATH\index.php(56): CodeIgniter\Boot::bootWeb(Object(Config\Paths))
WARNING - 2024-10-25 09:31:58 --> [DEPRECATED] Creation of dynamic property IonAuth\Models\IonAuthModel::$messagesTemplates is deprecated in FCPATH\vendor\benedmunds\codeigniter-ion-auth\Models\IonAuthModel.php on line 237.
 1 APPPATH\Libraries\IonAuth.php(71): IonAuth\Models\IonAuthModel->__construct()
 2 APPPATH\Filters\CheckPermissions.php(16): App\Libraries\IonAuth->__construct()
 3 SYSTEMPATH\Filters\Filters.php(197): App\Filters\CheckPermissions->__construct()
 4 SYSTEMPATH\Filters\Filters.php(184): CodeIgniter\Filters\Filters->runBefore([...])
 5 SYSTEMPATH\CodeIgniter.php(481): CodeIgniter\Filters\Filters->run('vendor/home/fetch_data', 'before')
 6 SYSTEMPATH\CodeIgniter.php(355): CodeIgniter\CodeIgniter->handleRequest(null, Object(Config\Cache), false)
 7 SYSTEMPATH\Boot.php(325): CodeIgniter\CodeIgniter->run()
 8 SYSTEMPATH\Boot.php(67): CodeIgniter\Boot::runCodeIgniter(Object(CodeIgniter\CodeIgniter))
 9 FCPATH\index.php(56): CodeIgniter\Boot::bootWeb(Object(Config\Paths))
WARNING - 2024-10-25 09:31:58 --> [DEPRECATED] Creation of dynamic property IonAuth\Models\IonAuthModel::$join is deprecated in FCPATH\vendor\benedmunds\codeigniter-ion-auth\Models\IonAuthModel.php on line 231.
 1 APPPATH\Libraries\IonAuth.php(71): IonAuth\Models\IonAuthModel->__construct()
 2 APPPATH\Controllers\vendor\Home.php(17): App\Libraries\IonAuth->__construct()
 3 SYSTEMPATH\CodeIgniter.php(903): App\Controllers\vendor\Home->__construct()
 4 SYSTEMPATH\CodeIgniter.php(500): CodeIgniter\CodeIgniter->createController()
 5 SYSTEMPATH\CodeIgniter.php(355): CodeIgniter\CodeIgniter->handleRequest(null, Object(Config\Cache), false)
 6 SYSTEMPATH\Boot.php(325): CodeIgniter\CodeIgniter->run()
 7 SYSTEMPATH\Boot.php(67): CodeIgniter\Boot::runCodeIgniter(Object(CodeIgniter\CodeIgniter))
 8 FCPATH\index.php(56): CodeIgniter\Boot::bootWeb(Object(Config\Paths))
WARNING - 2024-10-25 09:31:58 --> [DEPRECATED] Creation of dynamic property IonAuth\Models\IonAuthModel::$hashMethod is deprecated in FCPATH\vendor\benedmunds\codeigniter-ion-auth\Models\IonAuthModel.php on line 234.
 1 APPPATH\Libraries\IonAuth.php(71): IonAuth\Models\IonAuthModel->__construct()
 2 APPPATH\Controllers\vendor\Home.php(17): App\Libraries\IonAuth->__construct()
 3 SYSTEMPATH\CodeIgniter.php(903): App\Controllers\vendor\Home->__construct()
 4 SYSTEMPATH\CodeIgniter.php(500): CodeIgniter\CodeIgniter->createController()
 5 SYSTEMPATH\CodeIgniter.php(355): CodeIgniter\CodeIgniter->handleRequest(null, Object(Config\Cache), false)
 6 SYSTEMPATH\Boot.php(325): CodeIgniter\CodeIgniter->run()
 7 SYSTEMPATH\Boot.php(67): CodeIgniter\Boot::runCodeIgniter(Object(CodeIgniter\CodeIgniter))
 8 FCPATH\index.php(56): CodeIgniter\Boot::bootWeb(Object(Config\Paths))
WARNING - 2024-10-25 09:31:58 --> [DEPRECATED] Creation of dynamic property IonAuth\Models\IonAuthModel::$messagesTemplates is deprecated in FCPATH\vendor\benedmunds\codeigniter-ion-auth\Models\IonAuthModel.php on line 237.
 1 APPPATH\Libraries\IonAuth.php(71): IonAuth\Models\IonAuthModel->__construct()
 2 APPPATH\Controllers\vendor\Home.php(17): App\Libraries\IonAuth->__construct()
 3 SYSTEMPATH\CodeIgniter.php(903): App\Controllers\vendor\Home->__construct()
 4 SYSTEMPATH\CodeIgniter.php(500): CodeIgniter\CodeIgniter->createController()
 5 SYSTEMPATH\CodeIgniter.php(355): CodeIgniter\CodeIgniter->handleRequest(null, Object(Config\Cache), false)
 6 SYSTEMPATH\Boot.php(325): CodeIgniter\CodeIgniter->run()
 7 SYSTEMPATH\Boot.php(67): CodeIgniter\Boot::runCodeIgniter(Object(CodeIgniter\CodeIgniter))
 8 FCPATH\index.php(56): CodeIgniter\Boot::bootWeb(Object(Config\Paths))
WARNING - 2024-10-25 15:01:58 --> [DEPRECATED] Creation of dynamic property IonAuth\Models\IonAuthModel::$join is deprecated in FCPATH\vendor\benedmunds\codeigniter-ion-auth\Models\IonAuthModel.php on line 231.
 1 APPPATH\Libraries\IonAuth.php(71): IonAuth\Models\IonAuthModel->__construct()
 2 APPPATH\Filters\CheckPermissions.php(16): App\Libraries\IonAuth->__construct()
 3 SYSTEMPATH\Filters\Filters.php(235): App\Filters\CheckPermissions->__construct()
 4 SYSTEMPATH\Filters\Filters.php(188): CodeIgniter\Filters\Filters->runAfter([...])
 5 SYSTEMPATH\CodeIgniter.php(527): CodeIgniter\Filters\Filters->run('vendor/home/fetch_data', 'after')
 6 SYSTEMPATH\CodeIgniter.php(355): CodeIgniter\CodeIgniter->handleRequest(null, Object(Config\Cache), false)
 7 SYSTEMPATH\Boot.php(325): CodeIgniter\CodeIgniter->run()
 8 SYSTEMPATH\Boot.php(67): CodeIgniter\Boot::runCodeIgniter(Object(CodeIgniter\CodeIgniter))
 9 FCPATH\index.php(56): CodeIgniter\Boot::bootWeb(Object(Config\Paths))
WARNING - 2024-10-25 15:01:58 --> [DEPRECATED] Creation of dynamic property IonAuth\Models\IonAuthModel::$hashMethod is deprecated in FCPATH\vendor\benedmunds\codeigniter-ion-auth\Models\IonAuthModel.php on line 234.
 1 APPPATH\Libraries\IonAuth.php(71): IonAuth\Models\IonAuthModel->__construct()
 2 APPPATH\Filters\CheckPermissions.php(16): App\Libraries\IonAuth->__construct()
 3 SYSTEMPATH\Filters\Filters.php(235): App\Filters\CheckPermissions->__construct()
 4 SYSTEMPATH\Filters\Filters.php(188): CodeIgniter\Filters\Filters->runAfter([...])
 5 SYSTEMPATH\CodeIgniter.php(527): CodeIgniter\Filters\Filters->run('vendor/home/fetch_data', 'after')
 6 SYSTEMPATH\CodeIgniter.php(355): CodeIgniter\CodeIgniter->handleRequest(null, Object(Config\Cache), false)
 7 SYSTEMPATH\Boot.php(325): CodeIgniter\CodeIgniter->run()
 8 SYSTEMPATH\Boot.php(67): CodeIgniter\Boot::runCodeIgniter(Object(CodeIgniter\CodeIgniter))
 9 FCPATH\index.php(56): CodeIgniter\Boot::bootWeb(Object(Config\Paths))
WARNING - 2024-10-25 15:01:58 --> [DEPRECATED] Creation of dynamic property IonAuth\Models\IonAuthModel::$messagesTemplates is deprecated in FCPATH\vendor\benedmunds\codeigniter-ion-auth\Models\IonAuthModel.php on line 237.
 1 APPPATH\Libraries\IonAuth.php(71): IonAuth\Models\IonAuthModel->__construct()
 2 APPPATH\Filters\CheckPermissions.php(16): App\Libraries\IonAuth->__construct()
 3 SYSTEMPATH\Filters\Filters.php(235): App\Filters\CheckPermissions->__construct()
 4 SYSTEMPATH\Filters\Filters.php(188): CodeIgniter\Filters\Filters->runAfter([...])
 5 SYSTEMPATH\CodeIgniter.php(527): CodeIgniter\Filters\Filters->run('vendor/home/fetch_data', 'after')
 6 SYSTEMPATH\CodeIgniter.php(355): CodeIgniter\CodeIgniter->handleRequest(null, Object(Config\Cache), false)
 7 SYSTEMPATH\Boot.php(325): CodeIgniter\CodeIgniter->run()
 8 SYSTEMPATH\Boot.php(67): CodeIgniter\Boot::runCodeIgniter(Object(CodeIgniter\CodeIgniter))
 9 FCPATH\index.php(56): CodeIgniter\Boot::bootWeb(Object(Config\Paths))
INFO - 2024-10-25 09:31:58 --> Session: Class initialized using 'CodeIgniter\Session\Handlers\FileHandler' driver.
WARNING - 2024-10-25 09:31:58 --> [DEPRECATED] Creation of dynamic property IonAuth\Models\IonAuthModel::$join is deprecated in FCPATH\vendor\benedmunds\codeigniter-ion-auth\Models\IonAuthModel.php on line 231.
 1 APPPATH\Libraries\IonAuth.php(71): IonAuth\Models\IonAuthModel->__construct()
 2 APPPATH\Filters\CheckPermissions.php(16): App\Libraries\IonAuth->__construct()
 3 SYSTEMPATH\Filters\Filters.php(197): App\Filters\CheckPermissions->__construct()
 4 SYSTEMPATH\Filters\Filters.php(184): CodeIgniter\Filters\Filters->runBefore([...])
 5 SYSTEMPATH\CodeIgniter.php(481): CodeIgniter\Filters\Filters->run('vendor/products/products_table', 'before')
 6 SYSTEMPATH\CodeIgniter.php(355): CodeIgniter\CodeIgniter->handleRequest(null, Object(Config\Cache), false)
 7 SYSTEMPATH\Boot.php(325): CodeIgniter\CodeIgniter->run()
 8 SYSTEMPATH\Boot.php(67): CodeIgniter\Boot::runCodeIgniter(Object(CodeIgniter\CodeIgniter))
 9 FCPATH\index.php(56): CodeIgniter\Boot::bootWeb(Object(Config\Paths))
WARNING - 2024-10-25 09:31:58 --> [DEPRECATED] Creation of dynamic property IonAuth\Models\IonAuthModel::$hashMethod is deprecated in FCPATH\vendor\benedmunds\codeigniter-ion-auth\Models\IonAuthModel.php on line 234.
 1 APPPATH\Libraries\IonAuth.php(71): IonAuth\Models\IonAuthModel->__construct()
 2 APPPATH\Filters\CheckPermissions.php(16): App\Libraries\IonAuth->__construct()
 3 SYSTEMPATH\Filters\Filters.php(197): App\Filters\CheckPermissions->__construct()
 4 SYSTEMPATH\Filters\Filters.php(184): CodeIgniter\Filters\Filters->runBefore([...])
 5 SYSTEMPATH\CodeIgniter.php(481): CodeIgniter\Filters\Filters->run('vendor/products/products_table', 'before')
 6 SYSTEMPATH\CodeIgniter.php(355): CodeIgniter\CodeIgniter->handleRequest(null, Object(Config\Cache), false)
 7 SYSTEMPATH\Boot.php(325): CodeIgniter\CodeIgniter->run()
 8 SYSTEMPATH\Boot.php(67): CodeIgniter\Boot::runCodeIgniter(Object(CodeIgniter\CodeIgniter))
 9 FCPATH\index.php(56): CodeIgniter\Boot::bootWeb(Object(Config\Paths))
WARNING - 2024-10-25 09:31:58 --> [DEPRECATED] Creation of dynamic property IonAuth\Models\IonAuthModel::$messagesTemplates is deprecated in FCPATH\vendor\benedmunds\codeigniter-ion-auth\Models\IonAuthModel.php on line 237.
 1 APPPATH\Libraries\IonAuth.php(71): IonAuth\Models\IonAuthModel->__construct()
 2 APPPATH\Filters\CheckPermissions.php(16): App\Libraries\IonAuth->__construct()
 3 SYSTEMPATH\Filters\Filters.php(197): App\Filters\CheckPermissions->__construct()
 4 SYSTEMPATH\Filters\Filters.php(184): CodeIgniter\Filters\Filters->runBefore([...])
 5 SYSTEMPATH\CodeIgniter.php(481): CodeIgniter\Filters\Filters->run('vendor/products/products_table', 'before')
 6 SYSTEMPATH\CodeIgniter.php(355): CodeIgniter\CodeIgniter->handleRequest(null, Object(Config\Cache), false)
 7 SYSTEMPATH\Boot.php(325): CodeIgniter\CodeIgniter->run()
 8 SYSTEMPATH\Boot.php(67): CodeIgniter\Boot::runCodeIgniter(Object(CodeIgniter\CodeIgniter))
 9 FCPATH\index.php(56): CodeIgniter\Boot::bootWeb(Object(Config\Paths))
WARNING - 2024-10-25 09:31:58 --> [DEPRECATED] Creation of dynamic property IonAuth\Models\IonAuthModel::$join is deprecated in FCPATH\vendor\benedmunds\codeigniter-ion-auth\Models\IonAuthModel.php on line 231.
 1 APPPATH\Libraries\IonAuth.php(71): IonAuth\Models\IonAuthModel->__construct()
 2 APPPATH\Controllers\vendor\Products.php(23): App\Libraries\IonAuth->__construct()
 3 SYSTEMPATH\CodeIgniter.php(903): App\Controllers\vendor\Products->__construct()
 4 SYSTEMPATH\CodeIgniter.php(500): CodeIgniter\CodeIgniter->createController()
 5 SYSTEMPATH\CodeIgniter.php(355): CodeIgniter\CodeIgniter->handleRequest(null, Object(Config\Cache), false)
 6 SYSTEMPATH\Boot.php(325): CodeIgniter\CodeIgniter->run()
 7 SYSTEMPATH\Boot.php(67): CodeIgniter\Boot::runCodeIgniter(Object(CodeIgniter\CodeIgniter))
 8 FCPATH\index.php(56): CodeIgniter\Boot::bootWeb(Object(Config\Paths))
WARNING - 2024-10-25 09:31:58 --> [DEPRECATED] Creation of dynamic property IonAuth\Models\IonAuthModel::$hashMethod is deprecated in FCPATH\vendor\benedmunds\codeigniter-ion-auth\Models\IonAuthModel.php on line 234.
 1 APPPATH\Libraries\IonAuth.php(71): IonAuth\Models\IonAuthModel->__construct()
 2 APPPATH\Controllers\vendor\Products.php(23): App\Libraries\IonAuth->__construct()
 3 SYSTEMPATH\CodeIgniter.php(903): App\Controllers\vendor\Products->__construct()
 4 SYSTEMPATH\CodeIgniter.php(500): CodeIgniter\CodeIgniter->createController()
 5 SYSTEMPATH\CodeIgniter.php(355): CodeIgniter\CodeIgniter->handleRequest(null, Object(Config\Cache), false)
 6 SYSTEMPATH\Boot.php(325): CodeIgniter\CodeIgniter->run()
 7 SYSTEMPATH\Boot.php(67): CodeIgniter\Boot::runCodeIgniter(Object(CodeIgniter\CodeIgniter))
 8 FCPATH\index.php(56): CodeIgniter\Boot::bootWeb(Object(Config\Paths))
WARNING - 2024-10-25 09:31:58 --> [DEPRECATED] Creation of dynamic property IonAuth\Models\IonAuthModel::$messagesTemplates is deprecated in FCPATH\vendor\benedmunds\codeigniter-ion-auth\Models\IonAuthModel.php on line 237.
 1 APPPATH\Libraries\IonAuth.php(71): IonAuth\Models\IonAuthModel->__construct()
 2 APPPATH\Controllers\vendor\Products.php(23): App\Libraries\IonAuth->__construct()
 3 SYSTEMPATH\CodeIgniter.php(903): App\Controllers\vendor\Products->__construct()
 4 SYSTEMPATH\CodeIgniter.php(500): CodeIgniter\CodeIgniter->createController()
 5 SYSTEMPATH\CodeIgniter.php(355): CodeIgniter\CodeIgniter->handleRequest(null, Object(Config\Cache), false)
 6 SYSTEMPATH\Boot.php(325): CodeIgniter\CodeIgniter->run()
 7 SYSTEMPATH\Boot.php(67): CodeIgniter\Boot::runCodeIgniter(Object(CodeIgniter\CodeIgniter))
 8 FCPATH\index.php(56): CodeIgniter\Boot::bootWeb(Object(Config\Paths))
WARNING - 2024-10-25 15:01:58 --> [DEPRECATED] Creation of dynamic property IonAuth\Models\IonAuthModel::$join is deprecated in FCPATH\vendor\benedmunds\codeigniter-ion-auth\Models\IonAuthModel.php on line 231.
 1 APPPATH\Libraries\IonAuth.php(71): IonAuth\Models\IonAuthModel->__construct()
 2 APPPATH\Filters\CheckPermissions.php(16): App\Libraries\IonAuth->__construct()
 3 SYSTEMPATH\Filters\Filters.php(235): App\Filters\CheckPermissions->__construct()
 4 SYSTEMPATH\Filters\Filters.php(188): CodeIgniter\Filters\Filters->runAfter([...])
 5 SYSTEMPATH\CodeIgniter.php(527): CodeIgniter\Filters\Filters->run('vendor/products/products_table', 'after')
 6 SYSTEMPATH\CodeIgniter.php(355): CodeIgniter\CodeIgniter->handleRequest(null, Object(Config\Cache), false)
 7 SYSTEMPATH\Boot.php(325): CodeIgniter\CodeIgniter->run()
 8 SYSTEMPATH\Boot.php(67): CodeIgniter\Boot::runCodeIgniter(Object(CodeIgniter\CodeIgniter))
 9 FCPATH\index.php(56): CodeIgniter\Boot::bootWeb(Object(Config\Paths))
WARNING - 2024-10-25 15:01:58 --> [DEPRECATED] Creation of dynamic property IonAuth\Models\IonAuthModel::$hashMethod is deprecated in FCPATH\vendor\benedmunds\codeigniter-ion-auth\Models\IonAuthModel.php on line 234.
 1 APPPATH\Libraries\IonAuth.php(71): IonAuth\Models\IonAuthModel->__construct()
 2 APPPATH\Filters\CheckPermissions.php(16): App\Libraries\IonAuth->__construct()
 3 SYSTEMPATH\Filters\Filters.php(235): App\Filters\CheckPermissions->__construct()
 4 SYSTEMPATH\Filters\Filters.php(188): CodeIgniter\Filters\Filters->runAfter([...])
 5 SYSTEMPATH\CodeIgniter.php(527): CodeIgniter\Filters\Filters->run('vendor/products/products_table', 'after')
 6 SYSTEMPATH\CodeIgniter.php(355): CodeIgniter\CodeIgniter->handleRequest(null, Object(Config\Cache), false)
 7 SYSTEMPATH\Boot.php(325): CodeIgniter\CodeIgniter->run()
 8 SYSTEMPATH\Boot.php(67): CodeIgniter\Boot::runCodeIgniter(Object(CodeIgniter\CodeIgniter))
 9 FCPATH\index.php(56): CodeIgniter\Boot::bootWeb(Object(Config\Paths))
WARNING - 2024-10-25 15:01:58 --> [DEPRECATED] Creation of dynamic property IonAuth\Models\IonAuthModel::$messagesTemplates is deprecated in FCPATH\vendor\benedmunds\codeigniter-ion-auth\Models\IonAuthModel.php on line 237.
 1 APPPATH\Libraries\IonAuth.php(71): IonAuth\Models\IonAuthModel->__construct()
 2 APPPATH\Filters\CheckPermissions.php(16): App\Libraries\IonAuth->__construct()
 3 SYSTEMPATH\Filters\Filters.php(235): App\Filters\CheckPermissions->__construct()
 4 SYSTEMPATH\Filters\Filters.php(188): CodeIgniter\Filters\Filters->runAfter([...])
 5 SYSTEMPATH\CodeIgniter.php(527): CodeIgniter\Filters\Filters->run('vendor/products/products_table', 'after')
 6 SYSTEMPATH\CodeIgniter.php(355): CodeIgniter\CodeIgniter->handleRequest(null, Object(Config\Cache), false)
 7 SYSTEMPATH\Boot.php(325): CodeIgniter\CodeIgniter->run()
 8 SYSTEMPATH\Boot.php(67): CodeIgniter\Boot::runCodeIgniter(Object(CodeIgniter\CodeIgniter))
 9 FCPATH\index.php(56): CodeIgniter\Boot::bootWeb(Object(Config\Paths))
INFO - 2024-10-25 09:32:00 --> Session: Class initialized using 'CodeIgniter\Session\Handlers\FileHandler' driver.
WARNING - 2024-10-25 09:32:00 --> [DEPRECATED] Creation of dynamic property IonAuth\Models\IonAuthModel::$join is deprecated in FCPATH\vendor\benedmunds\codeigniter-ion-auth\Models\IonAuthModel.php on line 231.
 1 APPPATH\Libraries\IonAuth.php(71): IonAuth\Models\IonAuthModel->__construct()
 2 APPPATH\Filters\CheckPermissions.php(16): App\Libraries\IonAuth->__construct()
 3 SYSTEMPATH\Filters\Filters.php(197): App\Filters\CheckPermissions->__construct()
 4 SYSTEMPATH\Filters\Filters.php(184): CodeIgniter\Filters\Filters->runBefore([...])
 5 SYSTEMPATH\CodeIgniter.php(481): CodeIgniter\Filters\Filters->run('vendor/products/stock_alert', 'before')
 6 SYSTEMPATH\CodeIgniter.php(355): CodeIgniter\CodeIgniter->handleRequest(null, Object(Config\Cache), false)
 7 SYSTEMPATH\Boot.php(325): CodeIgniter\CodeIgniter->run()
 8 SYSTEMPATH\Boot.php(67): CodeIgniter\Boot::runCodeIgniter(Object(CodeIgniter\CodeIgniter))
 9 FCPATH\index.php(56): CodeIgniter\Boot::bootWeb(Object(Config\Paths))
WARNING - 2024-10-25 09:32:00 --> [DEPRECATED] Creation of dynamic property IonAuth\Models\IonAuthModel::$hashMethod is deprecated in FCPATH\vendor\benedmunds\codeigniter-ion-auth\Models\IonAuthModel.php on line 234.
 1 APPPATH\Libraries\IonAuth.php(71): IonAuth\Models\IonAuthModel->__construct()
 2 APPPATH\Filters\CheckPermissions.php(16): App\Libraries\IonAuth->__construct()
 3 SYSTEMPATH\Filters\Filters.php(197): App\Filters\CheckPermissions->__construct()
 4 SYSTEMPATH\Filters\Filters.php(184): CodeIgniter\Filters\Filters->runBefore([...])
 5 SYSTEMPATH\CodeIgniter.php(481): CodeIgniter\Filters\Filters->run('vendor/products/stock_alert', 'before')
 6 SYSTEMPATH\CodeIgniter.php(355): CodeIgniter\CodeIgniter->handleRequest(null, Object(Config\Cache), false)
 7 SYSTEMPATH\Boot.php(325): CodeIgniter\CodeIgniter->run()
 8 SYSTEMPATH\Boot.php(67): CodeIgniter\Boot::runCodeIgniter(Object(CodeIgniter\CodeIgniter))
 9 FCPATH\index.php(56): CodeIgniter\Boot::bootWeb(Object(Config\Paths))
WARNING - 2024-10-25 09:32:00 --> [DEPRECATED] Creation of dynamic property IonAuth\Models\IonAuthModel::$messagesTemplates is deprecated in FCPATH\vendor\benedmunds\codeigniter-ion-auth\Models\IonAuthModel.php on line 237.
 1 APPPATH\Libraries\IonAuth.php(71): IonAuth\Models\IonAuthModel->__construct()
 2 APPPATH\Filters\CheckPermissions.php(16): App\Libraries\IonAuth->__construct()
 3 SYSTEMPATH\Filters\Filters.php(197): App\Filters\CheckPermissions->__construct()
 4 SYSTEMPATH\Filters\Filters.php(184): CodeIgniter\Filters\Filters->runBefore([...])
 5 SYSTEMPATH\CodeIgniter.php(481): CodeIgniter\Filters\Filters->run('vendor/products/stock_alert', 'before')
 6 SYSTEMPATH\CodeIgniter.php(355): CodeIgniter\CodeIgniter->handleRequest(null, Object(Config\Cache), false)
 7 SYSTEMPATH\Boot.php(325): CodeIgniter\CodeIgniter->run()
 8 SYSTEMPATH\Boot.php(67): CodeIgniter\Boot::runCodeIgniter(Object(CodeIgniter\CodeIgniter))
 9 FCPATH\index.php(56): CodeIgniter\Boot::bootWeb(Object(Config\Paths))
WARNING - 2024-10-25 09:32:00 --> [DEPRECATED] Creation of dynamic property IonAuth\Models\IonAuthModel::$join is deprecated in FCPATH\vendor\benedmunds\codeigniter-ion-auth\Models\IonAuthModel.php on line 231.
 1 APPPATH\Libraries\IonAuth.php(71): IonAuth\Models\IonAuthModel->__construct()
 2 APPPATH\Controllers\vendor\Products.php(23): App\Libraries\IonAuth->__construct()
 3 SYSTEMPATH\CodeIgniter.php(903): App\Controllers\vendor\Products->__construct()
 4 SYSTEMPATH\CodeIgniter.php(500): CodeIgniter\CodeIgniter->createController()
 5 SYSTEMPATH\CodeIgniter.php(355): CodeIgniter\CodeIgniter->handleRequest(null, Object(Config\Cache), false)
 6 SYSTEMPATH\Boot.php(325): CodeIgniter\CodeIgniter->run()
 7 SYSTEMPATH\Boot.php(67): CodeIgniter\Boot::runCodeIgniter(Object(CodeIgniter\CodeIgniter))
 8 FCPATH\index.php(56): CodeIgniter\Boot::bootWeb(Object(Config\Paths))
WARNING - 2024-10-25 09:32:00 --> [DEPRECATED] Creation of dynamic property IonAuth\Models\IonAuthModel::$hashMethod is deprecated in FCPATH\vendor\benedmunds\codeigniter-ion-auth\Models\IonAuthModel.php on line 234.
 1 APPPATH\Libraries\IonAuth.php(71): IonAuth\Models\IonAuthModel->__construct()
 2 APPPATH\Controllers\vendor\Products.php(23): App\Libraries\IonAuth->__construct()
 3 SYSTEMPATH\CodeIgniter.php(903): App\Controllers\vendor\Products->__construct()
 4 SYSTEMPATH\CodeIgniter.php(500): CodeIgniter\CodeIgniter->createController()
 5 SYSTEMPATH\CodeIgniter.php(355): CodeIgniter\CodeIgniter->handleRequest(null, Object(Config\Cache), false)
 6 SYSTEMPATH\Boot.php(325): CodeIgniter\CodeIgniter->run()
 7 SYSTEMPATH\Boot.php(67): CodeIgniter\Boot::runCodeIgniter(Object(CodeIgniter\CodeIgniter))
 8 FCPATH\index.php(56): CodeIgniter\Boot::bootWeb(Object(Config\Paths))
WARNING - 2024-10-25 09:32:00 --> [DEPRECATED] Creation of dynamic property IonAuth\Models\IonAuthModel::$messagesTemplates is deprecated in FCPATH\vendor\benedmunds\codeigniter-ion-auth\Models\IonAuthModel.php on line 237.
 1 APPPATH\Libraries\IonAuth.php(71): IonAuth\Models\IonAuthModel->__construct()
 2 APPPATH\Controllers\vendor\Products.php(23): App\Libraries\IonAuth->__construct()
 3 SYSTEMPATH\CodeIgniter.php(903): App\Controllers\vendor\Products->__construct()
 4 SYSTEMPATH\CodeIgniter.php(500): CodeIgniter\CodeIgniter->createController()
 5 SYSTEMPATH\CodeIgniter.php(355): CodeIgniter\CodeIgniter->handleRequest(null, Object(Config\Cache), false)
 6 SYSTEMPATH\Boot.php(325): CodeIgniter\CodeIgniter->run()
 7 SYSTEMPATH\Boot.php(67): CodeIgniter\Boot::runCodeIgniter(Object(CodeIgniter\CodeIgniter))
 8 FCPATH\index.php(56): CodeIgniter\Boot::bootWeb(Object(Config\Paths))
WARNING - 2024-10-25 15:02:00 --> [DEPRECATED] Creation of dynamic property IonAuth\Models\IonAuthModel::$join is deprecated in FCPATH\vendor\benedmunds\codeigniter-ion-auth\Models\IonAuthModel.php on line 231.
 1 APPPATH\Libraries\IonAuth.php(71): IonAuth\Models\IonAuthModel->__construct()
 2 APPPATH\Filters\CheckPermissions.php(16): App\Libraries\IonAuth->__construct()
 3 SYSTEMPATH\Filters\Filters.php(235): App\Filters\CheckPermissions->__construct()
 4 SYSTEMPATH\Filters\Filters.php(188): CodeIgniter\Filters\Filters->runAfter([...])
 5 SYSTEMPATH\CodeIgniter.php(527): CodeIgniter\Filters\Filters->run('vendor/products/stock_alert', 'after')
 6 SYSTEMPATH\CodeIgniter.php(355): CodeIgniter\CodeIgniter->handleRequest(null, Object(Config\Cache), false)
 7 SYSTEMPATH\Boot.php(325): CodeIgniter\CodeIgniter->run()
 8 SYSTEMPATH\Boot.php(67): CodeIgniter\Boot::runCodeIgniter(Object(CodeIgniter\CodeIgniter))
 9 FCPATH\index.php(56): CodeIgniter\Boot::bootWeb(Object(Config\Paths))
WARNING - 2024-10-25 15:02:00 --> [DEPRECATED] Creation of dynamic property IonAuth\Models\IonAuthModel::$hashMethod is deprecated in FCPATH\vendor\benedmunds\codeigniter-ion-auth\Models\IonAuthModel.php on line 234.
 1 APPPATH\Libraries\IonAuth.php(71): IonAuth\Models\IonAuthModel->__construct()
 2 APPPATH\Filters\CheckPermissions.php(16): App\Libraries\IonAuth->__construct()
 3 SYSTEMPATH\Filters\Filters.php(235): App\Filters\CheckPermissions->__construct()
 4 SYSTEMPATH\Filters\Filters.php(188): CodeIgniter\Filters\Filters->runAfter([...])
 5 SYSTEMPATH\CodeIgniter.php(527): CodeIgniter\Filters\Filters->run('vendor/products/stock_alert', 'after')
 6 SYSTEMPATH\CodeIgniter.php(355): CodeIgniter\CodeIgniter->handleRequest(null, Object(Config\Cache), false)
 7 SYSTEMPATH\Boot.php(325): CodeIgniter\CodeIgniter->run()
 8 SYSTEMPATH\Boot.php(67): CodeIgniter\Boot::runCodeIgniter(Object(CodeIgniter\CodeIgniter))
 9 FCPATH\index.php(56): CodeIgniter\Boot::bootWeb(Object(Config\Paths))
WARNING - 2024-10-25 15:02:00 --> [DEPRECATED] Creation of dynamic property IonAuth\Models\IonAuthModel::$messagesTemplates is deprecated in FCPATH\vendor\benedmunds\codeigniter-ion-auth\Models\IonAuthModel.php on line 237.
 1 APPPATH\Libraries\IonAuth.php(71): IonAuth\Models\IonAuthModel->__construct()
 2 APPPATH\Filters\CheckPermissions.php(16): App\Libraries\IonAuth->__construct()
 3 SYSTEMPATH\Filters\Filters.php(235): App\Filters\CheckPermissions->__construct()
 4 SYSTEMPATH\Filters\Filters.php(188): CodeIgniter\Filters\Filters->runAfter([...])
 5 SYSTEMPATH\CodeIgniter.php(527): CodeIgniter\Filters\Filters->run('vendor/products/stock_alert', 'after')
 6 SYSTEMPATH\CodeIgniter.php(355): CodeIgniter\CodeIgniter->handleRequest(null, Object(Config\Cache), false)
 7 SYSTEMPATH\Boot.php(325): CodeIgniter\CodeIgniter->run()
 8 SYSTEMPATH\Boot.php(67): CodeIgniter\Boot::runCodeIgniter(Object(CodeIgniter\CodeIgniter))
 9 FCPATH\index.php(56): CodeIgniter\Boot::bootWeb(Object(Config\Paths))
INFO - 2024-10-25 09:32:00 --> Session: Class initialized using 'CodeIgniter\Session\Handlers\FileHandler' driver.
WARNING - 2024-10-25 09:32:00 --> [DEPRECATED] Creation of dynamic property IonAuth\Models\IonAuthModel::$join is deprecated in FCPATH\vendor\benedmunds\codeigniter-ion-auth\Models\IonAuthModel.php on line 231.
 1 APPPATH\Libraries\IonAuth.php(71): IonAuth\Models\IonAuthModel->__construct()
 2 APPPATH\Controllers\Auth.php(77): App\Libraries\IonAuth->__construct()
 3 SYSTEMPATH\CodeIgniter.php(903): App\Controllers\Auth->__construct()
 4 SYSTEMPATH\CodeIgniter.php(500): CodeIgniter\CodeIgniter->createController()
 5 SYSTEMPATH\CodeIgniter.php(355): CodeIgniter\CodeIgniter->handleRequest(null, Object(Config\Cache), false)
 6 SYSTEMPATH\Boot.php(325): CodeIgniter\CodeIgniter->run()
 7 SYSTEMPATH\Boot.php(67): CodeIgniter\Boot::runCodeIgniter(Object(CodeIgniter\CodeIgniter))
 8 FCPATH\index.php(56): CodeIgniter\Boot::bootWeb(Object(Config\Paths))
WARNING - 2024-10-25 09:32:00 --> [DEPRECATED] Creation of dynamic property IonAuth\Models\IonAuthModel::$hashMethod is deprecated in FCPATH\vendor\benedmunds\codeigniter-ion-auth\Models\IonAuthModel.php on line 234.
 1 APPPATH\Libraries\IonAuth.php(71): IonAuth\Models\IonAuthModel->__construct()
 2 APPPATH\Controllers\Auth.php(77): App\Libraries\IonAuth->__construct()
 3 SYSTEMPATH\CodeIgniter.php(903): App\Controllers\Auth->__construct()
 4 SYSTEMPATH\CodeIgniter.php(500): CodeIgniter\CodeIgniter->createController()
 5 SYSTEMPATH\CodeIgniter.php(355): CodeIgniter\CodeIgniter->handleRequest(null, Object(Config\Cache), false)
 6 SYSTEMPATH\Boot.php(325): CodeIgniter\CodeIgniter->run()
 7 SYSTEMPATH\Boot.php(67): CodeIgniter\Boot::runCodeIgniter(Object(CodeIgniter\CodeIgniter))
 8 FCPATH\index.php(56): CodeIgniter\Boot::bootWeb(Object(Config\Paths))
WARNING - 2024-10-25 09:32:00 --> [DEPRECATED] Creation of dynamic property IonAuth\Models\IonAuthModel::$messagesTemplates is deprecated in FCPATH\vendor\benedmunds\codeigniter-ion-auth\Models\IonAuthModel.php on line 237.
 1 APPPATH\Libraries\IonAuth.php(71): IonAuth\Models\IonAuthModel->__construct()
 2 APPPATH\Controllers\Auth.php(77): App\Libraries\IonAuth->__construct()
 3 SYSTEMPATH\CodeIgniter.php(903): App\Controllers\Auth->__construct()
 4 SYSTEMPATH\CodeIgniter.php(500): CodeIgniter\CodeIgniter->createController()
 5 SYSTEMPATH\CodeIgniter.php(355): CodeIgniter\CodeIgniter->handleRequest(null, Object(Config\Cache), false)
 6 SYSTEMPATH\Boot.php(325): CodeIgniter\CodeIgniter->run()
 7 SYSTEMPATH\Boot.php(67): CodeIgniter\Boot::runCodeIgniter(Object(CodeIgniter\CodeIgniter))
 8 FCPATH\index.php(56): CodeIgniter\Boot::bootWeb(Object(Config\Paths))
INFO - 2024-10-25 09:32:00 --> Session: Class initialized using 'CodeIgniter\Session\Handlers\FileHandler' driver.
WARNING - 2024-10-25 09:32:00 --> [DEPRECATED] Creation of dynamic property IonAuth\Models\IonAuthModel::$join is deprecated in FCPATH\vendor\benedmunds\codeigniter-ion-auth\Models\IonAuthModel.php on line 231.
 1 APPPATH\Libraries\IonAuth.php(71): IonAuth\Models\IonAuthModel->__construct()
 2 APPPATH\Filters\CheckPermissions.php(16): App\Libraries\IonAuth->__construct()
 3 SYSTEMPATH\Filters\Filters.php(197): App\Filters\CheckPermissions->__construct()
 4 SYSTEMPATH\Filters\Filters.php(184): CodeIgniter\Filters\Filters->runBefore([...])
 5 SYSTEMPATH\CodeIgniter.php(481): CodeIgniter\Filters\Filters->run('vendor/products/send_email_stock_alert', 'before')
 6 SYSTEMPATH\CodeIgniter.php(355): CodeIgniter\CodeIgniter->handleRequest(null, Object(Config\Cache), false)
 7 SYSTEMPATH\Boot.php(325): CodeIgniter\CodeIgniter->run()
 8 SYSTEMPATH\Boot.php(67): CodeIgniter\Boot::runCodeIgniter(Object(CodeIgniter\CodeIgniter))
 9 FCPATH\index.php(56): CodeIgniter\Boot::bootWeb(Object(Config\Paths))
WARNING - 2024-10-25 09:32:00 --> [DEPRECATED] Creation of dynamic property IonAuth\Models\IonAuthModel::$hashMethod is deprecated in FCPATH\vendor\benedmunds\codeigniter-ion-auth\Models\IonAuthModel.php on line 234.
 1 APPPATH\Libraries\IonAuth.php(71): IonAuth\Models\IonAuthModel->__construct()
 2 APPPATH\Filters\CheckPermissions.php(16): App\Libraries\IonAuth->__construct()
 3 SYSTEMPATH\Filters\Filters.php(197): App\Filters\CheckPermissions->__construct()
 4 SYSTEMPATH\Filters\Filters.php(184): CodeIgniter\Filters\Filters->runBefore([...])
 5 SYSTEMPATH\CodeIgniter.php(481): CodeIgniter\Filters\Filters->run('vendor/products/send_email_stock_alert', 'before')
 6 SYSTEMPATH\CodeIgniter.php(355): CodeIgniter\CodeIgniter->handleRequest(null, Object(Config\Cache), false)
 7 SYSTEMPATH\Boot.php(325): CodeIgniter\CodeIgniter->run()
 8 SYSTEMPATH\Boot.php(67): CodeIgniter\Boot::runCodeIgniter(Object(CodeIgniter\CodeIgniter))
 9 FCPATH\index.php(56): CodeIgniter\Boot::bootWeb(Object(Config\Paths))
WARNING - 2024-10-25 09:32:00 --> [DEPRECATED] Creation of dynamic property IonAuth\Models\IonAuthModel::$messagesTemplates is deprecated in FCPATH\vendor\benedmunds\codeigniter-ion-auth\Models\IonAuthModel.php on line 237.
 1 APPPATH\Libraries\IonAuth.php(71): IonAuth\Models\IonAuthModel->__construct()
 2 APPPATH\Filters\CheckPermissions.php(16): App\Libraries\IonAuth->__construct()
 3 SYSTEMPATH\Filters\Filters.php(197): App\Filters\CheckPermissions->__construct()
 4 SYSTEMPATH\Filters\Filters.php(184): CodeIgniter\Filters\Filters->runBefore([...])
 5 SYSTEMPATH\CodeIgniter.php(481): CodeIgniter\Filters\Filters->run('vendor/products/send_email_stock_alert', 'before')
 6 SYSTEMPATH\CodeIgniter.php(355): CodeIgniter\CodeIgniter->handleRequest(null, Object(Config\Cache), false)
 7 SYSTEMPATH\Boot.php(325): CodeIgniter\CodeIgniter->run()
 8 SYSTEMPATH\Boot.php(67): CodeIgniter\Boot::runCodeIgniter(Object(CodeIgniter\CodeIgniter))
 9 FCPATH\index.php(56): CodeIgniter\Boot::bootWeb(Object(Config\Paths))
INFO - 2024-10-25 09:32:00 --> Session: Class initialized using 'CodeIgniter\Session\Handlers\FileHandler' driver.
WARNING - 2024-10-25 09:32:00 --> [DEPRECATED] Creation of dynamic property IonAuth\Libraries\IonAuth::$session is deprecated in FCPATH\vendor\benedmunds\codeigniter-ion-auth\Libraries\IonAuth.php on line 65.
 1 APPPATH\Controllers\Login.php(13): IonAuth\Libraries\IonAuth->__construct()
 2 SYSTEMPATH\CodeIgniter.php(903): App\Controllers\Login->__construct()
 3 SYSTEMPATH\CodeIgniter.php(500): CodeIgniter\CodeIgniter->createController()
 4 SYSTEMPATH\CodeIgniter.php(355): CodeIgniter\CodeIgniter->handleRequest(null, Object(Config\Cache), false)
 5 SYSTEMPATH\Boot.php(325): CodeIgniter\CodeIgniter->run()
 6 SYSTEMPATH\Boot.php(67): CodeIgniter\Boot::runCodeIgniter(Object(CodeIgniter\CodeIgniter))
 7 FCPATH\index.php(56): CodeIgniter\Boot::bootWeb(Object(Config\Paths))
WARNING - 2024-10-25 09:32:00 --> [DEPRECATED] Creation of dynamic property IonAuth\Models\IonAuthModel::$join is deprecated in FCPATH\vendor\benedmunds\codeigniter-ion-auth\Models\IonAuthModel.php on line 231.
 1 FCPATH\vendor\benedmunds\codeigniter-ion-auth\Libraries\IonAuth.php(67): IonAuth\Models\IonAuthModel->__construct()
 2 APPPATH\Controllers\Login.php(13): IonAuth\Libraries\IonAuth->__construct()
 3 SYSTEMPATH\CodeIgniter.php(903): App\Controllers\Login->__construct()
 4 SYSTEMPATH\CodeIgniter.php(500): CodeIgniter\CodeIgniter->createController()
 5 SYSTEMPATH\CodeIgniter.php(355): CodeIgniter\CodeIgniter->handleRequest(null, Object(Config\Cache), false)
 6 SYSTEMPATH\Boot.php(325): CodeIgniter\CodeIgniter->run()
 7 SYSTEMPATH\Boot.php(67): CodeIgniter\Boot::runCodeIgniter(Object(CodeIgniter\CodeIgniter))
 8 FCPATH\index.php(56): CodeIgniter\Boot::bootWeb(Object(Config\Paths))
WARNING - 2024-10-25 09:32:00 --> [DEPRECATED] Creation of dynamic property IonAuth\Models\IonAuthModel::$hashMethod is deprecated in FCPATH\vendor\benedmunds\codeigniter-ion-auth\Models\IonAuthModel.php on line 234.
 1 FCPATH\vendor\benedmunds\codeigniter-ion-auth\Libraries\IonAuth.php(67): IonAuth\Models\IonAuthModel->__construct()
 2 APPPATH\Controllers\Login.php(13): IonAuth\Libraries\IonAuth->__construct()
 3 SYSTEMPATH\CodeIgniter.php(903): App\Controllers\Login->__construct()
 4 SYSTEMPATH\CodeIgniter.php(500): CodeIgniter\CodeIgniter->createController()
 5 SYSTEMPATH\CodeIgniter.php(355): CodeIgniter\CodeIgniter->handleRequest(null, Object(Config\Cache), false)
 6 SYSTEMPATH\Boot.php(325): CodeIgniter\CodeIgniter->run()
 7 SYSTEMPATH\Boot.php(67): CodeIgniter\Boot::runCodeIgniter(Object(CodeIgniter\CodeIgniter))
 8 FCPATH\index.php(56): CodeIgniter\Boot::bootWeb(Object(Config\Paths))
WARNING - 2024-10-25 09:32:00 --> [DEPRECATED] Creation of dynamic property IonAuth\Models\IonAuthModel::$messagesTemplates is deprecated in FCPATH\vendor\benedmunds\codeigniter-ion-auth\Models\IonAuthModel.php on line 237.
 1 FCPATH\vendor\benedmunds\codeigniter-ion-auth\Libraries\IonAuth.php(67): IonAuth\Models\IonAuthModel->__construct()
 2 APPPATH\Controllers\Login.php(13): IonAuth\Libraries\IonAuth->__construct()
 3 SYSTEMPATH\CodeIgniter.php(903): App\Controllers\Login->__construct()
 4 SYSTEMPATH\CodeIgniter.php(500): CodeIgniter\CodeIgniter->createController()
 5 SYSTEMPATH\CodeIgniter.php(355): CodeIgniter\CodeIgniter->handleRequest(null, Object(Config\Cache), false)
 6 SYSTEMPATH\Boot.php(325): CodeIgniter\CodeIgniter->run()
 7 SYSTEMPATH\Boot.php(67): CodeIgniter\Boot::runCodeIgniter(Object(CodeIgniter\CodeIgniter))
 8 FCPATH\index.php(56): CodeIgniter\Boot::bootWeb(Object(Config\Paths))
INFO - 2024-10-25 09:32:23 --> Session: Class initialized using 'CodeIgniter\Session\Handlers\FileHandler' driver.
WARNING - 2024-10-25 09:32:23 --> [DEPRECATED] Creation of dynamic property IonAuth\Libraries\IonAuth::$session is deprecated in FCPATH\vendor\benedmunds\codeigniter-ion-auth\Libraries\IonAuth.php on line 65.
 1 APPPATH\Controllers\Login.php(13): IonAuth\Libraries\IonAuth->__construct()
 2 SYSTEMPATH\CodeIgniter.php(903): App\Controllers\Login->__construct()
 3 SYSTEMPATH\CodeIgniter.php(500): CodeIgniter\CodeIgniter->createController()
 4 SYSTEMPATH\CodeIgniter.php(355): CodeIgniter\CodeIgniter->handleRequest(null, Object(Config\Cache), false)
 5 SYSTEMPATH\Boot.php(325): CodeIgniter\CodeIgniter->run()
 6 SYSTEMPATH\Boot.php(67): CodeIgniter\Boot::runCodeIgniter(Object(CodeIgniter\CodeIgniter))
 7 FCPATH\index.php(56): CodeIgniter\Boot::bootWeb(Object(Config\Paths))
WARNING - 2024-10-25 09:32:23 --> [DEPRECATED] Creation of dynamic property IonAuth\Models\IonAuthModel::$join is deprecated in FCPATH\vendor\benedmunds\codeigniter-ion-auth\Models\IonAuthModel.php on line 231.
 1 FCPATH\vendor\benedmunds\codeigniter-ion-auth\Libraries\IonAuth.php(67): IonAuth\Models\IonAuthModel->__construct()
 2 APPPATH\Controllers\Login.php(13): IonAuth\Libraries\IonAuth->__construct()
 3 SYSTEMPATH\CodeIgniter.php(903): App\Controllers\Login->__construct()
 4 SYSTEMPATH\CodeIgniter.php(500): CodeIgniter\CodeIgniter->createController()
 5 SYSTEMPATH\CodeIgniter.php(355): CodeIgniter\CodeIgniter->handleRequest(null, Object(Config\Cache), false)
 6 SYSTEMPATH\Boot.php(325): CodeIgniter\CodeIgniter->run()
 7 SYSTEMPATH\Boot.php(67): CodeIgniter\Boot::runCodeIgniter(Object(CodeIgniter\CodeIgniter))
 8 FCPATH\index.php(56): CodeIgniter\Boot::bootWeb(Object(Config\Paths))
WARNING - 2024-10-25 09:32:23 --> [DEPRECATED] Creation of dynamic property IonAuth\Models\IonAuthModel::$hashMethod is deprecated in FCPATH\vendor\benedmunds\codeigniter-ion-auth\Models\IonAuthModel.php on line 234.
 1 FCPATH\vendor\benedmunds\codeigniter-ion-auth\Libraries\IonAuth.php(67): IonAuth\Models\IonAuthModel->__construct()
 2 APPPATH\Controllers\Login.php(13): IonAuth\Libraries\IonAuth->__construct()
 3 SYSTEMPATH\CodeIgniter.php(903): App\Controllers\Login->__construct()
 4 SYSTEMPATH\CodeIgniter.php(500): CodeIgniter\CodeIgniter->createController()
 5 SYSTEMPATH\CodeIgniter.php(355): CodeIgniter\CodeIgniter->handleRequest(null, Object(Config\Cache), false)
 6 SYSTEMPATH\Boot.php(325): CodeIgniter\CodeIgniter->run()
 7 SYSTEMPATH\Boot.php(67): CodeIgniter\Boot::runCodeIgniter(Object(CodeIgniter\CodeIgniter))
 8 FCPATH\index.php(56): CodeIgniter\Boot::bootWeb(Object(Config\Paths))
WARNING - 2024-10-25 09:32:23 --> [DEPRECATED] Creation of dynamic property IonAuth\Models\IonAuthModel::$messagesTemplates is deprecated in FCPATH\vendor\benedmunds\codeigniter-ion-auth\Models\IonAuthModel.php on line 237.
 1 FCPATH\vendor\benedmunds\codeigniter-ion-auth\Libraries\IonAuth.php(67): IonAuth\Models\IonAuthModel->__construct()
 2 APPPATH\Controllers\Login.php(13): IonAuth\Libraries\IonAuth->__construct()
 3 SYSTEMPATH\CodeIgniter.php(903): App\Controllers\Login->__construct()
 4 SYSTEMPATH\CodeIgniter.php(500): CodeIgniter\CodeIgniter->createController()
 5 SYSTEMPATH\CodeIgniter.php(355): CodeIgniter\CodeIgniter->handleRequest(null, Object(Config\Cache), false)
 6 SYSTEMPATH\Boot.php(325): CodeIgniter\CodeIgniter->run()
 7 SYSTEMPATH\Boot.php(67): CodeIgniter\Boot::runCodeIgniter(Object(CodeIgniter\CodeIgniter))
 8 FCPATH\index.php(56): CodeIgniter\Boot::bootWeb(Object(Config\Paths))
INFO - 2024-10-25 09:32:26 --> Session: Class initialized using 'CodeIgniter\Session\Handlers\FileHandler' driver.
WARNING - 2024-10-25 09:32:26 --> [DEPRECATED] Creation of dynamic property IonAuth\Models\IonAuthModel::$join is deprecated in FCPATH\vendor\benedmunds\codeigniter-ion-auth\Models\IonAuthModel.php on line 231.
 1 APPPATH\Libraries\IonAuth.php(71): IonAuth\Models\IonAuthModel->__construct()
 2 APPPATH\Controllers\Auth.php(77): App\Libraries\IonAuth->__construct()
 3 SYSTEMPATH\CodeIgniter.php(903): App\Controllers\Auth->__construct()
 4 SYSTEMPATH\CodeIgniter.php(500): CodeIgniter\CodeIgniter->createController()
 5 SYSTEMPATH\CodeIgniter.php(355): CodeIgniter\CodeIgniter->handleRequest(null, Object(Config\Cache), false)
 6 SYSTEMPATH\Boot.php(325): CodeIgniter\CodeIgniter->run()
 7 SYSTEMPATH\Boot.php(67): CodeIgniter\Boot::runCodeIgniter(Object(CodeIgniter\CodeIgniter))
 8 FCPATH\index.php(56): CodeIgniter\Boot::bootWeb(Object(Config\Paths))
WARNING - 2024-10-25 09:32:26 --> [DEPRECATED] Creation of dynamic property IonAuth\Models\IonAuthModel::$hashMethod is deprecated in FCPATH\vendor\benedmunds\codeigniter-ion-auth\Models\IonAuthModel.php on line 234.
 1 APPPATH\Libraries\IonAuth.php(71): IonAuth\Models\IonAuthModel->__construct()
 2 APPPATH\Controllers\Auth.php(77): App\Libraries\IonAuth->__construct()
 3 SYSTEMPATH\CodeIgniter.php(903): App\Controllers\Auth->__construct()
 4 SYSTEMPATH\CodeIgniter.php(500): CodeIgniter\CodeIgniter->createController()
 5 SYSTEMPATH\CodeIgniter.php(355): CodeIgniter\CodeIgniter->handleRequest(null, Object(Config\Cache), false)
 6 SYSTEMPATH\Boot.php(325): CodeIgniter\CodeIgniter->run()
 7 SYSTEMPATH\Boot.php(67): CodeIgniter\Boot::runCodeIgniter(Object(CodeIgniter\CodeIgniter))
 8 FCPATH\index.php(56): CodeIgniter\Boot::bootWeb(Object(Config\Paths))
WARNING - 2024-10-25 09:32:26 --> [DEPRECATED] Creation of dynamic property IonAuth\Models\IonAuthModel::$messagesTemplates is deprecated in FCPATH\vendor\benedmunds\codeigniter-ion-auth\Models\IonAuthModel.php on line 237.
 1 APPPATH\Libraries\IonAuth.php(71): IonAuth\Models\IonAuthModel->__construct()
 2 APPPATH\Controllers\Auth.php(77): App\Libraries\IonAuth->__construct()
 3 SYSTEMPATH\CodeIgniter.php(903): App\Controllers\Auth->__construct()
 4 SYSTEMPATH\CodeIgniter.php(500): CodeIgniter\CodeIgniter->createController()
 5 SYSTEMPATH\CodeIgniter.php(355): CodeIgniter\CodeIgniter->handleRequest(null, Object(Config\Cache), false)
 6 SYSTEMPATH\Boot.php(325): CodeIgniter\CodeIgniter->run()
 7 SYSTEMPATH\Boot.php(67): CodeIgniter\Boot::runCodeIgniter(Object(CodeIgniter\CodeIgniter))
 8 FCPATH\index.php(56): CodeIgniter\Boot::bootWeb(Object(Config\Paths))
INFO - 2024-10-25 09:32:27 --> Session: Class initialized using 'CodeIgniter\Session\Handlers\FileHandler' driver.
WARNING - 2024-10-25 09:32:27 --> [DEPRECATED] Creation of dynamic property IonAuth\Libraries\IonAuth::$session is deprecated in FCPATH\vendor\benedmunds\codeigniter-ion-auth\Libraries\IonAuth.php on line 65.
 1 APPPATH\Controllers\admin\Home.php(17): IonAuth\Libraries\IonAuth->__construct()
 2 SYSTEMPATH\CodeIgniter.php(903): App\Controllers\admin\Home->__construct()
 3 SYSTEMPATH\CodeIgniter.php(500): CodeIgniter\CodeIgniter->createController()
 4 SYSTEMPATH\CodeIgniter.php(355): CodeIgniter\CodeIgniter->handleRequest(null, Object(Config\Cache), false)
 5 SYSTEMPATH\Boot.php(325): CodeIgniter\CodeIgniter->run()
 6 SYSTEMPATH\Boot.php(67): CodeIgniter\Boot::runCodeIgniter(Object(CodeIgniter\CodeIgniter))
 7 FCPATH\index.php(56): CodeIgniter\Boot::bootWeb(Object(Config\Paths))
WARNING - 2024-10-25 09:32:27 --> [DEPRECATED] Creation of dynamic property IonAuth\Models\IonAuthModel::$join is deprecated in FCPATH\vendor\benedmunds\codeigniter-ion-auth\Models\IonAuthModel.php on line 231.
 1 FCPATH\vendor\benedmunds\codeigniter-ion-auth\Libraries\IonAuth.php(67): IonAuth\Models\IonAuthModel->__construct()
 2 APPPATH\Controllers\admin\Home.php(17): IonAuth\Libraries\IonAuth->__construct()
 3 SYSTEMPATH\CodeIgniter.php(903): App\Controllers\admin\Home->__construct()
 4 SYSTEMPATH\CodeIgniter.php(500): CodeIgniter\CodeIgniter->createController()
 5 SYSTEMPATH\CodeIgniter.php(355): CodeIgniter\CodeIgniter->handleRequest(null, Object(Config\Cache), false)
 6 SYSTEMPATH\Boot.php(325): CodeIgniter\CodeIgniter->run()
 7 SYSTEMPATH\Boot.php(67): CodeIgniter\Boot::runCodeIgniter(Object(CodeIgniter\CodeIgniter))
 8 FCPATH\index.php(56): CodeIgniter\Boot::bootWeb(Object(Config\Paths))
WARNING - 2024-10-25 09:32:27 --> [DEPRECATED] Creation of dynamic property IonAuth\Models\IonAuthModel::$hashMethod is deprecated in FCPATH\vendor\benedmunds\codeigniter-ion-auth\Models\IonAuthModel.php on line 234.
 1 FCPATH\vendor\benedmunds\codeigniter-ion-auth\Libraries\IonAuth.php(67): IonAuth\Models\IonAuthModel->__construct()
 2 APPPATH\Controllers\admin\Home.php(17): IonAuth\Libraries\IonAuth->__construct()
 3 SYSTEMPATH\CodeIgniter.php(903): App\Controllers\admin\Home->__construct()
 4 SYSTEMPATH\CodeIgniter.php(500): CodeIgniter\CodeIgniter->createController()
 5 SYSTEMPATH\CodeIgniter.php(355): CodeIgniter\CodeIgniter->handleRequest(null, Object(Config\Cache), false)
 6 SYSTEMPATH\Boot.php(325): CodeIgniter\CodeIgniter->run()
 7 SYSTEMPATH\Boot.php(67): CodeIgniter\Boot::runCodeIgniter(Object(CodeIgniter\CodeIgniter))
 8 FCPATH\index.php(56): CodeIgniter\Boot::bootWeb(Object(Config\Paths))
WARNING - 2024-10-25 09:32:27 --> [DEPRECATED] Creation of dynamic property IonAuth\Models\IonAuthModel::$messagesTemplates is deprecated in FCPATH\vendor\benedmunds\codeigniter-ion-auth\Models\IonAuthModel.php on line 237.
 1 FCPATH\vendor\benedmunds\codeigniter-ion-auth\Libraries\IonAuth.php(67): IonAuth\Models\IonAuthModel->__construct()
 2 APPPATH\Controllers\admin\Home.php(17): IonAuth\Libraries\IonAuth->__construct()
 3 SYSTEMPATH\CodeIgniter.php(903): App\Controllers\admin\Home->__construct()
 4 SYSTEMPATH\CodeIgniter.php(500): CodeIgniter\CodeIgniter->createController()
 5 SYSTEMPATH\CodeIgniter.php(355): CodeIgniter\CodeIgniter->handleRequest(null, Object(Config\Cache), false)
 6 SYSTEMPATH\Boot.php(325): CodeIgniter\CodeIgniter->run()
 7 SYSTEMPATH\Boot.php(67): CodeIgniter\Boot::runCodeIgniter(Object(CodeIgniter\CodeIgniter))
 8 FCPATH\index.php(56): CodeIgniter\Boot::bootWeb(Object(Config\Paths))
INFO - 2024-10-25 09:32:28 --> Session: Class initialized using 'CodeIgniter\Session\Handlers\FileHandler' driver.
WARNING - 2024-10-25 09:32:28 --> [DEPRECATED] Creation of dynamic property IonAuth\Libraries\IonAuth::$session is deprecated in FCPATH\vendor\benedmunds\codeigniter-ion-auth\Libraries\IonAuth.php on line 65.
 1 APPPATH\Controllers\admin\Home.php(17): IonAuth\Libraries\IonAuth->__construct()
 2 SYSTEMPATH\CodeIgniter.php(903): App\Controllers\admin\Home->__construct()
 3 SYSTEMPATH\CodeIgniter.php(500): CodeIgniter\CodeIgniter->createController()
 4 SYSTEMPATH\CodeIgniter.php(355): CodeIgniter\CodeIgniter->handleRequest(null, Object(Config\Cache), false)
 5 SYSTEMPATH\Boot.php(325): CodeIgniter\CodeIgniter->run()
 6 SYSTEMPATH\Boot.php(67): CodeIgniter\Boot::runCodeIgniter(Object(CodeIgniter\CodeIgniter))
 7 FCPATH\index.php(56): CodeIgniter\Boot::bootWeb(Object(Config\Paths))
WARNING - 2024-10-25 09:32:28 --> [DEPRECATED] Creation of dynamic property IonAuth\Models\IonAuthModel::$join is deprecated in FCPATH\vendor\benedmunds\codeigniter-ion-auth\Models\IonAuthModel.php on line 231.
 1 FCPATH\vendor\benedmunds\codeigniter-ion-auth\Libraries\IonAuth.php(67): IonAuth\Models\IonAuthModel->__construct()
 2 APPPATH\Controllers\admin\Home.php(17): IonAuth\Libraries\IonAuth->__construct()
 3 SYSTEMPATH\CodeIgniter.php(903): App\Controllers\admin\Home->__construct()
 4 SYSTEMPATH\CodeIgniter.php(500): CodeIgniter\CodeIgniter->createController()
 5 SYSTEMPATH\CodeIgniter.php(355): CodeIgniter\CodeIgniter->handleRequest(null, Object(Config\Cache), false)
 6 SYSTEMPATH\Boot.php(325): CodeIgniter\CodeIgniter->run()
 7 SYSTEMPATH\Boot.php(67): CodeIgniter\Boot::runCodeIgniter(Object(CodeIgniter\CodeIgniter))
 8 FCPATH\index.php(56): CodeIgniter\Boot::bootWeb(Object(Config\Paths))
WARNING - 2024-10-25 09:32:28 --> [DEPRECATED] Creation of dynamic property IonAuth\Models\IonAuthModel::$hashMethod is deprecated in FCPATH\vendor\benedmunds\codeigniter-ion-auth\Models\IonAuthModel.php on line 234.
 1 FCPATH\vendor\benedmunds\codeigniter-ion-auth\Libraries\IonAuth.php(67): IonAuth\Models\IonAuthModel->__construct()
 2 APPPATH\Controllers\admin\Home.php(17): IonAuth\Libraries\IonAuth->__construct()
 3 SYSTEMPATH\CodeIgniter.php(903): App\Controllers\admin\Home->__construct()
 4 SYSTEMPATH\CodeIgniter.php(500): CodeIgniter\CodeIgniter->createController()
 5 SYSTEMPATH\CodeIgniter.php(355): CodeIgniter\CodeIgniter->handleRequest(null, Object(Config\Cache), false)
 6 SYSTEMPATH\Boot.php(325): CodeIgniter\CodeIgniter->run()
 7 SYSTEMPATH\Boot.php(67): CodeIgniter\Boot::runCodeIgniter(Object(CodeIgniter\CodeIgniter))
 8 FCPATH\index.php(56): CodeIgniter\Boot::bootWeb(Object(Config\Paths))
WARNING - 2024-10-25 09:32:28 --> [DEPRECATED] Creation of dynamic property IonAuth\Models\IonAuthModel::$messagesTemplates is deprecated in FCPATH\vendor\benedmunds\codeigniter-ion-auth\Models\IonAuthModel.php on line 237.
 1 FCPATH\vendor\benedmunds\codeigniter-ion-auth\Libraries\IonAuth.php(67): IonAuth\Models\IonAuthModel->__construct()
 2 APPPATH\Controllers\admin\Home.php(17): IonAuth\Libraries\IonAuth->__construct()
 3 SYSTEMPATH\CodeIgniter.php(903): App\Controllers\admin\Home->__construct()
 4 SYSTEMPATH\CodeIgniter.php(500): CodeIgniter\CodeIgniter->createController()
 5 SYSTEMPATH\CodeIgniter.php(355): CodeIgniter\CodeIgniter->handleRequest(null, Object(Config\Cache), false)
 6 SYSTEMPATH\Boot.php(325): CodeIgniter\CodeIgniter->run()
 7 SYSTEMPATH\Boot.php(67): CodeIgniter\Boot::runCodeIgniter(Object(CodeIgniter\CodeIgniter))
 8 FCPATH\index.php(56): CodeIgniter\Boot::bootWeb(Object(Config\Paths))
INFO - 2024-10-25 09:32:28 --> Session: Class initialized using 'CodeIgniter\Session\Handlers\FileHandler' driver.
WARNING - 2024-10-25 09:32:28 --> [DEPRECATED] Creation of dynamic property IonAuth\Libraries\IonAuth::$session is deprecated in FCPATH\vendor\benedmunds\codeigniter-ion-auth\Libraries\IonAuth.php on line 65.
 1 APPPATH\Controllers\admin\Home.php(17): IonAuth\Libraries\IonAuth->__construct()
 2 SYSTEMPATH\CodeIgniter.php(903): App\Controllers\admin\Home->__construct()
 3 SYSTEMPATH\CodeIgniter.php(500): CodeIgniter\CodeIgniter->createController()
 4 SYSTEMPATH\CodeIgniter.php(355): CodeIgniter\CodeIgniter->handleRequest(null, Object(Config\Cache), false)
 5 SYSTEMPATH\Boot.php(325): CodeIgniter\CodeIgniter->run()
 6 SYSTEMPATH\Boot.php(67): CodeIgniter\Boot::runCodeIgniter(Object(CodeIgniter\CodeIgniter))
 7 FCPATH\index.php(56): CodeIgniter\Boot::bootWeb(Object(Config\Paths))
WARNING - 2024-10-25 09:32:28 --> [DEPRECATED] Creation of dynamic property IonAuth\Models\IonAuthModel::$join is deprecated in FCPATH\vendor\benedmunds\codeigniter-ion-auth\Models\IonAuthModel.php on line 231.
 1 FCPATH\vendor\benedmunds\codeigniter-ion-auth\Libraries\IonAuth.php(67): IonAuth\Models\IonAuthModel->__construct()
 2 APPPATH\Controllers\admin\Home.php(17): IonAuth\Libraries\IonAuth->__construct()
 3 SYSTEMPATH\CodeIgniter.php(903): App\Controllers\admin\Home->__construct()
 4 SYSTEMPATH\CodeIgniter.php(500): CodeIgniter\CodeIgniter->createController()
 5 SYSTEMPATH\CodeIgniter.php(355): CodeIgniter\CodeIgniter->handleRequest(null, Object(Config\Cache), false)
 6 SYSTEMPATH\Boot.php(325): CodeIgniter\CodeIgniter->run()
 7 SYSTEMPATH\Boot.php(67): CodeIgniter\Boot::runCodeIgniter(Object(CodeIgniter\CodeIgniter))
 8 FCPATH\index.php(56): CodeIgniter\Boot::bootWeb(Object(Config\Paths))
WARNING - 2024-10-25 09:32:28 --> [DEPRECATED] Creation of dynamic property IonAuth\Models\IonAuthModel::$hashMethod is deprecated in FCPATH\vendor\benedmunds\codeigniter-ion-auth\Models\IonAuthModel.php on line 234.
 1 FCPATH\vendor\benedmunds\codeigniter-ion-auth\Libraries\IonAuth.php(67): IonAuth\Models\IonAuthModel->__construct()
 2 APPPATH\Controllers\admin\Home.php(17): IonAuth\Libraries\IonAuth->__construct()
 3 SYSTEMPATH\CodeIgniter.php(903): App\Controllers\admin\Home->__construct()
 4 SYSTEMPATH\CodeIgniter.php(500): CodeIgniter\CodeIgniter->createController()
 5 SYSTEMPATH\CodeIgniter.php(355): CodeIgniter\CodeIgniter->handleRequest(null, Object(Config\Cache), false)
 6 SYSTEMPATH\Boot.php(325): CodeIgniter\CodeIgniter->run()
 7 SYSTEMPATH\Boot.php(67): CodeIgniter\Boot::runCodeIgniter(Object(CodeIgniter\CodeIgniter))
 8 FCPATH\index.php(56): CodeIgniter\Boot::bootWeb(Object(Config\Paths))
WARNING - 2024-10-25 09:32:28 --> [DEPRECATED] Creation of dynamic property IonAuth\Models\IonAuthModel::$messagesTemplates is deprecated in FCPATH\vendor\benedmunds\codeigniter-ion-auth\Models\IonAuthModel.php on line 237.
 1 FCPATH\vendor\benedmunds\codeigniter-ion-auth\Libraries\IonAuth.php(67): IonAuth\Models\IonAuthModel->__construct()
 2 APPPATH\Controllers\admin\Home.php(17): IonAuth\Libraries\IonAuth->__construct()
 3 SYSTEMPATH\CodeIgniter.php(903): App\Controllers\admin\Home->__construct()
 4 SYSTEMPATH\CodeIgniter.php(500): CodeIgniter\CodeIgniter->createController()
 5 SYSTEMPATH\CodeIgniter.php(355): CodeIgniter\CodeIgniter->handleRequest(null, Object(Config\Cache), false)
 6 SYSTEMPATH\Boot.php(325): CodeIgniter\CodeIgniter->run()
 7 SYSTEMPATH\Boot.php(67): CodeIgniter\Boot::runCodeIgniter(Object(CodeIgniter\CodeIgniter))
 8 FCPATH\index.php(56): CodeIgniter\Boot::bootWeb(Object(Config\Paths))
INFO - 2024-10-25 09:32:30 --> Session: Class initialized using 'CodeIgniter\Session\Handlers\FileHandler' driver.
WARNING - 2024-10-25 09:32:30 --> [DEPRECATED] Creation of dynamic property IonAuth\Libraries\IonAuth::$session is deprecated in FCPATH\vendor\benedmunds\codeigniter-ion-auth\Libraries\IonAuth.php on line 65.
 1 APPPATH\Controllers\admin\Vendors.php(16): IonAuth\Libraries\IonAuth->__construct()
 2 SYSTEMPATH\CodeIgniter.php(903): App\Controllers\admin\Vendors->__construct()
 3 SYSTEMPATH\CodeIgniter.php(500): CodeIgniter\CodeIgniter->createController()
 4 SYSTEMPATH\CodeIgniter.php(355): CodeIgniter\CodeIgniter->handleRequest(null, Object(Config\Cache), false)
 5 SYSTEMPATH\Boot.php(325): CodeIgniter\CodeIgniter->run()
 6 SYSTEMPATH\Boot.php(67): CodeIgniter\Boot::runCodeIgniter(Object(CodeIgniter\CodeIgniter))
 7 FCPATH\index.php(56): CodeIgniter\Boot::bootWeb(Object(Config\Paths))
WARNING - 2024-10-25 09:32:30 --> [DEPRECATED] Creation of dynamic property IonAuth\Models\IonAuthModel::$join is deprecated in FCPATH\vendor\benedmunds\codeigniter-ion-auth\Models\IonAuthModel.php on line 231.
 1 FCPATH\vendor\benedmunds\codeigniter-ion-auth\Libraries\IonAuth.php(67): IonAuth\Models\IonAuthModel->__construct()
 2 APPPATH\Controllers\admin\Vendors.php(16): IonAuth\Libraries\IonAuth->__construct()
 3 SYSTEMPATH\CodeIgniter.php(903): App\Controllers\admin\Vendors->__construct()
 4 SYSTEMPATH\CodeIgniter.php(500): CodeIgniter\CodeIgniter->createController()
 5 SYSTEMPATH\CodeIgniter.php(355): CodeIgniter\CodeIgniter->handleRequest(null, Object(Config\Cache), false)
 6 SYSTEMPATH\Boot.php(325): CodeIgniter\CodeIgniter->run()
 7 SYSTEMPATH\Boot.php(67): CodeIgniter\Boot::runCodeIgniter(Object(CodeIgniter\CodeIgniter))
 8 FCPATH\index.php(56): CodeIgniter\Boot::bootWeb(Object(Config\Paths))
WARNING - 2024-10-25 09:32:30 --> [DEPRECATED] Creation of dynamic property IonAuth\Models\IonAuthModel::$hashMethod is deprecated in FCPATH\vendor\benedmunds\codeigniter-ion-auth\Models\IonAuthModel.php on line 234.
 1 FCPATH\vendor\benedmunds\codeigniter-ion-auth\Libraries\IonAuth.php(67): IonAuth\Models\IonAuthModel->__construct()
 2 APPPATH\Controllers\admin\Vendors.php(16): IonAuth\Libraries\IonAuth->__construct()
 3 SYSTEMPATH\CodeIgniter.php(903): App\Controllers\admin\Vendors->__construct()
 4 SYSTEMPATH\CodeIgniter.php(500): CodeIgniter\CodeIgniter->createController()
 5 SYSTEMPATH\CodeIgniter.php(355): CodeIgniter\CodeIgniter->handleRequest(null, Object(Config\Cache), false)
 6 SYSTEMPATH\Boot.php(325): CodeIgniter\CodeIgniter->run()
 7 SYSTEMPATH\Boot.php(67): CodeIgniter\Boot::runCodeIgniter(Object(CodeIgniter\CodeIgniter))
 8 FCPATH\index.php(56): CodeIgniter\Boot::bootWeb(Object(Config\Paths))
WARNING - 2024-10-25 09:32:30 --> [DEPRECATED] Creation of dynamic property IonAuth\Models\IonAuthModel::$messagesTemplates is deprecated in FCPATH\vendor\benedmunds\codeigniter-ion-auth\Models\IonAuthModel.php on line 237.
 1 FCPATH\vendor\benedmunds\codeigniter-ion-auth\Libraries\IonAuth.php(67): IonAuth\Models\IonAuthModel->__construct()
 2 APPPATH\Controllers\admin\Vendors.php(16): IonAuth\Libraries\IonAuth->__construct()
 3 SYSTEMPATH\CodeIgniter.php(903): App\Controllers\admin\Vendors->__construct()
 4 SYSTEMPATH\CodeIgniter.php(500): CodeIgniter\CodeIgniter->createController()
 5 SYSTEMPATH\CodeIgniter.php(355): CodeIgniter\CodeIgniter->handleRequest(null, Object(Config\Cache), false)
 6 SYSTEMPATH\Boot.php(325): CodeIgniter\CodeIgniter->run()
 7 SYSTEMPATH\Boot.php(67): CodeIgniter\Boot::runCodeIgniter(Object(CodeIgniter\CodeIgniter))
 8 FCPATH\index.php(56): CodeIgniter\Boot::bootWeb(Object(Config\Paths))
INFO - 2024-10-25 09:32:31 --> Session: Class initialized using 'CodeIgniter\Session\Handlers\FileHandler' driver.
WARNING - 2024-10-25 09:32:31 --> [DEPRECATED] Creation of dynamic property IonAuth\Libraries\IonAuth::$session is deprecated in FCPATH\vendor\benedmunds\codeigniter-ion-auth\Libraries\IonAuth.php on line 65.
 1 APPPATH\Controllers\admin\Vendors.php(16): IonAuth\Libraries\IonAuth->__construct()
 2 SYSTEMPATH\CodeIgniter.php(903): App\Controllers\admin\Vendors->__construct()
 3 SYSTEMPATH\CodeIgniter.php(500): CodeIgniter\CodeIgniter->createController()
 4 SYSTEMPATH\CodeIgniter.php(355): CodeIgniter\CodeIgniter->handleRequest(null, Object(Config\Cache), false)
 5 SYSTEMPATH\Boot.php(325): CodeIgniter\CodeIgniter->run()
 6 SYSTEMPATH\Boot.php(67): CodeIgniter\Boot::runCodeIgniter(Object(CodeIgniter\CodeIgniter))
 7 FCPATH\index.php(56): CodeIgniter\Boot::bootWeb(Object(Config\Paths))
WARNING - 2024-10-25 09:32:31 --> [DEPRECATED] Creation of dynamic property IonAuth\Models\IonAuthModel::$join is deprecated in FCPATH\vendor\benedmunds\codeigniter-ion-auth\Models\IonAuthModel.php on line 231.
 1 FCPATH\vendor\benedmunds\codeigniter-ion-auth\Libraries\IonAuth.php(67): IonAuth\Models\IonAuthModel->__construct()
 2 APPPATH\Controllers\admin\Vendors.php(16): IonAuth\Libraries\IonAuth->__construct()
 3 SYSTEMPATH\CodeIgniter.php(903): App\Controllers\admin\Vendors->__construct()
 4 SYSTEMPATH\CodeIgniter.php(500): CodeIgniter\CodeIgniter->createController()
 5 SYSTEMPATH\CodeIgniter.php(355): CodeIgniter\CodeIgniter->handleRequest(null, Object(Config\Cache), false)
 6 SYSTEMPATH\Boot.php(325): CodeIgniter\CodeIgniter->run()
 7 SYSTEMPATH\Boot.php(67): CodeIgniter\Boot::runCodeIgniter(Object(CodeIgniter\CodeIgniter))
 8 FCPATH\index.php(56): CodeIgniter\Boot::bootWeb(Object(Config\Paths))
WARNING - 2024-10-25 09:32:31 --> [DEPRECATED] Creation of dynamic property IonAuth\Models\IonAuthModel::$hashMethod is deprecated in FCPATH\vendor\benedmunds\codeigniter-ion-auth\Models\IonAuthModel.php on line 234.
 1 FCPATH\vendor\benedmunds\codeigniter-ion-auth\Libraries\IonAuth.php(67): IonAuth\Models\IonAuthModel->__construct()
 2 APPPATH\Controllers\admin\Vendors.php(16): IonAuth\Libraries\IonAuth->__construct()
 3 SYSTEMPATH\CodeIgniter.php(903): App\Controllers\admin\Vendors->__construct()
 4 SYSTEMPATH\CodeIgniter.php(500): CodeIgniter\CodeIgniter->createController()
 5 SYSTEMPATH\CodeIgniter.php(355): CodeIgniter\CodeIgniter->handleRequest(null, Object(Config\Cache), false)
 6 SYSTEMPATH\Boot.php(325): CodeIgniter\CodeIgniter->run()
 7 SYSTEMPATH\Boot.php(67): CodeIgniter\Boot::runCodeIgniter(Object(CodeIgniter\CodeIgniter))
 8 FCPATH\index.php(56): CodeIgniter\Boot::bootWeb(Object(Config\Paths))
WARNING - 2024-10-25 09:32:31 --> [DEPRECATED] Creation of dynamic property IonAuth\Models\IonAuthModel::$messagesTemplates is deprecated in FCPATH\vendor\benedmunds\codeigniter-ion-auth\Models\IonAuthModel.php on line 237.
 1 FCPATH\vendor\benedmunds\codeigniter-ion-auth\Libraries\IonAuth.php(67): IonAuth\Models\IonAuthModel->__construct()
 2 APPPATH\Controllers\admin\Vendors.php(16): IonAuth\Libraries\IonAuth->__construct()
 3 SYSTEMPATH\CodeIgniter.php(903): App\Controllers\admin\Vendors->__construct()
 4 SYSTEMPATH\CodeIgniter.php(500): CodeIgniter\CodeIgniter->createController()
 5 SYSTEMPATH\CodeIgniter.php(355): CodeIgniter\CodeIgniter->handleRequest(null, Object(Config\Cache), false)
 6 SYSTEMPATH\Boot.php(325): CodeIgniter\CodeIgniter->run()
 7 SYSTEMPATH\Boot.php(67): CodeIgniter\Boot::runCodeIgniter(Object(CodeIgniter\CodeIgniter))
 8 FCPATH\index.php(56): CodeIgniter\Boot::bootWeb(Object(Config\Paths))
INFO - 2024-10-25 09:32:33 --> Session: Class initialized using 'CodeIgniter\Session\Handlers\FileHandler' driver.
WARNING - 2024-10-25 09:32:33 --> [DEPRECATED] Creation of dynamic property IonAuth\Libraries\IonAuth::$session is deprecated in FCPATH\vendor\benedmunds\codeigniter-ion-auth\Libraries\IonAuth.php on line 65.
 1 APPPATH\Controllers\admin\Vendors.php(16): IonAuth\Libraries\IonAuth->__construct()
 2 SYSTEMPATH\CodeIgniter.php(903): App\Controllers\admin\Vendors->__construct()
 3 SYSTEMPATH\CodeIgniter.php(500): CodeIgniter\CodeIgniter->createController()
 4 SYSTEMPATH\CodeIgniter.php(355): CodeIgniter\CodeIgniter->handleRequest(null, Object(Config\Cache), false)
 5 SYSTEMPATH\Boot.php(325): CodeIgniter\CodeIgniter->run()
 6 SYSTEMPATH\Boot.php(67): CodeIgniter\Boot::runCodeIgniter(Object(CodeIgniter\CodeIgniter))
 7 FCPATH\index.php(56): CodeIgniter\Boot::bootWeb(Object(Config\Paths))
WARNING - 2024-10-25 09:32:33 --> [DEPRECATED] Creation of dynamic property IonAuth\Models\IonAuthModel::$join is deprecated in FCPATH\vendor\benedmunds\codeigniter-ion-auth\Models\IonAuthModel.php on line 231.
 1 FCPATH\vendor\benedmunds\codeigniter-ion-auth\Libraries\IonAuth.php(67): IonAuth\Models\IonAuthModel->__construct()
 2 APPPATH\Controllers\admin\Vendors.php(16): IonAuth\Libraries\IonAuth->__construct()
 3 SYSTEMPATH\CodeIgniter.php(903): App\Controllers\admin\Vendors->__construct()
 4 SYSTEMPATH\CodeIgniter.php(500): CodeIgniter\CodeIgniter->createController()
 5 SYSTEMPATH\CodeIgniter.php(355): CodeIgniter\CodeIgniter->handleRequest(null, Object(Config\Cache), false)
 6 SYSTEMPATH\Boot.php(325): CodeIgniter\CodeIgniter->run()
 7 SYSTEMPATH\Boot.php(67): CodeIgniter\Boot::runCodeIgniter(Object(CodeIgniter\CodeIgniter))
 8 FCPATH\index.php(56): CodeIgniter\Boot::bootWeb(Object(Config\Paths))
WARNING - 2024-10-25 09:32:33 --> [DEPRECATED] Creation of dynamic property IonAuth\Models\IonAuthModel::$hashMethod is deprecated in FCPATH\vendor\benedmunds\codeigniter-ion-auth\Models\IonAuthModel.php on line 234.
 1 FCPATH\vendor\benedmunds\codeigniter-ion-auth\Libraries\IonAuth.php(67): IonAuth\Models\IonAuthModel->__construct()
 2 APPPATH\Controllers\admin\Vendors.php(16): IonAuth\Libraries\IonAuth->__construct()
 3 SYSTEMPATH\CodeIgniter.php(903): App\Controllers\admin\Vendors->__construct()
 4 SYSTEMPATH\CodeIgniter.php(500): CodeIgniter\CodeIgniter->createController()
 5 SYSTEMPATH\CodeIgniter.php(355): CodeIgniter\CodeIgniter->handleRequest(null, Object(Config\Cache), false)
 6 SYSTEMPATH\Boot.php(325): CodeIgniter\CodeIgniter->run()
 7 SYSTEMPATH\Boot.php(67): CodeIgniter\Boot::runCodeIgniter(Object(CodeIgniter\CodeIgniter))
 8 FCPATH\index.php(56): CodeIgniter\Boot::bootWeb(Object(Config\Paths))
WARNING - 2024-10-25 09:32:33 --> [DEPRECATED] Creation of dynamic property IonAuth\Models\IonAuthModel::$messagesTemplates is deprecated in FCPATH\vendor\benedmunds\codeigniter-ion-auth\Models\IonAuthModel.php on line 237.
 1 FCPATH\vendor\benedmunds\codeigniter-ion-auth\Libraries\IonAuth.php(67): IonAuth\Models\IonAuthModel->__construct()
 2 APPPATH\Controllers\admin\Vendors.php(16): IonAuth\Libraries\IonAuth->__construct()
 3 SYSTEMPATH\CodeIgniter.php(903): App\Controllers\admin\Vendors->__construct()
 4 SYSTEMPATH\CodeIgniter.php(500): CodeIgniter\CodeIgniter->createController()
 5 SYSTEMPATH\CodeIgniter.php(355): CodeIgniter\CodeIgniter->handleRequest(null, Object(Config\Cache), false)
 6 SYSTEMPATH\Boot.php(325): CodeIgniter\CodeIgniter->run()
 7 SYSTEMPATH\Boot.php(67): CodeIgniter\Boot::runCodeIgniter(Object(CodeIgniter\CodeIgniter))
 8 FCPATH\index.php(56): CodeIgniter\Boot::bootWeb(Object(Config\Paths))
INFO - 2024-10-25 09:32:44 --> Session: Class initialized using 'CodeIgniter\Session\Handlers\FileHandler' driver.
WARNING - 2024-10-25 09:32:44 --> [DEPRECATED] Creation of dynamic property IonAuth\Models\IonAuthModel::$join is deprecated in FCPATH\vendor\benedmunds\codeigniter-ion-auth\Models\IonAuthModel.php on line 231.
 1 APPPATH\Libraries\IonAuth.php(71): IonAuth\Models\IonAuthModel->__construct()
 2 APPPATH\Controllers\Auth.php(77): App\Libraries\IonAuth->__construct()
 3 SYSTEMPATH\CodeIgniter.php(903): App\Controllers\Auth->__construct()
 4 SYSTEMPATH\CodeIgniter.php(500): CodeIgniter\CodeIgniter->createController()
 5 SYSTEMPATH\CodeIgniter.php(355): CodeIgniter\CodeIgniter->handleRequest(null, Object(Config\Cache), false)
 6 SYSTEMPATH\Boot.php(325): CodeIgniter\CodeIgniter->run()
 7 SYSTEMPATH\Boot.php(67): CodeIgniter\Boot::runCodeIgniter(Object(CodeIgniter\CodeIgniter))
 8 FCPATH\index.php(56): CodeIgniter\Boot::bootWeb(Object(Config\Paths))
WARNING - 2024-10-25 09:32:44 --> [DEPRECATED] Creation of dynamic property IonAuth\Models\IonAuthModel::$hashMethod is deprecated in FCPATH\vendor\benedmunds\codeigniter-ion-auth\Models\IonAuthModel.php on line 234.
 1 APPPATH\Libraries\IonAuth.php(71): IonAuth\Models\IonAuthModel->__construct()
 2 APPPATH\Controllers\Auth.php(77): App\Libraries\IonAuth->__construct()
 3 SYSTEMPATH\CodeIgniter.php(903): App\Controllers\Auth->__construct()
 4 SYSTEMPATH\CodeIgniter.php(500): CodeIgniter\CodeIgniter->createController()
 5 SYSTEMPATH\CodeIgniter.php(355): CodeIgniter\CodeIgniter->handleRequest(null, Object(Config\Cache), false)
 6 SYSTEMPATH\Boot.php(325): CodeIgniter\CodeIgniter->run()
 7 SYSTEMPATH\Boot.php(67): CodeIgniter\Boot::runCodeIgniter(Object(CodeIgniter\CodeIgniter))
 8 FCPATH\index.php(56): CodeIgniter\Boot::bootWeb(Object(Config\Paths))
WARNING - 2024-10-25 09:32:44 --> [DEPRECATED] Creation of dynamic property IonAuth\Models\IonAuthModel::$messagesTemplates is deprecated in FCPATH\vendor\benedmunds\codeigniter-ion-auth\Models\IonAuthModel.php on line 237.
 1 APPPATH\Libraries\IonAuth.php(71): IonAuth\Models\IonAuthModel->__construct()
 2 APPPATH\Controllers\Auth.php(77): App\Libraries\IonAuth->__construct()
 3 SYSTEMPATH\CodeIgniter.php(903): App\Controllers\Auth->__construct()
 4 SYSTEMPATH\CodeIgniter.php(500): CodeIgniter\CodeIgniter->createController()
 5 SYSTEMPATH\CodeIgniter.php(355): CodeIgniter\CodeIgniter->handleRequest(null, Object(Config\Cache), false)
 6 SYSTEMPATH\Boot.php(325): CodeIgniter\CodeIgniter->run()
 7 SYSTEMPATH\Boot.php(67): CodeIgniter\Boot::runCodeIgniter(Object(CodeIgniter\CodeIgniter))
 8 FCPATH\index.php(56): CodeIgniter\Boot::bootWeb(Object(Config\Paths))
INFO - 2024-10-25 09:32:44 --> Session: Class initialized using 'CodeIgniter\Session\Handlers\FileHandler' driver.
WARNING - 2024-10-25 09:32:44 --> [DEPRECATED] Creation of dynamic property IonAuth\Libraries\IonAuth::$session is deprecated in FCPATH\vendor\benedmunds\codeigniter-ion-auth\Libraries\IonAuth.php on line 65.
 1 APPPATH\Controllers\admin\Vendors.php(16): IonAuth\Libraries\IonAuth->__construct()
 2 SYSTEMPATH\CodeIgniter.php(903): App\Controllers\admin\Vendors->__construct()
 3 SYSTEMPATH\CodeIgniter.php(500): CodeIgniter\CodeIgniter->createController()
 4 SYSTEMPATH\CodeIgniter.php(355): CodeIgniter\CodeIgniter->handleRequest(null, Object(Config\Cache), false)
 5 SYSTEMPATH\Boot.php(325): CodeIgniter\CodeIgniter->run()
 6 SYSTEMPATH\Boot.php(67): CodeIgniter\Boot::runCodeIgniter(Object(CodeIgniter\CodeIgniter))
 7 FCPATH\index.php(56): CodeIgniter\Boot::bootWeb(Object(Config\Paths))
WARNING - 2024-10-25 09:32:44 --> [DEPRECATED] Creation of dynamic property IonAuth\Models\IonAuthModel::$join is deprecated in FCPATH\vendor\benedmunds\codeigniter-ion-auth\Models\IonAuthModel.php on line 231.
 1 FCPATH\vendor\benedmunds\codeigniter-ion-auth\Libraries\IonAuth.php(67): IonAuth\Models\IonAuthModel->__construct()
 2 APPPATH\Controllers\admin\Vendors.php(16): IonAuth\Libraries\IonAuth->__construct()
 3 SYSTEMPATH\CodeIgniter.php(903): App\Controllers\admin\Vendors->__construct()
 4 SYSTEMPATH\CodeIgniter.php(500): CodeIgniter\CodeIgniter->createController()
 5 SYSTEMPATH\CodeIgniter.php(355): CodeIgniter\CodeIgniter->handleRequest(null, Object(Config\Cache), false)
 6 SYSTEMPATH\Boot.php(325): CodeIgniter\CodeIgniter->run()
 7 SYSTEMPATH\Boot.php(67): CodeIgniter\Boot::runCodeIgniter(Object(CodeIgniter\CodeIgniter))
 8 FCPATH\index.php(56): CodeIgniter\Boot::bootWeb(Object(Config\Paths))
WARNING - 2024-10-25 09:32:44 --> [DEPRECATED] Creation of dynamic property IonAuth\Models\IonAuthModel::$hashMethod is deprecated in FCPATH\vendor\benedmunds\codeigniter-ion-auth\Models\IonAuthModel.php on line 234.
 1 FCPATH\vendor\benedmunds\codeigniter-ion-auth\Libraries\IonAuth.php(67): IonAuth\Models\IonAuthModel->__construct()
 2 APPPATH\Controllers\admin\Vendors.php(16): IonAuth\Libraries\IonAuth->__construct()
 3 SYSTEMPATH\CodeIgniter.php(903): App\Controllers\admin\Vendors->__construct()
 4 SYSTEMPATH\CodeIgniter.php(500): CodeIgniter\CodeIgniter->createController()
 5 SYSTEMPATH\CodeIgniter.php(355): CodeIgniter\CodeIgniter->handleRequest(null, Object(Config\Cache), false)
 6 SYSTEMPATH\Boot.php(325): CodeIgniter\CodeIgniter->run()
 7 SYSTEMPATH\Boot.php(67): CodeIgniter\Boot::runCodeIgniter(Object(CodeIgniter\CodeIgniter))
 8 FCPATH\index.php(56): CodeIgniter\Boot::bootWeb(Object(Config\Paths))
WARNING - 2024-10-25 09:32:44 --> [DEPRECATED] Creation of dynamic property IonAuth\Models\IonAuthModel::$messagesTemplates is deprecated in FCPATH\vendor\benedmunds\codeigniter-ion-auth\Models\IonAuthModel.php on line 237.
 1 FCPATH\vendor\benedmunds\codeigniter-ion-auth\Libraries\IonAuth.php(67): IonAuth\Models\IonAuthModel->__construct()
 2 APPPATH\Controllers\admin\Vendors.php(16): IonAuth\Libraries\IonAuth->__construct()
 3 SYSTEMPATH\CodeIgniter.php(903): App\Controllers\admin\Vendors->__construct()
 4 SYSTEMPATH\CodeIgniter.php(500): CodeIgniter\CodeIgniter->createController()
 5 SYSTEMPATH\CodeIgniter.php(355): CodeIgniter\CodeIgniter->handleRequest(null, Object(Config\Cache), false)
 6 SYSTEMPATH\Boot.php(325): CodeIgniter\CodeIgniter->run()
 7 SYSTEMPATH\Boot.php(67): CodeIgniter\Boot::runCodeIgniter(Object(CodeIgniter\CodeIgniter))
 8 FCPATH\index.php(56): CodeIgniter\Boot::bootWeb(Object(Config\Paths))
INFO - 2024-10-25 09:32:48 --> Session: Class initialized using 'CodeIgniter\Session\Handlers\FileHandler' driver.
WARNING - 2024-10-25 09:32:48 --> [DEPRECATED] Creation of dynamic property IonAuth\Libraries\IonAuth::$session is deprecated in FCPATH\vendor\benedmunds\codeigniter-ion-auth\Libraries\IonAuth.php on line 65.
 1 APPPATH\Controllers\admin\Vendors.php(16): IonAuth\Libraries\IonAuth->__construct()
 2 SYSTEMPATH\CodeIgniter.php(903): App\Controllers\admin\Vendors->__construct()
 3 SYSTEMPATH\CodeIgniter.php(500): CodeIgniter\CodeIgniter->createController()
 4 SYSTEMPATH\CodeIgniter.php(355): CodeIgniter\CodeIgniter->handleRequest(null, Object(Config\Cache), false)
 5 SYSTEMPATH\Boot.php(325): CodeIgniter\CodeIgniter->run()
 6 SYSTEMPATH\Boot.php(67): CodeIgniter\Boot::runCodeIgniter(Object(CodeIgniter\CodeIgniter))
 7 FCPATH\index.php(56): CodeIgniter\Boot::bootWeb(Object(Config\Paths))
WARNING - 2024-10-25 09:32:48 --> [DEPRECATED] Creation of dynamic property IonAuth\Models\IonAuthModel::$join is deprecated in FCPATH\vendor\benedmunds\codeigniter-ion-auth\Models\IonAuthModel.php on line 231.
 1 FCPATH\vendor\benedmunds\codeigniter-ion-auth\Libraries\IonAuth.php(67): IonAuth\Models\IonAuthModel->__construct()
 2 APPPATH\Controllers\admin\Vendors.php(16): IonAuth\Libraries\IonAuth->__construct()
 3 SYSTEMPATH\CodeIgniter.php(903): App\Controllers\admin\Vendors->__construct()
 4 SYSTEMPATH\CodeIgniter.php(500): CodeIgniter\CodeIgniter->createController()
 5 SYSTEMPATH\CodeIgniter.php(355): CodeIgniter\CodeIgniter->handleRequest(null, Object(Config\Cache), false)
 6 SYSTEMPATH\Boot.php(325): CodeIgniter\CodeIgniter->run()
 7 SYSTEMPATH\Boot.php(67): CodeIgniter\Boot::runCodeIgniter(Object(CodeIgniter\CodeIgniter))
 8 FCPATH\index.php(56): CodeIgniter\Boot::bootWeb(Object(Config\Paths))
WARNING - 2024-10-25 09:32:48 --> [DEPRECATED] Creation of dynamic property IonAuth\Models\IonAuthModel::$hashMethod is deprecated in FCPATH\vendor\benedmunds\codeigniter-ion-auth\Models\IonAuthModel.php on line 234.
 1 FCPATH\vendor\benedmunds\codeigniter-ion-auth\Libraries\IonAuth.php(67): IonAuth\Models\IonAuthModel->__construct()
 2 APPPATH\Controllers\admin\Vendors.php(16): IonAuth\Libraries\IonAuth->__construct()
 3 SYSTEMPATH\CodeIgniter.php(903): App\Controllers\admin\Vendors->__construct()
 4 SYSTEMPATH\CodeIgniter.php(500): CodeIgniter\CodeIgniter->createController()
 5 SYSTEMPATH\CodeIgniter.php(355): CodeIgniter\CodeIgniter->handleRequest(null, Object(Config\Cache), false)
 6 SYSTEMPATH\Boot.php(325): CodeIgniter\CodeIgniter->run()
 7 SYSTEMPATH\Boot.php(67): CodeIgniter\Boot::runCodeIgniter(Object(CodeIgniter\CodeIgniter))
 8 FCPATH\index.php(56): CodeIgniter\Boot::bootWeb(Object(Config\Paths))
WARNING - 2024-10-25 09:32:48 --> [DEPRECATED] Creation of dynamic property IonAuth\Models\IonAuthModel::$messagesTemplates is deprecated in FCPATH\vendor\benedmunds\codeigniter-ion-auth\Models\IonAuthModel.php on line 237.
 1 FCPATH\vendor\benedmunds\codeigniter-ion-auth\Libraries\IonAuth.php(67): IonAuth\Models\IonAuthModel->__construct()
 2 APPPATH\Controllers\admin\Vendors.php(16): IonAuth\Libraries\IonAuth->__construct()
 3 SYSTEMPATH\CodeIgniter.php(903): App\Controllers\admin\Vendors->__construct()
 4 SYSTEMPATH\CodeIgniter.php(500): CodeIgniter\CodeIgniter->createController()
 5 SYSTEMPATH\CodeIgniter.php(355): CodeIgniter\CodeIgniter->handleRequest(null, Object(Config\Cache), false)
 6 SYSTEMPATH\Boot.php(325): CodeIgniter\CodeIgniter->run()
 7 SYSTEMPATH\Boot.php(67): CodeIgniter\Boot::runCodeIgniter(Object(CodeIgniter\CodeIgniter))
 8 FCPATH\index.php(56): CodeIgniter\Boot::bootWeb(Object(Config\Paths))
INFO - 2024-10-25 09:32:48 --> Session: Class initialized using 'CodeIgniter\Session\Handlers\FileHandler' driver.
WARNING - 2024-10-25 09:32:48 --> [DEPRECATED] Creation of dynamic property IonAuth\Libraries\IonAuth::$session is deprecated in FCPATH\vendor\benedmunds\codeigniter-ion-auth\Libraries\IonAuth.php on line 65.
 1 APPPATH\Controllers\admin\Vendors.php(16): IonAuth\Libraries\IonAuth->__construct()
 2 SYSTEMPATH\CodeIgniter.php(903): App\Controllers\admin\Vendors->__construct()
 3 SYSTEMPATH\CodeIgniter.php(500): CodeIgniter\CodeIgniter->createController()
 4 SYSTEMPATH\CodeIgniter.php(355): CodeIgniter\CodeIgniter->handleRequest(null, Object(Config\Cache), false)
 5 SYSTEMPATH\Boot.php(325): CodeIgniter\CodeIgniter->run()
 6 SYSTEMPATH\Boot.php(67): CodeIgniter\Boot::runCodeIgniter(Object(CodeIgniter\CodeIgniter))
 7 FCPATH\index.php(56): CodeIgniter\Boot::bootWeb(Object(Config\Paths))
WARNING - 2024-10-25 09:32:48 --> [DEPRECATED] Creation of dynamic property IonAuth\Models\IonAuthModel::$join is deprecated in FCPATH\vendor\benedmunds\codeigniter-ion-auth\Models\IonAuthModel.php on line 231.
 1 FCPATH\vendor\benedmunds\codeigniter-ion-auth\Libraries\IonAuth.php(67): IonAuth\Models\IonAuthModel->__construct()
 2 APPPATH\Controllers\admin\Vendors.php(16): IonAuth\Libraries\IonAuth->__construct()
 3 SYSTEMPATH\CodeIgniter.php(903): App\Controllers\admin\Vendors->__construct()
 4 SYSTEMPATH\CodeIgniter.php(500): CodeIgniter\CodeIgniter->createController()
 5 SYSTEMPATH\CodeIgniter.php(355): CodeIgniter\CodeIgniter->handleRequest(null, Object(Config\Cache), false)
 6 SYSTEMPATH\Boot.php(325): CodeIgniter\CodeIgniter->run()
 7 SYSTEMPATH\Boot.php(67): CodeIgniter\Boot::runCodeIgniter(Object(CodeIgniter\CodeIgniter))
 8 FCPATH\index.php(56): CodeIgniter\Boot::bootWeb(Object(Config\Paths))
WARNING - 2024-10-25 09:32:48 --> [DEPRECATED] Creation of dynamic property IonAuth\Models\IonAuthModel::$hashMethod is deprecated in FCPATH\vendor\benedmunds\codeigniter-ion-auth\Models\IonAuthModel.php on line 234.
 1 FCPATH\vendor\benedmunds\codeigniter-ion-auth\Libraries\IonAuth.php(67): IonAuth\Models\IonAuthModel->__construct()
 2 APPPATH\Controllers\admin\Vendors.php(16): IonAuth\Libraries\IonAuth->__construct()
 3 SYSTEMPATH\CodeIgniter.php(903): App\Controllers\admin\Vendors->__construct()
 4 SYSTEMPATH\CodeIgniter.php(500): CodeIgniter\CodeIgniter->createController()
 5 SYSTEMPATH\CodeIgniter.php(355): CodeIgniter\CodeIgniter->handleRequest(null, Object(Config\Cache), false)
 6 SYSTEMPATH\Boot.php(325): CodeIgniter\CodeIgniter->run()
 7 SYSTEMPATH\Boot.php(67): CodeIgniter\Boot::runCodeIgniter(Object(CodeIgniter\CodeIgniter))
 8 FCPATH\index.php(56): CodeIgniter\Boot::bootWeb(Object(Config\Paths))
WARNING - 2024-10-25 09:32:48 --> [DEPRECATED] Creation of dynamic property IonAuth\Models\IonAuthModel::$messagesTemplates is deprecated in FCPATH\vendor\benedmunds\codeigniter-ion-auth\Models\IonAuthModel.php on line 237.
 1 FCPATH\vendor\benedmunds\codeigniter-ion-auth\Libraries\IonAuth.php(67): IonAuth\Models\IonAuthModel->__construct()
 2 APPPATH\Controllers\admin\Vendors.php(16): IonAuth\Libraries\IonAuth->__construct()
 3 SYSTEMPATH\CodeIgniter.php(903): App\Controllers\admin\Vendors->__construct()
 4 SYSTEMPATH\CodeIgniter.php(500): CodeIgniter\CodeIgniter->createController()
 5 SYSTEMPATH\CodeIgniter.php(355): CodeIgniter\CodeIgniter->handleRequest(null, Object(Config\Cache), false)
 6 SYSTEMPATH\Boot.php(325): CodeIgniter\CodeIgniter->run()
 7 SYSTEMPATH\Boot.php(67): CodeIgniter\Boot::runCodeIgniter(Object(CodeIgniter\CodeIgniter))
 8 FCPATH\index.php(56): CodeIgniter\Boot::bootWeb(Object(Config\Paths))
INFO - 2024-10-25 09:32:56 --> Session: Class initialized using 'CodeIgniter\Session\Handlers\FileHandler' driver.
WARNING - 2024-10-25 09:32:56 --> [DEPRECATED] Creation of dynamic property IonAuth\Models\IonAuthModel::$join is deprecated in FCPATH\vendor\benedmunds\codeigniter-ion-auth\Models\IonAuthModel.php on line 231.
 1 APPPATH\Libraries\IonAuth.php(71): IonAuth\Models\IonAuthModel->__construct()
 2 APPPATH\Controllers\Auth.php(77): App\Libraries\IonAuth->__construct()
 3 SYSTEMPATH\CodeIgniter.php(903): App\Controllers\Auth->__construct()
 4 SYSTEMPATH\CodeIgniter.php(500): CodeIgniter\CodeIgniter->createController()
 5 SYSTEMPATH\CodeIgniter.php(355): CodeIgniter\CodeIgniter->handleRequest(null, Object(Config\Cache), false)
 6 SYSTEMPATH\Boot.php(325): CodeIgniter\CodeIgniter->run()
 7 SYSTEMPATH\Boot.php(67): CodeIgniter\Boot::runCodeIgniter(Object(CodeIgniter\CodeIgniter))
 8 FCPATH\index.php(56): CodeIgniter\Boot::bootWeb(Object(Config\Paths))
WARNING - 2024-10-25 09:32:56 --> [DEPRECATED] Creation of dynamic property IonAuth\Models\IonAuthModel::$hashMethod is deprecated in FCPATH\vendor\benedmunds\codeigniter-ion-auth\Models\IonAuthModel.php on line 234.
 1 APPPATH\Libraries\IonAuth.php(71): IonAuth\Models\IonAuthModel->__construct()
 2 APPPATH\Controllers\Auth.php(77): App\Libraries\IonAuth->__construct()
 3 SYSTEMPATH\CodeIgniter.php(903): App\Controllers\Auth->__construct()
 4 SYSTEMPATH\CodeIgniter.php(500): CodeIgniter\CodeIgniter->createController()
 5 SYSTEMPATH\CodeIgniter.php(355): CodeIgniter\CodeIgniter->handleRequest(null, Object(Config\Cache), false)
 6 SYSTEMPATH\Boot.php(325): CodeIgniter\CodeIgniter->run()
 7 SYSTEMPATH\Boot.php(67): CodeIgniter\Boot::runCodeIgniter(Object(CodeIgniter\CodeIgniter))
 8 FCPATH\index.php(56): CodeIgniter\Boot::bootWeb(Object(Config\Paths))
WARNING - 2024-10-25 09:32:56 --> [DEPRECATED] Creation of dynamic property IonAuth\Models\IonAuthModel::$messagesTemplates is deprecated in FCPATH\vendor\benedmunds\codeigniter-ion-auth\Models\IonAuthModel.php on line 237.
 1 APPPATH\Libraries\IonAuth.php(71): IonAuth\Models\IonAuthModel->__construct()
 2 APPPATH\Controllers\Auth.php(77): App\Libraries\IonAuth->__construct()
 3 SYSTEMPATH\CodeIgniter.php(903): App\Controllers\Auth->__construct()
 4 SYSTEMPATH\CodeIgniter.php(500): CodeIgniter\CodeIgniter->createController()
 5 SYSTEMPATH\CodeIgniter.php(355): CodeIgniter\CodeIgniter->handleRequest(null, Object(Config\Cache), false)
 6 SYSTEMPATH\Boot.php(325): CodeIgniter\CodeIgniter->run()
 7 SYSTEMPATH\Boot.php(67): CodeIgniter\Boot::runCodeIgniter(Object(CodeIgniter\CodeIgniter))
 8 FCPATH\index.php(56): CodeIgniter\Boot::bootWeb(Object(Config\Paths))
INFO - 2024-10-25 09:32:56 --> Session: Class initialized using 'CodeIgniter\Session\Handlers\FileHandler' driver.
WARNING - 2024-10-25 09:32:56 --> [DEPRECATED] Creation of dynamic property IonAuth\Libraries\IonAuth::$session is deprecated in FCPATH\vendor\benedmunds\codeigniter-ion-auth\Libraries\IonAuth.php on line 65.
 1 APPPATH\Controllers\Login.php(13): IonAuth\Libraries\IonAuth->__construct()
 2 SYSTEMPATH\CodeIgniter.php(903): App\Controllers\Login->__construct()
 3 SYSTEMPATH\CodeIgniter.php(500): CodeIgniter\CodeIgniter->createController()
 4 SYSTEMPATH\CodeIgniter.php(355): CodeIgniter\CodeIgniter->handleRequest(null, Object(Config\Cache), false)
 5 SYSTEMPATH\Boot.php(325): CodeIgniter\CodeIgniter->run()
 6 SYSTEMPATH\Boot.php(67): CodeIgniter\Boot::runCodeIgniter(Object(CodeIgniter\CodeIgniter))
 7 FCPATH\index.php(56): CodeIgniter\Boot::bootWeb(Object(Config\Paths))
WARNING - 2024-10-25 09:32:56 --> [DEPRECATED] Creation of dynamic property IonAuth\Models\IonAuthModel::$join is deprecated in FCPATH\vendor\benedmunds\codeigniter-ion-auth\Models\IonAuthModel.php on line 231.
 1 FCPATH\vendor\benedmunds\codeigniter-ion-auth\Libraries\IonAuth.php(67): IonAuth\Models\IonAuthModel->__construct()
 2 APPPATH\Controllers\Login.php(13): IonAuth\Libraries\IonAuth->__construct()
 3 SYSTEMPATH\CodeIgniter.php(903): App\Controllers\Login->__construct()
 4 SYSTEMPATH\CodeIgniter.php(500): CodeIgniter\CodeIgniter->createController()
 5 SYSTEMPATH\CodeIgniter.php(355): CodeIgniter\CodeIgniter->handleRequest(null, Object(Config\Cache), false)
 6 SYSTEMPATH\Boot.php(325): CodeIgniter\CodeIgniter->run()
 7 SYSTEMPATH\Boot.php(67): CodeIgniter\Boot::runCodeIgniter(Object(CodeIgniter\CodeIgniter))
 8 FCPATH\index.php(56): CodeIgniter\Boot::bootWeb(Object(Config\Paths))
WARNING - 2024-10-25 09:32:56 --> [DEPRECATED] Creation of dynamic property IonAuth\Models\IonAuthModel::$hashMethod is deprecated in FCPATH\vendor\benedmunds\codeigniter-ion-auth\Models\IonAuthModel.php on line 234.
 1 FCPATH\vendor\benedmunds\codeigniter-ion-auth\Libraries\IonAuth.php(67): IonAuth\Models\IonAuthModel->__construct()
 2 APPPATH\Controllers\Login.php(13): IonAuth\Libraries\IonAuth->__construct()
 3 SYSTEMPATH\CodeIgniter.php(903): App\Controllers\Login->__construct()
 4 SYSTEMPATH\CodeIgniter.php(500): CodeIgniter\CodeIgniter->createController()
 5 SYSTEMPATH\CodeIgniter.php(355): CodeIgniter\CodeIgniter->handleRequest(null, Object(Config\Cache), false)
 6 SYSTEMPATH\Boot.php(325): CodeIgniter\CodeIgniter->run()
 7 SYSTEMPATH\Boot.php(67): CodeIgniter\Boot::runCodeIgniter(Object(CodeIgniter\CodeIgniter))
 8 FCPATH\index.php(56): CodeIgniter\Boot::bootWeb(Object(Config\Paths))
WARNING - 2024-10-25 09:32:56 --> [DEPRECATED] Creation of dynamic property IonAuth\Models\IonAuthModel::$messagesTemplates is deprecated in FCPATH\vendor\benedmunds\codeigniter-ion-auth\Models\IonAuthModel.php on line 237.
 1 FCPATH\vendor\benedmunds\codeigniter-ion-auth\Libraries\IonAuth.php(67): IonAuth\Models\IonAuthModel->__construct()
 2 APPPATH\Controllers\Login.php(13): IonAuth\Libraries\IonAuth->__construct()
 3 SYSTEMPATH\CodeIgniter.php(903): App\Controllers\Login->__construct()
 4 SYSTEMPATH\CodeIgniter.php(500): CodeIgniter\CodeIgniter->createController()
 5 SYSTEMPATH\CodeIgniter.php(355): CodeIgniter\CodeIgniter->handleRequest(null, Object(Config\Cache), false)
 6 SYSTEMPATH\Boot.php(325): CodeIgniter\CodeIgniter->run()
 7 SYSTEMPATH\Boot.php(67): CodeIgniter\Boot::runCodeIgniter(Object(CodeIgniter\CodeIgniter))
 8 FCPATH\index.php(56): CodeIgniter\Boot::bootWeb(Object(Config\Paths))
INFO - 2024-10-25 09:32:59 --> Session: Class initialized using 'CodeIgniter\Session\Handlers\FileHandler' driver.
WARNING - 2024-10-25 09:32:59 --> [DEPRECATED] Creation of dynamic property IonAuth\Models\IonAuthModel::$join is deprecated in FCPATH\vendor\benedmunds\codeigniter-ion-auth\Models\IonAuthModel.php on line 231.
 1 APPPATH\Libraries\IonAuth.php(71): IonAuth\Models\IonAuthModel->__construct()
 2 APPPATH\Controllers\Auth.php(77): App\Libraries\IonAuth->__construct()
 3 SYSTEMPATH\CodeIgniter.php(903): App\Controllers\Auth->__construct()
 4 SYSTEMPATH\CodeIgniter.php(500): CodeIgniter\CodeIgniter->createController()
 5 SYSTEMPATH\CodeIgniter.php(355): CodeIgniter\CodeIgniter->handleRequest(null, Object(Config\Cache), false)
 6 SYSTEMPATH\Boot.php(325): CodeIgniter\CodeIgniter->run()
 7 SYSTEMPATH\Boot.php(67): CodeIgniter\Boot::runCodeIgniter(Object(CodeIgniter\CodeIgniter))
 8 FCPATH\index.php(56): CodeIgniter\Boot::bootWeb(Object(Config\Paths))
WARNING - 2024-10-25 09:32:59 --> [DEPRECATED] Creation of dynamic property IonAuth\Models\IonAuthModel::$hashMethod is deprecated in FCPATH\vendor\benedmunds\codeigniter-ion-auth\Models\IonAuthModel.php on line 234.
 1 APPPATH\Libraries\IonAuth.php(71): IonAuth\Models\IonAuthModel->__construct()
 2 APPPATH\Controllers\Auth.php(77): App\Libraries\IonAuth->__construct()
 3 SYSTEMPATH\CodeIgniter.php(903): App\Controllers\Auth->__construct()
 4 SYSTEMPATH\CodeIgniter.php(500): CodeIgniter\CodeIgniter->createController()
 5 SYSTEMPATH\CodeIgniter.php(355): CodeIgniter\CodeIgniter->handleRequest(null, Object(Config\Cache), false)
 6 SYSTEMPATH\Boot.php(325): CodeIgniter\CodeIgniter->run()
 7 SYSTEMPATH\Boot.php(67): CodeIgniter\Boot::runCodeIgniter(Object(CodeIgniter\CodeIgniter))
 8 FCPATH\index.php(56): CodeIgniter\Boot::bootWeb(Object(Config\Paths))
WARNING - 2024-10-25 09:32:59 --> [DEPRECATED] Creation of dynamic property IonAuth\Models\IonAuthModel::$messagesTemplates is deprecated in FCPATH\vendor\benedmunds\codeigniter-ion-auth\Models\IonAuthModel.php on line 237.
 1 APPPATH\Libraries\IonAuth.php(71): IonAuth\Models\IonAuthModel->__construct()
 2 APPPATH\Controllers\Auth.php(77): App\Libraries\IonAuth->__construct()
 3 SYSTEMPATH\CodeIgniter.php(903): App\Controllers\Auth->__construct()
 4 SYSTEMPATH\CodeIgniter.php(500): CodeIgniter\CodeIgniter->createController()
 5 SYSTEMPATH\CodeIgniter.php(355): CodeIgniter\CodeIgniter->handleRequest(null, Object(Config\Cache), false)
 6 SYSTEMPATH\Boot.php(325): CodeIgniter\CodeIgniter->run()
 7 SYSTEMPATH\Boot.php(67): CodeIgniter\Boot::runCodeIgniter(Object(CodeIgniter\CodeIgniter))
 8 FCPATH\index.php(56): CodeIgniter\Boot::bootWeb(Object(Config\Paths))
INFO - 2024-10-25 09:33:00 --> Session: Class initialized using 'CodeIgniter\Session\Handlers\FileHandler' driver.
WARNING - 2024-10-25 09:33:00 --> [DEPRECATED] Creation of dynamic property IonAuth\Models\IonAuthModel::$join is deprecated in FCPATH\vendor\benedmunds\codeigniter-ion-auth\Models\IonAuthModel.php on line 231.
 1 APPPATH\Libraries\IonAuth.php(71): IonAuth\Models\IonAuthModel->__construct()
 2 APPPATH\Controllers\vendor\Home.php(17): App\Libraries\IonAuth->__construct()
 3 SYSTEMPATH\CodeIgniter.php(903): App\Controllers\vendor\Home->__construct()
 4 SYSTEMPATH\CodeIgniter.php(500): CodeIgniter\CodeIgniter->createController()
 5 SYSTEMPATH\CodeIgniter.php(355): CodeIgniter\CodeIgniter->handleRequest(null, Object(Config\Cache), false)
 6 SYSTEMPATH\Boot.php(325): CodeIgniter\CodeIgniter->run()
 7 SYSTEMPATH\Boot.php(67): CodeIgniter\Boot::runCodeIgniter(Object(CodeIgniter\CodeIgniter))
 8 FCPATH\index.php(56): CodeIgniter\Boot::bootWeb(Object(Config\Paths))
WARNING - 2024-10-25 09:33:00 --> [DEPRECATED] Creation of dynamic property IonAuth\Models\IonAuthModel::$hashMethod is deprecated in FCPATH\vendor\benedmunds\codeigniter-ion-auth\Models\IonAuthModel.php on line 234.
 1 APPPATH\Libraries\IonAuth.php(71): IonAuth\Models\IonAuthModel->__construct()
 2 APPPATH\Controllers\vendor\Home.php(17): App\Libraries\IonAuth->__construct()
 3 SYSTEMPATH\CodeIgniter.php(903): App\Controllers\vendor\Home->__construct()
 4 SYSTEMPATH\CodeIgniter.php(500): CodeIgniter\CodeIgniter->createController()
 5 SYSTEMPATH\CodeIgniter.php(355): CodeIgniter\CodeIgniter->handleRequest(null, Object(Config\Cache), false)
 6 SYSTEMPATH\Boot.php(325): CodeIgniter\CodeIgniter->run()
 7 SYSTEMPATH\Boot.php(67): CodeIgniter\Boot::runCodeIgniter(Object(CodeIgniter\CodeIgniter))
 8 FCPATH\index.php(56): CodeIgniter\Boot::bootWeb(Object(Config\Paths))
WARNING - 2024-10-25 09:33:00 --> [DEPRECATED] Creation of dynamic property IonAuth\Models\IonAuthModel::$messagesTemplates is deprecated in FCPATH\vendor\benedmunds\codeigniter-ion-auth\Models\IonAuthModel.php on line 237.
 1 APPPATH\Libraries\IonAuth.php(71): IonAuth\Models\IonAuthModel->__construct()
 2 APPPATH\Controllers\vendor\Home.php(17): App\Libraries\IonAuth->__construct()
 3 SYSTEMPATH\CodeIgniter.php(903): App\Controllers\vendor\Home->__construct()
 4 SYSTEMPATH\CodeIgniter.php(500): CodeIgniter\CodeIgniter->createController()
 5 SYSTEMPATH\CodeIgniter.php(355): CodeIgniter\CodeIgniter->handleRequest(null, Object(Config\Cache), false)
 6 SYSTEMPATH\Boot.php(325): CodeIgniter\CodeIgniter->run()
 7 SYSTEMPATH\Boot.php(67): CodeIgniter\Boot::runCodeIgniter(Object(CodeIgniter\CodeIgniter))
 8 FCPATH\index.php(56): CodeIgniter\Boot::bootWeb(Object(Config\Paths))
INFO - 2024-10-25 09:33:01 --> Session: Class initialized using 'CodeIgniter\Session\Handlers\FileHandler' driver.
WARNING - 2024-10-25 09:33:01 --> [DEPRECATED] Creation of dynamic property IonAuth\Models\IonAuthModel::$join is deprecated in FCPATH\vendor\benedmunds\codeigniter-ion-auth\Models\IonAuthModel.php on line 231.
 1 APPPATH\Libraries\IonAuth.php(71): IonAuth\Models\IonAuthModel->__construct()
 2 APPPATH\Filters\CheckPermissions.php(16): App\Libraries\IonAuth->__construct()
 3 SYSTEMPATH\Filters\Filters.php(197): App\Filters\CheckPermissions->__construct()
 4 SYSTEMPATH\Filters\Filters.php(184): CodeIgniter\Filters\Filters->runBefore([...])
 5 SYSTEMPATH\CodeIgniter.php(481): CodeIgniter\Filters\Filters->run('vendor/home/fetch_purchases', 'before')
 6 SYSTEMPATH\CodeIgniter.php(355): CodeIgniter\CodeIgniter->handleRequest(null, Object(Config\Cache), false)
 7 SYSTEMPATH\Boot.php(325): CodeIgniter\CodeIgniter->run()
 8 SYSTEMPATH\Boot.php(67): CodeIgniter\Boot::runCodeIgniter(Object(CodeIgniter\CodeIgniter))
 9 FCPATH\index.php(56): CodeIgniter\Boot::bootWeb(Object(Config\Paths))
WARNING - 2024-10-25 09:33:01 --> [DEPRECATED] Creation of dynamic property IonAuth\Models\IonAuthModel::$hashMethod is deprecated in FCPATH\vendor\benedmunds\codeigniter-ion-auth\Models\IonAuthModel.php on line 234.
 1 APPPATH\Libraries\IonAuth.php(71): IonAuth\Models\IonAuthModel->__construct()
 2 APPPATH\Filters\CheckPermissions.php(16): App\Libraries\IonAuth->__construct()
 3 SYSTEMPATH\Filters\Filters.php(197): App\Filters\CheckPermissions->__construct()
 4 SYSTEMPATH\Filters\Filters.php(184): CodeIgniter\Filters\Filters->runBefore([...])
 5 SYSTEMPATH\CodeIgniter.php(481): CodeIgniter\Filters\Filters->run('vendor/home/fetch_purchases', 'before')
 6 SYSTEMPATH\CodeIgniter.php(355): CodeIgniter\CodeIgniter->handleRequest(null, Object(Config\Cache), false)
 7 SYSTEMPATH\Boot.php(325): CodeIgniter\CodeIgniter->run()
 8 SYSTEMPATH\Boot.php(67): CodeIgniter\Boot::runCodeIgniter(Object(CodeIgniter\CodeIgniter))
 9 FCPATH\index.php(56): CodeIgniter\Boot::bootWeb(Object(Config\Paths))
WARNING - 2024-10-25 09:33:01 --> [DEPRECATED] Creation of dynamic property IonAuth\Models\IonAuthModel::$messagesTemplates is deprecated in FCPATH\vendor\benedmunds\codeigniter-ion-auth\Models\IonAuthModel.php on line 237.
 1 APPPATH\Libraries\IonAuth.php(71): IonAuth\Models\IonAuthModel->__construct()
 2 APPPATH\Filters\CheckPermissions.php(16): App\Libraries\IonAuth->__construct()
 3 SYSTEMPATH\Filters\Filters.php(197): App\Filters\CheckPermissions->__construct()
 4 SYSTEMPATH\Filters\Filters.php(184): CodeIgniter\Filters\Filters->runBefore([...])
 5 SYSTEMPATH\CodeIgniter.php(481): CodeIgniter\Filters\Filters->run('vendor/home/fetch_purchases', 'before')
 6 SYSTEMPATH\CodeIgniter.php(355): CodeIgniter\CodeIgniter->handleRequest(null, Object(Config\Cache), false)
 7 SYSTEMPATH\Boot.php(325): CodeIgniter\CodeIgniter->run()
 8 SYSTEMPATH\Boot.php(67): CodeIgniter\Boot::runCodeIgniter(Object(CodeIgniter\CodeIgniter))
 9 FCPATH\index.php(56): CodeIgniter\Boot::bootWeb(Object(Config\Paths))
WARNING - 2024-10-25 09:33:01 --> [DEPRECATED] Creation of dynamic property IonAuth\Models\IonAuthModel::$join is deprecated in FCPATH\vendor\benedmunds\codeigniter-ion-auth\Models\IonAuthModel.php on line 231.
 1 APPPATH\Libraries\IonAuth.php(71): IonAuth\Models\IonAuthModel->__construct()
 2 APPPATH\Controllers\vendor\Home.php(17): App\Libraries\IonAuth->__construct()
 3 SYSTEMPATH\CodeIgniter.php(903): App\Controllers\vendor\Home->__construct()
 4 SYSTEMPATH\CodeIgniter.php(500): CodeIgniter\CodeIgniter->createController()
 5 SYSTEMPATH\CodeIgniter.php(355): CodeIgniter\CodeIgniter->handleRequest(null, Object(Config\Cache), false)
 6 SYSTEMPATH\Boot.php(325): CodeIgniter\CodeIgniter->run()
 7 SYSTEMPATH\Boot.php(67): CodeIgniter\Boot::runCodeIgniter(Object(CodeIgniter\CodeIgniter))
 8 FCPATH\index.php(56): CodeIgniter\Boot::bootWeb(Object(Config\Paths))
WARNING - 2024-10-25 09:33:01 --> [DEPRECATED] Creation of dynamic property IonAuth\Models\IonAuthModel::$hashMethod is deprecated in FCPATH\vendor\benedmunds\codeigniter-ion-auth\Models\IonAuthModel.php on line 234.
 1 APPPATH\Libraries\IonAuth.php(71): IonAuth\Models\IonAuthModel->__construct()
 2 APPPATH\Controllers\vendor\Home.php(17): App\Libraries\IonAuth->__construct()
 3 SYSTEMPATH\CodeIgniter.php(903): App\Controllers\vendor\Home->__construct()
 4 SYSTEMPATH\CodeIgniter.php(500): CodeIgniter\CodeIgniter->createController()
 5 SYSTEMPATH\CodeIgniter.php(355): CodeIgniter\CodeIgniter->handleRequest(null, Object(Config\Cache), false)
 6 SYSTEMPATH\Boot.php(325): CodeIgniter\CodeIgniter->run()
 7 SYSTEMPATH\Boot.php(67): CodeIgniter\Boot::runCodeIgniter(Object(CodeIgniter\CodeIgniter))
 8 FCPATH\index.php(56): CodeIgniter\Boot::bootWeb(Object(Config\Paths))
WARNING - 2024-10-25 09:33:01 --> [DEPRECATED] Creation of dynamic property IonAuth\Models\IonAuthModel::$messagesTemplates is deprecated in FCPATH\vendor\benedmunds\codeigniter-ion-auth\Models\IonAuthModel.php on line 237.
 1 APPPATH\Libraries\IonAuth.php(71): IonAuth\Models\IonAuthModel->__construct()
 2 APPPATH\Controllers\vendor\Home.php(17): App\Libraries\IonAuth->__construct()
 3 SYSTEMPATH\CodeIgniter.php(903): App\Controllers\vendor\Home->__construct()
 4 SYSTEMPATH\CodeIgniter.php(500): CodeIgniter\CodeIgniter->createController()
 5 SYSTEMPATH\CodeIgniter.php(355): CodeIgniter\CodeIgniter->handleRequest(null, Object(Config\Cache), false)
 6 SYSTEMPATH\Boot.php(325): CodeIgniter\CodeIgniter->run()
 7 SYSTEMPATH\Boot.php(67): CodeIgniter\Boot::runCodeIgniter(Object(CodeIgniter\CodeIgniter))
 8 FCPATH\index.php(56): CodeIgniter\Boot::bootWeb(Object(Config\Paths))
WARNING - 2024-10-25 15:03:01 --> [DEPRECATED] Creation of dynamic property IonAuth\Models\IonAuthModel::$join is deprecated in FCPATH\vendor\benedmunds\codeigniter-ion-auth\Models\IonAuthModel.php on line 231.
 1 APPPATH\Libraries\IonAuth.php(71): IonAuth\Models\IonAuthModel->__construct()
 2 APPPATH\Filters\CheckPermissions.php(16): App\Libraries\IonAuth->__construct()
 3 SYSTEMPATH\Filters\Filters.php(235): App\Filters\CheckPermissions->__construct()
 4 SYSTEMPATH\Filters\Filters.php(188): CodeIgniter\Filters\Filters->runAfter([...])
 5 SYSTEMPATH\CodeIgniter.php(527): CodeIgniter\Filters\Filters->run('vendor/home/fetch_purchases', 'after')
 6 SYSTEMPATH\CodeIgniter.php(355): CodeIgniter\CodeIgniter->handleRequest(null, Object(Config\Cache), false)
 7 SYSTEMPATH\Boot.php(325): CodeIgniter\CodeIgniter->run()
 8 SYSTEMPATH\Boot.php(67): CodeIgniter\Boot::runCodeIgniter(Object(CodeIgniter\CodeIgniter))
 9 FCPATH\index.php(56): CodeIgniter\Boot::bootWeb(Object(Config\Paths))
WARNING - 2024-10-25 15:03:01 --> [DEPRECATED] Creation of dynamic property IonAuth\Models\IonAuthModel::$hashMethod is deprecated in FCPATH\vendor\benedmunds\codeigniter-ion-auth\Models\IonAuthModel.php on line 234.
 1 APPPATH\Libraries\IonAuth.php(71): IonAuth\Models\IonAuthModel->__construct()
 2 APPPATH\Filters\CheckPermissions.php(16): App\Libraries\IonAuth->__construct()
 3 SYSTEMPATH\Filters\Filters.php(235): App\Filters\CheckPermissions->__construct()
 4 SYSTEMPATH\Filters\Filters.php(188): CodeIgniter\Filters\Filters->runAfter([...])
 5 SYSTEMPATH\CodeIgniter.php(527): CodeIgniter\Filters\Filters->run('vendor/home/fetch_purchases', 'after')
 6 SYSTEMPATH\CodeIgniter.php(355): CodeIgniter\CodeIgniter->handleRequest(null, Object(Config\Cache), false)
 7 SYSTEMPATH\Boot.php(325): CodeIgniter\CodeIgniter->run()
 8 SYSTEMPATH\Boot.php(67): CodeIgniter\Boot::runCodeIgniter(Object(CodeIgniter\CodeIgniter))
 9 FCPATH\index.php(56): CodeIgniter\Boot::bootWeb(Object(Config\Paths))
WARNING - 2024-10-25 15:03:01 --> [DEPRECATED] Creation of dynamic property IonAuth\Models\IonAuthModel::$messagesTemplates is deprecated in FCPATH\vendor\benedmunds\codeigniter-ion-auth\Models\IonAuthModel.php on line 237.
 1 APPPATH\Libraries\IonAuth.php(71): IonAuth\Models\IonAuthModel->__construct()
 2 APPPATH\Filters\CheckPermissions.php(16): App\Libraries\IonAuth->__construct()
 3 SYSTEMPATH\Filters\Filters.php(235): App\Filters\CheckPermissions->__construct()
 4 SYSTEMPATH\Filters\Filters.php(188): CodeIgniter\Filters\Filters->runAfter([...])
 5 SYSTEMPATH\CodeIgniter.php(527): CodeIgniter\Filters\Filters->run('vendor/home/fetch_purchases', 'after')
 6 SYSTEMPATH\CodeIgniter.php(355): CodeIgniter\CodeIgniter->handleRequest(null, Object(Config\Cache), false)
 7 SYSTEMPATH\Boot.php(325): CodeIgniter\CodeIgniter->run()
 8 SYSTEMPATH\Boot.php(67): CodeIgniter\Boot::runCodeIgniter(Object(CodeIgniter\CodeIgniter))
 9 FCPATH\index.php(56): CodeIgniter\Boot::bootWeb(Object(Config\Paths))
INFO - 2024-10-25 09:33:01 --> Session: Class initialized using 'CodeIgniter\Session\Handlers\FileHandler' driver.
WARNING - 2024-10-25 09:33:01 --> [DEPRECATED] Creation of dynamic property IonAuth\Models\IonAuthModel::$join is deprecated in FCPATH\vendor\benedmunds\codeigniter-ion-auth\Models\IonAuthModel.php on line 231.
 1 APPPATH\Libraries\IonAuth.php(71): IonAuth\Models\IonAuthModel->__construct()
 2 APPPATH\Filters\CheckPermissions.php(16): App\Libraries\IonAuth->__construct()
 3 SYSTEMPATH\Filters\Filters.php(197): App\Filters\CheckPermissions->__construct()
 4 SYSTEMPATH\Filters\Filters.php(184): CodeIgniter\Filters\Filters->runBefore([...])
 5 SYSTEMPATH\CodeIgniter.php(481): CodeIgniter\Filters\Filters->run('vendor/home/fetch_data', 'before')
 6 SYSTEMPATH\CodeIgniter.php(355): CodeIgniter\CodeIgniter->handleRequest(null, Object(Config\Cache), false)
 7 SYSTEMPATH\Boot.php(325): CodeIgniter\CodeIgniter->run()
 8 SYSTEMPATH\Boot.php(67): CodeIgniter\Boot::runCodeIgniter(Object(CodeIgniter\CodeIgniter))
 9 FCPATH\index.php(56): CodeIgniter\Boot::bootWeb(Object(Config\Paths))
WARNING - 2024-10-25 09:33:01 --> [DEPRECATED] Creation of dynamic property IonAuth\Models\IonAuthModel::$hashMethod is deprecated in FCPATH\vendor\benedmunds\codeigniter-ion-auth\Models\IonAuthModel.php on line 234.
 1 APPPATH\Libraries\IonAuth.php(71): IonAuth\Models\IonAuthModel->__construct()
 2 APPPATH\Filters\CheckPermissions.php(16): App\Libraries\IonAuth->__construct()
 3 SYSTEMPATH\Filters\Filters.php(197): App\Filters\CheckPermissions->__construct()
 4 SYSTEMPATH\Filters\Filters.php(184): CodeIgniter\Filters\Filters->runBefore([...])
 5 SYSTEMPATH\CodeIgniter.php(481): CodeIgniter\Filters\Filters->run('vendor/home/fetch_data', 'before')
 6 SYSTEMPATH\CodeIgniter.php(355): CodeIgniter\CodeIgniter->handleRequest(null, Object(Config\Cache), false)
 7 SYSTEMPATH\Boot.php(325): CodeIgniter\CodeIgniter->run()
 8 SYSTEMPATH\Boot.php(67): CodeIgniter\Boot::runCodeIgniter(Object(CodeIgniter\CodeIgniter))
 9 FCPATH\index.php(56): CodeIgniter\Boot::bootWeb(Object(Config\Paths))
WARNING - 2024-10-25 09:33:01 --> [DEPRECATED] Creation of dynamic property IonAuth\Models\IonAuthModel::$messagesTemplates is deprecated in FCPATH\vendor\benedmunds\codeigniter-ion-auth\Models\IonAuthModel.php on line 237.
 1 APPPATH\Libraries\IonAuth.php(71): IonAuth\Models\IonAuthModel->__construct()
 2 APPPATH\Filters\CheckPermissions.php(16): App\Libraries\IonAuth->__construct()
 3 SYSTEMPATH\Filters\Filters.php(197): App\Filters\CheckPermissions->__construct()
 4 SYSTEMPATH\Filters\Filters.php(184): CodeIgniter\Filters\Filters->runBefore([...])
 5 SYSTEMPATH\CodeIgniter.php(481): CodeIgniter\Filters\Filters->run('vendor/home/fetch_data', 'before')
 6 SYSTEMPATH\CodeIgniter.php(355): CodeIgniter\CodeIgniter->handleRequest(null, Object(Config\Cache), false)
 7 SYSTEMPATH\Boot.php(325): CodeIgniter\CodeIgniter->run()
 8 SYSTEMPATH\Boot.php(67): CodeIgniter\Boot::runCodeIgniter(Object(CodeIgniter\CodeIgniter))
 9 FCPATH\index.php(56): CodeIgniter\Boot::bootWeb(Object(Config\Paths))
WARNING - 2024-10-25 09:33:01 --> [DEPRECATED] Creation of dynamic property IonAuth\Models\IonAuthModel::$join is deprecated in FCPATH\vendor\benedmunds\codeigniter-ion-auth\Models\IonAuthModel.php on line 231.
 1 APPPATH\Libraries\IonAuth.php(71): IonAuth\Models\IonAuthModel->__construct()
 2 APPPATH\Controllers\vendor\Home.php(17): App\Libraries\IonAuth->__construct()
 3 SYSTEMPATH\CodeIgniter.php(903): App\Controllers\vendor\Home->__construct()
 4 SYSTEMPATH\CodeIgniter.php(500): CodeIgniter\CodeIgniter->createController()
 5 SYSTEMPATH\CodeIgniter.php(355): CodeIgniter\CodeIgniter->handleRequest(null, Object(Config\Cache), false)
 6 SYSTEMPATH\Boot.php(325): CodeIgniter\CodeIgniter->run()
 7 SYSTEMPATH\Boot.php(67): CodeIgniter\Boot::runCodeIgniter(Object(CodeIgniter\CodeIgniter))
 8 FCPATH\index.php(56): CodeIgniter\Boot::bootWeb(Object(Config\Paths))
WARNING - 2024-10-25 09:33:01 --> [DEPRECATED] Creation of dynamic property IonAuth\Models\IonAuthModel::$hashMethod is deprecated in FCPATH\vendor\benedmunds\codeigniter-ion-auth\Models\IonAuthModel.php on line 234.
 1 APPPATH\Libraries\IonAuth.php(71): IonAuth\Models\IonAuthModel->__construct()
 2 APPPATH\Controllers\vendor\Home.php(17): App\Libraries\IonAuth->__construct()
 3 SYSTEMPATH\CodeIgniter.php(903): App\Controllers\vendor\Home->__construct()
 4 SYSTEMPATH\CodeIgniter.php(500): CodeIgniter\CodeIgniter->createController()
 5 SYSTEMPATH\CodeIgniter.php(355): CodeIgniter\CodeIgniter->handleRequest(null, Object(Config\Cache), false)
 6 SYSTEMPATH\Boot.php(325): CodeIgniter\CodeIgniter->run()
 7 SYSTEMPATH\Boot.php(67): CodeIgniter\Boot::runCodeIgniter(Object(CodeIgniter\CodeIgniter))
 8 FCPATH\index.php(56): CodeIgniter\Boot::bootWeb(Object(Config\Paths))
WARNING - 2024-10-25 09:33:01 --> [DEPRECATED] Creation of dynamic property IonAuth\Models\IonAuthModel::$messagesTemplates is deprecated in FCPATH\vendor\benedmunds\codeigniter-ion-auth\Models\IonAuthModel.php on line 237.
 1 APPPATH\Libraries\IonAuth.php(71): IonAuth\Models\IonAuthModel->__construct()
 2 APPPATH\Controllers\vendor\Home.php(17): App\Libraries\IonAuth->__construct()
 3 SYSTEMPATH\CodeIgniter.php(903): App\Controllers\vendor\Home->__construct()
 4 SYSTEMPATH\CodeIgniter.php(500): CodeIgniter\CodeIgniter->createController()
 5 SYSTEMPATH\CodeIgniter.php(355): CodeIgniter\CodeIgniter->handleRequest(null, Object(Config\Cache), false)
 6 SYSTEMPATH\Boot.php(325): CodeIgniter\CodeIgniter->run()
 7 SYSTEMPATH\Boot.php(67): CodeIgniter\Boot::runCodeIgniter(Object(CodeIgniter\CodeIgniter))
 8 FCPATH\index.php(56): CodeIgniter\Boot::bootWeb(Object(Config\Paths))
WARNING - 2024-10-25 15:03:01 --> [DEPRECATED] Creation of dynamic property IonAuth\Models\IonAuthModel::$join is deprecated in FCPATH\vendor\benedmunds\codeigniter-ion-auth\Models\IonAuthModel.php on line 231.
 1 APPPATH\Libraries\IonAuth.php(71): IonAuth\Models\IonAuthModel->__construct()
 2 APPPATH\Filters\CheckPermissions.php(16): App\Libraries\IonAuth->__construct()
 3 SYSTEMPATH\Filters\Filters.php(235): App\Filters\CheckPermissions->__construct()
 4 SYSTEMPATH\Filters\Filters.php(188): CodeIgniter\Filters\Filters->runAfter([...])
 5 SYSTEMPATH\CodeIgniter.php(527): CodeIgniter\Filters\Filters->run('vendor/home/fetch_data', 'after')
 6 SYSTEMPATH\CodeIgniter.php(355): CodeIgniter\CodeIgniter->handleRequest(null, Object(Config\Cache), false)
 7 SYSTEMPATH\Boot.php(325): CodeIgniter\CodeIgniter->run()
 8 SYSTEMPATH\Boot.php(67): CodeIgniter\Boot::runCodeIgniter(Object(CodeIgniter\CodeIgniter))
 9 FCPATH\index.php(56): CodeIgniter\Boot::bootWeb(Object(Config\Paths))
WARNING - 2024-10-25 15:03:01 --> [DEPRECATED] Creation of dynamic property IonAuth\Models\IonAuthModel::$hashMethod is deprecated in FCPATH\vendor\benedmunds\codeigniter-ion-auth\Models\IonAuthModel.php on line 234.
 1 APPPATH\Libraries\IonAuth.php(71): IonAuth\Models\IonAuthModel->__construct()
 2 APPPATH\Filters\CheckPermissions.php(16): App\Libraries\IonAuth->__construct()
 3 SYSTEMPATH\Filters\Filters.php(235): App\Filters\CheckPermissions->__construct()
 4 SYSTEMPATH\Filters\Filters.php(188): CodeIgniter\Filters\Filters->runAfter([...])
 5 SYSTEMPATH\CodeIgniter.php(527): CodeIgniter\Filters\Filters->run('vendor/home/fetch_data', 'after')
 6 SYSTEMPATH\CodeIgniter.php(355): CodeIgniter\CodeIgniter->handleRequest(null, Object(Config\Cache), false)
 7 SYSTEMPATH\Boot.php(325): CodeIgniter\CodeIgniter->run()
 8 SYSTEMPATH\Boot.php(67): CodeIgniter\Boot::runCodeIgniter(Object(CodeIgniter\CodeIgniter))
 9 FCPATH\index.php(56): CodeIgniter\Boot::bootWeb(Object(Config\Paths))
WARNING - 2024-10-25 15:03:01 --> [DEPRECATED] Creation of dynamic property IonAuth\Models\IonAuthModel::$messagesTemplates is deprecated in FCPATH\vendor\benedmunds\codeigniter-ion-auth\Models\IonAuthModel.php on line 237.
 1 APPPATH\Libraries\IonAuth.php(71): IonAuth\Models\IonAuthModel->__construct()
 2 APPPATH\Filters\CheckPermissions.php(16): App\Libraries\IonAuth->__construct()
 3 SYSTEMPATH\Filters\Filters.php(235): App\Filters\CheckPermissions->__construct()
 4 SYSTEMPATH\Filters\Filters.php(188): CodeIgniter\Filters\Filters->runAfter([...])
 5 SYSTEMPATH\CodeIgniter.php(527): CodeIgniter\Filters\Filters->run('vendor/home/fetch_data', 'after')
 6 SYSTEMPATH\CodeIgniter.php(355): CodeIgniter\CodeIgniter->handleRequest(null, Object(Config\Cache), false)
 7 SYSTEMPATH\Boot.php(325): CodeIgniter\CodeIgniter->run()
 8 SYSTEMPATH\Boot.php(67): CodeIgniter\Boot::runCodeIgniter(Object(CodeIgniter\CodeIgniter))
 9 FCPATH\index.php(56): CodeIgniter\Boot::bootWeb(Object(Config\Paths))
INFO - 2024-10-25 09:33:01 --> Session: Class initialized using 'CodeIgniter\Session\Handlers\FileHandler' driver.
WARNING - 2024-10-25 09:33:01 --> [DEPRECATED] Creation of dynamic property IonAuth\Models\IonAuthModel::$join is deprecated in FCPATH\vendor\benedmunds\codeigniter-ion-auth\Models\IonAuthModel.php on line 231.
 1 APPPATH\Libraries\IonAuth.php(71): IonAuth\Models\IonAuthModel->__construct()
 2 APPPATH\Filters\CheckPermissions.php(16): App\Libraries\IonAuth->__construct()
 3 SYSTEMPATH\Filters\Filters.php(197): App\Filters\CheckPermissions->__construct()
 4 SYSTEMPATH\Filters\Filters.php(184): CodeIgniter\Filters\Filters->runBefore([...])
 5 SYSTEMPATH\CodeIgniter.php(481): CodeIgniter\Filters\Filters->run('vendor/home/fetch_sales', 'before')
 6 SYSTEMPATH\CodeIgniter.php(355): CodeIgniter\CodeIgniter->handleRequest(null, Object(Config\Cache), false)
 7 SYSTEMPATH\Boot.php(325): CodeIgniter\CodeIgniter->run()
 8 SYSTEMPATH\Boot.php(67): CodeIgniter\Boot::runCodeIgniter(Object(CodeIgniter\CodeIgniter))
 9 FCPATH\index.php(56): CodeIgniter\Boot::bootWeb(Object(Config\Paths))
WARNING - 2024-10-25 09:33:01 --> [DEPRECATED] Creation of dynamic property IonAuth\Models\IonAuthModel::$hashMethod is deprecated in FCPATH\vendor\benedmunds\codeigniter-ion-auth\Models\IonAuthModel.php on line 234.
 1 APPPATH\Libraries\IonAuth.php(71): IonAuth\Models\IonAuthModel->__construct()
 2 APPPATH\Filters\CheckPermissions.php(16): App\Libraries\IonAuth->__construct()
 3 SYSTEMPATH\Filters\Filters.php(197): App\Filters\CheckPermissions->__construct()
 4 SYSTEMPATH\Filters\Filters.php(184): CodeIgniter\Filters\Filters->runBefore([...])
 5 SYSTEMPATH\CodeIgniter.php(481): CodeIgniter\Filters\Filters->run('vendor/home/fetch_sales', 'before')
 6 SYSTEMPATH\CodeIgniter.php(355): CodeIgniter\CodeIgniter->handleRequest(null, Object(Config\Cache), false)
 7 SYSTEMPATH\Boot.php(325): CodeIgniter\CodeIgniter->run()
 8 SYSTEMPATH\Boot.php(67): CodeIgniter\Boot::runCodeIgniter(Object(CodeIgniter\CodeIgniter))
 9 FCPATH\index.php(56): CodeIgniter\Boot::bootWeb(Object(Config\Paths))
WARNING - 2024-10-25 09:33:01 --> [DEPRECATED] Creation of dynamic property IonAuth\Models\IonAuthModel::$messagesTemplates is deprecated in FCPATH\vendor\benedmunds\codeigniter-ion-auth\Models\IonAuthModel.php on line 237.
 1 APPPATH\Libraries\IonAuth.php(71): IonAuth\Models\IonAuthModel->__construct()
 2 APPPATH\Filters\CheckPermissions.php(16): App\Libraries\IonAuth->__construct()
 3 SYSTEMPATH\Filters\Filters.php(197): App\Filters\CheckPermissions->__construct()
 4 SYSTEMPATH\Filters\Filters.php(184): CodeIgniter\Filters\Filters->runBefore([...])
 5 SYSTEMPATH\CodeIgniter.php(481): CodeIgniter\Filters\Filters->run('vendor/home/fetch_sales', 'before')
 6 SYSTEMPATH\CodeIgniter.php(355): CodeIgniter\CodeIgniter->handleRequest(null, Object(Config\Cache), false)
 7 SYSTEMPATH\Boot.php(325): CodeIgniter\CodeIgniter->run()
 8 SYSTEMPATH\Boot.php(67): CodeIgniter\Boot::runCodeIgniter(Object(CodeIgniter\CodeIgniter))
 9 FCPATH\index.php(56): CodeIgniter\Boot::bootWeb(Object(Config\Paths))
WARNING - 2024-10-25 09:33:01 --> [DEPRECATED] Creation of dynamic property IonAuth\Models\IonAuthModel::$join is deprecated in FCPATH\vendor\benedmunds\codeigniter-ion-auth\Models\IonAuthModel.php on line 231.
 1 APPPATH\Libraries\IonAuth.php(71): IonAuth\Models\IonAuthModel->__construct()
 2 APPPATH\Controllers\vendor\Home.php(17): App\Libraries\IonAuth->__construct()
 3 SYSTEMPATH\CodeIgniter.php(903): App\Controllers\vendor\Home->__construct()
 4 SYSTEMPATH\CodeIgniter.php(500): CodeIgniter\CodeIgniter->createController()
 5 SYSTEMPATH\CodeIgniter.php(355): CodeIgniter\CodeIgniter->handleRequest(null, Object(Config\Cache), false)
 6 SYSTEMPATH\Boot.php(325): CodeIgniter\CodeIgniter->run()
 7 SYSTEMPATH\Boot.php(67): CodeIgniter\Boot::runCodeIgniter(Object(CodeIgniter\CodeIgniter))
 8 FCPATH\index.php(56): CodeIgniter\Boot::bootWeb(Object(Config\Paths))
WARNING - 2024-10-25 09:33:01 --> [DEPRECATED] Creation of dynamic property IonAuth\Models\IonAuthModel::$hashMethod is deprecated in FCPATH\vendor\benedmunds\codeigniter-ion-auth\Models\IonAuthModel.php on line 234.
 1 APPPATH\Libraries\IonAuth.php(71): IonAuth\Models\IonAuthModel->__construct()
 2 APPPATH\Controllers\vendor\Home.php(17): App\Libraries\IonAuth->__construct()
 3 SYSTEMPATH\CodeIgniter.php(903): App\Controllers\vendor\Home->__construct()
 4 SYSTEMPATH\CodeIgniter.php(500): CodeIgniter\CodeIgniter->createController()
 5 SYSTEMPATH\CodeIgniter.php(355): CodeIgniter\CodeIgniter->handleRequest(null, Object(Config\Cache), false)
 6 SYSTEMPATH\Boot.php(325): CodeIgniter\CodeIgniter->run()
 7 SYSTEMPATH\Boot.php(67): CodeIgniter\Boot::runCodeIgniter(Object(CodeIgniter\CodeIgniter))
 8 FCPATH\index.php(56): CodeIgniter\Boot::bootWeb(Object(Config\Paths))
WARNING - 2024-10-25 09:33:01 --> [DEPRECATED] Creation of dynamic property IonAuth\Models\IonAuthModel::$messagesTemplates is deprecated in FCPATH\vendor\benedmunds\codeigniter-ion-auth\Models\IonAuthModel.php on line 237.
 1 APPPATH\Libraries\IonAuth.php(71): IonAuth\Models\IonAuthModel->__construct()
 2 APPPATH\Controllers\vendor\Home.php(17): App\Libraries\IonAuth->__construct()
 3 SYSTEMPATH\CodeIgniter.php(903): App\Controllers\vendor\Home->__construct()
 4 SYSTEMPATH\CodeIgniter.php(500): CodeIgniter\CodeIgniter->createController()
 5 SYSTEMPATH\CodeIgniter.php(355): CodeIgniter\CodeIgniter->handleRequest(null, Object(Config\Cache), false)
 6 SYSTEMPATH\Boot.php(325): CodeIgniter\CodeIgniter->run()
 7 SYSTEMPATH\Boot.php(67): CodeIgniter\Boot::runCodeIgniter(Object(CodeIgniter\CodeIgniter))
 8 FCPATH\index.php(56): CodeIgniter\Boot::bootWeb(Object(Config\Paths))
WARNING - 2024-10-25 15:03:01 --> [DEPRECATED] Creation of dynamic property IonAuth\Models\IonAuthModel::$join is deprecated in FCPATH\vendor\benedmunds\codeigniter-ion-auth\Models\IonAuthModel.php on line 231.
 1 APPPATH\Libraries\IonAuth.php(71): IonAuth\Models\IonAuthModel->__construct()
 2 APPPATH\Filters\CheckPermissions.php(16): App\Libraries\IonAuth->__construct()
 3 SYSTEMPATH\Filters\Filters.php(235): App\Filters\CheckPermissions->__construct()
 4 SYSTEMPATH\Filters\Filters.php(188): CodeIgniter\Filters\Filters->runAfter([...])
 5 SYSTEMPATH\CodeIgniter.php(527): CodeIgniter\Filters\Filters->run('vendor/home/fetch_sales', 'after')
 6 SYSTEMPATH\CodeIgniter.php(355): CodeIgniter\CodeIgniter->handleRequest(null, Object(Config\Cache), false)
 7 SYSTEMPATH\Boot.php(325): CodeIgniter\CodeIgniter->run()
 8 SYSTEMPATH\Boot.php(67): CodeIgniter\Boot::runCodeIgniter(Object(CodeIgniter\CodeIgniter))
 9 FCPATH\index.php(56): CodeIgniter\Boot::bootWeb(Object(Config\Paths))
WARNING - 2024-10-25 15:03:01 --> [DEPRECATED] Creation of dynamic property IonAuth\Models\IonAuthModel::$hashMethod is deprecated in FCPATH\vendor\benedmunds\codeigniter-ion-auth\Models\IonAuthModel.php on line 234.
 1 APPPATH\Libraries\IonAuth.php(71): IonAuth\Models\IonAuthModel->__construct()
 2 APPPATH\Filters\CheckPermissions.php(16): App\Libraries\IonAuth->__construct()
 3 SYSTEMPATH\Filters\Filters.php(235): App\Filters\CheckPermissions->__construct()
 4 SYSTEMPATH\Filters\Filters.php(188): CodeIgniter\Filters\Filters->runAfter([...])
 5 SYSTEMPATH\CodeIgniter.php(527): CodeIgniter\Filters\Filters->run('vendor/home/fetch_sales', 'after')
 6 SYSTEMPATH\CodeIgniter.php(355): CodeIgniter\CodeIgniter->handleRequest(null, Object(Config\Cache), false)
 7 SYSTEMPATH\Boot.php(325): CodeIgniter\CodeIgniter->run()
 8 SYSTEMPATH\Boot.php(67): CodeIgniter\Boot::runCodeIgniter(Object(CodeIgniter\CodeIgniter))
 9 FCPATH\index.php(56): CodeIgniter\Boot::bootWeb(Object(Config\Paths))
WARNING - 2024-10-25 15:03:01 --> [DEPRECATED] Creation of dynamic property IonAuth\Models\IonAuthModel::$messagesTemplates is deprecated in FCPATH\vendor\benedmunds\codeigniter-ion-auth\Models\IonAuthModel.php on line 237.
 1 APPPATH\Libraries\IonAuth.php(71): IonAuth\Models\IonAuthModel->__construct()
 2 APPPATH\Filters\CheckPermissions.php(16): App\Libraries\IonAuth->__construct()
 3 SYSTEMPATH\Filters\Filters.php(235): App\Filters\CheckPermissions->__construct()
 4 SYSTEMPATH\Filters\Filters.php(188): CodeIgniter\Filters\Filters->runAfter([...])
 5 SYSTEMPATH\CodeIgniter.php(527): CodeIgniter\Filters\Filters->run('vendor/home/fetch_sales', 'after')
 6 SYSTEMPATH\CodeIgniter.php(355): CodeIgniter\CodeIgniter->handleRequest(null, Object(Config\Cache), false)
 7 SYSTEMPATH\Boot.php(325): CodeIgniter\CodeIgniter->run()
 8 SYSTEMPATH\Boot.php(67): CodeIgniter\Boot::runCodeIgniter(Object(CodeIgniter\CodeIgniter))
 9 FCPATH\index.php(56): CodeIgniter\Boot::bootWeb(Object(Config\Paths))
INFO - 2024-10-25 09:33:01 --> Session: Class initialized using 'CodeIgniter\Session\Handlers\FileHandler' driver.
WARNING - 2024-10-25 09:33:01 --> [DEPRECATED] Creation of dynamic property IonAuth\Models\IonAuthModel::$join is deprecated in FCPATH\vendor\benedmunds\codeigniter-ion-auth\Models\IonAuthModel.php on line 231.
 1 APPPATH\Libraries\IonAuth.php(71): IonAuth\Models\IonAuthModel->__construct()
 2 APPPATH\Filters\CheckPermissions.php(16): App\Libraries\IonAuth->__construct()
 3 SYSTEMPATH\Filters\Filters.php(197): App\Filters\CheckPermissions->__construct()
 4 SYSTEMPATH\Filters\Filters.php(184): CodeIgniter\Filters\Filters->runBefore([...])
 5 SYSTEMPATH\CodeIgniter.php(481): CodeIgniter\Filters\Filters->run('vendor/products/products_table', 'before')
 6 SYSTEMPATH\CodeIgniter.php(355): CodeIgniter\CodeIgniter->handleRequest(null, Object(Config\Cache), false)
 7 SYSTEMPATH\Boot.php(325): CodeIgniter\CodeIgniter->run()
 8 SYSTEMPATH\Boot.php(67): CodeIgniter\Boot::runCodeIgniter(Object(CodeIgniter\CodeIgniter))
 9 FCPATH\index.php(56): CodeIgniter\Boot::bootWeb(Object(Config\Paths))
WARNING - 2024-10-25 09:33:01 --> [DEPRECATED] Creation of dynamic property IonAuth\Models\IonAuthModel::$hashMethod is deprecated in FCPATH\vendor\benedmunds\codeigniter-ion-auth\Models\IonAuthModel.php on line 234.
 1 APPPATH\Libraries\IonAuth.php(71): IonAuth\Models\IonAuthModel->__construct()
 2 APPPATH\Filters\CheckPermissions.php(16): App\Libraries\IonAuth->__construct()
 3 SYSTEMPATH\Filters\Filters.php(197): App\Filters\CheckPermissions->__construct()
 4 SYSTEMPATH\Filters\Filters.php(184): CodeIgniter\Filters\Filters->runBefore([...])
 5 SYSTEMPATH\CodeIgniter.php(481): CodeIgniter\Filters\Filters->run('vendor/products/products_table', 'before')
 6 SYSTEMPATH\CodeIgniter.php(355): CodeIgniter\CodeIgniter->handleRequest(null, Object(Config\Cache), false)
 7 SYSTEMPATH\Boot.php(325): CodeIgniter\CodeIgniter->run()
 8 SYSTEMPATH\Boot.php(67): CodeIgniter\Boot::runCodeIgniter(Object(CodeIgniter\CodeIgniter))
 9 FCPATH\index.php(56): CodeIgniter\Boot::bootWeb(Object(Config\Paths))
WARNING - 2024-10-25 09:33:01 --> [DEPRECATED] Creation of dynamic property IonAuth\Models\IonAuthModel::$messagesTemplates is deprecated in FCPATH\vendor\benedmunds\codeigniter-ion-auth\Models\IonAuthModel.php on line 237.
 1 APPPATH\Libraries\IonAuth.php(71): IonAuth\Models\IonAuthModel->__construct()
 2 APPPATH\Filters\CheckPermissions.php(16): App\Libraries\IonAuth->__construct()
 3 SYSTEMPATH\Filters\Filters.php(197): App\Filters\CheckPermissions->__construct()
 4 SYSTEMPATH\Filters\Filters.php(184): CodeIgniter\Filters\Filters->runBefore([...])
 5 SYSTEMPATH\CodeIgniter.php(481): CodeIgniter\Filters\Filters->run('vendor/products/products_table', 'before')
 6 SYSTEMPATH\CodeIgniter.php(355): CodeIgniter\CodeIgniter->handleRequest(null, Object(Config\Cache), false)
 7 SYSTEMPATH\Boot.php(325): CodeIgniter\CodeIgniter->run()
 8 SYSTEMPATH\Boot.php(67): CodeIgniter\Boot::runCodeIgniter(Object(CodeIgniter\CodeIgniter))
 9 FCPATH\index.php(56): CodeIgniter\Boot::bootWeb(Object(Config\Paths))
WARNING - 2024-10-25 09:33:01 --> [DEPRECATED] Creation of dynamic property IonAuth\Models\IonAuthModel::$join is deprecated in FCPATH\vendor\benedmunds\codeigniter-ion-auth\Models\IonAuthModel.php on line 231.
 1 APPPATH\Libraries\IonAuth.php(71): IonAuth\Models\IonAuthModel->__construct()
 2 APPPATH\Controllers\vendor\Products.php(23): App\Libraries\IonAuth->__construct()
 3 SYSTEMPATH\CodeIgniter.php(903): App\Controllers\vendor\Products->__construct()
 4 SYSTEMPATH\CodeIgniter.php(500): CodeIgniter\CodeIgniter->createController()
 5 SYSTEMPATH\CodeIgniter.php(355): CodeIgniter\CodeIgniter->handleRequest(null, Object(Config\Cache), false)
 6 SYSTEMPATH\Boot.php(325): CodeIgniter\CodeIgniter->run()
 7 SYSTEMPATH\Boot.php(67): CodeIgniter\Boot::runCodeIgniter(Object(CodeIgniter\CodeIgniter))
 8 FCPATH\index.php(56): CodeIgniter\Boot::bootWeb(Object(Config\Paths))
WARNING - 2024-10-25 09:33:01 --> [DEPRECATED] Creation of dynamic property IonAuth\Models\IonAuthModel::$hashMethod is deprecated in FCPATH\vendor\benedmunds\codeigniter-ion-auth\Models\IonAuthModel.php on line 234.
 1 APPPATH\Libraries\IonAuth.php(71): IonAuth\Models\IonAuthModel->__construct()
 2 APPPATH\Controllers\vendor\Products.php(23): App\Libraries\IonAuth->__construct()
 3 SYSTEMPATH\CodeIgniter.php(903): App\Controllers\vendor\Products->__construct()
 4 SYSTEMPATH\CodeIgniter.php(500): CodeIgniter\CodeIgniter->createController()
 5 SYSTEMPATH\CodeIgniter.php(355): CodeIgniter\CodeIgniter->handleRequest(null, Object(Config\Cache), false)
 6 SYSTEMPATH\Boot.php(325): CodeIgniter\CodeIgniter->run()
 7 SYSTEMPATH\Boot.php(67): CodeIgniter\Boot::runCodeIgniter(Object(CodeIgniter\CodeIgniter))
 8 FCPATH\index.php(56): CodeIgniter\Boot::bootWeb(Object(Config\Paths))
WARNING - 2024-10-25 09:33:01 --> [DEPRECATED] Creation of dynamic property IonAuth\Models\IonAuthModel::$messagesTemplates is deprecated in FCPATH\vendor\benedmunds\codeigniter-ion-auth\Models\IonAuthModel.php on line 237.
 1 APPPATH\Libraries\IonAuth.php(71): IonAuth\Models\IonAuthModel->__construct()
 2 APPPATH\Controllers\vendor\Products.php(23): App\Libraries\IonAuth->__construct()
 3 SYSTEMPATH\CodeIgniter.php(903): App\Controllers\vendor\Products->__construct()
 4 SYSTEMPATH\CodeIgniter.php(500): CodeIgniter\CodeIgniter->createController()
 5 SYSTEMPATH\CodeIgniter.php(355): CodeIgniter\CodeIgniter->handleRequest(null, Object(Config\Cache), false)
 6 SYSTEMPATH\Boot.php(325): CodeIgniter\CodeIgniter->run()
 7 SYSTEMPATH\Boot.php(67): CodeIgniter\Boot::runCodeIgniter(Object(CodeIgniter\CodeIgniter))
 8 FCPATH\index.php(56): CodeIgniter\Boot::bootWeb(Object(Config\Paths))
WARNING - 2024-10-25 15:03:01 --> [DEPRECATED] Creation of dynamic property IonAuth\Models\IonAuthModel::$join is deprecated in FCPATH\vendor\benedmunds\codeigniter-ion-auth\Models\IonAuthModel.php on line 231.
 1 APPPATH\Libraries\IonAuth.php(71): IonAuth\Models\IonAuthModel->__construct()
 2 APPPATH\Filters\CheckPermissions.php(16): App\Libraries\IonAuth->__construct()
 3 SYSTEMPATH\Filters\Filters.php(235): App\Filters\CheckPermissions->__construct()
 4 SYSTEMPATH\Filters\Filters.php(188): CodeIgniter\Filters\Filters->runAfter([...])
 5 SYSTEMPATH\CodeIgniter.php(527): CodeIgniter\Filters\Filters->run('vendor/products/products_table', 'after')
 6 SYSTEMPATH\CodeIgniter.php(355): CodeIgniter\CodeIgniter->handleRequest(null, Object(Config\Cache), false)
 7 SYSTEMPATH\Boot.php(325): CodeIgniter\CodeIgniter->run()
 8 SYSTEMPATH\Boot.php(67): CodeIgniter\Boot::runCodeIgniter(Object(CodeIgniter\CodeIgniter))
 9 FCPATH\index.php(56): CodeIgniter\Boot::bootWeb(Object(Config\Paths))
WARNING - 2024-10-25 15:03:01 --> [DEPRECATED] Creation of dynamic property IonAuth\Models\IonAuthModel::$hashMethod is deprecated in FCPATH\vendor\benedmunds\codeigniter-ion-auth\Models\IonAuthModel.php on line 234.
 1 APPPATH\Libraries\IonAuth.php(71): IonAuth\Models\IonAuthModel->__construct()
 2 APPPATH\Filters\CheckPermissions.php(16): App\Libraries\IonAuth->__construct()
 3 SYSTEMPATH\Filters\Filters.php(235): App\Filters\CheckPermissions->__construct()
 4 SYSTEMPATH\Filters\Filters.php(188): CodeIgniter\Filters\Filters->runAfter([...])
 5 SYSTEMPATH\CodeIgniter.php(527): CodeIgniter\Filters\Filters->run('vendor/products/products_table', 'after')
 6 SYSTEMPATH\CodeIgniter.php(355): CodeIgniter\CodeIgniter->handleRequest(null, Object(Config\Cache), false)
 7 SYSTEMPATH\Boot.php(325): CodeIgniter\CodeIgniter->run()
 8 SYSTEMPATH\Boot.php(67): CodeIgniter\Boot::runCodeIgniter(Object(CodeIgniter\CodeIgniter))
 9 FCPATH\index.php(56): CodeIgniter\Boot::bootWeb(Object(Config\Paths))
WARNING - 2024-10-25 15:03:01 --> [DEPRECATED] Creation of dynamic property IonAuth\Models\IonAuthModel::$messagesTemplates is deprecated in FCPATH\vendor\benedmunds\codeigniter-ion-auth\Models\IonAuthModel.php on line 237.
 1 APPPATH\Libraries\IonAuth.php(71): IonAuth\Models\IonAuthModel->__construct()
 2 APPPATH\Filters\CheckPermissions.php(16): App\Libraries\IonAuth->__construct()
 3 SYSTEMPATH\Filters\Filters.php(235): App\Filters\CheckPermissions->__construct()
 4 SYSTEMPATH\Filters\Filters.php(188): CodeIgniter\Filters\Filters->runAfter([...])
 5 SYSTEMPATH\CodeIgniter.php(527): CodeIgniter\Filters\Filters->run('vendor/products/products_table', 'after')
 6 SYSTEMPATH\CodeIgniter.php(355): CodeIgniter\CodeIgniter->handleRequest(null, Object(Config\Cache), false)
 7 SYSTEMPATH\Boot.php(325): CodeIgniter\CodeIgniter->run()
 8 SYSTEMPATH\Boot.php(67): CodeIgniter\Boot::runCodeIgniter(Object(CodeIgniter\CodeIgniter))
 9 FCPATH\index.php(56): CodeIgniter\Boot::bootWeb(Object(Config\Paths))
INFO - 2024-10-25 09:33:02 --> Session: Class initialized using 'CodeIgniter\Session\Handlers\FileHandler' driver.
WARNING - 2024-10-25 09:33:02 --> [DEPRECATED] Creation of dynamic property IonAuth\Models\IonAuthModel::$join is deprecated in FCPATH\vendor\benedmunds\codeigniter-ion-auth\Models\IonAuthModel.php on line 231.
 1 APPPATH\Libraries\IonAuth.php(71): IonAuth\Models\IonAuthModel->__construct()
 2 APPPATH\Filters\CheckPermissions.php(16): App\Libraries\IonAuth->__construct()
 3 SYSTEMPATH\Filters\Filters.php(197): App\Filters\CheckPermissions->__construct()
 4 SYSTEMPATH\Filters\Filters.php(184): CodeIgniter\Filters\Filters->runBefore([...])
 5 SYSTEMPATH\CodeIgniter.php(481): CodeIgniter\Filters\Filters->run('vendor/products/stock_alert', 'before')
 6 SYSTEMPATH\CodeIgniter.php(355): CodeIgniter\CodeIgniter->handleRequest(null, Object(Config\Cache), false)
 7 SYSTEMPATH\Boot.php(325): CodeIgniter\CodeIgniter->run()
 8 SYSTEMPATH\Boot.php(67): CodeIgniter\Boot::runCodeIgniter(Object(CodeIgniter\CodeIgniter))
 9 FCPATH\index.php(56): CodeIgniter\Boot::bootWeb(Object(Config\Paths))
WARNING - 2024-10-25 09:33:02 --> [DEPRECATED] Creation of dynamic property IonAuth\Models\IonAuthModel::$hashMethod is deprecated in FCPATH\vendor\benedmunds\codeigniter-ion-auth\Models\IonAuthModel.php on line 234.
 1 APPPATH\Libraries\IonAuth.php(71): IonAuth\Models\IonAuthModel->__construct()
 2 APPPATH\Filters\CheckPermissions.php(16): App\Libraries\IonAuth->__construct()
 3 SYSTEMPATH\Filters\Filters.php(197): App\Filters\CheckPermissions->__construct()
 4 SYSTEMPATH\Filters\Filters.php(184): CodeIgniter\Filters\Filters->runBefore([...])
 5 SYSTEMPATH\CodeIgniter.php(481): CodeIgniter\Filters\Filters->run('vendor/products/stock_alert', 'before')
 6 SYSTEMPATH\CodeIgniter.php(355): CodeIgniter\CodeIgniter->handleRequest(null, Object(Config\Cache), false)
 7 SYSTEMPATH\Boot.php(325): CodeIgniter\CodeIgniter->run()
 8 SYSTEMPATH\Boot.php(67): CodeIgniter\Boot::runCodeIgniter(Object(CodeIgniter\CodeIgniter))
 9 FCPATH\index.php(56): CodeIgniter\Boot::bootWeb(Object(Config\Paths))
WARNING - 2024-10-25 09:33:02 --> [DEPRECATED] Creation of dynamic property IonAuth\Models\IonAuthModel::$messagesTemplates is deprecated in FCPATH\vendor\benedmunds\codeigniter-ion-auth\Models\IonAuthModel.php on line 237.
 1 APPPATH\Libraries\IonAuth.php(71): IonAuth\Models\IonAuthModel->__construct()
 2 APPPATH\Filters\CheckPermissions.php(16): App\Libraries\IonAuth->__construct()
 3 SYSTEMPATH\Filters\Filters.php(197): App\Filters\CheckPermissions->__construct()
 4 SYSTEMPATH\Filters\Filters.php(184): CodeIgniter\Filters\Filters->runBefore([...])
 5 SYSTEMPATH\CodeIgniter.php(481): CodeIgniter\Filters\Filters->run('vendor/products/stock_alert', 'before')
 6 SYSTEMPATH\CodeIgniter.php(355): CodeIgniter\CodeIgniter->handleRequest(null, Object(Config\Cache), false)
 7 SYSTEMPATH\Boot.php(325): CodeIgniter\CodeIgniter->run()
 8 SYSTEMPATH\Boot.php(67): CodeIgniter\Boot::runCodeIgniter(Object(CodeIgniter\CodeIgniter))
 9 FCPATH\index.php(56): CodeIgniter\Boot::bootWeb(Object(Config\Paths))
WARNING - 2024-10-25 09:33:02 --> [DEPRECATED] Creation of dynamic property IonAuth\Models\IonAuthModel::$join is deprecated in FCPATH\vendor\benedmunds\codeigniter-ion-auth\Models\IonAuthModel.php on line 231.
 1 APPPATH\Libraries\IonAuth.php(71): IonAuth\Models\IonAuthModel->__construct()
 2 APPPATH\Controllers\vendor\Products.php(23): App\Libraries\IonAuth->__construct()
 3 SYSTEMPATH\CodeIgniter.php(903): App\Controllers\vendor\Products->__construct()
 4 SYSTEMPATH\CodeIgniter.php(500): CodeIgniter\CodeIgniter->createController()
 5 SYSTEMPATH\CodeIgniter.php(355): CodeIgniter\CodeIgniter->handleRequest(null, Object(Config\Cache), false)
 6 SYSTEMPATH\Boot.php(325): CodeIgniter\CodeIgniter->run()
 7 SYSTEMPATH\Boot.php(67): CodeIgniter\Boot::runCodeIgniter(Object(CodeIgniter\CodeIgniter))
 8 FCPATH\index.php(56): CodeIgniter\Boot::bootWeb(Object(Config\Paths))
WARNING - 2024-10-25 09:33:02 --> [DEPRECATED] Creation of dynamic property IonAuth\Models\IonAuthModel::$hashMethod is deprecated in FCPATH\vendor\benedmunds\codeigniter-ion-auth\Models\IonAuthModel.php on line 234.
 1 APPPATH\Libraries\IonAuth.php(71): IonAuth\Models\IonAuthModel->__construct()
 2 APPPATH\Controllers\vendor\Products.php(23): App\Libraries\IonAuth->__construct()
 3 SYSTEMPATH\CodeIgniter.php(903): App\Controllers\vendor\Products->__construct()
 4 SYSTEMPATH\CodeIgniter.php(500): CodeIgniter\CodeIgniter->createController()
 5 SYSTEMPATH\CodeIgniter.php(355): CodeIgniter\CodeIgniter->handleRequest(null, Object(Config\Cache), false)
 6 SYSTEMPATH\Boot.php(325): CodeIgniter\CodeIgniter->run()
 7 SYSTEMPATH\Boot.php(67): CodeIgniter\Boot::runCodeIgniter(Object(CodeIgniter\CodeIgniter))
 8 FCPATH\index.php(56): CodeIgniter\Boot::bootWeb(Object(Config\Paths))
WARNING - 2024-10-25 09:33:02 --> [DEPRECATED] Creation of dynamic property IonAuth\Models\IonAuthModel::$messagesTemplates is deprecated in FCPATH\vendor\benedmunds\codeigniter-ion-auth\Models\IonAuthModel.php on line 237.
 1 APPPATH\Libraries\IonAuth.php(71): IonAuth\Models\IonAuthModel->__construct()
 2 APPPATH\Controllers\vendor\Products.php(23): App\Libraries\IonAuth->__construct()
 3 SYSTEMPATH\CodeIgniter.php(903): App\Controllers\vendor\Products->__construct()
 4 SYSTEMPATH\CodeIgniter.php(500): CodeIgniter\CodeIgniter->createController()
 5 SYSTEMPATH\CodeIgniter.php(355): CodeIgniter\CodeIgniter->handleRequest(null, Object(Config\Cache), false)
 6 SYSTEMPATH\Boot.php(325): CodeIgniter\CodeIgniter->run()
 7 SYSTEMPATH\Boot.php(67): CodeIgniter\Boot::runCodeIgniter(Object(CodeIgniter\CodeIgniter))
 8 FCPATH\index.php(56): CodeIgniter\Boot::bootWeb(Object(Config\Paths))
CRITICAL - 2024-10-25 15:03:02 --> ErrorException: Undefined variable $array
[Method: GET, Route: vendor/products/stock_alert]
in APPPATH\Controllers\vendor\Products.php on line 1151.
 1 APPPATH\Controllers\vendor\Products.php(1151): CodeIgniter\Debug\Exceptions->errorHandler(2, 'Undefined variable $array', 'C:\\xampp1\\htdocs\\Maareeye-sass-git\\app\\Controllers\\vendor\\Products.php', 1151)
 2 SYSTEMPATH\CodeIgniter.php(933): App\Controllers\vendor\Products->stock_alert()
 3 SYSTEMPATH\CodeIgniter.php(509): CodeIgniter\CodeIgniter->runController(Object(App\Controllers\vendor\Products))
 4 SYSTEMPATH\CodeIgniter.php(355): CodeIgniter\CodeIgniter->handleRequest(null, Object(Config\Cache), false)
 5 SYSTEMPATH\Boot.php(325): CodeIgniter\CodeIgniter->run()
 6 SYSTEMPATH\Boot.php(67): CodeIgniter\Boot::runCodeIgniter(Object(CodeIgniter\CodeIgniter))
 7 FCPATH\index.php(56): CodeIgniter\Boot::bootWeb(Object(Config\Paths))
INFO - 2024-10-25 09:33:05 --> Session: Class initialized using 'CodeIgniter\Session\Handlers\FileHandler' driver.
WARNING - 2024-10-25 09:33:05 --> [DEPRECATED] Creation of dynamic property IonAuth\Models\IonAuthModel::$join is deprecated in FCPATH\vendor\benedmunds\codeigniter-ion-auth\Models\IonAuthModel.php on line 231.
 1 APPPATH\Libraries\IonAuth.php(71): IonAuth\Models\IonAuthModel->__construct()
 2 APPPATH\Filters\CheckRoles.php(17): App\Libraries\IonAuth->__construct()
 3 SYSTEMPATH\Filters\Filters.php(197): App\Filters\CheckRoles->__construct()
 4 SYSTEMPATH\Filters\Filters.php(184): CodeIgniter\Filters\Filters->runBefore([...])
 5 SYSTEMPATH\CodeIgniter.php(481): CodeIgniter\Filters\Filters->run('vendor/businesses', 'before')
 6 SYSTEMPATH\CodeIgniter.php(355): CodeIgniter\CodeIgniter->handleRequest(null, Object(Config\Cache), false)
 7 SYSTEMPATH\Boot.php(325): CodeIgniter\CodeIgniter->run()
 8 SYSTEMPATH\Boot.php(67): CodeIgniter\Boot::runCodeIgniter(Object(CodeIgniter\CodeIgniter))
 9 FCPATH\index.php(56): CodeIgniter\Boot::bootWeb(Object(Config\Paths))
WARNING - 2024-10-25 09:33:05 --> [DEPRECATED] Creation of dynamic property IonAuth\Models\IonAuthModel::$hashMethod is deprecated in FCPATH\vendor\benedmunds\codeigniter-ion-auth\Models\IonAuthModel.php on line 234.
 1 APPPATH\Libraries\IonAuth.php(71): IonAuth\Models\IonAuthModel->__construct()
 2 APPPATH\Filters\CheckRoles.php(17): App\Libraries\IonAuth->__construct()
 3 SYSTEMPATH\Filters\Filters.php(197): App\Filters\CheckRoles->__construct()
 4 SYSTEMPATH\Filters\Filters.php(184): CodeIgniter\Filters\Filters->runBefore([...])
 5 SYSTEMPATH\CodeIgniter.php(481): CodeIgniter\Filters\Filters->run('vendor/businesses', 'before')
 6 SYSTEMPATH\CodeIgniter.php(355): CodeIgniter\CodeIgniter->handleRequest(null, Object(Config\Cache), false)
 7 SYSTEMPATH\Boot.php(325): CodeIgniter\CodeIgniter->run()
 8 SYSTEMPATH\Boot.php(67): CodeIgniter\Boot::runCodeIgniter(Object(CodeIgniter\CodeIgniter))
 9 FCPATH\index.php(56): CodeIgniter\Boot::bootWeb(Object(Config\Paths))
WARNING - 2024-10-25 09:33:05 --> [DEPRECATED] Creation of dynamic property IonAuth\Models\IonAuthModel::$messagesTemplates is deprecated in FCPATH\vendor\benedmunds\codeigniter-ion-auth\Models\IonAuthModel.php on line 237.
 1 APPPATH\Libraries\IonAuth.php(71): IonAuth\Models\IonAuthModel->__construct()
 2 APPPATH\Filters\CheckRoles.php(17): App\Libraries\IonAuth->__construct()
 3 SYSTEMPATH\Filters\Filters.php(197): App\Filters\CheckRoles->__construct()
 4 SYSTEMPATH\Filters\Filters.php(184): CodeIgniter\Filters\Filters->runBefore([...])
 5 SYSTEMPATH\CodeIgniter.php(481): CodeIgniter\Filters\Filters->run('vendor/businesses', 'before')
 6 SYSTEMPATH\CodeIgniter.php(355): CodeIgniter\CodeIgniter->handleRequest(null, Object(Config\Cache), false)
 7 SYSTEMPATH\Boot.php(325): CodeIgniter\CodeIgniter->run()
 8 SYSTEMPATH\Boot.php(67): CodeIgniter\Boot::runCodeIgniter(Object(CodeIgniter\CodeIgniter))
 9 FCPATH\index.php(56): CodeIgniter\Boot::bootWeb(Object(Config\Paths))
WARNING - 2024-10-25 09:33:05 --> [DEPRECATED] Creation of dynamic property IonAuth\Models\IonAuthModel::$join is deprecated in FCPATH\vendor\benedmunds\codeigniter-ion-auth\Models\IonAuthModel.php on line 231.
 1 APPPATH\Libraries\IonAuth.php(71): IonAuth\Models\IonAuthModel->__construct()
 2 APPPATH\Controllers\vendor\Businesses.php(19): App\Libraries\IonAuth->__construct()
 3 SYSTEMPATH\CodeIgniter.php(903): App\Controllers\vendor\Businesses->__construct()
 4 SYSTEMPATH\CodeIgniter.php(500): CodeIgniter\CodeIgniter->createController()
 5 SYSTEMPATH\CodeIgniter.php(355): CodeIgniter\CodeIgniter->handleRequest(null, Object(Config\Cache), false)
 6 SYSTEMPATH\Boot.php(325): CodeIgniter\CodeIgniter->run()
 7 SYSTEMPATH\Boot.php(67): CodeIgniter\Boot::runCodeIgniter(Object(CodeIgniter\CodeIgniter))
 8 FCPATH\index.php(56): CodeIgniter\Boot::bootWeb(Object(Config\Paths))
WARNING - 2024-10-25 09:33:05 --> [DEPRECATED] Creation of dynamic property IonAuth\Models\IonAuthModel::$hashMethod is deprecated in FCPATH\vendor\benedmunds\codeigniter-ion-auth\Models\IonAuthModel.php on line 234.
 1 APPPATH\Libraries\IonAuth.php(71): IonAuth\Models\IonAuthModel->__construct()
 2 APPPATH\Controllers\vendor\Businesses.php(19): App\Libraries\IonAuth->__construct()
 3 SYSTEMPATH\CodeIgniter.php(903): App\Controllers\vendor\Businesses->__construct()
 4 SYSTEMPATH\CodeIgniter.php(500): CodeIgniter\CodeIgniter->createController()
 5 SYSTEMPATH\CodeIgniter.php(355): CodeIgniter\CodeIgniter->handleRequest(null, Object(Config\Cache), false)
 6 SYSTEMPATH\Boot.php(325): CodeIgniter\CodeIgniter->run()
 7 SYSTEMPATH\Boot.php(67): CodeIgniter\Boot::runCodeIgniter(Object(CodeIgniter\CodeIgniter))
 8 FCPATH\index.php(56): CodeIgniter\Boot::bootWeb(Object(Config\Paths))
WARNING - 2024-10-25 09:33:05 --> [DEPRECATED] Creation of dynamic property IonAuth\Models\IonAuthModel::$messagesTemplates is deprecated in FCPATH\vendor\benedmunds\codeigniter-ion-auth\Models\IonAuthModel.php on line 237.
 1 APPPATH\Libraries\IonAuth.php(71): IonAuth\Models\IonAuthModel->__construct()
 2 APPPATH\Controllers\vendor\Businesses.php(19): App\Libraries\IonAuth->__construct()
 3 SYSTEMPATH\CodeIgniter.php(903): App\Controllers\vendor\Businesses->__construct()
 4 SYSTEMPATH\CodeIgniter.php(500): CodeIgniter\CodeIgniter->createController()
 5 SYSTEMPATH\CodeIgniter.php(355): CodeIgniter\CodeIgniter->handleRequest(null, Object(Config\Cache), false)
 6 SYSTEMPATH\Boot.php(325): CodeIgniter\CodeIgniter->run()
 7 SYSTEMPATH\Boot.php(67): CodeIgniter\Boot::runCodeIgniter(Object(CodeIgniter\CodeIgniter))
 8 FCPATH\index.php(56): CodeIgniter\Boot::bootWeb(Object(Config\Paths))
WARNING - 2024-10-25 15:03:05 --> [DEPRECATED] Creation of dynamic property IonAuth\Models\IonAuthModel::$join is deprecated in FCPATH\vendor\benedmunds\codeigniter-ion-auth\Models\IonAuthModel.php on line 231.
 1 APPPATH\Libraries\IonAuth.php(71): IonAuth\Models\IonAuthModel->__construct()
 2 APPPATH\Filters\CheckRoles.php(17): App\Libraries\IonAuth->__construct()
 3 SYSTEMPATH\Filters\Filters.php(235): App\Filters\CheckRoles->__construct()
 4 SYSTEMPATH\Filters\Filters.php(188): CodeIgniter\Filters\Filters->runAfter([...])
 5 SYSTEMPATH\CodeIgniter.php(527): CodeIgniter\Filters\Filters->run('vendor/businesses', 'after')
 6 SYSTEMPATH\CodeIgniter.php(355): CodeIgniter\CodeIgniter->handleRequest(null, Object(Config\Cache), false)
 7 SYSTEMPATH\Boot.php(325): CodeIgniter\CodeIgniter->run()
 8 SYSTEMPATH\Boot.php(67): CodeIgniter\Boot::runCodeIgniter(Object(CodeIgniter\CodeIgniter))
 9 FCPATH\index.php(56): CodeIgniter\Boot::bootWeb(Object(Config\Paths))
WARNING - 2024-10-25 15:03:05 --> [DEPRECATED] Creation of dynamic property IonAuth\Models\IonAuthModel::$hashMethod is deprecated in FCPATH\vendor\benedmunds\codeigniter-ion-auth\Models\IonAuthModel.php on line 234.
 1 APPPATH\Libraries\IonAuth.php(71): IonAuth\Models\IonAuthModel->__construct()
 2 APPPATH\Filters\CheckRoles.php(17): App\Libraries\IonAuth->__construct()
 3 SYSTEMPATH\Filters\Filters.php(235): App\Filters\CheckRoles->__construct()
 4 SYSTEMPATH\Filters\Filters.php(188): CodeIgniter\Filters\Filters->runAfter([...])
 5 SYSTEMPATH\CodeIgniter.php(527): CodeIgniter\Filters\Filters->run('vendor/businesses', 'after')
 6 SYSTEMPATH\CodeIgniter.php(355): CodeIgniter\CodeIgniter->handleRequest(null, Object(Config\Cache), false)
 7 SYSTEMPATH\Boot.php(325): CodeIgniter\CodeIgniter->run()
 8 SYSTEMPATH\Boot.php(67): CodeIgniter\Boot::runCodeIgniter(Object(CodeIgniter\CodeIgniter))
 9 FCPATH\index.php(56): CodeIgniter\Boot::bootWeb(Object(Config\Paths))
WARNING - 2024-10-25 15:03:05 --> [DEPRECATED] Creation of dynamic property IonAuth\Models\IonAuthModel::$messagesTemplates is deprecated in FCPATH\vendor\benedmunds\codeigniter-ion-auth\Models\IonAuthModel.php on line 237.
 1 APPPATH\Libraries\IonAuth.php(71): IonAuth\Models\IonAuthModel->__construct()
 2 APPPATH\Filters\CheckRoles.php(17): App\Libraries\IonAuth->__construct()
 3 SYSTEMPATH\Filters\Filters.php(235): App\Filters\CheckRoles->__construct()
 4 SYSTEMPATH\Filters\Filters.php(188): CodeIgniter\Filters\Filters->runAfter([...])
 5 SYSTEMPATH\CodeIgniter.php(527): CodeIgniter\Filters\Filters->run('vendor/businesses', 'after')
 6 SYSTEMPATH\CodeIgniter.php(355): CodeIgniter\CodeIgniter->handleRequest(null, Object(Config\Cache), false)
 7 SYSTEMPATH\Boot.php(325): CodeIgniter\CodeIgniter->run()
 8 SYSTEMPATH\Boot.php(67): CodeIgniter\Boot::runCodeIgniter(Object(CodeIgniter\CodeIgniter))
 9 FCPATH\index.php(56): CodeIgniter\Boot::bootWeb(Object(Config\Paths))
INFO - 2024-10-25 09:33:06 --> Session: Class initialized using 'CodeIgniter\Session\Handlers\FileHandler' driver.
WARNING - 2024-10-25 09:33:06 --> [DEPRECATED] Creation of dynamic property IonAuth\Models\IonAuthModel::$join is deprecated in FCPATH\vendor\benedmunds\codeigniter-ion-auth\Models\IonAuthModel.php on line 231.
 1 APPPATH\Libraries\IonAuth.php(71): IonAuth\Models\IonAuthModel->__construct()
 2 APPPATH\Filters\CheckRoles.php(17): App\Libraries\IonAuth->__construct()
 3 SYSTEMPATH\Filters\Filters.php(197): App\Filters\CheckRoles->__construct()
 4 SYSTEMPATH\Filters\Filters.php(184): CodeIgniter\Filters\Filters->runBefore([...])
 5 SYSTEMPATH\CodeIgniter.php(481): CodeIgniter\Filters\Filters->run('vendor/businesses/business_table', 'before')
 6 SYSTEMPATH\CodeIgniter.php(355): CodeIgniter\CodeIgniter->handleRequest(null, Object(Config\Cache), false)
 7 SYSTEMPATH\Boot.php(325): CodeIgniter\CodeIgniter->run()
 8 SYSTEMPATH\Boot.php(67): CodeIgniter\Boot::runCodeIgniter(Object(CodeIgniter\CodeIgniter))
 9 FCPATH\index.php(56): CodeIgniter\Boot::bootWeb(Object(Config\Paths))
WARNING - 2024-10-25 09:33:06 --> [DEPRECATED] Creation of dynamic property IonAuth\Models\IonAuthModel::$hashMethod is deprecated in FCPATH\vendor\benedmunds\codeigniter-ion-auth\Models\IonAuthModel.php on line 234.
 1 APPPATH\Libraries\IonAuth.php(71): IonAuth\Models\IonAuthModel->__construct()
 2 APPPATH\Filters\CheckRoles.php(17): App\Libraries\IonAuth->__construct()
 3 SYSTEMPATH\Filters\Filters.php(197): App\Filters\CheckRoles->__construct()
 4 SYSTEMPATH\Filters\Filters.php(184): CodeIgniter\Filters\Filters->runBefore([...])
 5 SYSTEMPATH\CodeIgniter.php(481): CodeIgniter\Filters\Filters->run('vendor/businesses/business_table', 'before')
 6 SYSTEMPATH\CodeIgniter.php(355): CodeIgniter\CodeIgniter->handleRequest(null, Object(Config\Cache), false)
 7 SYSTEMPATH\Boot.php(325): CodeIgniter\CodeIgniter->run()
 8 SYSTEMPATH\Boot.php(67): CodeIgniter\Boot::runCodeIgniter(Object(CodeIgniter\CodeIgniter))
 9 FCPATH\index.php(56): CodeIgniter\Boot::bootWeb(Object(Config\Paths))
WARNING - 2024-10-25 09:33:06 --> [DEPRECATED] Creation of dynamic property IonAuth\Models\IonAuthModel::$messagesTemplates is deprecated in FCPATH\vendor\benedmunds\codeigniter-ion-auth\Models\IonAuthModel.php on line 237.
 1 APPPATH\Libraries\IonAuth.php(71): IonAuth\Models\IonAuthModel->__construct()
 2 APPPATH\Filters\CheckRoles.php(17): App\Libraries\IonAuth->__construct()
 3 SYSTEMPATH\Filters\Filters.php(197): App\Filters\CheckRoles->__construct()
 4 SYSTEMPATH\Filters\Filters.php(184): CodeIgniter\Filters\Filters->runBefore([...])
 5 SYSTEMPATH\CodeIgniter.php(481): CodeIgniter\Filters\Filters->run('vendor/businesses/business_table', 'before')
 6 SYSTEMPATH\CodeIgniter.php(355): CodeIgniter\CodeIgniter->handleRequest(null, Object(Config\Cache), false)
 7 SYSTEMPATH\Boot.php(325): CodeIgniter\CodeIgniter->run()
 8 SYSTEMPATH\Boot.php(67): CodeIgniter\Boot::runCodeIgniter(Object(CodeIgniter\CodeIgniter))
 9 FCPATH\index.php(56): CodeIgniter\Boot::bootWeb(Object(Config\Paths))
WARNING - 2024-10-25 09:33:06 --> [DEPRECATED] Creation of dynamic property IonAuth\Models\IonAuthModel::$join is deprecated in FCPATH\vendor\benedmunds\codeigniter-ion-auth\Models\IonAuthModel.php on line 231.
 1 APPPATH\Libraries\IonAuth.php(71): IonAuth\Models\IonAuthModel->__construct()
 2 APPPATH\Controllers\vendor\Businesses.php(19): App\Libraries\IonAuth->__construct()
 3 SYSTEMPATH\CodeIgniter.php(903): App\Controllers\vendor\Businesses->__construct()
 4 SYSTEMPATH\CodeIgniter.php(500): CodeIgniter\CodeIgniter->createController()
 5 SYSTEMPATH\CodeIgniter.php(355): CodeIgniter\CodeIgniter->handleRequest(null, Object(Config\Cache), false)
 6 SYSTEMPATH\Boot.php(325): CodeIgniter\CodeIgniter->run()
 7 SYSTEMPATH\Boot.php(67): CodeIgniter\Boot::runCodeIgniter(Object(CodeIgniter\CodeIgniter))
 8 FCPATH\index.php(56): CodeIgniter\Boot::bootWeb(Object(Config\Paths))
WARNING - 2024-10-25 09:33:06 --> [DEPRECATED] Creation of dynamic property IonAuth\Models\IonAuthModel::$hashMethod is deprecated in FCPATH\vendor\benedmunds\codeigniter-ion-auth\Models\IonAuthModel.php on line 234.
 1 APPPATH\Libraries\IonAuth.php(71): IonAuth\Models\IonAuthModel->__construct()
 2 APPPATH\Controllers\vendor\Businesses.php(19): App\Libraries\IonAuth->__construct()
 3 SYSTEMPATH\CodeIgniter.php(903): App\Controllers\vendor\Businesses->__construct()
 4 SYSTEMPATH\CodeIgniter.php(500): CodeIgniter\CodeIgniter->createController()
 5 SYSTEMPATH\CodeIgniter.php(355): CodeIgniter\CodeIgniter->handleRequest(null, Object(Config\Cache), false)
 6 SYSTEMPATH\Boot.php(325): CodeIgniter\CodeIgniter->run()
 7 SYSTEMPATH\Boot.php(67): CodeIgniter\Boot::runCodeIgniter(Object(CodeIgniter\CodeIgniter))
 8 FCPATH\index.php(56): CodeIgniter\Boot::bootWeb(Object(Config\Paths))
WARNING - 2024-10-25 09:33:06 --> [DEPRECATED] Creation of dynamic property IonAuth\Models\IonAuthModel::$messagesTemplates is deprecated in FCPATH\vendor\benedmunds\codeigniter-ion-auth\Models\IonAuthModel.php on line 237.
 1 APPPATH\Libraries\IonAuth.php(71): IonAuth\Models\IonAuthModel->__construct()
 2 APPPATH\Controllers\vendor\Businesses.php(19): App\Libraries\IonAuth->__construct()
 3 SYSTEMPATH\CodeIgniter.php(903): App\Controllers\vendor\Businesses->__construct()
 4 SYSTEMPATH\CodeIgniter.php(500): CodeIgniter\CodeIgniter->createController()
 5 SYSTEMPATH\CodeIgniter.php(355): CodeIgniter\CodeIgniter->handleRequest(null, Object(Config\Cache), false)
 6 SYSTEMPATH\Boot.php(325): CodeIgniter\CodeIgniter->run()
 7 SYSTEMPATH\Boot.php(67): CodeIgniter\Boot::runCodeIgniter(Object(CodeIgniter\CodeIgniter))
 8 FCPATH\index.php(56): CodeIgniter\Boot::bootWeb(Object(Config\Paths))
WARNING - 2024-10-25 15:03:06 --> [DEPRECATED] Creation of dynamic property IonAuth\Models\IonAuthModel::$join is deprecated in FCPATH\vendor\benedmunds\codeigniter-ion-auth\Models\IonAuthModel.php on line 231.
 1 APPPATH\Libraries\IonAuth.php(71): IonAuth\Models\IonAuthModel->__construct()
 2 APPPATH\Filters\CheckRoles.php(17): App\Libraries\IonAuth->__construct()
 3 SYSTEMPATH\Filters\Filters.php(235): App\Filters\CheckRoles->__construct()
 4 SYSTEMPATH\Filters\Filters.php(188): CodeIgniter\Filters\Filters->runAfter([...])
 5 SYSTEMPATH\CodeIgniter.php(527): CodeIgniter\Filters\Filters->run('vendor/businesses/business_table', 'after')
 6 SYSTEMPATH\CodeIgniter.php(355): CodeIgniter\CodeIgniter->handleRequest(null, Object(Config\Cache), false)
 7 SYSTEMPATH\Boot.php(325): CodeIgniter\CodeIgniter->run()
 8 SYSTEMPATH\Boot.php(67): CodeIgniter\Boot::runCodeIgniter(Object(CodeIgniter\CodeIgniter))
 9 FCPATH\index.php(56): CodeIgniter\Boot::bootWeb(Object(Config\Paths))
WARNING - 2024-10-25 15:03:06 --> [DEPRECATED] Creation of dynamic property IonAuth\Models\IonAuthModel::$hashMethod is deprecated in FCPATH\vendor\benedmunds\codeigniter-ion-auth\Models\IonAuthModel.php on line 234.
 1 APPPATH\Libraries\IonAuth.php(71): IonAuth\Models\IonAuthModel->__construct()
 2 APPPATH\Filters\CheckRoles.php(17): App\Libraries\IonAuth->__construct()
 3 SYSTEMPATH\Filters\Filters.php(235): App\Filters\CheckRoles->__construct()
 4 SYSTEMPATH\Filters\Filters.php(188): CodeIgniter\Filters\Filters->runAfter([...])
 5 SYSTEMPATH\CodeIgniter.php(527): CodeIgniter\Filters\Filters->run('vendor/businesses/business_table', 'after')
 6 SYSTEMPATH\CodeIgniter.php(355): CodeIgniter\CodeIgniter->handleRequest(null, Object(Config\Cache), false)
 7 SYSTEMPATH\Boot.php(325): CodeIgniter\CodeIgniter->run()
 8 SYSTEMPATH\Boot.php(67): CodeIgniter\Boot::runCodeIgniter(Object(CodeIgniter\CodeIgniter))
 9 FCPATH\index.php(56): CodeIgniter\Boot::bootWeb(Object(Config\Paths))
WARNING - 2024-10-25 15:03:06 --> [DEPRECATED] Creation of dynamic property IonAuth\Models\IonAuthModel::$messagesTemplates is deprecated in FCPATH\vendor\benedmunds\codeigniter-ion-auth\Models\IonAuthModel.php on line 237.
 1 APPPATH\Libraries\IonAuth.php(71): IonAuth\Models\IonAuthModel->__construct()
 2 APPPATH\Filters\CheckRoles.php(17): App\Libraries\IonAuth->__construct()
 3 SYSTEMPATH\Filters\Filters.php(235): App\Filters\CheckRoles->__construct()
 4 SYSTEMPATH\Filters\Filters.php(188): CodeIgniter\Filters\Filters->runAfter([...])
 5 SYSTEMPATH\CodeIgniter.php(527): CodeIgniter\Filters\Filters->run('vendor/businesses/business_table', 'after')
 6 SYSTEMPATH\CodeIgniter.php(355): CodeIgniter\CodeIgniter->handleRequest(null, Object(Config\Cache), false)
 7 SYSTEMPATH\Boot.php(325): CodeIgniter\CodeIgniter->run()
 8 SYSTEMPATH\Boot.php(67): CodeIgniter\Boot::runCodeIgniter(Object(CodeIgniter\CodeIgniter))
 9 FCPATH\index.php(56): CodeIgniter\Boot::bootWeb(Object(Config\Paths))
INFO - 2024-10-25 09:33:06 --> Session: Class initialized using 'CodeIgniter\Session\Handlers\FileHandler' driver.
WARNING - 2024-10-25 09:33:06 --> [DEPRECATED] Creation of dynamic property IonAuth\Models\IonAuthModel::$join is deprecated in FCPATH\vendor\benedmunds\codeigniter-ion-auth\Models\IonAuthModel.php on line 231.
 1 APPPATH\Libraries\IonAuth.php(71): IonAuth\Models\IonAuthModel->__construct()
 2 APPPATH\Filters\CheckPermissions.php(16): App\Libraries\IonAuth->__construct()
 3 SYSTEMPATH\Filters\Filters.php(197): App\Filters\CheckPermissions->__construct()
 4 SYSTEMPATH\Filters\Filters.php(184): CodeIgniter\Filters\Filters->runBefore([...])
 5 SYSTEMPATH\CodeIgniter.php(481): CodeIgniter\Filters\Filters->run('vendor/products/stock_alert', 'before')
 6 SYSTEMPATH\CodeIgniter.php(355): CodeIgniter\CodeIgniter->handleRequest(null, Object(Config\Cache), false)
 7 SYSTEMPATH\Boot.php(325): CodeIgniter\CodeIgniter->run()
 8 SYSTEMPATH\Boot.php(67): CodeIgniter\Boot::runCodeIgniter(Object(CodeIgniter\CodeIgniter))
 9 FCPATH\index.php(56): CodeIgniter\Boot::bootWeb(Object(Config\Paths))
WARNING - 2024-10-25 09:33:06 --> [DEPRECATED] Creation of dynamic property IonAuth\Models\IonAuthModel::$hashMethod is deprecated in FCPATH\vendor\benedmunds\codeigniter-ion-auth\Models\IonAuthModel.php on line 234.
 1 APPPATH\Libraries\IonAuth.php(71): IonAuth\Models\IonAuthModel->__construct()
 2 APPPATH\Filters\CheckPermissions.php(16): App\Libraries\IonAuth->__construct()
 3 SYSTEMPATH\Filters\Filters.php(197): App\Filters\CheckPermissions->__construct()
 4 SYSTEMPATH\Filters\Filters.php(184): CodeIgniter\Filters\Filters->runBefore([...])
 5 SYSTEMPATH\CodeIgniter.php(481): CodeIgniter\Filters\Filters->run('vendor/products/stock_alert', 'before')
 6 SYSTEMPATH\CodeIgniter.php(355): CodeIgniter\CodeIgniter->handleRequest(null, Object(Config\Cache), false)
 7 SYSTEMPATH\Boot.php(325): CodeIgniter\CodeIgniter->run()
 8 SYSTEMPATH\Boot.php(67): CodeIgniter\Boot::runCodeIgniter(Object(CodeIgniter\CodeIgniter))
 9 FCPATH\index.php(56): CodeIgniter\Boot::bootWeb(Object(Config\Paths))
WARNING - 2024-10-25 09:33:06 --> [DEPRECATED] Creation of dynamic property IonAuth\Models\IonAuthModel::$messagesTemplates is deprecated in FCPATH\vendor\benedmunds\codeigniter-ion-auth\Models\IonAuthModel.php on line 237.
 1 APPPATH\Libraries\IonAuth.php(71): IonAuth\Models\IonAuthModel->__construct()
 2 APPPATH\Filters\CheckPermissions.php(16): App\Libraries\IonAuth->__construct()
 3 SYSTEMPATH\Filters\Filters.php(197): App\Filters\CheckPermissions->__construct()
 4 SYSTEMPATH\Filters\Filters.php(184): CodeIgniter\Filters\Filters->runBefore([...])
 5 SYSTEMPATH\CodeIgniter.php(481): CodeIgniter\Filters\Filters->run('vendor/products/stock_alert', 'before')
 6 SYSTEMPATH\CodeIgniter.php(355): CodeIgniter\CodeIgniter->handleRequest(null, Object(Config\Cache), false)
 7 SYSTEMPATH\Boot.php(325): CodeIgniter\CodeIgniter->run()
 8 SYSTEMPATH\Boot.php(67): CodeIgniter\Boot::runCodeIgniter(Object(CodeIgniter\CodeIgniter))
 9 FCPATH\index.php(56): CodeIgniter\Boot::bootWeb(Object(Config\Paths))
WARNING - 2024-10-25 09:33:06 --> [DEPRECATED] Creation of dynamic property IonAuth\Models\IonAuthModel::$join is deprecated in FCPATH\vendor\benedmunds\codeigniter-ion-auth\Models\IonAuthModel.php on line 231.
 1 APPPATH\Libraries\IonAuth.php(71): IonAuth\Models\IonAuthModel->__construct()
 2 APPPATH\Controllers\vendor\Products.php(23): App\Libraries\IonAuth->__construct()
 3 SYSTEMPATH\CodeIgniter.php(903): App\Controllers\vendor\Products->__construct()
 4 SYSTEMPATH\CodeIgniter.php(500): CodeIgniter\CodeIgniter->createController()
 5 SYSTEMPATH\CodeIgniter.php(355): CodeIgniter\CodeIgniter->handleRequest(null, Object(Config\Cache), false)
 6 SYSTEMPATH\Boot.php(325): CodeIgniter\CodeIgniter->run()
 7 SYSTEMPATH\Boot.php(67): CodeIgniter\Boot::runCodeIgniter(Object(CodeIgniter\CodeIgniter))
 8 FCPATH\index.php(56): CodeIgniter\Boot::bootWeb(Object(Config\Paths))
WARNING - 2024-10-25 09:33:06 --> [DEPRECATED] Creation of dynamic property IonAuth\Models\IonAuthModel::$hashMethod is deprecated in FCPATH\vendor\benedmunds\codeigniter-ion-auth\Models\IonAuthModel.php on line 234.
 1 APPPATH\Libraries\IonAuth.php(71): IonAuth\Models\IonAuthModel->__construct()
 2 APPPATH\Controllers\vendor\Products.php(23): App\Libraries\IonAuth->__construct()
 3 SYSTEMPATH\CodeIgniter.php(903): App\Controllers\vendor\Products->__construct()
 4 SYSTEMPATH\CodeIgniter.php(500): CodeIgniter\CodeIgniter->createController()
 5 SYSTEMPATH\CodeIgniter.php(355): CodeIgniter\CodeIgniter->handleRequest(null, Object(Config\Cache), false)
 6 SYSTEMPATH\Boot.php(325): CodeIgniter\CodeIgniter->run()
 7 SYSTEMPATH\Boot.php(67): CodeIgniter\Boot::runCodeIgniter(Object(CodeIgniter\CodeIgniter))
 8 FCPATH\index.php(56): CodeIgniter\Boot::bootWeb(Object(Config\Paths))
WARNING - 2024-10-25 09:33:06 --> [DEPRECATED] Creation of dynamic property IonAuth\Models\IonAuthModel::$messagesTemplates is deprecated in FCPATH\vendor\benedmunds\codeigniter-ion-auth\Models\IonAuthModel.php on line 237.
 1 APPPATH\Libraries\IonAuth.php(71): IonAuth\Models\IonAuthModel->__construct()
 2 APPPATH\Controllers\vendor\Products.php(23): App\Libraries\IonAuth->__construct()
 3 SYSTEMPATH\CodeIgniter.php(903): App\Controllers\vendor\Products->__construct()
 4 SYSTEMPATH\CodeIgniter.php(500): CodeIgniter\CodeIgniter->createController()
 5 SYSTEMPATH\CodeIgniter.php(355): CodeIgniter\CodeIgniter->handleRequest(null, Object(Config\Cache), false)
 6 SYSTEMPATH\Boot.php(325): CodeIgniter\CodeIgniter->run()
 7 SYSTEMPATH\Boot.php(67): CodeIgniter\Boot::runCodeIgniter(Object(CodeIgniter\CodeIgniter))
 8 FCPATH\index.php(56): CodeIgniter\Boot::bootWeb(Object(Config\Paths))
CRITICAL - 2024-10-25 15:03:06 --> ErrorException: Undefined variable $array
[Method: GET, Route: vendor/products/stock_alert]
in APPPATH\Controllers\vendor\Products.php on line 1151.
 1 APPPATH\Controllers\vendor\Products.php(1151): CodeIgniter\Debug\Exceptions->errorHandler(2, 'Undefined variable $array', 'C:\\xampp1\\htdocs\\Maareeye-sass-git\\app\\Controllers\\vendor\\Products.php', 1151)
 2 SYSTEMPATH\CodeIgniter.php(933): App\Controllers\vendor\Products->stock_alert()
 3 SYSTEMPATH\CodeIgniter.php(509): CodeIgniter\CodeIgniter->runController(Object(App\Controllers\vendor\Products))
 4 SYSTEMPATH\CodeIgniter.php(355): CodeIgniter\CodeIgniter->handleRequest(null, Object(Config\Cache), false)
 5 SYSTEMPATH\Boot.php(325): CodeIgniter\CodeIgniter->run()
 6 SYSTEMPATH\Boot.php(67): CodeIgniter\Boot::runCodeIgniter(Object(CodeIgniter\CodeIgniter))
 7 FCPATH\index.php(56): CodeIgniter\Boot::bootWeb(Object(Config\Paths))
INFO - 2024-10-25 09:34:00 --> Session: Class initialized using 'CodeIgniter\Session\Handlers\FileHandler' driver.
WARNING - 2024-10-25 09:34:00 --> [DEPRECATED] Creation of dynamic property IonAuth\Models\IonAuthModel::$join is deprecated in FCPATH\vendor\benedmunds\codeigniter-ion-auth\Models\IonAuthModel.php on line 231.
 1 APPPATH\Libraries\IonAuth.php(71): IonAuth\Models\IonAuthModel->__construct()
 2 APPPATH\Filters\CheckRoles.php(17): App\Libraries\IonAuth->__construct()
 3 SYSTEMPATH\Filters\Filters.php(197): App\Filters\CheckRoles->__construct()
 4 SYSTEMPATH\Filters\Filters.php(184): CodeIgniter\Filters\Filters->runBefore([...])
 5 SYSTEMPATH\CodeIgniter.php(481): CodeIgniter\Filters\Filters->run('vendor/businesses/save_business', 'before')
 6 SYSTEMPATH\CodeIgniter.php(355): CodeIgniter\CodeIgniter->handleRequest(null, Object(Config\Cache), false)
 7 SYSTEMPATH\Boot.php(325): CodeIgniter\CodeIgniter->run()
 8 SYSTEMPATH\Boot.php(67): CodeIgniter\Boot::runCodeIgniter(Object(CodeIgniter\CodeIgniter))
 9 FCPATH\index.php(56): CodeIgniter\Boot::bootWeb(Object(Config\Paths))
WARNING - 2024-10-25 09:34:00 --> [DEPRECATED] Creation of dynamic property IonAuth\Models\IonAuthModel::$hashMethod is deprecated in FCPATH\vendor\benedmunds\codeigniter-ion-auth\Models\IonAuthModel.php on line 234.
 1 APPPATH\Libraries\IonAuth.php(71): IonAuth\Models\IonAuthModel->__construct()
 2 APPPATH\Filters\CheckRoles.php(17): App\Libraries\IonAuth->__construct()
 3 SYSTEMPATH\Filters\Filters.php(197): App\Filters\CheckRoles->__construct()
 4 SYSTEMPATH\Filters\Filters.php(184): CodeIgniter\Filters\Filters->runBefore([...])
 5 SYSTEMPATH\CodeIgniter.php(481): CodeIgniter\Filters\Filters->run('vendor/businesses/save_business', 'before')
 6 SYSTEMPATH\CodeIgniter.php(355): CodeIgniter\CodeIgniter->handleRequest(null, Object(Config\Cache), false)
 7 SYSTEMPATH\Boot.php(325): CodeIgniter\CodeIgniter->run()
 8 SYSTEMPATH\Boot.php(67): CodeIgniter\Boot::runCodeIgniter(Object(CodeIgniter\CodeIgniter))
 9 FCPATH\index.php(56): CodeIgniter\Boot::bootWeb(Object(Config\Paths))
WARNING - 2024-10-25 09:34:00 --> [DEPRECATED] Creation of dynamic property IonAuth\Models\IonAuthModel::$messagesTemplates is deprecated in FCPATH\vendor\benedmunds\codeigniter-ion-auth\Models\IonAuthModel.php on line 237.
 1 APPPATH\Libraries\IonAuth.php(71): IonAuth\Models\IonAuthModel->__construct()
 2 APPPATH\Filters\CheckRoles.php(17): App\Libraries\IonAuth->__construct()
 3 SYSTEMPATH\Filters\Filters.php(197): App\Filters\CheckRoles->__construct()
 4 SYSTEMPATH\Filters\Filters.php(184): CodeIgniter\Filters\Filters->runBefore([...])
 5 SYSTEMPATH\CodeIgniter.php(481): CodeIgniter\Filters\Filters->run('vendor/businesses/save_business', 'before')
 6 SYSTEMPATH\CodeIgniter.php(355): CodeIgniter\CodeIgniter->handleRequest(null, Object(Config\Cache), false)
 7 SYSTEMPATH\Boot.php(325): CodeIgniter\CodeIgniter->run()
 8 SYSTEMPATH\Boot.php(67): CodeIgniter\Boot::runCodeIgniter(Object(CodeIgniter\CodeIgniter))
 9 FCPATH\index.php(56): CodeIgniter\Boot::bootWeb(Object(Config\Paths))
WARNING - 2024-10-25 09:34:00 --> [DEPRECATED] Creation of dynamic property IonAuth\Models\IonAuthModel::$join is deprecated in FCPATH\vendor\benedmunds\codeigniter-ion-auth\Models\IonAuthModel.php on line 231.
 1 APPPATH\Libraries\IonAuth.php(71): IonAuth\Models\IonAuthModel->__construct()
 2 APPPATH\Controllers\vendor\Businesses.php(19): App\Libraries\IonAuth->__construct()
 3 SYSTEMPATH\CodeIgniter.php(903): App\Controllers\vendor\Businesses->__construct()
 4 SYSTEMPATH\CodeIgniter.php(500): CodeIgniter\CodeIgniter->createController()
 5 SYSTEMPATH\CodeIgniter.php(355): CodeIgniter\CodeIgniter->handleRequest(null, Object(Config\Cache), false)
 6 SYSTEMPATH\Boot.php(325): CodeIgniter\CodeIgniter->run()
 7 SYSTEMPATH\Boot.php(67): CodeIgniter\Boot::runCodeIgniter(Object(CodeIgniter\CodeIgniter))
 8 FCPATH\index.php(56): CodeIgniter\Boot::bootWeb(Object(Config\Paths))
WARNING - 2024-10-25 09:34:00 --> [DEPRECATED] Creation of dynamic property IonAuth\Models\IonAuthModel::$hashMethod is deprecated in FCPATH\vendor\benedmunds\codeigniter-ion-auth\Models\IonAuthModel.php on line 234.
 1 APPPATH\Libraries\IonAuth.php(71): IonAuth\Models\IonAuthModel->__construct()
 2 APPPATH\Controllers\vendor\Businesses.php(19): App\Libraries\IonAuth->__construct()
 3 SYSTEMPATH\CodeIgniter.php(903): App\Controllers\vendor\Businesses->__construct()
 4 SYSTEMPATH\CodeIgniter.php(500): CodeIgniter\CodeIgniter->createController()
 5 SYSTEMPATH\CodeIgniter.php(355): CodeIgniter\CodeIgniter->handleRequest(null, Object(Config\Cache), false)
 6 SYSTEMPATH\Boot.php(325): CodeIgniter\CodeIgniter->run()
 7 SYSTEMPATH\Boot.php(67): CodeIgniter\Boot::runCodeIgniter(Object(CodeIgniter\CodeIgniter))
 8 FCPATH\index.php(56): CodeIgniter\Boot::bootWeb(Object(Config\Paths))
WARNING - 2024-10-25 09:34:00 --> [DEPRECATED] Creation of dynamic property IonAuth\Models\IonAuthModel::$messagesTemplates is deprecated in FCPATH\vendor\benedmunds\codeigniter-ion-auth\Models\IonAuthModel.php on line 237.
 1 APPPATH\Libraries\IonAuth.php(71): IonAuth\Models\IonAuthModel->__construct()
 2 APPPATH\Controllers\vendor\Businesses.php(19): App\Libraries\IonAuth->__construct()
 3 SYSTEMPATH\CodeIgniter.php(903): App\Controllers\vendor\Businesses->__construct()
 4 SYSTEMPATH\CodeIgniter.php(500): CodeIgniter\CodeIgniter->createController()
 5 SYSTEMPATH\CodeIgniter.php(355): CodeIgniter\CodeIgniter->handleRequest(null, Object(Config\Cache), false)
 6 SYSTEMPATH\Boot.php(325): CodeIgniter\CodeIgniter->run()
 7 SYSTEMPATH\Boot.php(67): CodeIgniter\Boot::runCodeIgniter(Object(CodeIgniter\CodeIgniter))
 8 FCPATH\index.php(56): CodeIgniter\Boot::bootWeb(Object(Config\Paths))
WARNING - 2024-10-25 15:04:00 --> [DEPRECATED] Creation of dynamic property IonAuth\Models\IonAuthModel::$join is deprecated in FCPATH\vendor\benedmunds\codeigniter-ion-auth\Models\IonAuthModel.php on line 231.
 1 APPPATH\Libraries\IonAuth.php(71): IonAuth\Models\IonAuthModel->__construct()
 2 APPPATH\Helpers\function_helper.php(909): App\Libraries\IonAuth->__construct()
 3 APPPATH\Controllers\vendor\Businesses.php(70): subscription()
 4 SYSTEMPATH\CodeIgniter.php(933): App\Controllers\vendor\Businesses->save_business()
 5 SYSTEMPATH\CodeIgniter.php(509): CodeIgniter\CodeIgniter->runController(Object(App\Controllers\vendor\Businesses))
 6 SYSTEMPATH\CodeIgniter.php(355): CodeIgniter\CodeIgniter->handleRequest(null, Object(Config\Cache), false)
 7 SYSTEMPATH\Boot.php(325): CodeIgniter\CodeIgniter->run()
 8 SYSTEMPATH\Boot.php(67): CodeIgniter\Boot::runCodeIgniter(Object(CodeIgniter\CodeIgniter))
 9 FCPATH\index.php(56): CodeIgniter\Boot::bootWeb(Object(Config\Paths))
WARNING - 2024-10-25 15:04:00 --> [DEPRECATED] Creation of dynamic property IonAuth\Models\IonAuthModel::$hashMethod is deprecated in FCPATH\vendor\benedmunds\codeigniter-ion-auth\Models\IonAuthModel.php on line 234.
 1 APPPATH\Libraries\IonAuth.php(71): IonAuth\Models\IonAuthModel->__construct()
 2 APPPATH\Helpers\function_helper.php(909): App\Libraries\IonAuth->__construct()
 3 APPPATH\Controllers\vendor\Businesses.php(70): subscription()
 4 SYSTEMPATH\CodeIgniter.php(933): App\Controllers\vendor\Businesses->save_business()
 5 SYSTEMPATH\CodeIgniter.php(509): CodeIgniter\CodeIgniter->runController(Object(App\Controllers\vendor\Businesses))
 6 SYSTEMPATH\CodeIgniter.php(355): CodeIgniter\CodeIgniter->handleRequest(null, Object(Config\Cache), false)
 7 SYSTEMPATH\Boot.php(325): CodeIgniter\CodeIgniter->run()
 8 SYSTEMPATH\Boot.php(67): CodeIgniter\Boot::runCodeIgniter(Object(CodeIgniter\CodeIgniter))
 9 FCPATH\index.php(56): CodeIgniter\Boot::bootWeb(Object(Config\Paths))
WARNING - 2024-10-25 15:04:00 --> [DEPRECATED] Creation of dynamic property IonAuth\Models\IonAuthModel::$messagesTemplates is deprecated in FCPATH\vendor\benedmunds\codeigniter-ion-auth\Models\IonAuthModel.php on line 237.
 1 APPPATH\Libraries\IonAuth.php(71): IonAuth\Models\IonAuthModel->__construct()
 2 APPPATH\Helpers\function_helper.php(909): App\Libraries\IonAuth->__construct()
 3 APPPATH\Controllers\vendor\Businesses.php(70): subscription()
 4 SYSTEMPATH\CodeIgniter.php(933): App\Controllers\vendor\Businesses->save_business()
 5 SYSTEMPATH\CodeIgniter.php(509): CodeIgniter\CodeIgniter->runController(Object(App\Controllers\vendor\Businesses))
 6 SYSTEMPATH\CodeIgniter.php(355): CodeIgniter\CodeIgniter->handleRequest(null, Object(Config\Cache), false)
 7 SYSTEMPATH\Boot.php(325): CodeIgniter\CodeIgniter->run()
 8 SYSTEMPATH\Boot.php(67): CodeIgniter\Boot::runCodeIgniter(Object(CodeIgniter\CodeIgniter))
 9 FCPATH\index.php(56): CodeIgniter\Boot::bootWeb(Object(Config\Paths))
WARNING - 2024-10-25 15:04:00 --> [DEPRECATED] Creation of dynamic property IonAuth\Models\IonAuthModel::$join is deprecated in FCPATH\vendor\benedmunds\codeigniter-ion-auth\Models\IonAuthModel.php on line 231.
 1 APPPATH\Libraries\IonAuth.php(71): IonAuth\Models\IonAuthModel->__construct()
 2 APPPATH\Filters\CheckRoles.php(17): App\Libraries\IonAuth->__construct()
 3 SYSTEMPATH\Filters\Filters.php(235): App\Filters\CheckRoles->__construct()
 4 SYSTEMPATH\Filters\Filters.php(188): CodeIgniter\Filters\Filters->runAfter([...])
 5 SYSTEMPATH\CodeIgniter.php(527): CodeIgniter\Filters\Filters->run('vendor/businesses/save_business', 'after')
 6 SYSTEMPATH\CodeIgniter.php(355): CodeIgniter\CodeIgniter->handleRequest(null, Object(Config\Cache), false)
 7 SYSTEMPATH\Boot.php(325): CodeIgniter\CodeIgniter->run()
 8 SYSTEMPATH\Boot.php(67): CodeIgniter\Boot::runCodeIgniter(Object(CodeIgniter\CodeIgniter))
 9 FCPATH\index.php(56): CodeIgniter\Boot::bootWeb(Object(Config\Paths))
WARNING - 2024-10-25 15:04:00 --> [DEPRECATED] Creation of dynamic property IonAuth\Models\IonAuthModel::$hashMethod is deprecated in FCPATH\vendor\benedmunds\codeigniter-ion-auth\Models\IonAuthModel.php on line 234.
 1 APPPATH\Libraries\IonAuth.php(71): IonAuth\Models\IonAuthModel->__construct()
 2 APPPATH\Filters\CheckRoles.php(17): App\Libraries\IonAuth->__construct()
 3 SYSTEMPATH\Filters\Filters.php(235): App\Filters\CheckRoles->__construct()
 4 SYSTEMPATH\Filters\Filters.php(188): CodeIgniter\Filters\Filters->runAfter([...])
 5 SYSTEMPATH\CodeIgniter.php(527): CodeIgniter\Filters\Filters->run('vendor/businesses/save_business', 'after')
 6 SYSTEMPATH\CodeIgniter.php(355): CodeIgniter\CodeIgniter->handleRequest(null, Object(Config\Cache), false)
 7 SYSTEMPATH\Boot.php(325): CodeIgniter\CodeIgniter->run()
 8 SYSTEMPATH\Boot.php(67): CodeIgniter\Boot::runCodeIgniter(Object(CodeIgniter\CodeIgniter))
 9 FCPATH\index.php(56): CodeIgniter\Boot::bootWeb(Object(Config\Paths))
WARNING - 2024-10-25 15:04:00 --> [DEPRECATED] Creation of dynamic property IonAuth\Models\IonAuthModel::$messagesTemplates is deprecated in FCPATH\vendor\benedmunds\codeigniter-ion-auth\Models\IonAuthModel.php on line 237.
 1 APPPATH\Libraries\IonAuth.php(71): IonAuth\Models\IonAuthModel->__construct()
 2 APPPATH\Filters\CheckRoles.php(17): App\Libraries\IonAuth->__construct()
 3 SYSTEMPATH\Filters\Filters.php(235): App\Filters\CheckRoles->__construct()
 4 SYSTEMPATH\Filters\Filters.php(188): CodeIgniter\Filters\Filters->runAfter([...])
 5 SYSTEMPATH\CodeIgniter.php(527): CodeIgniter\Filters\Filters->run('vendor/businesses/save_business', 'after')
 6 SYSTEMPATH\CodeIgniter.php(355): CodeIgniter\CodeIgniter->handleRequest(null, Object(Config\Cache), false)
 7 SYSTEMPATH\Boot.php(325): CodeIgniter\CodeIgniter->run()
 8 SYSTEMPATH\Boot.php(67): CodeIgniter\Boot::runCodeIgniter(Object(CodeIgniter\CodeIgniter))
 9 FCPATH\index.php(56): CodeIgniter\Boot::bootWeb(Object(Config\Paths))
INFO - 2024-10-25 09:34:06 --> Session: Class initialized using 'CodeIgniter\Session\Handlers\FileHandler' driver.
WARNING - 2024-10-25 09:34:06 --> [DEPRECATED] Creation of dynamic property IonAuth\Models\IonAuthModel::$join is deprecated in FCPATH\vendor\benedmunds\codeigniter-ion-auth\Models\IonAuthModel.php on line 231.
 1 APPPATH\Libraries\IonAuth.php(71): IonAuth\Models\IonAuthModel->__construct()
 2 APPPATH\Filters\CheckRoles.php(17): App\Libraries\IonAuth->__construct()
 3 SYSTEMPATH\Filters\Filters.php(197): App\Filters\CheckRoles->__construct()
 4 SYSTEMPATH\Filters\Filters.php(184): CodeIgniter\Filters\Filters->runBefore([...])
 5 SYSTEMPATH\CodeIgniter.php(481): CodeIgniter\Filters\Filters->run('vendor/subscription', 'before')
 6 SYSTEMPATH\CodeIgniter.php(355): CodeIgniter\CodeIgniter->handleRequest(null, Object(Config\Cache), false)
 7 SYSTEMPATH\Boot.php(325): CodeIgniter\CodeIgniter->run()
 8 SYSTEMPATH\Boot.php(67): CodeIgniter\Boot::runCodeIgniter(Object(CodeIgniter\CodeIgniter))
 9 FCPATH\index.php(56): CodeIgniter\Boot::bootWeb(Object(Config\Paths))
WARNING - 2024-10-25 09:34:06 --> [DEPRECATED] Creation of dynamic property IonAuth\Models\IonAuthModel::$hashMethod is deprecated in FCPATH\vendor\benedmunds\codeigniter-ion-auth\Models\IonAuthModel.php on line 234.
 1 APPPATH\Libraries\IonAuth.php(71): IonAuth\Models\IonAuthModel->__construct()
 2 APPPATH\Filters\CheckRoles.php(17): App\Libraries\IonAuth->__construct()
 3 SYSTEMPATH\Filters\Filters.php(197): App\Filters\CheckRoles->__construct()
 4 SYSTEMPATH\Filters\Filters.php(184): CodeIgniter\Filters\Filters->runBefore([...])
 5 SYSTEMPATH\CodeIgniter.php(481): CodeIgniter\Filters\Filters->run('vendor/subscription', 'before')
 6 SYSTEMPATH\CodeIgniter.php(355): CodeIgniter\CodeIgniter->handleRequest(null, Object(Config\Cache), false)
 7 SYSTEMPATH\Boot.php(325): CodeIgniter\CodeIgniter->run()
 8 SYSTEMPATH\Boot.php(67): CodeIgniter\Boot::runCodeIgniter(Object(CodeIgniter\CodeIgniter))
 9 FCPATH\index.php(56): CodeIgniter\Boot::bootWeb(Object(Config\Paths))
WARNING - 2024-10-25 09:34:06 --> [DEPRECATED] Creation of dynamic property IonAuth\Models\IonAuthModel::$messagesTemplates is deprecated in FCPATH\vendor\benedmunds\codeigniter-ion-auth\Models\IonAuthModel.php on line 237.
 1 APPPATH\Libraries\IonAuth.php(71): IonAuth\Models\IonAuthModel->__construct()
 2 APPPATH\Filters\CheckRoles.php(17): App\Libraries\IonAuth->__construct()
 3 SYSTEMPATH\Filters\Filters.php(197): App\Filters\CheckRoles->__construct()
 4 SYSTEMPATH\Filters\Filters.php(184): CodeIgniter\Filters\Filters->runBefore([...])
 5 SYSTEMPATH\CodeIgniter.php(481): CodeIgniter\Filters\Filters->run('vendor/subscription', 'before')
 6 SYSTEMPATH\CodeIgniter.php(355): CodeIgniter\CodeIgniter->handleRequest(null, Object(Config\Cache), false)
 7 SYSTEMPATH\Boot.php(325): CodeIgniter\CodeIgniter->run()
 8 SYSTEMPATH\Boot.php(67): CodeIgniter\Boot::runCodeIgniter(Object(CodeIgniter\CodeIgniter))
 9 FCPATH\index.php(56): CodeIgniter\Boot::bootWeb(Object(Config\Paths))
WARNING - 2024-10-25 09:34:06 --> [DEPRECATED] Creation of dynamic property IonAuth\Models\IonAuthModel::$join is deprecated in FCPATH\vendor\benedmunds\codeigniter-ion-auth\Models\IonAuthModel.php on line 231.
 1 APPPATH\Libraries\IonAuth.php(71): IonAuth\Models\IonAuthModel->__construct()
 2 APPPATH\Controllers\vendor\Subscription.php(18): App\Libraries\IonAuth->__construct()
 3 SYSTEMPATH\CodeIgniter.php(903): App\Controllers\vendor\Subscription->__construct()
 4 SYSTEMPATH\CodeIgniter.php(500): CodeIgniter\CodeIgniter->createController()
 5 SYSTEMPATH\CodeIgniter.php(355): CodeIgniter\CodeIgniter->handleRequest(null, Object(Config\Cache), false)
 6 SYSTEMPATH\Boot.php(325): CodeIgniter\CodeIgniter->run()
 7 SYSTEMPATH\Boot.php(67): CodeIgniter\Boot::runCodeIgniter(Object(CodeIgniter\CodeIgniter))
 8 FCPATH\index.php(56): CodeIgniter\Boot::bootWeb(Object(Config\Paths))
WARNING - 2024-10-25 09:34:06 --> [DEPRECATED] Creation of dynamic property IonAuth\Models\IonAuthModel::$hashMethod is deprecated in FCPATH\vendor\benedmunds\codeigniter-ion-auth\Models\IonAuthModel.php on line 234.
 1 APPPATH\Libraries\IonAuth.php(71): IonAuth\Models\IonAuthModel->__construct()
 2 APPPATH\Controllers\vendor\Subscription.php(18): App\Libraries\IonAuth->__construct()
 3 SYSTEMPATH\CodeIgniter.php(903): App\Controllers\vendor\Subscription->__construct()
 4 SYSTEMPATH\CodeIgniter.php(500): CodeIgniter\CodeIgniter->createController()
 5 SYSTEMPATH\CodeIgniter.php(355): CodeIgniter\CodeIgniter->handleRequest(null, Object(Config\Cache), false)
 6 SYSTEMPATH\Boot.php(325): CodeIgniter\CodeIgniter->run()
 7 SYSTEMPATH\Boot.php(67): CodeIgniter\Boot::runCodeIgniter(Object(CodeIgniter\CodeIgniter))
 8 FCPATH\index.php(56): CodeIgniter\Boot::bootWeb(Object(Config\Paths))
WARNING - 2024-10-25 09:34:06 --> [DEPRECATED] Creation of dynamic property IonAuth\Models\IonAuthModel::$messagesTemplates is deprecated in FCPATH\vendor\benedmunds\codeigniter-ion-auth\Models\IonAuthModel.php on line 237.
 1 APPPATH\Libraries\IonAuth.php(71): IonAuth\Models\IonAuthModel->__construct()
 2 APPPATH\Controllers\vendor\Subscription.php(18): App\Libraries\IonAuth->__construct()
 3 SYSTEMPATH\CodeIgniter.php(903): App\Controllers\vendor\Subscription->__construct()
 4 SYSTEMPATH\CodeIgniter.php(500): CodeIgniter\CodeIgniter->createController()
 5 SYSTEMPATH\CodeIgniter.php(355): CodeIgniter\CodeIgniter->handleRequest(null, Object(Config\Cache), false)
 6 SYSTEMPATH\Boot.php(325): CodeIgniter\CodeIgniter->run()
 7 SYSTEMPATH\Boot.php(67): CodeIgniter\Boot::runCodeIgniter(Object(CodeIgniter\CodeIgniter))
 8 FCPATH\index.php(56): CodeIgniter\Boot::bootWeb(Object(Config\Paths))
WARNING - 2024-10-25 15:04:06 --> [DEPRECATED] Creation of dynamic property IonAuth\Models\IonAuthModel::$join is deprecated in FCPATH\vendor\benedmunds\codeigniter-ion-auth\Models\IonAuthModel.php on line 231.
 1 APPPATH\Libraries\IonAuth.php(71): IonAuth\Models\IonAuthModel->__construct()
 2 APPPATH\Filters\CheckRoles.php(17): App\Libraries\IonAuth->__construct()
 3 SYSTEMPATH\Filters\Filters.php(235): App\Filters\CheckRoles->__construct()
 4 SYSTEMPATH\Filters\Filters.php(188): CodeIgniter\Filters\Filters->runAfter([...])
 5 SYSTEMPATH\CodeIgniter.php(527): CodeIgniter\Filters\Filters->run('vendor/subscription', 'after')
 6 SYSTEMPATH\CodeIgniter.php(355): CodeIgniter\CodeIgniter->handleRequest(null, Object(Config\Cache), false)
 7 SYSTEMPATH\Boot.php(325): CodeIgniter\CodeIgniter->run()
 8 SYSTEMPATH\Boot.php(67): CodeIgniter\Boot::runCodeIgniter(Object(CodeIgniter\CodeIgniter))
 9 FCPATH\index.php(56): CodeIgniter\Boot::bootWeb(Object(Config\Paths))
WARNING - 2024-10-25 15:04:06 --> [DEPRECATED] Creation of dynamic property IonAuth\Models\IonAuthModel::$hashMethod is deprecated in FCPATH\vendor\benedmunds\codeigniter-ion-auth\Models\IonAuthModel.php on line 234.
 1 APPPATH\Libraries\IonAuth.php(71): IonAuth\Models\IonAuthModel->__construct()
 2 APPPATH\Filters\CheckRoles.php(17): App\Libraries\IonAuth->__construct()
 3 SYSTEMPATH\Filters\Filters.php(235): App\Filters\CheckRoles->__construct()
 4 SYSTEMPATH\Filters\Filters.php(188): CodeIgniter\Filters\Filters->runAfter([...])
 5 SYSTEMPATH\CodeIgniter.php(527): CodeIgniter\Filters\Filters->run('vendor/subscription', 'after')
 6 SYSTEMPATH\CodeIgniter.php(355): CodeIgniter\CodeIgniter->handleRequest(null, Object(Config\Cache), false)
 7 SYSTEMPATH\Boot.php(325): CodeIgniter\CodeIgniter->run()
 8 SYSTEMPATH\Boot.php(67): CodeIgniter\Boot::runCodeIgniter(Object(CodeIgniter\CodeIgniter))
 9 FCPATH\index.php(56): CodeIgniter\Boot::bootWeb(Object(Config\Paths))
WARNING - 2024-10-25 15:04:06 --> [DEPRECATED] Creation of dynamic property IonAuth\Models\IonAuthModel::$messagesTemplates is deprecated in FCPATH\vendor\benedmunds\codeigniter-ion-auth\Models\IonAuthModel.php on line 237.
 1 APPPATH\Libraries\IonAuth.php(71): IonAuth\Models\IonAuthModel->__construct()
 2 APPPATH\Filters\CheckRoles.php(17): App\Libraries\IonAuth->__construct()
 3 SYSTEMPATH\Filters\Filters.php(235): App\Filters\CheckRoles->__construct()
 4 SYSTEMPATH\Filters\Filters.php(188): CodeIgniter\Filters\Filters->runAfter([...])
 5 SYSTEMPATH\CodeIgniter.php(527): CodeIgniter\Filters\Filters->run('vendor/subscription', 'after')
 6 SYSTEMPATH\CodeIgniter.php(355): CodeIgniter\CodeIgniter->handleRequest(null, Object(Config\Cache), false)
 7 SYSTEMPATH\Boot.php(325): CodeIgniter\CodeIgniter->run()
 8 SYSTEMPATH\Boot.php(67): CodeIgniter\Boot::runCodeIgniter(Object(CodeIgniter\CodeIgniter))
 9 FCPATH\index.php(56): CodeIgniter\Boot::bootWeb(Object(Config\Paths))
INFO - 2024-10-25 09:34:07 --> Session: Class initialized using 'CodeIgniter\Session\Handlers\FileHandler' driver.
WARNING - 2024-10-25 09:34:07 --> [DEPRECATED] Creation of dynamic property IonAuth\Models\IonAuthModel::$join is deprecated in FCPATH\vendor\benedmunds\codeigniter-ion-auth\Models\IonAuthModel.php on line 231.
 1 APPPATH\Libraries\IonAuth.php(71): IonAuth\Models\IonAuthModel->__construct()
 2 APPPATH\Filters\CheckRoles.php(17): App\Libraries\IonAuth->__construct()
 3 SYSTEMPATH\Filters\Filters.php(197): App\Filters\CheckRoles->__construct()
 4 SYSTEMPATH\Filters\Filters.php(184): CodeIgniter\Filters\Filters->runBefore([...])
 5 SYSTEMPATH\CodeIgniter.php(481): CodeIgniter\Filters\Filters->run('vendor/subscription/package_table', 'before')
 6 SYSTEMPATH\CodeIgniter.php(355): CodeIgniter\CodeIgniter->handleRequest(null, Object(Config\Cache), false)
 7 SYSTEMPATH\Boot.php(325): CodeIgniter\CodeIgniter->run()
 8 SYSTEMPATH\Boot.php(67): CodeIgniter\Boot::runCodeIgniter(Object(CodeIgniter\CodeIgniter))
 9 FCPATH\index.php(56): CodeIgniter\Boot::bootWeb(Object(Config\Paths))
WARNING - 2024-10-25 09:34:07 --> [DEPRECATED] Creation of dynamic property IonAuth\Models\IonAuthModel::$hashMethod is deprecated in FCPATH\vendor\benedmunds\codeigniter-ion-auth\Models\IonAuthModel.php on line 234.
 1 APPPATH\Libraries\IonAuth.php(71): IonAuth\Models\IonAuthModel->__construct()
 2 APPPATH\Filters\CheckRoles.php(17): App\Libraries\IonAuth->__construct()
 3 SYSTEMPATH\Filters\Filters.php(197): App\Filters\CheckRoles->__construct()
 4 SYSTEMPATH\Filters\Filters.php(184): CodeIgniter\Filters\Filters->runBefore([...])
 5 SYSTEMPATH\CodeIgniter.php(481): CodeIgniter\Filters\Filters->run('vendor/subscription/package_table', 'before')
 6 SYSTEMPATH\CodeIgniter.php(355): CodeIgniter\CodeIgniter->handleRequest(null, Object(Config\Cache), false)
 7 SYSTEMPATH\Boot.php(325): CodeIgniter\CodeIgniter->run()
 8 SYSTEMPATH\Boot.php(67): CodeIgniter\Boot::runCodeIgniter(Object(CodeIgniter\CodeIgniter))
 9 FCPATH\index.php(56): CodeIgniter\Boot::bootWeb(Object(Config\Paths))
WARNING - 2024-10-25 09:34:07 --> [DEPRECATED] Creation of dynamic property IonAuth\Models\IonAuthModel::$messagesTemplates is deprecated in FCPATH\vendor\benedmunds\codeigniter-ion-auth\Models\IonAuthModel.php on line 237.
 1 APPPATH\Libraries\IonAuth.php(71): IonAuth\Models\IonAuthModel->__construct()
 2 APPPATH\Filters\CheckRoles.php(17): App\Libraries\IonAuth->__construct()
 3 SYSTEMPATH\Filters\Filters.php(197): App\Filters\CheckRoles->__construct()
 4 SYSTEMPATH\Filters\Filters.php(184): CodeIgniter\Filters\Filters->runBefore([...])
 5 SYSTEMPATH\CodeIgniter.php(481): CodeIgniter\Filters\Filters->run('vendor/subscription/package_table', 'before')
 6 SYSTEMPATH\CodeIgniter.php(355): CodeIgniter\CodeIgniter->handleRequest(null, Object(Config\Cache), false)
 7 SYSTEMPATH\Boot.php(325): CodeIgniter\CodeIgniter->run()
 8 SYSTEMPATH\Boot.php(67): CodeIgniter\Boot::runCodeIgniter(Object(CodeIgniter\CodeIgniter))
 9 FCPATH\index.php(56): CodeIgniter\Boot::bootWeb(Object(Config\Paths))
WARNING - 2024-10-25 09:34:07 --> [DEPRECATED] Creation of dynamic property IonAuth\Models\IonAuthModel::$join is deprecated in FCPATH\vendor\benedmunds\codeigniter-ion-auth\Models\IonAuthModel.php on line 231.
 1 APPPATH\Libraries\IonAuth.php(71): IonAuth\Models\IonAuthModel->__construct()
 2 APPPATH\Controllers\vendor\Subscription.php(18): App\Libraries\IonAuth->__construct()
 3 SYSTEMPATH\CodeIgniter.php(903): App\Controllers\vendor\Subscription->__construct()
 4 SYSTEMPATH\CodeIgniter.php(500): CodeIgniter\CodeIgniter->createController()
 5 SYSTEMPATH\CodeIgniter.php(355): CodeIgniter\CodeIgniter->handleRequest(null, Object(Config\Cache), false)
 6 SYSTEMPATH\Boot.php(325): CodeIgniter\CodeIgniter->run()
 7 SYSTEMPATH\Boot.php(67): CodeIgniter\Boot::runCodeIgniter(Object(CodeIgniter\CodeIgniter))
 8 FCPATH\index.php(56): CodeIgniter\Boot::bootWeb(Object(Config\Paths))
WARNING - 2024-10-25 09:34:07 --> [DEPRECATED] Creation of dynamic property IonAuth\Models\IonAuthModel::$hashMethod is deprecated in FCPATH\vendor\benedmunds\codeigniter-ion-auth\Models\IonAuthModel.php on line 234.
 1 APPPATH\Libraries\IonAuth.php(71): IonAuth\Models\IonAuthModel->__construct()
 2 APPPATH\Controllers\vendor\Subscription.php(18): App\Libraries\IonAuth->__construct()
 3 SYSTEMPATH\CodeIgniter.php(903): App\Controllers\vendor\Subscription->__construct()
 4 SYSTEMPATH\CodeIgniter.php(500): CodeIgniter\CodeIgniter->createController()
 5 SYSTEMPATH\CodeIgniter.php(355): CodeIgniter\CodeIgniter->handleRequest(null, Object(Config\Cache), false)
 6 SYSTEMPATH\Boot.php(325): CodeIgniter\CodeIgniter->run()
 7 SYSTEMPATH\Boot.php(67): CodeIgniter\Boot::runCodeIgniter(Object(CodeIgniter\CodeIgniter))
 8 FCPATH\index.php(56): CodeIgniter\Boot::bootWeb(Object(Config\Paths))
WARNING - 2024-10-25 09:34:07 --> [DEPRECATED] Creation of dynamic property IonAuth\Models\IonAuthModel::$messagesTemplates is deprecated in FCPATH\vendor\benedmunds\codeigniter-ion-auth\Models\IonAuthModel.php on line 237.
 1 APPPATH\Libraries\IonAuth.php(71): IonAuth\Models\IonAuthModel->__construct()
 2 APPPATH\Controllers\vendor\Subscription.php(18): App\Libraries\IonAuth->__construct()
 3 SYSTEMPATH\CodeIgniter.php(903): App\Controllers\vendor\Subscription->__construct()
 4 SYSTEMPATH\CodeIgniter.php(500): CodeIgniter\CodeIgniter->createController()
 5 SYSTEMPATH\CodeIgniter.php(355): CodeIgniter\CodeIgniter->handleRequest(null, Object(Config\Cache), false)
 6 SYSTEMPATH\Boot.php(325): CodeIgniter\CodeIgniter->run()
 7 SYSTEMPATH\Boot.php(67): CodeIgniter\Boot::runCodeIgniter(Object(CodeIgniter\CodeIgniter))
 8 FCPATH\index.php(56): CodeIgniter\Boot::bootWeb(Object(Config\Paths))
WARNING - 2024-10-25 15:04:07 --> [DEPRECATED] Creation of dynamic property IonAuth\Models\IonAuthModel::$join is deprecated in FCPATH\vendor\benedmunds\codeigniter-ion-auth\Models\IonAuthModel.php on line 231.
 1 APPPATH\Libraries\IonAuth.php(71): IonAuth\Models\IonAuthModel->__construct()
 2 APPPATH\Filters\CheckRoles.php(17): App\Libraries\IonAuth->__construct()
 3 SYSTEMPATH\Filters\Filters.php(235): App\Filters\CheckRoles->__construct()
 4 SYSTEMPATH\Filters\Filters.php(188): CodeIgniter\Filters\Filters->runAfter([...])
 5 SYSTEMPATH\CodeIgniter.php(527): CodeIgniter\Filters\Filters->run('vendor/subscription/package_table', 'after')
 6 SYSTEMPATH\CodeIgniter.php(355): CodeIgniter\CodeIgniter->handleRequest(null, Object(Config\Cache), false)
 7 SYSTEMPATH\Boot.php(325): CodeIgniter\CodeIgniter->run()
 8 SYSTEMPATH\Boot.php(67): CodeIgniter\Boot::runCodeIgniter(Object(CodeIgniter\CodeIgniter))
 9 FCPATH\index.php(56): CodeIgniter\Boot::bootWeb(Object(Config\Paths))
WARNING - 2024-10-25 15:04:07 --> [DEPRECATED] Creation of dynamic property IonAuth\Models\IonAuthModel::$hashMethod is deprecated in FCPATH\vendor\benedmunds\codeigniter-ion-auth\Models\IonAuthModel.php on line 234.
 1 APPPATH\Libraries\IonAuth.php(71): IonAuth\Models\IonAuthModel->__construct()
 2 APPPATH\Filters\CheckRoles.php(17): App\Libraries\IonAuth->__construct()
 3 SYSTEMPATH\Filters\Filters.php(235): App\Filters\CheckRoles->__construct()
 4 SYSTEMPATH\Filters\Filters.php(188): CodeIgniter\Filters\Filters->runAfter([...])
 5 SYSTEMPATH\CodeIgniter.php(527): CodeIgniter\Filters\Filters->run('vendor/subscription/package_table', 'after')
 6 SYSTEMPATH\CodeIgniter.php(355): CodeIgniter\CodeIgniter->handleRequest(null, Object(Config\Cache), false)
 7 SYSTEMPATH\Boot.php(325): CodeIgniter\CodeIgniter->run()
 8 SYSTEMPATH\Boot.php(67): CodeIgniter\Boot::runCodeIgniter(Object(CodeIgniter\CodeIgniter))
 9 FCPATH\index.php(56): CodeIgniter\Boot::bootWeb(Object(Config\Paths))
WARNING - 2024-10-25 15:04:07 --> [DEPRECATED] Creation of dynamic property IonAuth\Models\IonAuthModel::$messagesTemplates is deprecated in FCPATH\vendor\benedmunds\codeigniter-ion-auth\Models\IonAuthModel.php on line 237.
 1 APPPATH\Libraries\IonAuth.php(71): IonAuth\Models\IonAuthModel->__construct()
 2 APPPATH\Filters\CheckRoles.php(17): App\Libraries\IonAuth->__construct()
 3 SYSTEMPATH\Filters\Filters.php(235): App\Filters\CheckRoles->__construct()
 4 SYSTEMPATH\Filters\Filters.php(188): CodeIgniter\Filters\Filters->runAfter([...])
 5 SYSTEMPATH\CodeIgniter.php(527): CodeIgniter\Filters\Filters->run('vendor/subscription/package_table', 'after')
 6 SYSTEMPATH\CodeIgniter.php(355): CodeIgniter\CodeIgniter->handleRequest(null, Object(Config\Cache), false)
 7 SYSTEMPATH\Boot.php(325): CodeIgniter\CodeIgniter->run()
 8 SYSTEMPATH\Boot.php(67): CodeIgniter\Boot::runCodeIgniter(Object(CodeIgniter\CodeIgniter))
 9 FCPATH\index.php(56): CodeIgniter\Boot::bootWeb(Object(Config\Paths))
INFO - 2024-10-25 09:34:07 --> Session: Class initialized using 'CodeIgniter\Session\Handlers\FileHandler' driver.
WARNING - 2024-10-25 09:34:07 --> [DEPRECATED] Creation of dynamic property IonAuth\Models\IonAuthModel::$join is deprecated in FCPATH\vendor\benedmunds\codeigniter-ion-auth\Models\IonAuthModel.php on line 231.
 1 APPPATH\Libraries\IonAuth.php(71): IonAuth\Models\IonAuthModel->__construct()
 2 APPPATH\Filters\CheckPermissions.php(16): App\Libraries\IonAuth->__construct()
 3 SYSTEMPATH\Filters\Filters.php(197): App\Filters\CheckPermissions->__construct()
 4 SYSTEMPATH\Filters\Filters.php(184): CodeIgniter\Filters\Filters->runBefore([...])
 5 SYSTEMPATH\CodeIgniter.php(481): CodeIgniter\Filters\Filters->run('vendor/products/stock_alert', 'before')
 6 SYSTEMPATH\CodeIgniter.php(355): CodeIgniter\CodeIgniter->handleRequest(null, Object(Config\Cache), false)
 7 SYSTEMPATH\Boot.php(325): CodeIgniter\CodeIgniter->run()
 8 SYSTEMPATH\Boot.php(67): CodeIgniter\Boot::runCodeIgniter(Object(CodeIgniter\CodeIgniter))
 9 FCPATH\index.php(56): CodeIgniter\Boot::bootWeb(Object(Config\Paths))
WARNING - 2024-10-25 09:34:07 --> [DEPRECATED] Creation of dynamic property IonAuth\Models\IonAuthModel::$hashMethod is deprecated in FCPATH\vendor\benedmunds\codeigniter-ion-auth\Models\IonAuthModel.php on line 234.
 1 APPPATH\Libraries\IonAuth.php(71): IonAuth\Models\IonAuthModel->__construct()
 2 APPPATH\Filters\CheckPermissions.php(16): App\Libraries\IonAuth->__construct()
 3 SYSTEMPATH\Filters\Filters.php(197): App\Filters\CheckPermissions->__construct()
 4 SYSTEMPATH\Filters\Filters.php(184): CodeIgniter\Filters\Filters->runBefore([...])
 5 SYSTEMPATH\CodeIgniter.php(481): CodeIgniter\Filters\Filters->run('vendor/products/stock_alert', 'before')
 6 SYSTEMPATH\CodeIgniter.php(355): CodeIgniter\CodeIgniter->handleRequest(null, Object(Config\Cache), false)
 7 SYSTEMPATH\Boot.php(325): CodeIgniter\CodeIgniter->run()
 8 SYSTEMPATH\Boot.php(67): CodeIgniter\Boot::runCodeIgniter(Object(CodeIgniter\CodeIgniter))
 9 FCPATH\index.php(56): CodeIgniter\Boot::bootWeb(Object(Config\Paths))
WARNING - 2024-10-25 09:34:07 --> [DEPRECATED] Creation of dynamic property IonAuth\Models\IonAuthModel::$messagesTemplates is deprecated in FCPATH\vendor\benedmunds\codeigniter-ion-auth\Models\IonAuthModel.php on line 237.
 1 APPPATH\Libraries\IonAuth.php(71): IonAuth\Models\IonAuthModel->__construct()
 2 APPPATH\Filters\CheckPermissions.php(16): App\Libraries\IonAuth->__construct()
 3 SYSTEMPATH\Filters\Filters.php(197): App\Filters\CheckPermissions->__construct()
 4 SYSTEMPATH\Filters\Filters.php(184): CodeIgniter\Filters\Filters->runBefore([...])
 5 SYSTEMPATH\CodeIgniter.php(481): CodeIgniter\Filters\Filters->run('vendor/products/stock_alert', 'before')
 6 SYSTEMPATH\CodeIgniter.php(355): CodeIgniter\CodeIgniter->handleRequest(null, Object(Config\Cache), false)
 7 SYSTEMPATH\Boot.php(325): CodeIgniter\CodeIgniter->run()
 8 SYSTEMPATH\Boot.php(67): CodeIgniter\Boot::runCodeIgniter(Object(CodeIgniter\CodeIgniter))
 9 FCPATH\index.php(56): CodeIgniter\Boot::bootWeb(Object(Config\Paths))
WARNING - 2024-10-25 09:34:07 --> [DEPRECATED] Creation of dynamic property IonAuth\Models\IonAuthModel::$join is deprecated in FCPATH\vendor\benedmunds\codeigniter-ion-auth\Models\IonAuthModel.php on line 231.
 1 APPPATH\Libraries\IonAuth.php(71): IonAuth\Models\IonAuthModel->__construct()
 2 APPPATH\Controllers\vendor\Products.php(23): App\Libraries\IonAuth->__construct()
 3 SYSTEMPATH\CodeIgniter.php(903): App\Controllers\vendor\Products->__construct()
 4 SYSTEMPATH\CodeIgniter.php(500): CodeIgniter\CodeIgniter->createController()
 5 SYSTEMPATH\CodeIgniter.php(355): CodeIgniter\CodeIgniter->handleRequest(null, Object(Config\Cache), false)
 6 SYSTEMPATH\Boot.php(325): CodeIgniter\CodeIgniter->run()
 7 SYSTEMPATH\Boot.php(67): CodeIgniter\Boot::runCodeIgniter(Object(CodeIgniter\CodeIgniter))
 8 FCPATH\index.php(56): CodeIgniter\Boot::bootWeb(Object(Config\Paths))
WARNING - 2024-10-25 09:34:07 --> [DEPRECATED] Creation of dynamic property IonAuth\Models\IonAuthModel::$hashMethod is deprecated in FCPATH\vendor\benedmunds\codeigniter-ion-auth\Models\IonAuthModel.php on line 234.
 1 APPPATH\Libraries\IonAuth.php(71): IonAuth\Models\IonAuthModel->__construct()
 2 APPPATH\Controllers\vendor\Products.php(23): App\Libraries\IonAuth->__construct()
 3 SYSTEMPATH\CodeIgniter.php(903): App\Controllers\vendor\Products->__construct()
 4 SYSTEMPATH\CodeIgniter.php(500): CodeIgniter\CodeIgniter->createController()
 5 SYSTEMPATH\CodeIgniter.php(355): CodeIgniter\CodeIgniter->handleRequest(null, Object(Config\Cache), false)
 6 SYSTEMPATH\Boot.php(325): CodeIgniter\CodeIgniter->run()
 7 SYSTEMPATH\Boot.php(67): CodeIgniter\Boot::runCodeIgniter(Object(CodeIgniter\CodeIgniter))
 8 FCPATH\index.php(56): CodeIgniter\Boot::bootWeb(Object(Config\Paths))
WARNING - 2024-10-25 09:34:07 --> [DEPRECATED] Creation of dynamic property IonAuth\Models\IonAuthModel::$messagesTemplates is deprecated in FCPATH\vendor\benedmunds\codeigniter-ion-auth\Models\IonAuthModel.php on line 237.
 1 APPPATH\Libraries\IonAuth.php(71): IonAuth\Models\IonAuthModel->__construct()
 2 APPPATH\Controllers\vendor\Products.php(23): App\Libraries\IonAuth->__construct()
 3 SYSTEMPATH\CodeIgniter.php(903): App\Controllers\vendor\Products->__construct()
 4 SYSTEMPATH\CodeIgniter.php(500): CodeIgniter\CodeIgniter->createController()
 5 SYSTEMPATH\CodeIgniter.php(355): CodeIgniter\CodeIgniter->handleRequest(null, Object(Config\Cache), false)
 6 SYSTEMPATH\Boot.php(325): CodeIgniter\CodeIgniter->run()
 7 SYSTEMPATH\Boot.php(67): CodeIgniter\Boot::runCodeIgniter(Object(CodeIgniter\CodeIgniter))
 8 FCPATH\index.php(56): CodeIgniter\Boot::bootWeb(Object(Config\Paths))
CRITICAL - 2024-10-25 15:04:07 --> ErrorException: Undefined variable $array
[Method: GET, Route: vendor/products/stock_alert]
in APPPATH\Controllers\vendor\Products.php on line 1151.
 1 APPPATH\Controllers\vendor\Products.php(1151): CodeIgniter\Debug\Exceptions->errorHandler(2, 'Undefined variable $array', 'C:\\xampp1\\htdocs\\Maareeye-sass-git\\app\\Controllers\\vendor\\Products.php', 1151)
 2 SYSTEMPATH\CodeIgniter.php(933): App\Controllers\vendor\Products->stock_alert()
 3 SYSTEMPATH\CodeIgniter.php(509): CodeIgniter\CodeIgniter->runController(Object(App\Controllers\vendor\Products))
 4 SYSTEMPATH\CodeIgniter.php(355): CodeIgniter\CodeIgniter->handleRequest(null, Object(Config\Cache), false)
 5 SYSTEMPATH\Boot.php(325): CodeIgniter\CodeIgniter->run()
 6 SYSTEMPATH\Boot.php(67): CodeIgniter\Boot::runCodeIgniter(Object(CodeIgniter\CodeIgniter))
 7 FCPATH\index.php(56): CodeIgniter\Boot::bootWeb(Object(Config\Paths))
INFO - 2024-10-25 09:34:11 --> Session: Class initialized using 'CodeIgniter\Session\Handlers\FileHandler' driver.
WARNING - 2024-10-25 09:34:11 --> [DEPRECATED] Creation of dynamic property IonAuth\Models\IonAuthModel::$join is deprecated in FCPATH\vendor\benedmunds\codeigniter-ion-auth\Models\IonAuthModel.php on line 231.
 1 APPPATH\Libraries\IonAuth.php(71): IonAuth\Models\IonAuthModel->__construct()
 2 APPPATH\Filters\CheckRoles.php(17): App\Libraries\IonAuth->__construct()
 3 SYSTEMPATH\Filters\Filters.php(197): App\Filters\CheckRoles->__construct()
 4 SYSTEMPATH\Filters\Filters.php(184): CodeIgniter\Filters\Filters->runBefore([...])
 5 SYSTEMPATH\CodeIgniter.php(481): CodeIgniter\Filters\Filters->run('vendor/subscription/packages', 'before')
 6 SYSTEMPATH\CodeIgniter.php(355): CodeIgniter\CodeIgniter->handleRequest(null, Object(Config\Cache), false)
 7 SYSTEMPATH\Boot.php(325): CodeIgniter\CodeIgniter->run()
 8 SYSTEMPATH\Boot.php(67): CodeIgniter\Boot::runCodeIgniter(Object(CodeIgniter\CodeIgniter))
 9 FCPATH\index.php(56): CodeIgniter\Boot::bootWeb(Object(Config\Paths))
WARNING - 2024-10-25 09:34:11 --> [DEPRECATED] Creation of dynamic property IonAuth\Models\IonAuthModel::$hashMethod is deprecated in FCPATH\vendor\benedmunds\codeigniter-ion-auth\Models\IonAuthModel.php on line 234.
 1 APPPATH\Libraries\IonAuth.php(71): IonAuth\Models\IonAuthModel->__construct()
 2 APPPATH\Filters\CheckRoles.php(17): App\Libraries\IonAuth->__construct()
 3 SYSTEMPATH\Filters\Filters.php(197): App\Filters\CheckRoles->__construct()
 4 SYSTEMPATH\Filters\Filters.php(184): CodeIgniter\Filters\Filters->runBefore([...])
 5 SYSTEMPATH\CodeIgniter.php(481): CodeIgniter\Filters\Filters->run('vendor/subscription/packages', 'before')
 6 SYSTEMPATH\CodeIgniter.php(355): CodeIgniter\CodeIgniter->handleRequest(null, Object(Config\Cache), false)
 7 SYSTEMPATH\Boot.php(325): CodeIgniter\CodeIgniter->run()
 8 SYSTEMPATH\Boot.php(67): CodeIgniter\Boot::runCodeIgniter(Object(CodeIgniter\CodeIgniter))
 9 FCPATH\index.php(56): CodeIgniter\Boot::bootWeb(Object(Config\Paths))
WARNING - 2024-10-25 09:34:11 --> [DEPRECATED] Creation of dynamic property IonAuth\Models\IonAuthModel::$messagesTemplates is deprecated in FCPATH\vendor\benedmunds\codeigniter-ion-auth\Models\IonAuthModel.php on line 237.
 1 APPPATH\Libraries\IonAuth.php(71): IonAuth\Models\IonAuthModel->__construct()
 2 APPPATH\Filters\CheckRoles.php(17): App\Libraries\IonAuth->__construct()
 3 SYSTEMPATH\Filters\Filters.php(197): App\Filters\CheckRoles->__construct()
 4 SYSTEMPATH\Filters\Filters.php(184): CodeIgniter\Filters\Filters->runBefore([...])
 5 SYSTEMPATH\CodeIgniter.php(481): CodeIgniter\Filters\Filters->run('vendor/subscription/packages', 'before')
 6 SYSTEMPATH\CodeIgniter.php(355): CodeIgniter\CodeIgniter->handleRequest(null, Object(Config\Cache), false)
 7 SYSTEMPATH\Boot.php(325): CodeIgniter\CodeIgniter->run()
 8 SYSTEMPATH\Boot.php(67): CodeIgniter\Boot::runCodeIgniter(Object(CodeIgniter\CodeIgniter))
 9 FCPATH\index.php(56): CodeIgniter\Boot::bootWeb(Object(Config\Paths))
WARNING - 2024-10-25 09:34:11 --> [DEPRECATED] Creation of dynamic property IonAuth\Models\IonAuthModel::$join is deprecated in FCPATH\vendor\benedmunds\codeigniter-ion-auth\Models\IonAuthModel.php on line 231.
 1 APPPATH\Libraries\IonAuth.php(71): IonAuth\Models\IonAuthModel->__construct()
 2 APPPATH\Controllers\vendor\Subscription.php(18): App\Libraries\IonAuth->__construct()
 3 SYSTEMPATH\CodeIgniter.php(903): App\Controllers\vendor\Subscription->__construct()
 4 SYSTEMPATH\CodeIgniter.php(500): CodeIgniter\CodeIgniter->createController()
 5 SYSTEMPATH\CodeIgniter.php(355): CodeIgniter\CodeIgniter->handleRequest(null, Object(Config\Cache), false)
 6 SYSTEMPATH\Boot.php(325): CodeIgniter\CodeIgniter->run()
 7 SYSTEMPATH\Boot.php(67): CodeIgniter\Boot::runCodeIgniter(Object(CodeIgniter\CodeIgniter))
 8 FCPATH\index.php(56): CodeIgniter\Boot::bootWeb(Object(Config\Paths))
WARNING - 2024-10-25 09:34:11 --> [DEPRECATED] Creation of dynamic property IonAuth\Models\IonAuthModel::$hashMethod is deprecated in FCPATH\vendor\benedmunds\codeigniter-ion-auth\Models\IonAuthModel.php on line 234.
 1 APPPATH\Libraries\IonAuth.php(71): IonAuth\Models\IonAuthModel->__construct()
 2 APPPATH\Controllers\vendor\Subscription.php(18): App\Libraries\IonAuth->__construct()
 3 SYSTEMPATH\CodeIgniter.php(903): App\Controllers\vendor\Subscription->__construct()
 4 SYSTEMPATH\CodeIgniter.php(500): CodeIgniter\CodeIgniter->createController()
 5 SYSTEMPATH\CodeIgniter.php(355): CodeIgniter\CodeIgniter->handleRequest(null, Object(Config\Cache), false)
 6 SYSTEMPATH\Boot.php(325): CodeIgniter\CodeIgniter->run()
 7 SYSTEMPATH\Boot.php(67): CodeIgniter\Boot::runCodeIgniter(Object(CodeIgniter\CodeIgniter))
 8 FCPATH\index.php(56): CodeIgniter\Boot::bootWeb(Object(Config\Paths))
WARNING - 2024-10-25 09:34:11 --> [DEPRECATED] Creation of dynamic property IonAuth\Models\IonAuthModel::$messagesTemplates is deprecated in FCPATH\vendor\benedmunds\codeigniter-ion-auth\Models\IonAuthModel.php on line 237.
 1 APPPATH\Libraries\IonAuth.php(71): IonAuth\Models\IonAuthModel->__construct()
 2 APPPATH\Controllers\vendor\Subscription.php(18): App\Libraries\IonAuth->__construct()
 3 SYSTEMPATH\CodeIgniter.php(903): App\Controllers\vendor\Subscription->__construct()
 4 SYSTEMPATH\CodeIgniter.php(500): CodeIgniter\CodeIgniter->createController()
 5 SYSTEMPATH\CodeIgniter.php(355): CodeIgniter\CodeIgniter->handleRequest(null, Object(Config\Cache), false)
 6 SYSTEMPATH\Boot.php(325): CodeIgniter\CodeIgniter->run()
 7 SYSTEMPATH\Boot.php(67): CodeIgniter\Boot::runCodeIgniter(Object(CodeIgniter\CodeIgniter))
 8 FCPATH\index.php(56): CodeIgniter\Boot::bootWeb(Object(Config\Paths))
WARNING - 2024-10-25 15:04:11 --> [DEPRECATED] Creation of dynamic property IonAuth\Models\IonAuthModel::$join is deprecated in FCPATH\vendor\benedmunds\codeigniter-ion-auth\Models\IonAuthModel.php on line 231.
 1 APPPATH\Libraries\IonAuth.php(71): IonAuth\Models\IonAuthModel->__construct()
 2 APPPATH\Filters\CheckRoles.php(17): App\Libraries\IonAuth->__construct()
 3 SYSTEMPATH\Filters\Filters.php(235): App\Filters\CheckRoles->__construct()
 4 SYSTEMPATH\Filters\Filters.php(188): CodeIgniter\Filters\Filters->runAfter([...])
 5 SYSTEMPATH\CodeIgniter.php(527): CodeIgniter\Filters\Filters->run('vendor/subscription/packages', 'after')
 6 SYSTEMPATH\CodeIgniter.php(355): CodeIgniter\CodeIgniter->handleRequest(null, Object(Config\Cache), false)
 7 SYSTEMPATH\Boot.php(325): CodeIgniter\CodeIgniter->run()
 8 SYSTEMPATH\Boot.php(67): CodeIgniter\Boot::runCodeIgniter(Object(CodeIgniter\CodeIgniter))
 9 FCPATH\index.php(56): CodeIgniter\Boot::bootWeb(Object(Config\Paths))
WARNING - 2024-10-25 15:04:11 --> [DEPRECATED] Creation of dynamic property IonAuth\Models\IonAuthModel::$hashMethod is deprecated in FCPATH\vendor\benedmunds\codeigniter-ion-auth\Models\IonAuthModel.php on line 234.
 1 APPPATH\Libraries\IonAuth.php(71): IonAuth\Models\IonAuthModel->__construct()
 2 APPPATH\Filters\CheckRoles.php(17): App\Libraries\IonAuth->__construct()
 3 SYSTEMPATH\Filters\Filters.php(235): App\Filters\CheckRoles->__construct()
 4 SYSTEMPATH\Filters\Filters.php(188): CodeIgniter\Filters\Filters->runAfter([...])
 5 SYSTEMPATH\CodeIgniter.php(527): CodeIgniter\Filters\Filters->run('vendor/subscription/packages', 'after')
 6 SYSTEMPATH\CodeIgniter.php(355): CodeIgniter\CodeIgniter->handleRequest(null, Object(Config\Cache), false)
 7 SYSTEMPATH\Boot.php(325): CodeIgniter\CodeIgniter->run()
 8 SYSTEMPATH\Boot.php(67): CodeIgniter\Boot::runCodeIgniter(Object(CodeIgniter\CodeIgniter))
 9 FCPATH\index.php(56): CodeIgniter\Boot::bootWeb(Object(Config\Paths))
WARNING - 2024-10-25 15:04:11 --> [DEPRECATED] Creation of dynamic property IonAuth\Models\IonAuthModel::$messagesTemplates is deprecated in FCPATH\vendor\benedmunds\codeigniter-ion-auth\Models\IonAuthModel.php on line 237.
 1 APPPATH\Libraries\IonAuth.php(71): IonAuth\Models\IonAuthModel->__construct()
 2 APPPATH\Filters\CheckRoles.php(17): App\Libraries\IonAuth->__construct()
 3 SYSTEMPATH\Filters\Filters.php(235): App\Filters\CheckRoles->__construct()
 4 SYSTEMPATH\Filters\Filters.php(188): CodeIgniter\Filters\Filters->runAfter([...])
 5 SYSTEMPATH\CodeIgniter.php(527): CodeIgniter\Filters\Filters->run('vendor/subscription/packages', 'after')
 6 SYSTEMPATH\CodeIgniter.php(355): CodeIgniter\CodeIgniter->handleRequest(null, Object(Config\Cache), false)
 7 SYSTEMPATH\Boot.php(325): CodeIgniter\CodeIgniter->run()
 8 SYSTEMPATH\Boot.php(67): CodeIgniter\Boot::runCodeIgniter(Object(CodeIgniter\CodeIgniter))
 9 FCPATH\index.php(56): CodeIgniter\Boot::bootWeb(Object(Config\Paths))
INFO - 2024-10-25 09:34:12 --> Session: Class initialized using 'CodeIgniter\Session\Handlers\FileHandler' driver.
WARNING - 2024-10-25 09:34:12 --> [DEPRECATED] Creation of dynamic property IonAuth\Models\IonAuthModel::$join is deprecated in FCPATH\vendor\benedmunds\codeigniter-ion-auth\Models\IonAuthModel.php on line 231.
 1 APPPATH\Libraries\IonAuth.php(71): IonAuth\Models\IonAuthModel->__construct()
 2 APPPATH\Filters\CheckPermissions.php(16): App\Libraries\IonAuth->__construct()
 3 SYSTEMPATH\Filters\Filters.php(197): App\Filters\CheckPermissions->__construct()
 4 SYSTEMPATH\Filters\Filters.php(184): CodeIgniter\Filters\Filters->runBefore([...])
 5 SYSTEMPATH\CodeIgniter.php(481): CodeIgniter\Filters\Filters->run('vendor/products/stock_alert', 'before')
 6 SYSTEMPATH\CodeIgniter.php(355): CodeIgniter\CodeIgniter->handleRequest(null, Object(Config\Cache), false)
 7 SYSTEMPATH\Boot.php(325): CodeIgniter\CodeIgniter->run()
 8 SYSTEMPATH\Boot.php(67): CodeIgniter\Boot::runCodeIgniter(Object(CodeIgniter\CodeIgniter))
 9 FCPATH\index.php(56): CodeIgniter\Boot::bootWeb(Object(Config\Paths))
WARNING - 2024-10-25 09:34:12 --> [DEPRECATED] Creation of dynamic property IonAuth\Models\IonAuthModel::$hashMethod is deprecated in FCPATH\vendor\benedmunds\codeigniter-ion-auth\Models\IonAuthModel.php on line 234.
 1 APPPATH\Libraries\IonAuth.php(71): IonAuth\Models\IonAuthModel->__construct()
 2 APPPATH\Filters\CheckPermissions.php(16): App\Libraries\IonAuth->__construct()
 3 SYSTEMPATH\Filters\Filters.php(197): App\Filters\CheckPermissions->__construct()
 4 SYSTEMPATH\Filters\Filters.php(184): CodeIgniter\Filters\Filters->runBefore([...])
 5 SYSTEMPATH\CodeIgniter.php(481): CodeIgniter\Filters\Filters->run('vendor/products/stock_alert', 'before')
 6 SYSTEMPATH\CodeIgniter.php(355): CodeIgniter\CodeIgniter->handleRequest(null, Object(Config\Cache), false)
 7 SYSTEMPATH\Boot.php(325): CodeIgniter\CodeIgniter->run()
 8 SYSTEMPATH\Boot.php(67): CodeIgniter\Boot::runCodeIgniter(Object(CodeIgniter\CodeIgniter))
 9 FCPATH\index.php(56): CodeIgniter\Boot::bootWeb(Object(Config\Paths))
WARNING - 2024-10-25 09:34:12 --> [DEPRECATED] Creation of dynamic property IonAuth\Models\IonAuthModel::$messagesTemplates is deprecated in FCPATH\vendor\benedmunds\codeigniter-ion-auth\Models\IonAuthModel.php on line 237.
 1 APPPATH\Libraries\IonAuth.php(71): IonAuth\Models\IonAuthModel->__construct()
 2 APPPATH\Filters\CheckPermissions.php(16): App\Libraries\IonAuth->__construct()
 3 SYSTEMPATH\Filters\Filters.php(197): App\Filters\CheckPermissions->__construct()
 4 SYSTEMPATH\Filters\Filters.php(184): CodeIgniter\Filters\Filters->runBefore([...])
 5 SYSTEMPATH\CodeIgniter.php(481): CodeIgniter\Filters\Filters->run('vendor/products/stock_alert', 'before')
 6 SYSTEMPATH\CodeIgniter.php(355): CodeIgniter\CodeIgniter->handleRequest(null, Object(Config\Cache), false)
 7 SYSTEMPATH\Boot.php(325): CodeIgniter\CodeIgniter->run()
 8 SYSTEMPATH\Boot.php(67): CodeIgniter\Boot::runCodeIgniter(Object(CodeIgniter\CodeIgniter))
 9 FCPATH\index.php(56): CodeIgniter\Boot::bootWeb(Object(Config\Paths))
WARNING - 2024-10-25 09:34:12 --> [DEPRECATED] Creation of dynamic property IonAuth\Models\IonAuthModel::$join is deprecated in FCPATH\vendor\benedmunds\codeigniter-ion-auth\Models\IonAuthModel.php on line 231.
 1 APPPATH\Libraries\IonAuth.php(71): IonAuth\Models\IonAuthModel->__construct()
 2 APPPATH\Controllers\vendor\Products.php(23): App\Libraries\IonAuth->__construct()
 3 SYSTEMPATH\CodeIgniter.php(903): App\Controllers\vendor\Products->__construct()
 4 SYSTEMPATH\CodeIgniter.php(500): CodeIgniter\CodeIgniter->createController()
 5 SYSTEMPATH\CodeIgniter.php(355): CodeIgniter\CodeIgniter->handleRequest(null, Object(Config\Cache), false)
 6 SYSTEMPATH\Boot.php(325): CodeIgniter\CodeIgniter->run()
 7 SYSTEMPATH\Boot.php(67): CodeIgniter\Boot::runCodeIgniter(Object(CodeIgniter\CodeIgniter))
 8 FCPATH\index.php(56): CodeIgniter\Boot::bootWeb(Object(Config\Paths))
WARNING - 2024-10-25 09:34:12 --> [DEPRECATED] Creation of dynamic property IonAuth\Models\IonAuthModel::$hashMethod is deprecated in FCPATH\vendor\benedmunds\codeigniter-ion-auth\Models\IonAuthModel.php on line 234.
 1 APPPATH\Libraries\IonAuth.php(71): IonAuth\Models\IonAuthModel->__construct()
 2 APPPATH\Controllers\vendor\Products.php(23): App\Libraries\IonAuth->__construct()
 3 SYSTEMPATH\CodeIgniter.php(903): App\Controllers\vendor\Products->__construct()
 4 SYSTEMPATH\CodeIgniter.php(500): CodeIgniter\CodeIgniter->createController()
 5 SYSTEMPATH\CodeIgniter.php(355): CodeIgniter\CodeIgniter->handleRequest(null, Object(Config\Cache), false)
 6 SYSTEMPATH\Boot.php(325): CodeIgniter\CodeIgniter->run()
 7 SYSTEMPATH\Boot.php(67): CodeIgniter\Boot::runCodeIgniter(Object(CodeIgniter\CodeIgniter))
 8 FCPATH\index.php(56): CodeIgniter\Boot::bootWeb(Object(Config\Paths))
WARNING - 2024-10-25 09:34:12 --> [DEPRECATED] Creation of dynamic property IonAuth\Models\IonAuthModel::$messagesTemplates is deprecated in FCPATH\vendor\benedmunds\codeigniter-ion-auth\Models\IonAuthModel.php on line 237.
 1 APPPATH\Libraries\IonAuth.php(71): IonAuth\Models\IonAuthModel->__construct()
 2 APPPATH\Controllers\vendor\Products.php(23): App\Libraries\IonAuth->__construct()
 3 SYSTEMPATH\CodeIgniter.php(903): App\Controllers\vendor\Products->__construct()
 4 SYSTEMPATH\CodeIgniter.php(500): CodeIgniter\CodeIgniter->createController()
 5 SYSTEMPATH\CodeIgniter.php(355): CodeIgniter\CodeIgniter->handleRequest(null, Object(Config\Cache), false)
 6 SYSTEMPATH\Boot.php(325): CodeIgniter\CodeIgniter->run()
 7 SYSTEMPATH\Boot.php(67): CodeIgniter\Boot::runCodeIgniter(Object(CodeIgniter\CodeIgniter))
 8 FCPATH\index.php(56): CodeIgniter\Boot::bootWeb(Object(Config\Paths))
CRITICAL - 2024-10-25 15:04:12 --> ErrorException: Undefined variable $array
[Method: GET, Route: vendor/products/stock_alert]
in APPPATH\Controllers\vendor\Products.php on line 1151.
 1 APPPATH\Controllers\vendor\Products.php(1151): CodeIgniter\Debug\Exceptions->errorHandler(2, 'Undefined variable $array', 'C:\\xampp1\\htdocs\\Maareeye-sass-git\\app\\Controllers\\vendor\\Products.php', 1151)
 2 SYSTEMPATH\CodeIgniter.php(933): App\Controllers\vendor\Products->stock_alert()
 3 SYSTEMPATH\CodeIgniter.php(509): CodeIgniter\CodeIgniter->runController(Object(App\Controllers\vendor\Products))
 4 SYSTEMPATH\CodeIgniter.php(355): CodeIgniter\CodeIgniter->handleRequest(null, Object(Config\Cache), false)
 5 SYSTEMPATH\Boot.php(325): CodeIgniter\CodeIgniter->run()
 6 SYSTEMPATH\Boot.php(67): CodeIgniter\Boot::runCodeIgniter(Object(CodeIgniter\CodeIgniter))
 7 FCPATH\index.php(56): CodeIgniter\Boot::bootWeb(Object(Config\Paths))
INFO - 2024-10-25 09:34:12 --> Session: Class initialized using 'CodeIgniter\Session\Handlers\FileHandler' driver.
WARNING - 2024-10-25 09:34:12 --> [DEPRECATED] Creation of dynamic property IonAuth\Models\IonAuthModel::$join is deprecated in FCPATH\vendor\benedmunds\codeigniter-ion-auth\Models\IonAuthModel.php on line 231.
 1 APPPATH\Libraries\IonAuth.php(71): IonAuth\Models\IonAuthModel->__construct()
 2 APPPATH\Filters\CheckRoles.php(17): App\Libraries\IonAuth->__construct()
 3 SYSTEMPATH\Filters\Filters.php(197): App\Filters\CheckRoles->__construct()
 4 SYSTEMPATH\Filters\Filters.php(184): CodeIgniter\Filters\Filters->runBefore([...])
 5 SYSTEMPATH\CodeIgniter.php(481): CodeIgniter\Filters\Filters->run('vendor/subscription/free_subscription', 'before')
 6 SYSTEMPATH\CodeIgniter.php(355): CodeIgniter\CodeIgniter->handleRequest(null, Object(Config\Cache), false)
 7 SYSTEMPATH\Boot.php(325): CodeIgniter\CodeIgniter->run()
 8 SYSTEMPATH\Boot.php(67): CodeIgniter\Boot::runCodeIgniter(Object(CodeIgniter\CodeIgniter))
 9 FCPATH\index.php(56): CodeIgniter\Boot::bootWeb(Object(Config\Paths))
WARNING - 2024-10-25 09:34:12 --> [DEPRECATED] Creation of dynamic property IonAuth\Models\IonAuthModel::$hashMethod is deprecated in FCPATH\vendor\benedmunds\codeigniter-ion-auth\Models\IonAuthModel.php on line 234.
 1 APPPATH\Libraries\IonAuth.php(71): IonAuth\Models\IonAuthModel->__construct()
 2 APPPATH\Filters\CheckRoles.php(17): App\Libraries\IonAuth->__construct()
 3 SYSTEMPATH\Filters\Filters.php(197): App\Filters\CheckRoles->__construct()
 4 SYSTEMPATH\Filters\Filters.php(184): CodeIgniter\Filters\Filters->runBefore([...])
 5 SYSTEMPATH\CodeIgniter.php(481): CodeIgniter\Filters\Filters->run('vendor/subscription/free_subscription', 'before')
 6 SYSTEMPATH\CodeIgniter.php(355): CodeIgniter\CodeIgniter->handleRequest(null, Object(Config\Cache), false)
 7 SYSTEMPATH\Boot.php(325): CodeIgniter\CodeIgniter->run()
 8 SYSTEMPATH\Boot.php(67): CodeIgniter\Boot::runCodeIgniter(Object(CodeIgniter\CodeIgniter))
 9 FCPATH\index.php(56): CodeIgniter\Boot::bootWeb(Object(Config\Paths))
WARNING - 2024-10-25 09:34:12 --> [DEPRECATED] Creation of dynamic property IonAuth\Models\IonAuthModel::$messagesTemplates is deprecated in FCPATH\vendor\benedmunds\codeigniter-ion-auth\Models\IonAuthModel.php on line 237.
 1 APPPATH\Libraries\IonAuth.php(71): IonAuth\Models\IonAuthModel->__construct()
 2 APPPATH\Filters\CheckRoles.php(17): App\Libraries\IonAuth->__construct()
 3 SYSTEMPATH\Filters\Filters.php(197): App\Filters\CheckRoles->__construct()
 4 SYSTEMPATH\Filters\Filters.php(184): CodeIgniter\Filters\Filters->runBefore([...])
 5 SYSTEMPATH\CodeIgniter.php(481): CodeIgniter\Filters\Filters->run('vendor/subscription/free_subscription', 'before')
 6 SYSTEMPATH\CodeIgniter.php(355): CodeIgniter\CodeIgniter->handleRequest(null, Object(Config\Cache), false)
 7 SYSTEMPATH\Boot.php(325): CodeIgniter\CodeIgniter->run()
 8 SYSTEMPATH\Boot.php(67): CodeIgniter\Boot::runCodeIgniter(Object(CodeIgniter\CodeIgniter))
 9 FCPATH\index.php(56): CodeIgniter\Boot::bootWeb(Object(Config\Paths))
WARNING - 2024-10-25 09:34:12 --> [DEPRECATED] Creation of dynamic property IonAuth\Models\IonAuthModel::$join is deprecated in FCPATH\vendor\benedmunds\codeigniter-ion-auth\Models\IonAuthModel.php on line 231.
 1 APPPATH\Libraries\IonAuth.php(71): IonAuth\Models\IonAuthModel->__construct()
 2 APPPATH\Controllers\vendor\Subscription.php(18): App\Libraries\IonAuth->__construct()
 3 SYSTEMPATH\CodeIgniter.php(903): App\Controllers\vendor\Subscription->__construct()
 4 SYSTEMPATH\CodeIgniter.php(500): CodeIgniter\CodeIgniter->createController()
 5 SYSTEMPATH\CodeIgniter.php(355): CodeIgniter\CodeIgniter->handleRequest(null, Object(Config\Cache), false)
 6 SYSTEMPATH\Boot.php(325): CodeIgniter\CodeIgniter->run()
 7 SYSTEMPATH\Boot.php(67): CodeIgniter\Boot::runCodeIgniter(Object(CodeIgniter\CodeIgniter))
 8 FCPATH\index.php(56): CodeIgniter\Boot::bootWeb(Object(Config\Paths))
WARNING - 2024-10-25 09:34:12 --> [DEPRECATED] Creation of dynamic property IonAuth\Models\IonAuthModel::$hashMethod is deprecated in FCPATH\vendor\benedmunds\codeigniter-ion-auth\Models\IonAuthModel.php on line 234.
 1 APPPATH\Libraries\IonAuth.php(71): IonAuth\Models\IonAuthModel->__construct()
 2 APPPATH\Controllers\vendor\Subscription.php(18): App\Libraries\IonAuth->__construct()
 3 SYSTEMPATH\CodeIgniter.php(903): App\Controllers\vendor\Subscription->__construct()
 4 SYSTEMPATH\CodeIgniter.php(500): CodeIgniter\CodeIgniter->createController()
 5 SYSTEMPATH\CodeIgniter.php(355): CodeIgniter\CodeIgniter->handleRequest(null, Object(Config\Cache), false)
 6 SYSTEMPATH\Boot.php(325): CodeIgniter\CodeIgniter->run()
 7 SYSTEMPATH\Boot.php(67): CodeIgniter\Boot::runCodeIgniter(Object(CodeIgniter\CodeIgniter))
 8 FCPATH\index.php(56): CodeIgniter\Boot::bootWeb(Object(Config\Paths))
WARNING - 2024-10-25 09:34:12 --> [DEPRECATED] Creation of dynamic property IonAuth\Models\IonAuthModel::$messagesTemplates is deprecated in FCPATH\vendor\benedmunds\codeigniter-ion-auth\Models\IonAuthModel.php on line 237.
 1 APPPATH\Libraries\IonAuth.php(71): IonAuth\Models\IonAuthModel->__construct()
 2 APPPATH\Controllers\vendor\Subscription.php(18): App\Libraries\IonAuth->__construct()
 3 SYSTEMPATH\CodeIgniter.php(903): App\Controllers\vendor\Subscription->__construct()
 4 SYSTEMPATH\CodeIgniter.php(500): CodeIgniter\CodeIgniter->createController()
 5 SYSTEMPATH\CodeIgniter.php(355): CodeIgniter\CodeIgniter->handleRequest(null, Object(Config\Cache), false)
 6 SYSTEMPATH\Boot.php(325): CodeIgniter\CodeIgniter->run()
 7 SYSTEMPATH\Boot.php(67): CodeIgniter\Boot::runCodeIgniter(Object(CodeIgniter\CodeIgniter))
 8 FCPATH\index.php(56): CodeIgniter\Boot::bootWeb(Object(Config\Paths))
WARNING - 2024-10-25 15:04:12 --> [DEPRECATED] Creation of dynamic property IonAuth\Models\IonAuthModel::$join is deprecated in FCPATH\vendor\benedmunds\codeigniter-ion-auth\Models\IonAuthModel.php on line 231.
 1 APPPATH\Libraries\IonAuth.php(71): IonAuth\Models\IonAuthModel->__construct()
 2 APPPATH\Filters\CheckRoles.php(17): App\Libraries\IonAuth->__construct()
 3 SYSTEMPATH\Filters\Filters.php(235): App\Filters\CheckRoles->__construct()
 4 SYSTEMPATH\Filters\Filters.php(188): CodeIgniter\Filters\Filters->runAfter([...])
 5 SYSTEMPATH\CodeIgniter.php(527): CodeIgniter\Filters\Filters->run('vendor/subscription/free_subscription', 'after')
 6 SYSTEMPATH\CodeIgniter.php(355): CodeIgniter\CodeIgniter->handleRequest(null, Object(Config\Cache), false)
 7 SYSTEMPATH\Boot.php(325): CodeIgniter\CodeIgniter->run()
 8 SYSTEMPATH\Boot.php(67): CodeIgniter\Boot::runCodeIgniter(Object(CodeIgniter\CodeIgniter))
 9 FCPATH\index.php(56): CodeIgniter\Boot::bootWeb(Object(Config\Paths))
WARNING - 2024-10-25 15:04:12 --> [DEPRECATED] Creation of dynamic property IonAuth\Models\IonAuthModel::$hashMethod is deprecated in FCPATH\vendor\benedmunds\codeigniter-ion-auth\Models\IonAuthModel.php on line 234.
 1 APPPATH\Libraries\IonAuth.php(71): IonAuth\Models\IonAuthModel->__construct()
 2 APPPATH\Filters\CheckRoles.php(17): App\Libraries\IonAuth->__construct()
 3 SYSTEMPATH\Filters\Filters.php(235): App\Filters\CheckRoles->__construct()
 4 SYSTEMPATH\Filters\Filters.php(188): CodeIgniter\Filters\Filters->runAfter([...])
 5 SYSTEMPATH\CodeIgniter.php(527): CodeIgniter\Filters\Filters->run('vendor/subscription/free_subscription', 'after')
 6 SYSTEMPATH\CodeIgniter.php(355): CodeIgniter\CodeIgniter->handleRequest(null, Object(Config\Cache), false)
 7 SYSTEMPATH\Boot.php(325): CodeIgniter\CodeIgniter->run()
 8 SYSTEMPATH\Boot.php(67): CodeIgniter\Boot::runCodeIgniter(Object(CodeIgniter\CodeIgniter))
 9 FCPATH\index.php(56): CodeIgniter\Boot::bootWeb(Object(Config\Paths))
WARNING - 2024-10-25 15:04:12 --> [DEPRECATED] Creation of dynamic property IonAuth\Models\IonAuthModel::$messagesTemplates is deprecated in FCPATH\vendor\benedmunds\codeigniter-ion-auth\Models\IonAuthModel.php on line 237.
 1 APPPATH\Libraries\IonAuth.php(71): IonAuth\Models\IonAuthModel->__construct()
 2 APPPATH\Filters\CheckRoles.php(17): App\Libraries\IonAuth->__construct()
 3 SYSTEMPATH\Filters\Filters.php(235): App\Filters\CheckRoles->__construct()
 4 SYSTEMPATH\Filters\Filters.php(188): CodeIgniter\Filters\Filters->runAfter([...])
 5 SYSTEMPATH\CodeIgniter.php(527): CodeIgniter\Filters\Filters->run('vendor/subscription/free_subscription', 'after')
 6 SYSTEMPATH\CodeIgniter.php(355): CodeIgniter\CodeIgniter->handleRequest(null, Object(Config\Cache), false)
 7 SYSTEMPATH\Boot.php(325): CodeIgniter\CodeIgniter->run()
 8 SYSTEMPATH\Boot.php(67): CodeIgniter\Boot::runCodeIgniter(Object(CodeIgniter\CodeIgniter))
 9 FCPATH\index.php(56): CodeIgniter\Boot::bootWeb(Object(Config\Paths))
INFO - 2024-10-25 09:34:13 --> Session: Class initialized using 'CodeIgniter\Session\Handlers\FileHandler' driver.
WARNING - 2024-10-25 09:34:13 --> [DEPRECATED] Creation of dynamic property IonAuth\Models\IonAuthModel::$join is deprecated in FCPATH\vendor\benedmunds\codeigniter-ion-auth\Models\IonAuthModel.php on line 231.
 1 APPPATH\Libraries\IonAuth.php(71): IonAuth\Models\IonAuthModel->__construct()
 2 APPPATH\Filters\CheckPermissions.php(16): App\Libraries\IonAuth->__construct()
 3 SYSTEMPATH\Filters\Filters.php(197): App\Filters\CheckPermissions->__construct()
 4 SYSTEMPATH\Filters\Filters.php(184): CodeIgniter\Filters\Filters->runBefore([...])
 5 SYSTEMPATH\CodeIgniter.php(481): CodeIgniter\Filters\Filters->run('vendor/payments/payment_success', 'before')
 6 SYSTEMPATH\CodeIgniter.php(355): CodeIgniter\CodeIgniter->handleRequest(null, Object(Config\Cache), false)
 7 SYSTEMPATH\Boot.php(325): CodeIgniter\CodeIgniter->run()
 8 SYSTEMPATH\Boot.php(67): CodeIgniter\Boot::runCodeIgniter(Object(CodeIgniter\CodeIgniter))
 9 FCPATH\index.php(56): CodeIgniter\Boot::bootWeb(Object(Config\Paths))
WARNING - 2024-10-25 09:34:13 --> [DEPRECATED] Creation of dynamic property IonAuth\Models\IonAuthModel::$hashMethod is deprecated in FCPATH\vendor\benedmunds\codeigniter-ion-auth\Models\IonAuthModel.php on line 234.
 1 APPPATH\Libraries\IonAuth.php(71): IonAuth\Models\IonAuthModel->__construct()
 2 APPPATH\Filters\CheckPermissions.php(16): App\Libraries\IonAuth->__construct()
 3 SYSTEMPATH\Filters\Filters.php(197): App\Filters\CheckPermissions->__construct()
 4 SYSTEMPATH\Filters\Filters.php(184): CodeIgniter\Filters\Filters->runBefore([...])
 5 SYSTEMPATH\CodeIgniter.php(481): CodeIgniter\Filters\Filters->run('vendor/payments/payment_success', 'before')
 6 SYSTEMPATH\CodeIgniter.php(355): CodeIgniter\CodeIgniter->handleRequest(null, Object(Config\Cache), false)
 7 SYSTEMPATH\Boot.php(325): CodeIgniter\CodeIgniter->run()
 8 SYSTEMPATH\Boot.php(67): CodeIgniter\Boot::runCodeIgniter(Object(CodeIgniter\CodeIgniter))
 9 FCPATH\index.php(56): CodeIgniter\Boot::bootWeb(Object(Config\Paths))
WARNING - 2024-10-25 09:34:13 --> [DEPRECATED] Creation of dynamic property IonAuth\Models\IonAuthModel::$messagesTemplates is deprecated in FCPATH\vendor\benedmunds\codeigniter-ion-auth\Models\IonAuthModel.php on line 237.
 1 APPPATH\Libraries\IonAuth.php(71): IonAuth\Models\IonAuthModel->__construct()
 2 APPPATH\Filters\CheckPermissions.php(16): App\Libraries\IonAuth->__construct()
 3 SYSTEMPATH\Filters\Filters.php(197): App\Filters\CheckPermissions->__construct()
 4 SYSTEMPATH\Filters\Filters.php(184): CodeIgniter\Filters\Filters->runBefore([...])
 5 SYSTEMPATH\CodeIgniter.php(481): CodeIgniter\Filters\Filters->run('vendor/payments/payment_success', 'before')
 6 SYSTEMPATH\CodeIgniter.php(355): CodeIgniter\CodeIgniter->handleRequest(null, Object(Config\Cache), false)
 7 SYSTEMPATH\Boot.php(325): CodeIgniter\CodeIgniter->run()
 8 SYSTEMPATH\Boot.php(67): CodeIgniter\Boot::runCodeIgniter(Object(CodeIgniter\CodeIgniter))
 9 FCPATH\index.php(56): CodeIgniter\Boot::bootWeb(Object(Config\Paths))
WARNING - 2024-10-25 09:34:13 --> [DEPRECATED] Creation of dynamic property IonAuth\Models\IonAuthModel::$join is deprecated in FCPATH\vendor\benedmunds\codeigniter-ion-auth\Models\IonAuthModel.php on line 231.
 1 APPPATH\Libraries\IonAuth.php(71): IonAuth\Models\IonAuthModel->__construct()
 2 APPPATH\Controllers\vendor\Payments.php(18): App\Libraries\IonAuth->__construct()
 3 SYSTEMPATH\CodeIgniter.php(903): App\Controllers\vendor\Payments->__construct()
 4 SYSTEMPATH\CodeIgniter.php(500): CodeIgniter\CodeIgniter->createController()
 5 SYSTEMPATH\CodeIgniter.php(355): CodeIgniter\CodeIgniter->handleRequest(null, Object(Config\Cache), false)
 6 SYSTEMPATH\Boot.php(325): CodeIgniter\CodeIgniter->run()
 7 SYSTEMPATH\Boot.php(67): CodeIgniter\Boot::runCodeIgniter(Object(CodeIgniter\CodeIgniter))
 8 FCPATH\index.php(56): CodeIgniter\Boot::bootWeb(Object(Config\Paths))
WARNING - 2024-10-25 09:34:13 --> [DEPRECATED] Creation of dynamic property IonAuth\Models\IonAuthModel::$hashMethod is deprecated in FCPATH\vendor\benedmunds\codeigniter-ion-auth\Models\IonAuthModel.php on line 234.
 1 APPPATH\Libraries\IonAuth.php(71): IonAuth\Models\IonAuthModel->__construct()
 2 APPPATH\Controllers\vendor\Payments.php(18): App\Libraries\IonAuth->__construct()
 3 SYSTEMPATH\CodeIgniter.php(903): App\Controllers\vendor\Payments->__construct()
 4 SYSTEMPATH\CodeIgniter.php(500): CodeIgniter\CodeIgniter->createController()
 5 SYSTEMPATH\CodeIgniter.php(355): CodeIgniter\CodeIgniter->handleRequest(null, Object(Config\Cache), false)
 6 SYSTEMPATH\Boot.php(325): CodeIgniter\CodeIgniter->run()
 7 SYSTEMPATH\Boot.php(67): CodeIgniter\Boot::runCodeIgniter(Object(CodeIgniter\CodeIgniter))
 8 FCPATH\index.php(56): CodeIgniter\Boot::bootWeb(Object(Config\Paths))
WARNING - 2024-10-25 09:34:13 --> [DEPRECATED] Creation of dynamic property IonAuth\Models\IonAuthModel::$messagesTemplates is deprecated in FCPATH\vendor\benedmunds\codeigniter-ion-auth\Models\IonAuthModel.php on line 237.
 1 APPPATH\Libraries\IonAuth.php(71): IonAuth\Models\IonAuthModel->__construct()
 2 APPPATH\Controllers\vendor\Payments.php(18): App\Libraries\IonAuth->__construct()
 3 SYSTEMPATH\CodeIgniter.php(903): App\Controllers\vendor\Payments->__construct()
 4 SYSTEMPATH\CodeIgniter.php(500): CodeIgniter\CodeIgniter->createController()
 5 SYSTEMPATH\CodeIgniter.php(355): CodeIgniter\CodeIgniter->handleRequest(null, Object(Config\Cache), false)
 6 SYSTEMPATH\Boot.php(325): CodeIgniter\CodeIgniter->run()
 7 SYSTEMPATH\Boot.php(67): CodeIgniter\Boot::runCodeIgniter(Object(CodeIgniter\CodeIgniter))
 8 FCPATH\index.php(56): CodeIgniter\Boot::bootWeb(Object(Config\Paths))
WARNING - 2024-10-25 15:04:13 --> [DEPRECATED] Creation of dynamic property IonAuth\Models\IonAuthModel::$join is deprecated in FCPATH\vendor\benedmunds\codeigniter-ion-auth\Models\IonAuthModel.php on line 231.
 1 APPPATH\Libraries\IonAuth.php(71): IonAuth\Models\IonAuthModel->__construct()
 2 APPPATH\Filters\CheckPermissions.php(16): App\Libraries\IonAuth->__construct()
 3 SYSTEMPATH\Filters\Filters.php(235): App\Filters\CheckPermissions->__construct()
 4 SYSTEMPATH\Filters\Filters.php(188): CodeIgniter\Filters\Filters->runAfter([...])
 5 SYSTEMPATH\CodeIgniter.php(527): CodeIgniter\Filters\Filters->run('vendor/payments/payment_success', 'after')
 6 SYSTEMPATH\CodeIgniter.php(355): CodeIgniter\CodeIgniter->handleRequest(null, Object(Config\Cache), false)
 7 SYSTEMPATH\Boot.php(325): CodeIgniter\CodeIgniter->run()
 8 SYSTEMPATH\Boot.php(67): CodeIgniter\Boot::runCodeIgniter(Object(CodeIgniter\CodeIgniter))
 9 FCPATH\index.php(56): CodeIgniter\Boot::bootWeb(Object(Config\Paths))
WARNING - 2024-10-25 15:04:13 --> [DEPRECATED] Creation of dynamic property IonAuth\Models\IonAuthModel::$hashMethod is deprecated in FCPATH\vendor\benedmunds\codeigniter-ion-auth\Models\IonAuthModel.php on line 234.
 1 APPPATH\Libraries\IonAuth.php(71): IonAuth\Models\IonAuthModel->__construct()
 2 APPPATH\Filters\CheckPermissions.php(16): App\Libraries\IonAuth->__construct()
 3 SYSTEMPATH\Filters\Filters.php(235): App\Filters\CheckPermissions->__construct()
 4 SYSTEMPATH\Filters\Filters.php(188): CodeIgniter\Filters\Filters->runAfter([...])
 5 SYSTEMPATH\CodeIgniter.php(527): CodeIgniter\Filters\Filters->run('vendor/payments/payment_success', 'after')
 6 SYSTEMPATH\CodeIgniter.php(355): CodeIgniter\CodeIgniter->handleRequest(null, Object(Config\Cache), false)
 7 SYSTEMPATH\Boot.php(325): CodeIgniter\CodeIgniter->run()
 8 SYSTEMPATH\Boot.php(67): CodeIgniter\Boot::runCodeIgniter(Object(CodeIgniter\CodeIgniter))
 9 FCPATH\index.php(56): CodeIgniter\Boot::bootWeb(Object(Config\Paths))
WARNING - 2024-10-25 15:04:13 --> [DEPRECATED] Creation of dynamic property IonAuth\Models\IonAuthModel::$messagesTemplates is deprecated in FCPATH\vendor\benedmunds\codeigniter-ion-auth\Models\IonAuthModel.php on line 237.
 1 APPPATH\Libraries\IonAuth.php(71): IonAuth\Models\IonAuthModel->__construct()
 2 APPPATH\Filters\CheckPermissions.php(16): App\Libraries\IonAuth->__construct()
 3 SYSTEMPATH\Filters\Filters.php(235): App\Filters\CheckPermissions->__construct()
 4 SYSTEMPATH\Filters\Filters.php(188): CodeIgniter\Filters\Filters->runAfter([...])
 5 SYSTEMPATH\CodeIgniter.php(527): CodeIgniter\Filters\Filters->run('vendor/payments/payment_success', 'after')
 6 SYSTEMPATH\CodeIgniter.php(355): CodeIgniter\CodeIgniter->handleRequest(null, Object(Config\Cache), false)
 7 SYSTEMPATH\Boot.php(325): CodeIgniter\CodeIgniter->run()
 8 SYSTEMPATH\Boot.php(67): CodeIgniter\Boot::runCodeIgniter(Object(CodeIgniter\CodeIgniter))
 9 FCPATH\index.php(56): CodeIgniter\Boot::bootWeb(Object(Config\Paths))
INFO - 2024-10-25 09:34:13 --> Session: Class initialized using 'CodeIgniter\Session\Handlers\FileHandler' driver.
WARNING - 2024-10-25 09:34:13 --> [DEPRECATED] Creation of dynamic property IonAuth\Models\IonAuthModel::$join is deprecated in FCPATH\vendor\benedmunds\codeigniter-ion-auth\Models\IonAuthModel.php on line 231.
 1 APPPATH\Libraries\IonAuth.php(71): IonAuth\Models\IonAuthModel->__construct()
 2 APPPATH\Filters\CheckPermissions.php(16): App\Libraries\IonAuth->__construct()
 3 SYSTEMPATH\Filters\Filters.php(197): App\Filters\CheckPermissions->__construct()
 4 SYSTEMPATH\Filters\Filters.php(184): CodeIgniter\Filters\Filters->runBefore([...])
 5 SYSTEMPATH\CodeIgniter.php(481): CodeIgniter\Filters\Filters->run('vendor/products/stock_alert', 'before')
 6 SYSTEMPATH\CodeIgniter.php(355): CodeIgniter\CodeIgniter->handleRequest(null, Object(Config\Cache), false)
 7 SYSTEMPATH\Boot.php(325): CodeIgniter\CodeIgniter->run()
 8 SYSTEMPATH\Boot.php(67): CodeIgniter\Boot::runCodeIgniter(Object(CodeIgniter\CodeIgniter))
 9 FCPATH\index.php(56): CodeIgniter\Boot::bootWeb(Object(Config\Paths))
WARNING - 2024-10-25 09:34:13 --> [DEPRECATED] Creation of dynamic property IonAuth\Models\IonAuthModel::$hashMethod is deprecated in FCPATH\vendor\benedmunds\codeigniter-ion-auth\Models\IonAuthModel.php on line 234.
 1 APPPATH\Libraries\IonAuth.php(71): IonAuth\Models\IonAuthModel->__construct()
 2 APPPATH\Filters\CheckPermissions.php(16): App\Libraries\IonAuth->__construct()
 3 SYSTEMPATH\Filters\Filters.php(197): App\Filters\CheckPermissions->__construct()
 4 SYSTEMPATH\Filters\Filters.php(184): CodeIgniter\Filters\Filters->runBefore([...])
 5 SYSTEMPATH\CodeIgniter.php(481): CodeIgniter\Filters\Filters->run('vendor/products/stock_alert', 'before')
 6 SYSTEMPATH\CodeIgniter.php(355): CodeIgniter\CodeIgniter->handleRequest(null, Object(Config\Cache), false)
 7 SYSTEMPATH\Boot.php(325): CodeIgniter\CodeIgniter->run()
 8 SYSTEMPATH\Boot.php(67): CodeIgniter\Boot::runCodeIgniter(Object(CodeIgniter\CodeIgniter))
 9 FCPATH\index.php(56): CodeIgniter\Boot::bootWeb(Object(Config\Paths))
WARNING - 2024-10-25 09:34:13 --> [DEPRECATED] Creation of dynamic property IonAuth\Models\IonAuthModel::$messagesTemplates is deprecated in FCPATH\vendor\benedmunds\codeigniter-ion-auth\Models\IonAuthModel.php on line 237.
 1 APPPATH\Libraries\IonAuth.php(71): IonAuth\Models\IonAuthModel->__construct()
 2 APPPATH\Filters\CheckPermissions.php(16): App\Libraries\IonAuth->__construct()
 3 SYSTEMPATH\Filters\Filters.php(197): App\Filters\CheckPermissions->__construct()
 4 SYSTEMPATH\Filters\Filters.php(184): CodeIgniter\Filters\Filters->runBefore([...])
 5 SYSTEMPATH\CodeIgniter.php(481): CodeIgniter\Filters\Filters->run('vendor/products/stock_alert', 'before')
 6 SYSTEMPATH\CodeIgniter.php(355): CodeIgniter\CodeIgniter->handleRequest(null, Object(Config\Cache), false)
 7 SYSTEMPATH\Boot.php(325): CodeIgniter\CodeIgniter->run()
 8 SYSTEMPATH\Boot.php(67): CodeIgniter\Boot::runCodeIgniter(Object(CodeIgniter\CodeIgniter))
 9 FCPATH\index.php(56): CodeIgniter\Boot::bootWeb(Object(Config\Paths))
WARNING - 2024-10-25 09:34:13 --> [DEPRECATED] Creation of dynamic property IonAuth\Models\IonAuthModel::$join is deprecated in FCPATH\vendor\benedmunds\codeigniter-ion-auth\Models\IonAuthModel.php on line 231.
 1 APPPATH\Libraries\IonAuth.php(71): IonAuth\Models\IonAuthModel->__construct()
 2 APPPATH\Controllers\vendor\Products.php(23): App\Libraries\IonAuth->__construct()
 3 SYSTEMPATH\CodeIgniter.php(903): App\Controllers\vendor\Products->__construct()
 4 SYSTEMPATH\CodeIgniter.php(500): CodeIgniter\CodeIgniter->createController()
 5 SYSTEMPATH\CodeIgniter.php(355): CodeIgniter\CodeIgniter->handleRequest(null, Object(Config\Cache), false)
 6 SYSTEMPATH\Boot.php(325): CodeIgniter\CodeIgniter->run()
 7 SYSTEMPATH\Boot.php(67): CodeIgniter\Boot::runCodeIgniter(Object(CodeIgniter\CodeIgniter))
 8 FCPATH\index.php(56): CodeIgniter\Boot::bootWeb(Object(Config\Paths))
WARNING - 2024-10-25 09:34:13 --> [DEPRECATED] Creation of dynamic property IonAuth\Models\IonAuthModel::$hashMethod is deprecated in FCPATH\vendor\benedmunds\codeigniter-ion-auth\Models\IonAuthModel.php on line 234.
 1 APPPATH\Libraries\IonAuth.php(71): IonAuth\Models\IonAuthModel->__construct()
 2 APPPATH\Controllers\vendor\Products.php(23): App\Libraries\IonAuth->__construct()
 3 SYSTEMPATH\CodeIgniter.php(903): App\Controllers\vendor\Products->__construct()
 4 SYSTEMPATH\CodeIgniter.php(500): CodeIgniter\CodeIgniter->createController()
 5 SYSTEMPATH\CodeIgniter.php(355): CodeIgniter\CodeIgniter->handleRequest(null, Object(Config\Cache), false)
 6 SYSTEMPATH\Boot.php(325): CodeIgniter\CodeIgniter->run()
 7 SYSTEMPATH\Boot.php(67): CodeIgniter\Boot::runCodeIgniter(Object(CodeIgniter\CodeIgniter))
 8 FCPATH\index.php(56): CodeIgniter\Boot::bootWeb(Object(Config\Paths))
WARNING - 2024-10-25 09:34:13 --> [DEPRECATED] Creation of dynamic property IonAuth\Models\IonAuthModel::$messagesTemplates is deprecated in FCPATH\vendor\benedmunds\codeigniter-ion-auth\Models\IonAuthModel.php on line 237.
 1 APPPATH\Libraries\IonAuth.php(71): IonAuth\Models\IonAuthModel->__construct()
 2 APPPATH\Controllers\vendor\Products.php(23): App\Libraries\IonAuth->__construct()
 3 SYSTEMPATH\CodeIgniter.php(903): App\Controllers\vendor\Products->__construct()
 4 SYSTEMPATH\CodeIgniter.php(500): CodeIgniter\CodeIgniter->createController()
 5 SYSTEMPATH\CodeIgniter.php(355): CodeIgniter\CodeIgniter->handleRequest(null, Object(Config\Cache), false)
 6 SYSTEMPATH\Boot.php(325): CodeIgniter\CodeIgniter->run()
 7 SYSTEMPATH\Boot.php(67): CodeIgniter\Boot::runCodeIgniter(Object(CodeIgniter\CodeIgniter))
 8 FCPATH\index.php(56): CodeIgniter\Boot::bootWeb(Object(Config\Paths))
CRITICAL - 2024-10-25 15:04:13 --> ErrorException: Undefined variable $array
[Method: GET, Route: vendor/products/stock_alert]
in APPPATH\Controllers\vendor\Products.php on line 1151.
 1 APPPATH\Controllers\vendor\Products.php(1151): CodeIgniter\Debug\Exceptions->errorHandler(2, 'Undefined variable $array', 'C:\\xampp1\\htdocs\\Maareeye-sass-git\\app\\Controllers\\vendor\\Products.php', 1151)
 2 SYSTEMPATH\CodeIgniter.php(933): App\Controllers\vendor\Products->stock_alert()
 3 SYSTEMPATH\CodeIgniter.php(509): CodeIgniter\CodeIgniter->runController(Object(App\Controllers\vendor\Products))
 4 SYSTEMPATH\CodeIgniter.php(355): CodeIgniter\CodeIgniter->handleRequest(null, Object(Config\Cache), false)
 5 SYSTEMPATH\Boot.php(325): CodeIgniter\CodeIgniter->run()
 6 SYSTEMPATH\Boot.php(67): CodeIgniter\Boot::runCodeIgniter(Object(CodeIgniter\CodeIgniter))
 7 FCPATH\index.php(56): CodeIgniter\Boot::bootWeb(Object(Config\Paths))
INFO - 2024-10-25 09:34:15 --> Session: Class initialized using 'CodeIgniter\Session\Handlers\FileHandler' driver.
WARNING - 2024-10-25 09:34:15 --> [DEPRECATED] Creation of dynamic property IonAuth\Models\IonAuthModel::$join is deprecated in FCPATH\vendor\benedmunds\codeigniter-ion-auth\Models\IonAuthModel.php on line 231.
 1 APPPATH\Libraries\IonAuth.php(71): IonAuth\Models\IonAuthModel->__construct()
 2 APPPATH\Filters\CheckRoles.php(17): App\Libraries\IonAuth->__construct()
 3 SYSTEMPATH\Filters\Filters.php(197): App\Filters\CheckRoles->__construct()
 4 SYSTEMPATH\Filters\Filters.php(184): CodeIgniter\Filters\Filters->runBefore([...])
 5 SYSTEMPATH\CodeIgniter.php(481): CodeIgniter\Filters\Filters->run('vendor/businesses/save_business', 'before')
 6 SYSTEMPATH\CodeIgniter.php(355): CodeIgniter\CodeIgniter->handleRequest(null, Object(Config\Cache), false)
 7 SYSTEMPATH\Boot.php(325): CodeIgniter\CodeIgniter->run()
 8 SYSTEMPATH\Boot.php(67): CodeIgniter\Boot::runCodeIgniter(Object(CodeIgniter\CodeIgniter))
 9 FCPATH\index.php(56): CodeIgniter\Boot::bootWeb(Object(Config\Paths))
WARNING - 2024-10-25 09:34:15 --> [DEPRECATED] Creation of dynamic property IonAuth\Models\IonAuthModel::$hashMethod is deprecated in FCPATH\vendor\benedmunds\codeigniter-ion-auth\Models\IonAuthModel.php on line 234.
 1 APPPATH\Libraries\IonAuth.php(71): IonAuth\Models\IonAuthModel->__construct()
 2 APPPATH\Filters\CheckRoles.php(17): App\Libraries\IonAuth->__construct()
 3 SYSTEMPATH\Filters\Filters.php(197): App\Filters\CheckRoles->__construct()
 4 SYSTEMPATH\Filters\Filters.php(184): CodeIgniter\Filters\Filters->runBefore([...])
 5 SYSTEMPATH\CodeIgniter.php(481): CodeIgniter\Filters\Filters->run('vendor/businesses/save_business', 'before')
 6 SYSTEMPATH\CodeIgniter.php(355): CodeIgniter\CodeIgniter->handleRequest(null, Object(Config\Cache), false)
 7 SYSTEMPATH\Boot.php(325): CodeIgniter\CodeIgniter->run()
 8 SYSTEMPATH\Boot.php(67): CodeIgniter\Boot::runCodeIgniter(Object(CodeIgniter\CodeIgniter))
 9 FCPATH\index.php(56): CodeIgniter\Boot::bootWeb(Object(Config\Paths))
WARNING - 2024-10-25 09:34:15 --> [DEPRECATED] Creation of dynamic property IonAuth\Models\IonAuthModel::$messagesTemplates is deprecated in FCPATH\vendor\benedmunds\codeigniter-ion-auth\Models\IonAuthModel.php on line 237.
 1 APPPATH\Libraries\IonAuth.php(71): IonAuth\Models\IonAuthModel->__construct()
 2 APPPATH\Filters\CheckRoles.php(17): App\Libraries\IonAuth->__construct()
 3 SYSTEMPATH\Filters\Filters.php(197): App\Filters\CheckRoles->__construct()
 4 SYSTEMPATH\Filters\Filters.php(184): CodeIgniter\Filters\Filters->runBefore([...])
 5 SYSTEMPATH\CodeIgniter.php(481): CodeIgniter\Filters\Filters->run('vendor/businesses/save_business', 'before')
 6 SYSTEMPATH\CodeIgniter.php(355): CodeIgniter\CodeIgniter->handleRequest(null, Object(Config\Cache), false)
 7 SYSTEMPATH\Boot.php(325): CodeIgniter\CodeIgniter->run()
 8 SYSTEMPATH\Boot.php(67): CodeIgniter\Boot::runCodeIgniter(Object(CodeIgniter\CodeIgniter))
 9 FCPATH\index.php(56): CodeIgniter\Boot::bootWeb(Object(Config\Paths))
WARNING - 2024-10-25 09:34:15 --> [DEPRECATED] Creation of dynamic property IonAuth\Models\IonAuthModel::$join is deprecated in FCPATH\vendor\benedmunds\codeigniter-ion-auth\Models\IonAuthModel.php on line 231.
 1 APPPATH\Libraries\IonAuth.php(71): IonAuth\Models\IonAuthModel->__construct()
 2 APPPATH\Controllers\vendor\Businesses.php(19): App\Libraries\IonAuth->__construct()
 3 SYSTEMPATH\CodeIgniter.php(903): App\Controllers\vendor\Businesses->__construct()
 4 SYSTEMPATH\CodeIgniter.php(500): CodeIgniter\CodeIgniter->createController()
 5 SYSTEMPATH\CodeIgniter.php(355): CodeIgniter\CodeIgniter->handleRequest(null, Object(Config\Cache), false)
 6 SYSTEMPATH\Boot.php(325): CodeIgniter\CodeIgniter->run()
 7 SYSTEMPATH\Boot.php(67): CodeIgniter\Boot::runCodeIgniter(Object(CodeIgniter\CodeIgniter))
 8 FCPATH\index.php(56): CodeIgniter\Boot::bootWeb(Object(Config\Paths))
WARNING - 2024-10-25 09:34:15 --> [DEPRECATED] Creation of dynamic property IonAuth\Models\IonAuthModel::$hashMethod is deprecated in FCPATH\vendor\benedmunds\codeigniter-ion-auth\Models\IonAuthModel.php on line 234.
 1 APPPATH\Libraries\IonAuth.php(71): IonAuth\Models\IonAuthModel->__construct()
 2 APPPATH\Controllers\vendor\Businesses.php(19): App\Libraries\IonAuth->__construct()
 3 SYSTEMPATH\CodeIgniter.php(903): App\Controllers\vendor\Businesses->__construct()
 4 SYSTEMPATH\CodeIgniter.php(500): CodeIgniter\CodeIgniter->createController()
 5 SYSTEMPATH\CodeIgniter.php(355): CodeIgniter\CodeIgniter->handleRequest(null, Object(Config\Cache), false)
 6 SYSTEMPATH\Boot.php(325): CodeIgniter\CodeIgniter->run()
 7 SYSTEMPATH\Boot.php(67): CodeIgniter\Boot::runCodeIgniter(Object(CodeIgniter\CodeIgniter))
 8 FCPATH\index.php(56): CodeIgniter\Boot::bootWeb(Object(Config\Paths))
WARNING - 2024-10-25 09:34:15 --> [DEPRECATED] Creation of dynamic property IonAuth\Models\IonAuthModel::$messagesTemplates is deprecated in FCPATH\vendor\benedmunds\codeigniter-ion-auth\Models\IonAuthModel.php on line 237.
 1 APPPATH\Libraries\IonAuth.php(71): IonAuth\Models\IonAuthModel->__construct()
 2 APPPATH\Controllers\vendor\Businesses.php(19): App\Libraries\IonAuth->__construct()
 3 SYSTEMPATH\CodeIgniter.php(903): App\Controllers\vendor\Businesses->__construct()
 4 SYSTEMPATH\CodeIgniter.php(500): CodeIgniter\CodeIgniter->createController()
 5 SYSTEMPATH\CodeIgniter.php(355): CodeIgniter\CodeIgniter->handleRequest(null, Object(Config\Cache), false)
 6 SYSTEMPATH\Boot.php(325): CodeIgniter\CodeIgniter->run()
 7 SYSTEMPATH\Boot.php(67): CodeIgniter\Boot::runCodeIgniter(Object(CodeIgniter\CodeIgniter))
 8 FCPATH\index.php(56): CodeIgniter\Boot::bootWeb(Object(Config\Paths))
WARNING - 2024-10-25 15:04:15 --> [DEPRECATED] Creation of dynamic property IonAuth\Models\IonAuthModel::$join is deprecated in FCPATH\vendor\benedmunds\codeigniter-ion-auth\Models\IonAuthModel.php on line 231.
 1 APPPATH\Libraries\IonAuth.php(71): IonAuth\Models\IonAuthModel->__construct()
 2 APPPATH\Helpers\function_helper.php(909): App\Libraries\IonAuth->__construct()
 3 APPPATH\Controllers\vendor\Businesses.php(70): subscription()
 4 SYSTEMPATH\CodeIgniter.php(933): App\Controllers\vendor\Businesses->save_business()
 5 SYSTEMPATH\CodeIgniter.php(509): CodeIgniter\CodeIgniter->runController(Object(App\Controllers\vendor\Businesses))
 6 SYSTEMPATH\CodeIgniter.php(355): CodeIgniter\CodeIgniter->handleRequest(null, Object(Config\Cache), false)
 7 SYSTEMPATH\Boot.php(325): CodeIgniter\CodeIgniter->run()
 8 SYSTEMPATH\Boot.php(67): CodeIgniter\Boot::runCodeIgniter(Object(CodeIgniter\CodeIgniter))
 9 FCPATH\index.php(56): CodeIgniter\Boot::bootWeb(Object(Config\Paths))
WARNING - 2024-10-25 15:04:15 --> [DEPRECATED] Creation of dynamic property IonAuth\Models\IonAuthModel::$hashMethod is deprecated in FCPATH\vendor\benedmunds\codeigniter-ion-auth\Models\IonAuthModel.php on line 234.
 1 APPPATH\Libraries\IonAuth.php(71): IonAuth\Models\IonAuthModel->__construct()
 2 APPPATH\Helpers\function_helper.php(909): App\Libraries\IonAuth->__construct()
 3 APPPATH\Controllers\vendor\Businesses.php(70): subscription()
 4 SYSTEMPATH\CodeIgniter.php(933): App\Controllers\vendor\Businesses->save_business()
 5 SYSTEMPATH\CodeIgniter.php(509): CodeIgniter\CodeIgniter->runController(Object(App\Controllers\vendor\Businesses))
 6 SYSTEMPATH\CodeIgniter.php(355): CodeIgniter\CodeIgniter->handleRequest(null, Object(Config\Cache), false)
 7 SYSTEMPATH\Boot.php(325): CodeIgniter\CodeIgniter->run()
 8 SYSTEMPATH\Boot.php(67): CodeIgniter\Boot::runCodeIgniter(Object(CodeIgniter\CodeIgniter))
 9 FCPATH\index.php(56): CodeIgniter\Boot::bootWeb(Object(Config\Paths))
WARNING - 2024-10-25 15:04:15 --> [DEPRECATED] Creation of dynamic property IonAuth\Models\IonAuthModel::$messagesTemplates is deprecated in FCPATH\vendor\benedmunds\codeigniter-ion-auth\Models\IonAuthModel.php on line 237.
 1 APPPATH\Libraries\IonAuth.php(71): IonAuth\Models\IonAuthModel->__construct()
 2 APPPATH\Helpers\function_helper.php(909): App\Libraries\IonAuth->__construct()
 3 APPPATH\Controllers\vendor\Businesses.php(70): subscription()
 4 SYSTEMPATH\CodeIgniter.php(933): App\Controllers\vendor\Businesses->save_business()
 5 SYSTEMPATH\CodeIgniter.php(509): CodeIgniter\CodeIgniter->runController(Object(App\Controllers\vendor\Businesses))
 6 SYSTEMPATH\CodeIgniter.php(355): CodeIgniter\CodeIgniter->handleRequest(null, Object(Config\Cache), false)
 7 SYSTEMPATH\Boot.php(325): CodeIgniter\CodeIgniter->run()
 8 SYSTEMPATH\Boot.php(67): CodeIgniter\Boot::runCodeIgniter(Object(CodeIgniter\CodeIgniter))
 9 FCPATH\index.php(56): CodeIgniter\Boot::bootWeb(Object(Config\Paths))
WARNING - 2024-10-25 15:04:15 --> [DEPRECATED] Creation of dynamic property IonAuth\Models\IonAuthModel::$join is deprecated in FCPATH\vendor\benedmunds\codeigniter-ion-auth\Models\IonAuthModel.php on line 231.
 1 APPPATH\Libraries\IonAuth.php(71): IonAuth\Models\IonAuthModel->__construct()
 2 APPPATH\Filters\CheckRoles.php(17): App\Libraries\IonAuth->__construct()
 3 SYSTEMPATH\Filters\Filters.php(235): App\Filters\CheckRoles->__construct()
 4 SYSTEMPATH\Filters\Filters.php(188): CodeIgniter\Filters\Filters->runAfter([...])
 5 SYSTEMPATH\CodeIgniter.php(527): CodeIgniter\Filters\Filters->run('vendor/businesses/save_business', 'after')
 6 SYSTEMPATH\CodeIgniter.php(355): CodeIgniter\CodeIgniter->handleRequest(null, Object(Config\Cache), false)
 7 SYSTEMPATH\Boot.php(325): CodeIgniter\CodeIgniter->run()
 8 SYSTEMPATH\Boot.php(67): CodeIgniter\Boot::runCodeIgniter(Object(CodeIgniter\CodeIgniter))
 9 FCPATH\index.php(56): CodeIgniter\Boot::bootWeb(Object(Config\Paths))
WARNING - 2024-10-25 15:04:15 --> [DEPRECATED] Creation of dynamic property IonAuth\Models\IonAuthModel::$hashMethod is deprecated in FCPATH\vendor\benedmunds\codeigniter-ion-auth\Models\IonAuthModel.php on line 234.
 1 APPPATH\Libraries\IonAuth.php(71): IonAuth\Models\IonAuthModel->__construct()
 2 APPPATH\Filters\CheckRoles.php(17): App\Libraries\IonAuth->__construct()
 3 SYSTEMPATH\Filters\Filters.php(235): App\Filters\CheckRoles->__construct()
 4 SYSTEMPATH\Filters\Filters.php(188): CodeIgniter\Filters\Filters->runAfter([...])
 5 SYSTEMPATH\CodeIgniter.php(527): CodeIgniter\Filters\Filters->run('vendor/businesses/save_business', 'after')
 6 SYSTEMPATH\CodeIgniter.php(355): CodeIgniter\CodeIgniter->handleRequest(null, Object(Config\Cache), false)
 7 SYSTEMPATH\Boot.php(325): CodeIgniter\CodeIgniter->run()
 8 SYSTEMPATH\Boot.php(67): CodeIgniter\Boot::runCodeIgniter(Object(CodeIgniter\CodeIgniter))
 9 FCPATH\index.php(56): CodeIgniter\Boot::bootWeb(Object(Config\Paths))
WARNING - 2024-10-25 15:04:15 --> [DEPRECATED] Creation of dynamic property IonAuth\Models\IonAuthModel::$messagesTemplates is deprecated in FCPATH\vendor\benedmunds\codeigniter-ion-auth\Models\IonAuthModel.php on line 237.
 1 APPPATH\Libraries\IonAuth.php(71): IonAuth\Models\IonAuthModel->__construct()
 2 APPPATH\Filters\CheckRoles.php(17): App\Libraries\IonAuth->__construct()
 3 SYSTEMPATH\Filters\Filters.php(235): App\Filters\CheckRoles->__construct()
 4 SYSTEMPATH\Filters\Filters.php(188): CodeIgniter\Filters\Filters->runAfter([...])
 5 SYSTEMPATH\CodeIgniter.php(527): CodeIgniter\Filters\Filters->run('vendor/businesses/save_business', 'after')
 6 SYSTEMPATH\CodeIgniter.php(355): CodeIgniter\CodeIgniter->handleRequest(null, Object(Config\Cache), false)
 7 SYSTEMPATH\Boot.php(325): CodeIgniter\CodeIgniter->run()
 8 SYSTEMPATH\Boot.php(67): CodeIgniter\Boot::runCodeIgniter(Object(CodeIgniter\CodeIgniter))
 9 FCPATH\index.php(56): CodeIgniter\Boot::bootWeb(Object(Config\Paths))
INFO - 2024-10-25 09:34:15 --> Session: Class initialized using 'CodeIgniter\Session\Handlers\FileHandler' driver.
WARNING - 2024-10-25 09:34:15 --> [DEPRECATED] Creation of dynamic property IonAuth\Models\IonAuthModel::$join is deprecated in FCPATH\vendor\benedmunds\codeigniter-ion-auth\Models\IonAuthModel.php on line 231.
 1 APPPATH\Libraries\IonAuth.php(71): IonAuth\Models\IonAuthModel->__construct()
 2 APPPATH\Filters\CheckRoles.php(17): App\Libraries\IonAuth->__construct()
 3 SYSTEMPATH\Filters\Filters.php(197): App\Filters\CheckRoles->__construct()
 4 SYSTEMPATH\Filters\Filters.php(184): CodeIgniter\Filters\Filters->runBefore([...])
 5 SYSTEMPATH\CodeIgniter.php(481): CodeIgniter\Filters\Filters->run('vendor/businesses', 'before')
 6 SYSTEMPATH\CodeIgniter.php(355): CodeIgniter\CodeIgniter->handleRequest(null, Object(Config\Cache), false)
 7 SYSTEMPATH\Boot.php(325): CodeIgniter\CodeIgniter->run()
 8 SYSTEMPATH\Boot.php(67): CodeIgniter\Boot::runCodeIgniter(Object(CodeIgniter\CodeIgniter))
 9 FCPATH\index.php(56): CodeIgniter\Boot::bootWeb(Object(Config\Paths))
WARNING - 2024-10-25 09:34:15 --> [DEPRECATED] Creation of dynamic property IonAuth\Models\IonAuthModel::$hashMethod is deprecated in FCPATH\vendor\benedmunds\codeigniter-ion-auth\Models\IonAuthModel.php on line 234.
 1 APPPATH\Libraries\IonAuth.php(71): IonAuth\Models\IonAuthModel->__construct()
 2 APPPATH\Filters\CheckRoles.php(17): App\Libraries\IonAuth->__construct()
 3 SYSTEMPATH\Filters\Filters.php(197): App\Filters\CheckRoles->__construct()
 4 SYSTEMPATH\Filters\Filters.php(184): CodeIgniter\Filters\Filters->runBefore([...])
 5 SYSTEMPATH\CodeIgniter.php(481): CodeIgniter\Filters\Filters->run('vendor/businesses', 'before')
 6 SYSTEMPATH\CodeIgniter.php(355): CodeIgniter\CodeIgniter->handleRequest(null, Object(Config\Cache), false)
 7 SYSTEMPATH\Boot.php(325): CodeIgniter\CodeIgniter->run()
 8 SYSTEMPATH\Boot.php(67): CodeIgniter\Boot::runCodeIgniter(Object(CodeIgniter\CodeIgniter))
 9 FCPATH\index.php(56): CodeIgniter\Boot::bootWeb(Object(Config\Paths))
WARNING - 2024-10-25 09:34:15 --> [DEPRECATED] Creation of dynamic property IonAuth\Models\IonAuthModel::$messagesTemplates is deprecated in FCPATH\vendor\benedmunds\codeigniter-ion-auth\Models\IonAuthModel.php on line 237.
 1 APPPATH\Libraries\IonAuth.php(71): IonAuth\Models\IonAuthModel->__construct()
 2 APPPATH\Filters\CheckRoles.php(17): App\Libraries\IonAuth->__construct()
 3 SYSTEMPATH\Filters\Filters.php(197): App\Filters\CheckRoles->__construct()
 4 SYSTEMPATH\Filters\Filters.php(184): CodeIgniter\Filters\Filters->runBefore([...])
 5 SYSTEMPATH\CodeIgniter.php(481): CodeIgniter\Filters\Filters->run('vendor/businesses', 'before')
 6 SYSTEMPATH\CodeIgniter.php(355): CodeIgniter\CodeIgniter->handleRequest(null, Object(Config\Cache), false)
 7 SYSTEMPATH\Boot.php(325): CodeIgniter\CodeIgniter->run()
 8 SYSTEMPATH\Boot.php(67): CodeIgniter\Boot::runCodeIgniter(Object(CodeIgniter\CodeIgniter))
 9 FCPATH\index.php(56): CodeIgniter\Boot::bootWeb(Object(Config\Paths))
WARNING - 2024-10-25 09:34:15 --> [DEPRECATED] Creation of dynamic property IonAuth\Models\IonAuthModel::$join is deprecated in FCPATH\vendor\benedmunds\codeigniter-ion-auth\Models\IonAuthModel.php on line 231.
 1 APPPATH\Libraries\IonAuth.php(71): IonAuth\Models\IonAuthModel->__construct()
 2 APPPATH\Controllers\vendor\Businesses.php(19): App\Libraries\IonAuth->__construct()
 3 SYSTEMPATH\CodeIgniter.php(903): App\Controllers\vendor\Businesses->__construct()
 4 SYSTEMPATH\CodeIgniter.php(500): CodeIgniter\CodeIgniter->createController()
 5 SYSTEMPATH\CodeIgniter.php(355): CodeIgniter\CodeIgniter->handleRequest(null, Object(Config\Cache), false)
 6 SYSTEMPATH\Boot.php(325): CodeIgniter\CodeIgniter->run()
 7 SYSTEMPATH\Boot.php(67): CodeIgniter\Boot::runCodeIgniter(Object(CodeIgniter\CodeIgniter))
 8 FCPATH\index.php(56): CodeIgniter\Boot::bootWeb(Object(Config\Paths))
WARNING - 2024-10-25 09:34:15 --> [DEPRECATED] Creation of dynamic property IonAuth\Models\IonAuthModel::$hashMethod is deprecated in FCPATH\vendor\benedmunds\codeigniter-ion-auth\Models\IonAuthModel.php on line 234.
 1 APPPATH\Libraries\IonAuth.php(71): IonAuth\Models\IonAuthModel->__construct()
 2 APPPATH\Controllers\vendor\Businesses.php(19): App\Libraries\IonAuth->__construct()
 3 SYSTEMPATH\CodeIgniter.php(903): App\Controllers\vendor\Businesses->__construct()
 4 SYSTEMPATH\CodeIgniter.php(500): CodeIgniter\CodeIgniter->createController()
 5 SYSTEMPATH\CodeIgniter.php(355): CodeIgniter\CodeIgniter->handleRequest(null, Object(Config\Cache), false)
 6 SYSTEMPATH\Boot.php(325): CodeIgniter\CodeIgniter->run()
 7 SYSTEMPATH\Boot.php(67): CodeIgniter\Boot::runCodeIgniter(Object(CodeIgniter\CodeIgniter))
 8 FCPATH\index.php(56): CodeIgniter\Boot::bootWeb(Object(Config\Paths))
WARNING - 2024-10-25 09:34:15 --> [DEPRECATED] Creation of dynamic property IonAuth\Models\IonAuthModel::$messagesTemplates is deprecated in FCPATH\vendor\benedmunds\codeigniter-ion-auth\Models\IonAuthModel.php on line 237.
 1 APPPATH\Libraries\IonAuth.php(71): IonAuth\Models\IonAuthModel->__construct()
 2 APPPATH\Controllers\vendor\Businesses.php(19): App\Libraries\IonAuth->__construct()
 3 SYSTEMPATH\CodeIgniter.php(903): App\Controllers\vendor\Businesses->__construct()
 4 SYSTEMPATH\CodeIgniter.php(500): CodeIgniter\CodeIgniter->createController()
 5 SYSTEMPATH\CodeIgniter.php(355): CodeIgniter\CodeIgniter->handleRequest(null, Object(Config\Cache), false)
 6 SYSTEMPATH\Boot.php(325): CodeIgniter\CodeIgniter->run()
 7 SYSTEMPATH\Boot.php(67): CodeIgniter\Boot::runCodeIgniter(Object(CodeIgniter\CodeIgniter))
 8 FCPATH\index.php(56): CodeIgniter\Boot::bootWeb(Object(Config\Paths))
WARNING - 2024-10-25 15:04:15 --> [DEPRECATED] Creation of dynamic property IonAuth\Models\IonAuthModel::$join is deprecated in FCPATH\vendor\benedmunds\codeigniter-ion-auth\Models\IonAuthModel.php on line 231.
 1 APPPATH\Libraries\IonAuth.php(71): IonAuth\Models\IonAuthModel->__construct()
 2 APPPATH\Filters\CheckRoles.php(17): App\Libraries\IonAuth->__construct()
 3 SYSTEMPATH\Filters\Filters.php(235): App\Filters\CheckRoles->__construct()
 4 SYSTEMPATH\Filters\Filters.php(188): CodeIgniter\Filters\Filters->runAfter([...])
 5 SYSTEMPATH\CodeIgniter.php(527): CodeIgniter\Filters\Filters->run('vendor/businesses', 'after')
 6 SYSTEMPATH\CodeIgniter.php(355): CodeIgniter\CodeIgniter->handleRequest(null, Object(Config\Cache), false)
 7 SYSTEMPATH\Boot.php(325): CodeIgniter\CodeIgniter->run()
 8 SYSTEMPATH\Boot.php(67): CodeIgniter\Boot::runCodeIgniter(Object(CodeIgniter\CodeIgniter))
 9 FCPATH\index.php(56): CodeIgniter\Boot::bootWeb(Object(Config\Paths))
WARNING - 2024-10-25 15:04:15 --> [DEPRECATED] Creation of dynamic property IonAuth\Models\IonAuthModel::$hashMethod is deprecated in FCPATH\vendor\benedmunds\codeigniter-ion-auth\Models\IonAuthModel.php on line 234.
 1 APPPATH\Libraries\IonAuth.php(71): IonAuth\Models\IonAuthModel->__construct()
 2 APPPATH\Filters\CheckRoles.php(17): App\Libraries\IonAuth->__construct()
 3 SYSTEMPATH\Filters\Filters.php(235): App\Filters\CheckRoles->__construct()
 4 SYSTEMPATH\Filters\Filters.php(188): CodeIgniter\Filters\Filters->runAfter([...])
 5 SYSTEMPATH\CodeIgniter.php(527): CodeIgniter\Filters\Filters->run('vendor/businesses', 'after')
 6 SYSTEMPATH\CodeIgniter.php(355): CodeIgniter\CodeIgniter->handleRequest(null, Object(Config\Cache), false)
 7 SYSTEMPATH\Boot.php(325): CodeIgniter\CodeIgniter->run()
 8 SYSTEMPATH\Boot.php(67): CodeIgniter\Boot::runCodeIgniter(Object(CodeIgniter\CodeIgniter))
 9 FCPATH\index.php(56): CodeIgniter\Boot::bootWeb(Object(Config\Paths))
WARNING - 2024-10-25 15:04:15 --> [DEPRECATED] Creation of dynamic property IonAuth\Models\IonAuthModel::$messagesTemplates is deprecated in FCPATH\vendor\benedmunds\codeigniter-ion-auth\Models\IonAuthModel.php on line 237.
 1 APPPATH\Libraries\IonAuth.php(71): IonAuth\Models\IonAuthModel->__construct()
 2 APPPATH\Filters\CheckRoles.php(17): App\Libraries\IonAuth->__construct()
 3 SYSTEMPATH\Filters\Filters.php(235): App\Filters\CheckRoles->__construct()
 4 SYSTEMPATH\Filters\Filters.php(188): CodeIgniter\Filters\Filters->runAfter([...])
 5 SYSTEMPATH\CodeIgniter.php(527): CodeIgniter\Filters\Filters->run('vendor/businesses', 'after')
 6 SYSTEMPATH\CodeIgniter.php(355): CodeIgniter\CodeIgniter->handleRequest(null, Object(Config\Cache), false)
 7 SYSTEMPATH\Boot.php(325): CodeIgniter\CodeIgniter->run()
 8 SYSTEMPATH\Boot.php(67): CodeIgniter\Boot::runCodeIgniter(Object(CodeIgniter\CodeIgniter))
 9 FCPATH\index.php(56): CodeIgniter\Boot::bootWeb(Object(Config\Paths))
INFO - 2024-10-25 09:34:16 --> Session: Class initialized using 'CodeIgniter\Session\Handlers\FileHandler' driver.
WARNING - 2024-10-25 09:34:16 --> [DEPRECATED] Creation of dynamic property IonAuth\Models\IonAuthModel::$join is deprecated in FCPATH\vendor\benedmunds\codeigniter-ion-auth\Models\IonAuthModel.php on line 231.
 1 APPPATH\Libraries\IonAuth.php(71): IonAuth\Models\IonAuthModel->__construct()
 2 APPPATH\Filters\CheckRoles.php(17): App\Libraries\IonAuth->__construct()
 3 SYSTEMPATH\Filters\Filters.php(197): App\Filters\CheckRoles->__construct()
 4 SYSTEMPATH\Filters\Filters.php(184): CodeIgniter\Filters\Filters->runBefore([...])
 5 SYSTEMPATH\CodeIgniter.php(481): CodeIgniter\Filters\Filters->run('vendor/businesses/business_table', 'before')
 6 SYSTEMPATH\CodeIgniter.php(355): CodeIgniter\CodeIgniter->handleRequest(null, Object(Config\Cache), false)
 7 SYSTEMPATH\Boot.php(325): CodeIgniter\CodeIgniter->run()
 8 SYSTEMPATH\Boot.php(67): CodeIgniter\Boot::runCodeIgniter(Object(CodeIgniter\CodeIgniter))
 9 FCPATH\index.php(56): CodeIgniter\Boot::bootWeb(Object(Config\Paths))
WARNING - 2024-10-25 09:34:16 --> [DEPRECATED] Creation of dynamic property IonAuth\Models\IonAuthModel::$hashMethod is deprecated in FCPATH\vendor\benedmunds\codeigniter-ion-auth\Models\IonAuthModel.php on line 234.
 1 APPPATH\Libraries\IonAuth.php(71): IonAuth\Models\IonAuthModel->__construct()
 2 APPPATH\Filters\CheckRoles.php(17): App\Libraries\IonAuth->__construct()
 3 SYSTEMPATH\Filters\Filters.php(197): App\Filters\CheckRoles->__construct()
 4 SYSTEMPATH\Filters\Filters.php(184): CodeIgniter\Filters\Filters->runBefore([...])
 5 SYSTEMPATH\CodeIgniter.php(481): CodeIgniter\Filters\Filters->run('vendor/businesses/business_table', 'before')
 6 SYSTEMPATH\CodeIgniter.php(355): CodeIgniter\CodeIgniter->handleRequest(null, Object(Config\Cache), false)
 7 SYSTEMPATH\Boot.php(325): CodeIgniter\CodeIgniter->run()
 8 SYSTEMPATH\Boot.php(67): CodeIgniter\Boot::runCodeIgniter(Object(CodeIgniter\CodeIgniter))
 9 FCPATH\index.php(56): CodeIgniter\Boot::bootWeb(Object(Config\Paths))
WARNING - 2024-10-25 09:34:16 --> [DEPRECATED] Creation of dynamic property IonAuth\Models\IonAuthModel::$messagesTemplates is deprecated in FCPATH\vendor\benedmunds\codeigniter-ion-auth\Models\IonAuthModel.php on line 237.
 1 APPPATH\Libraries\IonAuth.php(71): IonAuth\Models\IonAuthModel->__construct()
 2 APPPATH\Filters\CheckRoles.php(17): App\Libraries\IonAuth->__construct()
 3 SYSTEMPATH\Filters\Filters.php(197): App\Filters\CheckRoles->__construct()
 4 SYSTEMPATH\Filters\Filters.php(184): CodeIgniter\Filters\Filters->runBefore([...])
 5 SYSTEMPATH\CodeIgniter.php(481): CodeIgniter\Filters\Filters->run('vendor/businesses/business_table', 'before')
 6 SYSTEMPATH\CodeIgniter.php(355): CodeIgniter\CodeIgniter->handleRequest(null, Object(Config\Cache), false)
 7 SYSTEMPATH\Boot.php(325): CodeIgniter\CodeIgniter->run()
 8 SYSTEMPATH\Boot.php(67): CodeIgniter\Boot::runCodeIgniter(Object(CodeIgniter\CodeIgniter))
 9 FCPATH\index.php(56): CodeIgniter\Boot::bootWeb(Object(Config\Paths))
WARNING - 2024-10-25 09:34:16 --> [DEPRECATED] Creation of dynamic property IonAuth\Models\IonAuthModel::$join is deprecated in FCPATH\vendor\benedmunds\codeigniter-ion-auth\Models\IonAuthModel.php on line 231.
 1 APPPATH\Libraries\IonAuth.php(71): IonAuth\Models\IonAuthModel->__construct()
 2 APPPATH\Controllers\vendor\Businesses.php(19): App\Libraries\IonAuth->__construct()
 3 SYSTEMPATH\CodeIgniter.php(903): App\Controllers\vendor\Businesses->__construct()
 4 SYSTEMPATH\CodeIgniter.php(500): CodeIgniter\CodeIgniter->createController()
 5 SYSTEMPATH\CodeIgniter.php(355): CodeIgniter\CodeIgniter->handleRequest(null, Object(Config\Cache), false)
 6 SYSTEMPATH\Boot.php(325): CodeIgniter\CodeIgniter->run()
 7 SYSTEMPATH\Boot.php(67): CodeIgniter\Boot::runCodeIgniter(Object(CodeIgniter\CodeIgniter))
 8 FCPATH\index.php(56): CodeIgniter\Boot::bootWeb(Object(Config\Paths))
WARNING - 2024-10-25 09:34:16 --> [DEPRECATED] Creation of dynamic property IonAuth\Models\IonAuthModel::$hashMethod is deprecated in FCPATH\vendor\benedmunds\codeigniter-ion-auth\Models\IonAuthModel.php on line 234.
 1 APPPATH\Libraries\IonAuth.php(71): IonAuth\Models\IonAuthModel->__construct()
 2 APPPATH\Controllers\vendor\Businesses.php(19): App\Libraries\IonAuth->__construct()
 3 SYSTEMPATH\CodeIgniter.php(903): App\Controllers\vendor\Businesses->__construct()
 4 SYSTEMPATH\CodeIgniter.php(500): CodeIgniter\CodeIgniter->createController()
 5 SYSTEMPATH\CodeIgniter.php(355): CodeIgniter\CodeIgniter->handleRequest(null, Object(Config\Cache), false)
 6 SYSTEMPATH\Boot.php(325): CodeIgniter\CodeIgniter->run()
 7 SYSTEMPATH\Boot.php(67): CodeIgniter\Boot::runCodeIgniter(Object(CodeIgniter\CodeIgniter))
 8 FCPATH\index.php(56): CodeIgniter\Boot::bootWeb(Object(Config\Paths))
WARNING - 2024-10-25 09:34:16 --> [DEPRECATED] Creation of dynamic property IonAuth\Models\IonAuthModel::$messagesTemplates is deprecated in FCPATH\vendor\benedmunds\codeigniter-ion-auth\Models\IonAuthModel.php on line 237.
 1 APPPATH\Libraries\IonAuth.php(71): IonAuth\Models\IonAuthModel->__construct()
 2 APPPATH\Controllers\vendor\Businesses.php(19): App\Libraries\IonAuth->__construct()
 3 SYSTEMPATH\CodeIgniter.php(903): App\Controllers\vendor\Businesses->__construct()
 4 SYSTEMPATH\CodeIgniter.php(500): CodeIgniter\CodeIgniter->createController()
 5 SYSTEMPATH\CodeIgniter.php(355): CodeIgniter\CodeIgniter->handleRequest(null, Object(Config\Cache), false)
 6 SYSTEMPATH\Boot.php(325): CodeIgniter\CodeIgniter->run()
 7 SYSTEMPATH\Boot.php(67): CodeIgniter\Boot::runCodeIgniter(Object(CodeIgniter\CodeIgniter))
 8 FCPATH\index.php(56): CodeIgniter\Boot::bootWeb(Object(Config\Paths))
WARNING - 2024-10-25 15:04:16 --> [DEPRECATED] Creation of dynamic property IonAuth\Models\IonAuthModel::$join is deprecated in FCPATH\vendor\benedmunds\codeigniter-ion-auth\Models\IonAuthModel.php on line 231.
 1 APPPATH\Libraries\IonAuth.php(71): IonAuth\Models\IonAuthModel->__construct()
 2 APPPATH\Filters\CheckRoles.php(17): App\Libraries\IonAuth->__construct()
 3 SYSTEMPATH\Filters\Filters.php(235): App\Filters\CheckRoles->__construct()
 4 SYSTEMPATH\Filters\Filters.php(188): CodeIgniter\Filters\Filters->runAfter([...])
 5 SYSTEMPATH\CodeIgniter.php(527): CodeIgniter\Filters\Filters->run('vendor/businesses/business_table', 'after')
 6 SYSTEMPATH\CodeIgniter.php(355): CodeIgniter\CodeIgniter->handleRequest(null, Object(Config\Cache), false)
 7 SYSTEMPATH\Boot.php(325): CodeIgniter\CodeIgniter->run()
 8 SYSTEMPATH\Boot.php(67): CodeIgniter\Boot::runCodeIgniter(Object(CodeIgniter\CodeIgniter))
 9 FCPATH\index.php(56): CodeIgniter\Boot::bootWeb(Object(Config\Paths))
WARNING - 2024-10-25 15:04:16 --> [DEPRECATED] Creation of dynamic property IonAuth\Models\IonAuthModel::$hashMethod is deprecated in FCPATH\vendor\benedmunds\codeigniter-ion-auth\Models\IonAuthModel.php on line 234.
 1 APPPATH\Libraries\IonAuth.php(71): IonAuth\Models\IonAuthModel->__construct()
 2 APPPATH\Filters\CheckRoles.php(17): App\Libraries\IonAuth->__construct()
 3 SYSTEMPATH\Filters\Filters.php(235): App\Filters\CheckRoles->__construct()
 4 SYSTEMPATH\Filters\Filters.php(188): CodeIgniter\Filters\Filters->runAfter([...])
 5 SYSTEMPATH\CodeIgniter.php(527): CodeIgniter\Filters\Filters->run('vendor/businesses/business_table', 'after')
 6 SYSTEMPATH\CodeIgniter.php(355): CodeIgniter\CodeIgniter->handleRequest(null, Object(Config\Cache), false)
 7 SYSTEMPATH\Boot.php(325): CodeIgniter\CodeIgniter->run()
 8 SYSTEMPATH\Boot.php(67): CodeIgniter\Boot::runCodeIgniter(Object(CodeIgniter\CodeIgniter))
 9 FCPATH\index.php(56): CodeIgniter\Boot::bootWeb(Object(Config\Paths))
WARNING - 2024-10-25 15:04:16 --> [DEPRECATED] Creation of dynamic property IonAuth\Models\IonAuthModel::$messagesTemplates is deprecated in FCPATH\vendor\benedmunds\codeigniter-ion-auth\Models\IonAuthModel.php on line 237.
 1 APPPATH\Libraries\IonAuth.php(71): IonAuth\Models\IonAuthModel->__construct()
 2 APPPATH\Filters\CheckRoles.php(17): App\Libraries\IonAuth->__construct()
 3 SYSTEMPATH\Filters\Filters.php(235): App\Filters\CheckRoles->__construct()
 4 SYSTEMPATH\Filters\Filters.php(188): CodeIgniter\Filters\Filters->runAfter([...])
 5 SYSTEMPATH\CodeIgniter.php(527): CodeIgniter\Filters\Filters->run('vendor/businesses/business_table', 'after')
 6 SYSTEMPATH\CodeIgniter.php(355): CodeIgniter\CodeIgniter->handleRequest(null, Object(Config\Cache), false)
 7 SYSTEMPATH\Boot.php(325): CodeIgniter\CodeIgniter->run()
 8 SYSTEMPATH\Boot.php(67): CodeIgniter\Boot::runCodeIgniter(Object(CodeIgniter\CodeIgniter))
 9 FCPATH\index.php(56): CodeIgniter\Boot::bootWeb(Object(Config\Paths))
INFO - 2024-10-25 09:34:16 --> Session: Class initialized using 'CodeIgniter\Session\Handlers\FileHandler' driver.
WARNING - 2024-10-25 09:34:16 --> [DEPRECATED] Creation of dynamic property IonAuth\Models\IonAuthModel::$join is deprecated in FCPATH\vendor\benedmunds\codeigniter-ion-auth\Models\IonAuthModel.php on line 231.
 1 APPPATH\Libraries\IonAuth.php(71): IonAuth\Models\IonAuthModel->__construct()
 2 APPPATH\Filters\CheckPermissions.php(16): App\Libraries\IonAuth->__construct()
 3 SYSTEMPATH\Filters\Filters.php(197): App\Filters\CheckPermissions->__construct()
 4 SYSTEMPATH\Filters\Filters.php(184): CodeIgniter\Filters\Filters->runBefore([...])
 5 SYSTEMPATH\CodeIgniter.php(481): CodeIgniter\Filters\Filters->run('vendor/products/stock_alert', 'before')
 6 SYSTEMPATH\CodeIgniter.php(355): CodeIgniter\CodeIgniter->handleRequest(null, Object(Config\Cache), false)
 7 SYSTEMPATH\Boot.php(325): CodeIgniter\CodeIgniter->run()
 8 SYSTEMPATH\Boot.php(67): CodeIgniter\Boot::runCodeIgniter(Object(CodeIgniter\CodeIgniter))
 9 FCPATH\index.php(56): CodeIgniter\Boot::bootWeb(Object(Config\Paths))
WARNING - 2024-10-25 09:34:16 --> [DEPRECATED] Creation of dynamic property IonAuth\Models\IonAuthModel::$hashMethod is deprecated in FCPATH\vendor\benedmunds\codeigniter-ion-auth\Models\IonAuthModel.php on line 234.
 1 APPPATH\Libraries\IonAuth.php(71): IonAuth\Models\IonAuthModel->__construct()
 2 APPPATH\Filters\CheckPermissions.php(16): App\Libraries\IonAuth->__construct()
 3 SYSTEMPATH\Filters\Filters.php(197): App\Filters\CheckPermissions->__construct()
 4 SYSTEMPATH\Filters\Filters.php(184): CodeIgniter\Filters\Filters->runBefore([...])
 5 SYSTEMPATH\CodeIgniter.php(481): CodeIgniter\Filters\Filters->run('vendor/products/stock_alert', 'before')
 6 SYSTEMPATH\CodeIgniter.php(355): CodeIgniter\CodeIgniter->handleRequest(null, Object(Config\Cache), false)
 7 SYSTEMPATH\Boot.php(325): CodeIgniter\CodeIgniter->run()
 8 SYSTEMPATH\Boot.php(67): CodeIgniter\Boot::runCodeIgniter(Object(CodeIgniter\CodeIgniter))
 9 FCPATH\index.php(56): CodeIgniter\Boot::bootWeb(Object(Config\Paths))
WARNING - 2024-10-25 09:34:16 --> [DEPRECATED] Creation of dynamic property IonAuth\Models\IonAuthModel::$messagesTemplates is deprecated in FCPATH\vendor\benedmunds\codeigniter-ion-auth\Models\IonAuthModel.php on line 237.
 1 APPPATH\Libraries\IonAuth.php(71): IonAuth\Models\IonAuthModel->__construct()
 2 APPPATH\Filters\CheckPermissions.php(16): App\Libraries\IonAuth->__construct()
 3 SYSTEMPATH\Filters\Filters.php(197): App\Filters\CheckPermissions->__construct()
 4 SYSTEMPATH\Filters\Filters.php(184): CodeIgniter\Filters\Filters->runBefore([...])
 5 SYSTEMPATH\CodeIgniter.php(481): CodeIgniter\Filters\Filters->run('vendor/products/stock_alert', 'before')
 6 SYSTEMPATH\CodeIgniter.php(355): CodeIgniter\CodeIgniter->handleRequest(null, Object(Config\Cache), false)
 7 SYSTEMPATH\Boot.php(325): CodeIgniter\CodeIgniter->run()
 8 SYSTEMPATH\Boot.php(67): CodeIgniter\Boot::runCodeIgniter(Object(CodeIgniter\CodeIgniter))
 9 FCPATH\index.php(56): CodeIgniter\Boot::bootWeb(Object(Config\Paths))
WARNING - 2024-10-25 09:34:16 --> [DEPRECATED] Creation of dynamic property IonAuth\Models\IonAuthModel::$join is deprecated in FCPATH\vendor\benedmunds\codeigniter-ion-auth\Models\IonAuthModel.php on line 231.
 1 APPPATH\Libraries\IonAuth.php(71): IonAuth\Models\IonAuthModel->__construct()
 2 APPPATH\Controllers\vendor\Products.php(23): App\Libraries\IonAuth->__construct()
 3 SYSTEMPATH\CodeIgniter.php(903): App\Controllers\vendor\Products->__construct()
 4 SYSTEMPATH\CodeIgniter.php(500): CodeIgniter\CodeIgniter->createController()
 5 SYSTEMPATH\CodeIgniter.php(355): CodeIgniter\CodeIgniter->handleRequest(null, Object(Config\Cache), false)
 6 SYSTEMPATH\Boot.php(325): CodeIgniter\CodeIgniter->run()
 7 SYSTEMPATH\Boot.php(67): CodeIgniter\Boot::runCodeIgniter(Object(CodeIgniter\CodeIgniter))
 8 FCPATH\index.php(56): CodeIgniter\Boot::bootWeb(Object(Config\Paths))
WARNING - 2024-10-25 09:34:16 --> [DEPRECATED] Creation of dynamic property IonAuth\Models\IonAuthModel::$hashMethod is deprecated in FCPATH\vendor\benedmunds\codeigniter-ion-auth\Models\IonAuthModel.php on line 234.
 1 APPPATH\Libraries\IonAuth.php(71): IonAuth\Models\IonAuthModel->__construct()
 2 APPPATH\Controllers\vendor\Products.php(23): App\Libraries\IonAuth->__construct()
 3 SYSTEMPATH\CodeIgniter.php(903): App\Controllers\vendor\Products->__construct()
 4 SYSTEMPATH\CodeIgniter.php(500): CodeIgniter\CodeIgniter->createController()
 5 SYSTEMPATH\CodeIgniter.php(355): CodeIgniter\CodeIgniter->handleRequest(null, Object(Config\Cache), false)
 6 SYSTEMPATH\Boot.php(325): CodeIgniter\CodeIgniter->run()
 7 SYSTEMPATH\Boot.php(67): CodeIgniter\Boot::runCodeIgniter(Object(CodeIgniter\CodeIgniter))
 8 FCPATH\index.php(56): CodeIgniter\Boot::bootWeb(Object(Config\Paths))
WARNING - 2024-10-25 09:34:16 --> [DEPRECATED] Creation of dynamic property IonAuth\Models\IonAuthModel::$messagesTemplates is deprecated in FCPATH\vendor\benedmunds\codeigniter-ion-auth\Models\IonAuthModel.php on line 237.
 1 APPPATH\Libraries\IonAuth.php(71): IonAuth\Models\IonAuthModel->__construct()
 2 APPPATH\Controllers\vendor\Products.php(23): App\Libraries\IonAuth->__construct()
 3 SYSTEMPATH\CodeIgniter.php(903): App\Controllers\vendor\Products->__construct()
 4 SYSTEMPATH\CodeIgniter.php(500): CodeIgniter\CodeIgniter->createController()
 5 SYSTEMPATH\CodeIgniter.php(355): CodeIgniter\CodeIgniter->handleRequest(null, Object(Config\Cache), false)
 6 SYSTEMPATH\Boot.php(325): CodeIgniter\CodeIgniter->run()
 7 SYSTEMPATH\Boot.php(67): CodeIgniter\Boot::runCodeIgniter(Object(CodeIgniter\CodeIgniter))
 8 FCPATH\index.php(56): CodeIgniter\Boot::bootWeb(Object(Config\Paths))
CRITICAL - 2024-10-25 15:04:17 --> ErrorException: Undefined variable $array
[Method: GET, Route: vendor/products/stock_alert]
in APPPATH\Controllers\vendor\Products.php on line 1151.
 1 APPPATH\Controllers\vendor\Products.php(1151): CodeIgniter\Debug\Exceptions->errorHandler(2, 'Undefined variable $array', 'C:\\xampp1\\htdocs\\Maareeye-sass-git\\app\\Controllers\\vendor\\Products.php', 1151)
 2 SYSTEMPATH\CodeIgniter.php(933): App\Controllers\vendor\Products->stock_alert()
 3 SYSTEMPATH\CodeIgniter.php(509): CodeIgniter\CodeIgniter->runController(Object(App\Controllers\vendor\Products))
 4 SYSTEMPATH\CodeIgniter.php(355): CodeIgniter\CodeIgniter->handleRequest(null, Object(Config\Cache), false)
 5 SYSTEMPATH\Boot.php(325): CodeIgniter\CodeIgniter->run()
 6 SYSTEMPATH\Boot.php(67): CodeIgniter\Boot::runCodeIgniter(Object(CodeIgniter\CodeIgniter))
 7 FCPATH\index.php(56): CodeIgniter\Boot::bootWeb(Object(Config\Paths))
INFO - 2024-10-25 09:34:23 --> Session: Class initialized using 'CodeIgniter\Session\Handlers\FileHandler' driver.
WARNING - 2024-10-25 09:34:23 --> [DEPRECATED] Creation of dynamic property IonAuth\Models\IonAuthModel::$join is deprecated in FCPATH\vendor\benedmunds\codeigniter-ion-auth\Models\IonAuthModel.php on line 231.
 1 APPPATH\Libraries\IonAuth.php(71): IonAuth\Models\IonAuthModel->__construct()
 2 APPPATH\Filters\CheckRoles.php(17): App\Libraries\IonAuth->__construct()
 3 SYSTEMPATH\Filters\Filters.php(197): App\Filters\CheckRoles->__construct()
 4 SYSTEMPATH\Filters\Filters.php(184): CodeIgniter\Filters\Filters->runBefore([...])
 5 SYSTEMPATH\CodeIgniter.php(481): CodeIgniter\Filters\Filters->run('vendor/businesses/update_default_business', 'before')
 6 SYSTEMPATH\CodeIgniter.php(355): CodeIgniter\CodeIgniter->handleRequest(null, Object(Config\Cache), false)
 7 SYSTEMPATH\Boot.php(325): CodeIgniter\CodeIgniter->run()
 8 SYSTEMPATH\Boot.php(67): CodeIgniter\Boot::runCodeIgniter(Object(CodeIgniter\CodeIgniter))
 9 FCPATH\index.php(56): CodeIgniter\Boot::bootWeb(Object(Config\Paths))
WARNING - 2024-10-25 09:34:23 --> [DEPRECATED] Creation of dynamic property IonAuth\Models\IonAuthModel::$hashMethod is deprecated in FCPATH\vendor\benedmunds\codeigniter-ion-auth\Models\IonAuthModel.php on line 234.
 1 APPPATH\Libraries\IonAuth.php(71): IonAuth\Models\IonAuthModel->__construct()
 2 APPPATH\Filters\CheckRoles.php(17): App\Libraries\IonAuth->__construct()
 3 SYSTEMPATH\Filters\Filters.php(197): App\Filters\CheckRoles->__construct()
 4 SYSTEMPATH\Filters\Filters.php(184): CodeIgniter\Filters\Filters->runBefore([...])
 5 SYSTEMPATH\CodeIgniter.php(481): CodeIgniter\Filters\Filters->run('vendor/businesses/update_default_business', 'before')
 6 SYSTEMPATH\CodeIgniter.php(355): CodeIgniter\CodeIgniter->handleRequest(null, Object(Config\Cache), false)
 7 SYSTEMPATH\Boot.php(325): CodeIgniter\CodeIgniter->run()
 8 SYSTEMPATH\Boot.php(67): CodeIgniter\Boot::runCodeIgniter(Object(CodeIgniter\CodeIgniter))
 9 FCPATH\index.php(56): CodeIgniter\Boot::bootWeb(Object(Config\Paths))
WARNING - 2024-10-25 09:34:23 --> [DEPRECATED] Creation of dynamic property IonAuth\Models\IonAuthModel::$messagesTemplates is deprecated in FCPATH\vendor\benedmunds\codeigniter-ion-auth\Models\IonAuthModel.php on line 237.
 1 APPPATH\Libraries\IonAuth.php(71): IonAuth\Models\IonAuthModel->__construct()
 2 APPPATH\Filters\CheckRoles.php(17): App\Libraries\IonAuth->__construct()
 3 SYSTEMPATH\Filters\Filters.php(197): App\Filters\CheckRoles->__construct()
 4 SYSTEMPATH\Filters\Filters.php(184): CodeIgniter\Filters\Filters->runBefore([...])
 5 SYSTEMPATH\CodeIgniter.php(481): CodeIgniter\Filters\Filters->run('vendor/businesses/update_default_business', 'before')
 6 SYSTEMPATH\CodeIgniter.php(355): CodeIgniter\CodeIgniter->handleRequest(null, Object(Config\Cache), false)
 7 SYSTEMPATH\Boot.php(325): CodeIgniter\CodeIgniter->run()
 8 SYSTEMPATH\Boot.php(67): CodeIgniter\Boot::runCodeIgniter(Object(CodeIgniter\CodeIgniter))
 9 FCPATH\index.php(56): CodeIgniter\Boot::bootWeb(Object(Config\Paths))
WARNING - 2024-10-25 09:34:23 --> [DEPRECATED] Creation of dynamic property IonAuth\Models\IonAuthModel::$join is deprecated in FCPATH\vendor\benedmunds\codeigniter-ion-auth\Models\IonAuthModel.php on line 231.
 1 APPPATH\Libraries\IonAuth.php(71): IonAuth\Models\IonAuthModel->__construct()
 2 APPPATH\Controllers\vendor\Businesses.php(19): App\Libraries\IonAuth->__construct()
 3 SYSTEMPATH\CodeIgniter.php(903): App\Controllers\vendor\Businesses->__construct()
 4 SYSTEMPATH\CodeIgniter.php(500): CodeIgniter\CodeIgniter->createController()
 5 SYSTEMPATH\CodeIgniter.php(355): CodeIgniter\CodeIgniter->handleRequest(null, Object(Config\Cache), false)
 6 SYSTEMPATH\Boot.php(325): CodeIgniter\CodeIgniter->run()
 7 SYSTEMPATH\Boot.php(67): CodeIgniter\Boot::runCodeIgniter(Object(CodeIgniter\CodeIgniter))
 8 FCPATH\index.php(56): CodeIgniter\Boot::bootWeb(Object(Config\Paths))
WARNING - 2024-10-25 09:34:23 --> [DEPRECATED] Creation of dynamic property IonAuth\Models\IonAuthModel::$hashMethod is deprecated in FCPATH\vendor\benedmunds\codeigniter-ion-auth\Models\IonAuthModel.php on line 234.
 1 APPPATH\Libraries\IonAuth.php(71): IonAuth\Models\IonAuthModel->__construct()
 2 APPPATH\Controllers\vendor\Businesses.php(19): App\Libraries\IonAuth->__construct()
 3 SYSTEMPATH\CodeIgniter.php(903): App\Controllers\vendor\Businesses->__construct()
 4 SYSTEMPATH\CodeIgniter.php(500): CodeIgniter\CodeIgniter->createController()
 5 SYSTEMPATH\CodeIgniter.php(355): CodeIgniter\CodeIgniter->handleRequest(null, Object(Config\Cache), false)
 6 SYSTEMPATH\Boot.php(325): CodeIgniter\CodeIgniter->run()
 7 SYSTEMPATH\Boot.php(67): CodeIgniter\Boot::runCodeIgniter(Object(CodeIgniter\CodeIgniter))
 8 FCPATH\index.php(56): CodeIgniter\Boot::bootWeb(Object(Config\Paths))
WARNING - 2024-10-25 09:34:23 --> [DEPRECATED] Creation of dynamic property IonAuth\Models\IonAuthModel::$messagesTemplates is deprecated in FCPATH\vendor\benedmunds\codeigniter-ion-auth\Models\IonAuthModel.php on line 237.
 1 APPPATH\Libraries\IonAuth.php(71): IonAuth\Models\IonAuthModel->__construct()
 2 APPPATH\Controllers\vendor\Businesses.php(19): App\Libraries\IonAuth->__construct()
 3 SYSTEMPATH\CodeIgniter.php(903): App\Controllers\vendor\Businesses->__construct()
 4 SYSTEMPATH\CodeIgniter.php(500): CodeIgniter\CodeIgniter->createController()
 5 SYSTEMPATH\CodeIgniter.php(355): CodeIgniter\CodeIgniter->handleRequest(null, Object(Config\Cache), false)
 6 SYSTEMPATH\Boot.php(325): CodeIgniter\CodeIgniter->run()
 7 SYSTEMPATH\Boot.php(67): CodeIgniter\Boot::runCodeIgniter(Object(CodeIgniter\CodeIgniter))
 8 FCPATH\index.php(56): CodeIgniter\Boot::bootWeb(Object(Config\Paths))
WARNING - 2024-10-25 15:04:23 --> [DEPRECATED] Creation of dynamic property IonAuth\Models\IonAuthModel::$join is deprecated in FCPATH\vendor\benedmunds\codeigniter-ion-auth\Models\IonAuthModel.php on line 231.
 1 APPPATH\Libraries\IonAuth.php(71): IonAuth\Models\IonAuthModel->__construct()
 2 APPPATH\Helpers\function_helper.php(909): App\Libraries\IonAuth->__construct()
 3 APPPATH\Controllers\vendor\Businesses.php(265): subscription()
 4 SYSTEMPATH\CodeIgniter.php(933): App\Controllers\vendor\Businesses->update_default_business()
 5 SYSTEMPATH\CodeIgniter.php(509): CodeIgniter\CodeIgniter->runController(Object(App\Controllers\vendor\Businesses))
 6 SYSTEMPATH\CodeIgniter.php(355): CodeIgniter\CodeIgniter->handleRequest(null, Object(Config\Cache), false)
 7 SYSTEMPATH\Boot.php(325): CodeIgniter\CodeIgniter->run()
 8 SYSTEMPATH\Boot.php(67): CodeIgniter\Boot::runCodeIgniter(Object(CodeIgniter\CodeIgniter))
 9 FCPATH\index.php(56): CodeIgniter\Boot::bootWeb(Object(Config\Paths))
WARNING - 2024-10-25 15:04:23 --> [DEPRECATED] Creation of dynamic property IonAuth\Models\IonAuthModel::$hashMethod is deprecated in FCPATH\vendor\benedmunds\codeigniter-ion-auth\Models\IonAuthModel.php on line 234.
 1 APPPATH\Libraries\IonAuth.php(71): IonAuth\Models\IonAuthModel->__construct()
 2 APPPATH\Helpers\function_helper.php(909): App\Libraries\IonAuth->__construct()
 3 APPPATH\Controllers\vendor\Businesses.php(265): subscription()
 4 SYSTEMPATH\CodeIgniter.php(933): App\Controllers\vendor\Businesses->update_default_business()
 5 SYSTEMPATH\CodeIgniter.php(509): CodeIgniter\CodeIgniter->runController(Object(App\Controllers\vendor\Businesses))
 6 SYSTEMPATH\CodeIgniter.php(355): CodeIgniter\CodeIgniter->handleRequest(null, Object(Config\Cache), false)
 7 SYSTEMPATH\Boot.php(325): CodeIgniter\CodeIgniter->run()
 8 SYSTEMPATH\Boot.php(67): CodeIgniter\Boot::runCodeIgniter(Object(CodeIgniter\CodeIgniter))
 9 FCPATH\index.php(56): CodeIgniter\Boot::bootWeb(Object(Config\Paths))
WARNING - 2024-10-25 15:04:23 --> [DEPRECATED] Creation of dynamic property IonAuth\Models\IonAuthModel::$messagesTemplates is deprecated in FCPATH\vendor\benedmunds\codeigniter-ion-auth\Models\IonAuthModel.php on line 237.
 1 APPPATH\Libraries\IonAuth.php(71): IonAuth\Models\IonAuthModel->__construct()
 2 APPPATH\Helpers\function_helper.php(909): App\Libraries\IonAuth->__construct()
 3 APPPATH\Controllers\vendor\Businesses.php(265): subscription()
 4 SYSTEMPATH\CodeIgniter.php(933): App\Controllers\vendor\Businesses->update_default_business()
 5 SYSTEMPATH\CodeIgniter.php(509): CodeIgniter\CodeIgniter->runController(Object(App\Controllers\vendor\Businesses))
 6 SYSTEMPATH\CodeIgniter.php(355): CodeIgniter\CodeIgniter->handleRequest(null, Object(Config\Cache), false)
 7 SYSTEMPATH\Boot.php(325): CodeIgniter\CodeIgniter->run()
 8 SYSTEMPATH\Boot.php(67): CodeIgniter\Boot::runCodeIgniter(Object(CodeIgniter\CodeIgniter))
 9 FCPATH\index.php(56): CodeIgniter\Boot::bootWeb(Object(Config\Paths))
WARNING - 2024-10-25 15:04:23 --> [DEPRECATED] Creation of dynamic property IonAuth\Models\IonAuthModel::$join is deprecated in FCPATH\vendor\benedmunds\codeigniter-ion-auth\Models\IonAuthModel.php on line 231.
 1 APPPATH\Libraries\IonAuth.php(71): IonAuth\Models\IonAuthModel->__construct()
 2 APPPATH\Filters\CheckRoles.php(17): App\Libraries\IonAuth->__construct()
 3 SYSTEMPATH\Filters\Filters.php(235): App\Filters\CheckRoles->__construct()
 4 SYSTEMPATH\Filters\Filters.php(188): CodeIgniter\Filters\Filters->runAfter([...])
 5 SYSTEMPATH\CodeIgniter.php(527): CodeIgniter\Filters\Filters->run('vendor/businesses/update_default_business', 'after')
 6 SYSTEMPATH\CodeIgniter.php(355): CodeIgniter\CodeIgniter->handleRequest(null, Object(Config\Cache), false)
 7 SYSTEMPATH\Boot.php(325): CodeIgniter\CodeIgniter->run()
 8 SYSTEMPATH\Boot.php(67): CodeIgniter\Boot::runCodeIgniter(Object(CodeIgniter\CodeIgniter))
 9 FCPATH\index.php(56): CodeIgniter\Boot::bootWeb(Object(Config\Paths))
WARNING - 2024-10-25 15:04:23 --> [DEPRECATED] Creation of dynamic property IonAuth\Models\IonAuthModel::$hashMethod is deprecated in FCPATH\vendor\benedmunds\codeigniter-ion-auth\Models\IonAuthModel.php on line 234.
 1 APPPATH\Libraries\IonAuth.php(71): IonAuth\Models\IonAuthModel->__construct()
 2 APPPATH\Filters\CheckRoles.php(17): App\Libraries\IonAuth->__construct()
 3 SYSTEMPATH\Filters\Filters.php(235): App\Filters\CheckRoles->__construct()
 4 SYSTEMPATH\Filters\Filters.php(188): CodeIgniter\Filters\Filters->runAfter([...])
 5 SYSTEMPATH\CodeIgniter.php(527): CodeIgniter\Filters\Filters->run('vendor/businesses/update_default_business', 'after')
 6 SYSTEMPATH\CodeIgniter.php(355): CodeIgniter\CodeIgniter->handleRequest(null, Object(Config\Cache), false)
 7 SYSTEMPATH\Boot.php(325): CodeIgniter\CodeIgniter->run()
 8 SYSTEMPATH\Boot.php(67): CodeIgniter\Boot::runCodeIgniter(Object(CodeIgniter\CodeIgniter))
 9 FCPATH\index.php(56): CodeIgniter\Boot::bootWeb(Object(Config\Paths))
WARNING - 2024-10-25 15:04:23 --> [DEPRECATED] Creation of dynamic property IonAuth\Models\IonAuthModel::$messagesTemplates is deprecated in FCPATH\vendor\benedmunds\codeigniter-ion-auth\Models\IonAuthModel.php on line 237.
 1 APPPATH\Libraries\IonAuth.php(71): IonAuth\Models\IonAuthModel->__construct()
 2 APPPATH\Filters\CheckRoles.php(17): App\Libraries\IonAuth->__construct()
 3 SYSTEMPATH\Filters\Filters.php(235): App\Filters\CheckRoles->__construct()
 4 SYSTEMPATH\Filters\Filters.php(188): CodeIgniter\Filters\Filters->runAfter([...])
 5 SYSTEMPATH\CodeIgniter.php(527): CodeIgniter\Filters\Filters->run('vendor/businesses/update_default_business', 'after')
 6 SYSTEMPATH\CodeIgniter.php(355): CodeIgniter\CodeIgniter->handleRequest(null, Object(Config\Cache), false)
 7 SYSTEMPATH\Boot.php(325): CodeIgniter\CodeIgniter->run()
 8 SYSTEMPATH\Boot.php(67): CodeIgniter\Boot::runCodeIgniter(Object(CodeIgniter\CodeIgniter))
 9 FCPATH\index.php(56): CodeIgniter\Boot::bootWeb(Object(Config\Paths))
INFO - 2024-10-25 09:34:23 --> Session: Class initialized using 'CodeIgniter\Session\Handlers\FileHandler' driver.
WARNING - 2024-10-25 09:34:23 --> [DEPRECATED] Creation of dynamic property IonAuth\Models\IonAuthModel::$join is deprecated in FCPATH\vendor\benedmunds\codeigniter-ion-auth\Models\IonAuthModel.php on line 231.
 1 APPPATH\Libraries\IonAuth.php(71): IonAuth\Models\IonAuthModel->__construct()
 2 APPPATH\Filters\CheckRoles.php(17): App\Libraries\IonAuth->__construct()
 3 SYSTEMPATH\Filters\Filters.php(197): App\Filters\CheckRoles->__construct()
 4 SYSTEMPATH\Filters\Filters.php(184): CodeIgniter\Filters\Filters->runBefore([...])
 5 SYSTEMPATH\CodeIgniter.php(481): CodeIgniter\Filters\Filters->run('vendor/businesses/business_table', 'before')
 6 SYSTEMPATH\CodeIgniter.php(355): CodeIgniter\CodeIgniter->handleRequest(null, Object(Config\Cache), false)
 7 SYSTEMPATH\Boot.php(325): CodeIgniter\CodeIgniter->run()
 8 SYSTEMPATH\Boot.php(67): CodeIgniter\Boot::runCodeIgniter(Object(CodeIgniter\CodeIgniter))
 9 FCPATH\index.php(56): CodeIgniter\Boot::bootWeb(Object(Config\Paths))
WARNING - 2024-10-25 09:34:23 --> [DEPRECATED] Creation of dynamic property IonAuth\Models\IonAuthModel::$hashMethod is deprecated in FCPATH\vendor\benedmunds\codeigniter-ion-auth\Models\IonAuthModel.php on line 234.
 1 APPPATH\Libraries\IonAuth.php(71): IonAuth\Models\IonAuthModel->__construct()
 2 APPPATH\Filters\CheckRoles.php(17): App\Libraries\IonAuth->__construct()
 3 SYSTEMPATH\Filters\Filters.php(197): App\Filters\CheckRoles->__construct()
 4 SYSTEMPATH\Filters\Filters.php(184): CodeIgniter\Filters\Filters->runBefore([...])
 5 SYSTEMPATH\CodeIgniter.php(481): CodeIgniter\Filters\Filters->run('vendor/businesses/business_table', 'before')
 6 SYSTEMPATH\CodeIgniter.php(355): CodeIgniter\CodeIgniter->handleRequest(null, Object(Config\Cache), false)
 7 SYSTEMPATH\Boot.php(325): CodeIgniter\CodeIgniter->run()
 8 SYSTEMPATH\Boot.php(67): CodeIgniter\Boot::runCodeIgniter(Object(CodeIgniter\CodeIgniter))
 9 FCPATH\index.php(56): CodeIgniter\Boot::bootWeb(Object(Config\Paths))
WARNING - 2024-10-25 09:34:23 --> [DEPRECATED] Creation of dynamic property IonAuth\Models\IonAuthModel::$messagesTemplates is deprecated in FCPATH\vendor\benedmunds\codeigniter-ion-auth\Models\IonAuthModel.php on line 237.
 1 APPPATH\Libraries\IonAuth.php(71): IonAuth\Models\IonAuthModel->__construct()
 2 APPPATH\Filters\CheckRoles.php(17): App\Libraries\IonAuth->__construct()
 3 SYSTEMPATH\Filters\Filters.php(197): App\Filters\CheckRoles->__construct()
 4 SYSTEMPATH\Filters\Filters.php(184): CodeIgniter\Filters\Filters->runBefore([...])
 5 SYSTEMPATH\CodeIgniter.php(481): CodeIgniter\Filters\Filters->run('vendor/businesses/business_table', 'before')
 6 SYSTEMPATH\CodeIgniter.php(355): CodeIgniter\CodeIgniter->handleRequest(null, Object(Config\Cache), false)
 7 SYSTEMPATH\Boot.php(325): CodeIgniter\CodeIgniter->run()
 8 SYSTEMPATH\Boot.php(67): CodeIgniter\Boot::runCodeIgniter(Object(CodeIgniter\CodeIgniter))
 9 FCPATH\index.php(56): CodeIgniter\Boot::bootWeb(Object(Config\Paths))
WARNING - 2024-10-25 09:34:23 --> [DEPRECATED] Creation of dynamic property IonAuth\Models\IonAuthModel::$join is deprecated in FCPATH\vendor\benedmunds\codeigniter-ion-auth\Models\IonAuthModel.php on line 231.
 1 APPPATH\Libraries\IonAuth.php(71): IonAuth\Models\IonAuthModel->__construct()
 2 APPPATH\Controllers\vendor\Businesses.php(19): App\Libraries\IonAuth->__construct()
 3 SYSTEMPATH\CodeIgniter.php(903): App\Controllers\vendor\Businesses->__construct()
 4 SYSTEMPATH\CodeIgniter.php(500): CodeIgniter\CodeIgniter->createController()
 5 SYSTEMPATH\CodeIgniter.php(355): CodeIgniter\CodeIgniter->handleRequest(null, Object(Config\Cache), false)
 6 SYSTEMPATH\Boot.php(325): CodeIgniter\CodeIgniter->run()
 7 SYSTEMPATH\Boot.php(67): CodeIgniter\Boot::runCodeIgniter(Object(CodeIgniter\CodeIgniter))
 8 FCPATH\index.php(56): CodeIgniter\Boot::bootWeb(Object(Config\Paths))
WARNING - 2024-10-25 09:34:23 --> [DEPRECATED] Creation of dynamic property IonAuth\Models\IonAuthModel::$hashMethod is deprecated in FCPATH\vendor\benedmunds\codeigniter-ion-auth\Models\IonAuthModel.php on line 234.
 1 APPPATH\Libraries\IonAuth.php(71): IonAuth\Models\IonAuthModel->__construct()
 2 APPPATH\Controllers\vendor\Businesses.php(19): App\Libraries\IonAuth->__construct()
 3 SYSTEMPATH\CodeIgniter.php(903): App\Controllers\vendor\Businesses->__construct()
 4 SYSTEMPATH\CodeIgniter.php(500): CodeIgniter\CodeIgniter->createController()
 5 SYSTEMPATH\CodeIgniter.php(355): CodeIgniter\CodeIgniter->handleRequest(null, Object(Config\Cache), false)
 6 SYSTEMPATH\Boot.php(325): CodeIgniter\CodeIgniter->run()
 7 SYSTEMPATH\Boot.php(67): CodeIgniter\Boot::runCodeIgniter(Object(CodeIgniter\CodeIgniter))
 8 FCPATH\index.php(56): CodeIgniter\Boot::bootWeb(Object(Config\Paths))
WARNING - 2024-10-25 09:34:23 --> [DEPRECATED] Creation of dynamic property IonAuth\Models\IonAuthModel::$messagesTemplates is deprecated in FCPATH\vendor\benedmunds\codeigniter-ion-auth\Models\IonAuthModel.php on line 237.
 1 APPPATH\Libraries\IonAuth.php(71): IonAuth\Models\IonAuthModel->__construct()
 2 APPPATH\Controllers\vendor\Businesses.php(19): App\Libraries\IonAuth->__construct()
 3 SYSTEMPATH\CodeIgniter.php(903): App\Controllers\vendor\Businesses->__construct()
 4 SYSTEMPATH\CodeIgniter.php(500): CodeIgniter\CodeIgniter->createController()
 5 SYSTEMPATH\CodeIgniter.php(355): CodeIgniter\CodeIgniter->handleRequest(null, Object(Config\Cache), false)
 6 SYSTEMPATH\Boot.php(325): CodeIgniter\CodeIgniter->run()
 7 SYSTEMPATH\Boot.php(67): CodeIgniter\Boot::runCodeIgniter(Object(CodeIgniter\CodeIgniter))
 8 FCPATH\index.php(56): CodeIgniter\Boot::bootWeb(Object(Config\Paths))
WARNING - 2024-10-25 15:04:23 --> [DEPRECATED] Creation of dynamic property IonAuth\Models\IonAuthModel::$join is deprecated in FCPATH\vendor\benedmunds\codeigniter-ion-auth\Models\IonAuthModel.php on line 231.
 1 APPPATH\Libraries\IonAuth.php(71): IonAuth\Models\IonAuthModel->__construct()
 2 APPPATH\Filters\CheckRoles.php(17): App\Libraries\IonAuth->__construct()
 3 SYSTEMPATH\Filters\Filters.php(235): App\Filters\CheckRoles->__construct()
 4 SYSTEMPATH\Filters\Filters.php(188): CodeIgniter\Filters\Filters->runAfter([...])
 5 SYSTEMPATH\CodeIgniter.php(527): CodeIgniter\Filters\Filters->run('vendor/businesses/business_table', 'after')
 6 SYSTEMPATH\CodeIgniter.php(355): CodeIgniter\CodeIgniter->handleRequest(null, Object(Config\Cache), false)
 7 SYSTEMPATH\Boot.php(325): CodeIgniter\CodeIgniter->run()
 8 SYSTEMPATH\Boot.php(67): CodeIgniter\Boot::runCodeIgniter(Object(CodeIgniter\CodeIgniter))
 9 FCPATH\index.php(56): CodeIgniter\Boot::bootWeb(Object(Config\Paths))
WARNING - 2024-10-25 15:04:23 --> [DEPRECATED] Creation of dynamic property IonAuth\Models\IonAuthModel::$hashMethod is deprecated in FCPATH\vendor\benedmunds\codeigniter-ion-auth\Models\IonAuthModel.php on line 234.
 1 APPPATH\Libraries\IonAuth.php(71): IonAuth\Models\IonAuthModel->__construct()
 2 APPPATH\Filters\CheckRoles.php(17): App\Libraries\IonAuth->__construct()
 3 SYSTEMPATH\Filters\Filters.php(235): App\Filters\CheckRoles->__construct()
 4 SYSTEMPATH\Filters\Filters.php(188): CodeIgniter\Filters\Filters->runAfter([...])
 5 SYSTEMPATH\CodeIgniter.php(527): CodeIgniter\Filters\Filters->run('vendor/businesses/business_table', 'after')
 6 SYSTEMPATH\CodeIgniter.php(355): CodeIgniter\CodeIgniter->handleRequest(null, Object(Config\Cache), false)
 7 SYSTEMPATH\Boot.php(325): CodeIgniter\CodeIgniter->run()
 8 SYSTEMPATH\Boot.php(67): CodeIgniter\Boot::runCodeIgniter(Object(CodeIgniter\CodeIgniter))
 9 FCPATH\index.php(56): CodeIgniter\Boot::bootWeb(Object(Config\Paths))
WARNING - 2024-10-25 15:04:23 --> [DEPRECATED] Creation of dynamic property IonAuth\Models\IonAuthModel::$messagesTemplates is deprecated in FCPATH\vendor\benedmunds\codeigniter-ion-auth\Models\IonAuthModel.php on line 237.
 1 APPPATH\Libraries\IonAuth.php(71): IonAuth\Models\IonAuthModel->__construct()
 2 APPPATH\Filters\CheckRoles.php(17): App\Libraries\IonAuth->__construct()
 3 SYSTEMPATH\Filters\Filters.php(235): App\Filters\CheckRoles->__construct()
 4 SYSTEMPATH\Filters\Filters.php(188): CodeIgniter\Filters\Filters->runAfter([...])
 5 SYSTEMPATH\CodeIgniter.php(527): CodeIgniter\Filters\Filters->run('vendor/businesses/business_table', 'after')
 6 SYSTEMPATH\CodeIgniter.php(355): CodeIgniter\CodeIgniter->handleRequest(null, Object(Config\Cache), false)
 7 SYSTEMPATH\Boot.php(325): CodeIgniter\CodeIgniter->run()
 8 SYSTEMPATH\Boot.php(67): CodeIgniter\Boot::runCodeIgniter(Object(CodeIgniter\CodeIgniter))
 9 FCPATH\index.php(56): CodeIgniter\Boot::bootWeb(Object(Config\Paths))
INFO - 2024-10-25 09:34:23 --> Session: Class initialized using 'CodeIgniter\Session\Handlers\FileHandler' driver.
WARNING - 2024-10-25 09:34:23 --> [DEPRECATED] Creation of dynamic property IonAuth\Models\IonAuthModel::$join is deprecated in FCPATH\vendor\benedmunds\codeigniter-ion-auth\Models\IonAuthModel.php on line 231.
 1 APPPATH\Libraries\IonAuth.php(71): IonAuth\Models\IonAuthModel->__construct()
 2 APPPATH\Filters\CheckRoles.php(17): App\Libraries\IonAuth->__construct()
 3 SYSTEMPATH\Filters\Filters.php(197): App\Filters\CheckRoles->__construct()
 4 SYSTEMPATH\Filters\Filters.php(184): CodeIgniter\Filters\Filters->runBefore([...])
 5 SYSTEMPATH\CodeIgniter.php(481): CodeIgniter\Filters\Filters->run('vendor/businesses/business_table', 'before')
 6 SYSTEMPATH\CodeIgniter.php(355): CodeIgniter\CodeIgniter->handleRequest(null, Object(Config\Cache), false)
 7 SYSTEMPATH\Boot.php(325): CodeIgniter\CodeIgniter->run()
 8 SYSTEMPATH\Boot.php(67): CodeIgniter\Boot::runCodeIgniter(Object(CodeIgniter\CodeIgniter))
 9 FCPATH\index.php(56): CodeIgniter\Boot::bootWeb(Object(Config\Paths))
WARNING - 2024-10-25 09:34:23 --> [DEPRECATED] Creation of dynamic property IonAuth\Models\IonAuthModel::$hashMethod is deprecated in FCPATH\vendor\benedmunds\codeigniter-ion-auth\Models\IonAuthModel.php on line 234.
 1 APPPATH\Libraries\IonAuth.php(71): IonAuth\Models\IonAuthModel->__construct()
 2 APPPATH\Filters\CheckRoles.php(17): App\Libraries\IonAuth->__construct()
 3 SYSTEMPATH\Filters\Filters.php(197): App\Filters\CheckRoles->__construct()
 4 SYSTEMPATH\Filters\Filters.php(184): CodeIgniter\Filters\Filters->runBefore([...])
 5 SYSTEMPATH\CodeIgniter.php(481): CodeIgniter\Filters\Filters->run('vendor/businesses/business_table', 'before')
 6 SYSTEMPATH\CodeIgniter.php(355): CodeIgniter\CodeIgniter->handleRequest(null, Object(Config\Cache), false)
 7 SYSTEMPATH\Boot.php(325): CodeIgniter\CodeIgniter->run()
 8 SYSTEMPATH\Boot.php(67): CodeIgniter\Boot::runCodeIgniter(Object(CodeIgniter\CodeIgniter))
 9 FCPATH\index.php(56): CodeIgniter\Boot::bootWeb(Object(Config\Paths))
WARNING - 2024-10-25 09:34:23 --> [DEPRECATED] Creation of dynamic property IonAuth\Models\IonAuthModel::$messagesTemplates is deprecated in FCPATH\vendor\benedmunds\codeigniter-ion-auth\Models\IonAuthModel.php on line 237.
 1 APPPATH\Libraries\IonAuth.php(71): IonAuth\Models\IonAuthModel->__construct()
 2 APPPATH\Filters\CheckRoles.php(17): App\Libraries\IonAuth->__construct()
 3 SYSTEMPATH\Filters\Filters.php(197): App\Filters\CheckRoles->__construct()
 4 SYSTEMPATH\Filters\Filters.php(184): CodeIgniter\Filters\Filters->runBefore([...])
 5 SYSTEMPATH\CodeIgniter.php(481): CodeIgniter\Filters\Filters->run('vendor/businesses/business_table', 'before')
 6 SYSTEMPATH\CodeIgniter.php(355): CodeIgniter\CodeIgniter->handleRequest(null, Object(Config\Cache), false)
 7 SYSTEMPATH\Boot.php(325): CodeIgniter\CodeIgniter->run()
 8 SYSTEMPATH\Boot.php(67): CodeIgniter\Boot::runCodeIgniter(Object(CodeIgniter\CodeIgniter))
 9 FCPATH\index.php(56): CodeIgniter\Boot::bootWeb(Object(Config\Paths))
WARNING - 2024-10-25 09:34:23 --> [DEPRECATED] Creation of dynamic property IonAuth\Models\IonAuthModel::$join is deprecated in FCPATH\vendor\benedmunds\codeigniter-ion-auth\Models\IonAuthModel.php on line 231.
 1 APPPATH\Libraries\IonAuth.php(71): IonAuth\Models\IonAuthModel->__construct()
 2 APPPATH\Controllers\vendor\Businesses.php(19): App\Libraries\IonAuth->__construct()
 3 SYSTEMPATH\CodeIgniter.php(903): App\Controllers\vendor\Businesses->__construct()
 4 SYSTEMPATH\CodeIgniter.php(500): CodeIgniter\CodeIgniter->createController()
 5 SYSTEMPATH\CodeIgniter.php(355): CodeIgniter\CodeIgniter->handleRequest(null, Object(Config\Cache), false)
 6 SYSTEMPATH\Boot.php(325): CodeIgniter\CodeIgniter->run()
 7 SYSTEMPATH\Boot.php(67): CodeIgniter\Boot::runCodeIgniter(Object(CodeIgniter\CodeIgniter))
 8 FCPATH\index.php(56): CodeIgniter\Boot::bootWeb(Object(Config\Paths))
WARNING - 2024-10-25 09:34:23 --> [DEPRECATED] Creation of dynamic property IonAuth\Models\IonAuthModel::$hashMethod is deprecated in FCPATH\vendor\benedmunds\codeigniter-ion-auth\Models\IonAuthModel.php on line 234.
 1 APPPATH\Libraries\IonAuth.php(71): IonAuth\Models\IonAuthModel->__construct()
 2 APPPATH\Controllers\vendor\Businesses.php(19): App\Libraries\IonAuth->__construct()
 3 SYSTEMPATH\CodeIgniter.php(903): App\Controllers\vendor\Businesses->__construct()
 4 SYSTEMPATH\CodeIgniter.php(500): CodeIgniter\CodeIgniter->createController()
 5 SYSTEMPATH\CodeIgniter.php(355): CodeIgniter\CodeIgniter->handleRequest(null, Object(Config\Cache), false)
 6 SYSTEMPATH\Boot.php(325): CodeIgniter\CodeIgniter->run()
 7 SYSTEMPATH\Boot.php(67): CodeIgniter\Boot::runCodeIgniter(Object(CodeIgniter\CodeIgniter))
 8 FCPATH\index.php(56): CodeIgniter\Boot::bootWeb(Object(Config\Paths))
WARNING - 2024-10-25 09:34:23 --> [DEPRECATED] Creation of dynamic property IonAuth\Models\IonAuthModel::$messagesTemplates is deprecated in FCPATH\vendor\benedmunds\codeigniter-ion-auth\Models\IonAuthModel.php on line 237.
 1 APPPATH\Libraries\IonAuth.php(71): IonAuth\Models\IonAuthModel->__construct()
 2 APPPATH\Controllers\vendor\Businesses.php(19): App\Libraries\IonAuth->__construct()
 3 SYSTEMPATH\CodeIgniter.php(903): App\Controllers\vendor\Businesses->__construct()
 4 SYSTEMPATH\CodeIgniter.php(500): CodeIgniter\CodeIgniter->createController()
 5 SYSTEMPATH\CodeIgniter.php(355): CodeIgniter\CodeIgniter->handleRequest(null, Object(Config\Cache), false)
 6 SYSTEMPATH\Boot.php(325): CodeIgniter\CodeIgniter->run()
 7 SYSTEMPATH\Boot.php(67): CodeIgniter\Boot::runCodeIgniter(Object(CodeIgniter\CodeIgniter))
 8 FCPATH\index.php(56): CodeIgniter\Boot::bootWeb(Object(Config\Paths))
WARNING - 2024-10-25 15:04:23 --> [DEPRECATED] Creation of dynamic property IonAuth\Models\IonAuthModel::$join is deprecated in FCPATH\vendor\benedmunds\codeigniter-ion-auth\Models\IonAuthModel.php on line 231.
 1 APPPATH\Libraries\IonAuth.php(71): IonAuth\Models\IonAuthModel->__construct()
 2 APPPATH\Filters\CheckRoles.php(17): App\Libraries\IonAuth->__construct()
 3 SYSTEMPATH\Filters\Filters.php(235): App\Filters\CheckRoles->__construct()
 4 SYSTEMPATH\Filters\Filters.php(188): CodeIgniter\Filters\Filters->runAfter([...])
 5 SYSTEMPATH\CodeIgniter.php(527): CodeIgniter\Filters\Filters->run('vendor/businesses/business_table', 'after')
 6 SYSTEMPATH\CodeIgniter.php(355): CodeIgniter\CodeIgniter->handleRequest(null, Object(Config\Cache), false)
 7 SYSTEMPATH\Boot.php(325): CodeIgniter\CodeIgniter->run()
 8 SYSTEMPATH\Boot.php(67): CodeIgniter\Boot::runCodeIgniter(Object(CodeIgniter\CodeIgniter))
 9 FCPATH\index.php(56): CodeIgniter\Boot::bootWeb(Object(Config\Paths))
WARNING - 2024-10-25 15:04:23 --> [DEPRECATED] Creation of dynamic property IonAuth\Models\IonAuthModel::$hashMethod is deprecated in FCPATH\vendor\benedmunds\codeigniter-ion-auth\Models\IonAuthModel.php on line 234.
 1 APPPATH\Libraries\IonAuth.php(71): IonAuth\Models\IonAuthModel->__construct()
 2 APPPATH\Filters\CheckRoles.php(17): App\Libraries\IonAuth->__construct()
 3 SYSTEMPATH\Filters\Filters.php(235): App\Filters\CheckRoles->__construct()
 4 SYSTEMPATH\Filters\Filters.php(188): CodeIgniter\Filters\Filters->runAfter([...])
 5 SYSTEMPATH\CodeIgniter.php(527): CodeIgniter\Filters\Filters->run('vendor/businesses/business_table', 'after')
 6 SYSTEMPATH\CodeIgniter.php(355): CodeIgniter\CodeIgniter->handleRequest(null, Object(Config\Cache), false)
 7 SYSTEMPATH\Boot.php(325): CodeIgniter\CodeIgniter->run()
 8 SYSTEMPATH\Boot.php(67): CodeIgniter\Boot::runCodeIgniter(Object(CodeIgniter\CodeIgniter))
 9 FCPATH\index.php(56): CodeIgniter\Boot::bootWeb(Object(Config\Paths))
WARNING - 2024-10-25 15:04:23 --> [DEPRECATED] Creation of dynamic property IonAuth\Models\IonAuthModel::$messagesTemplates is deprecated in FCPATH\vendor\benedmunds\codeigniter-ion-auth\Models\IonAuthModel.php on line 237.
 1 APPPATH\Libraries\IonAuth.php(71): IonAuth\Models\IonAuthModel->__construct()
 2 APPPATH\Filters\CheckRoles.php(17): App\Libraries\IonAuth->__construct()
 3 SYSTEMPATH\Filters\Filters.php(235): App\Filters\CheckRoles->__construct()
 4 SYSTEMPATH\Filters\Filters.php(188): CodeIgniter\Filters\Filters->runAfter([...])
 5 SYSTEMPATH\CodeIgniter.php(527): CodeIgniter\Filters\Filters->run('vendor/businesses/business_table', 'after')
 6 SYSTEMPATH\CodeIgniter.php(355): CodeIgniter\CodeIgniter->handleRequest(null, Object(Config\Cache), false)
 7 SYSTEMPATH\Boot.php(325): CodeIgniter\CodeIgniter->run()
 8 SYSTEMPATH\Boot.php(67): CodeIgniter\Boot::runCodeIgniter(Object(CodeIgniter\CodeIgniter))
 9 FCPATH\index.php(56): CodeIgniter\Boot::bootWeb(Object(Config\Paths))
INFO - 2024-10-25 09:35:00 --> Session: Class initialized using 'CodeIgniter\Session\Handlers\FileHandler' driver.
WARNING - 2024-10-25 09:35:00 --> [DEPRECATED] Creation of dynamic property IonAuth\Models\IonAuthModel::$join is deprecated in FCPATH\vendor\benedmunds\codeigniter-ion-auth\Models\IonAuthModel.php on line 231.
 1 APPPATH\Libraries\IonAuth.php(71): IonAuth\Models\IonAuthModel->__construct()
 2 APPPATH\Filters\CheckRoles.php(17): App\Libraries\IonAuth->__construct()
 3 SYSTEMPATH\Filters\Filters.php(197): App\Filters\CheckRoles->__construct()
 4 SYSTEMPATH\Filters\Filters.php(184): CodeIgniter\Filters\Filters->runBefore([...])
 5 SYSTEMPATH\CodeIgniter.php(481): CodeIgniter\Filters\Filters->run('vendor/businesses/save_business', 'before')
 6 SYSTEMPATH\CodeIgniter.php(355): CodeIgniter\CodeIgniter->handleRequest(null, Object(Config\Cache), false)
 7 SYSTEMPATH\Boot.php(325): CodeIgniter\CodeIgniter->run()
 8 SYSTEMPATH\Boot.php(67): CodeIgniter\Boot::runCodeIgniter(Object(CodeIgniter\CodeIgniter))
 9 FCPATH\index.php(56): CodeIgniter\Boot::bootWeb(Object(Config\Paths))
WARNING - 2024-10-25 09:35:00 --> [DEPRECATED] Creation of dynamic property IonAuth\Models\IonAuthModel::$hashMethod is deprecated in FCPATH\vendor\benedmunds\codeigniter-ion-auth\Models\IonAuthModel.php on line 234.
 1 APPPATH\Libraries\IonAuth.php(71): IonAuth\Models\IonAuthModel->__construct()
 2 APPPATH\Filters\CheckRoles.php(17): App\Libraries\IonAuth->__construct()
 3 SYSTEMPATH\Filters\Filters.php(197): App\Filters\CheckRoles->__construct()
 4 SYSTEMPATH\Filters\Filters.php(184): CodeIgniter\Filters\Filters->runBefore([...])
 5 SYSTEMPATH\CodeIgniter.php(481): CodeIgniter\Filters\Filters->run('vendor/businesses/save_business', 'before')
 6 SYSTEMPATH\CodeIgniter.php(355): CodeIgniter\CodeIgniter->handleRequest(null, Object(Config\Cache), false)
 7 SYSTEMPATH\Boot.php(325): CodeIgniter\CodeIgniter->run()
 8 SYSTEMPATH\Boot.php(67): CodeIgniter\Boot::runCodeIgniter(Object(CodeIgniter\CodeIgniter))
 9 FCPATH\index.php(56): CodeIgniter\Boot::bootWeb(Object(Config\Paths))
WARNING - 2024-10-25 09:35:00 --> [DEPRECATED] Creation of dynamic property IonAuth\Models\IonAuthModel::$messagesTemplates is deprecated in FCPATH\vendor\benedmunds\codeigniter-ion-auth\Models\IonAuthModel.php on line 237.
 1 APPPATH\Libraries\IonAuth.php(71): IonAuth\Models\IonAuthModel->__construct()
 2 APPPATH\Filters\CheckRoles.php(17): App\Libraries\IonAuth->__construct()
 3 SYSTEMPATH\Filters\Filters.php(197): App\Filters\CheckRoles->__construct()
 4 SYSTEMPATH\Filters\Filters.php(184): CodeIgniter\Filters\Filters->runBefore([...])
 5 SYSTEMPATH\CodeIgniter.php(481): CodeIgniter\Filters\Filters->run('vendor/businesses/save_business', 'before')
 6 SYSTEMPATH\CodeIgniter.php(355): CodeIgniter\CodeIgniter->handleRequest(null, Object(Config\Cache), false)
 7 SYSTEMPATH\Boot.php(325): CodeIgniter\CodeIgniter->run()
 8 SYSTEMPATH\Boot.php(67): CodeIgniter\Boot::runCodeIgniter(Object(CodeIgniter\CodeIgniter))
 9 FCPATH\index.php(56): CodeIgniter\Boot::bootWeb(Object(Config\Paths))
WARNING - 2024-10-25 09:35:00 --> [DEPRECATED] Creation of dynamic property IonAuth\Models\IonAuthModel::$join is deprecated in FCPATH\vendor\benedmunds\codeigniter-ion-auth\Models\IonAuthModel.php on line 231.
 1 APPPATH\Libraries\IonAuth.php(71): IonAuth\Models\IonAuthModel->__construct()
 2 APPPATH\Controllers\vendor\Businesses.php(19): App\Libraries\IonAuth->__construct()
 3 SYSTEMPATH\CodeIgniter.php(903): App\Controllers\vendor\Businesses->__construct()
 4 SYSTEMPATH\CodeIgniter.php(500): CodeIgniter\CodeIgniter->createController()
 5 SYSTEMPATH\CodeIgniter.php(355): CodeIgniter\CodeIgniter->handleRequest(null, Object(Config\Cache), false)
 6 SYSTEMPATH\Boot.php(325): CodeIgniter\CodeIgniter->run()
 7 SYSTEMPATH\Boot.php(67): CodeIgniter\Boot::runCodeIgniter(Object(CodeIgniter\CodeIgniter))
 8 FCPATH\index.php(56): CodeIgniter\Boot::bootWeb(Object(Config\Paths))
WARNING - 2024-10-25 09:35:00 --> [DEPRECATED] Creation of dynamic property IonAuth\Models\IonAuthModel::$hashMethod is deprecated in FCPATH\vendor\benedmunds\codeigniter-ion-auth\Models\IonAuthModel.php on line 234.
 1 APPPATH\Libraries\IonAuth.php(71): IonAuth\Models\IonAuthModel->__construct()
 2 APPPATH\Controllers\vendor\Businesses.php(19): App\Libraries\IonAuth->__construct()
 3 SYSTEMPATH\CodeIgniter.php(903): App\Controllers\vendor\Businesses->__construct()
 4 SYSTEMPATH\CodeIgniter.php(500): CodeIgniter\CodeIgniter->createController()
 5 SYSTEMPATH\CodeIgniter.php(355): CodeIgniter\CodeIgniter->handleRequest(null, Object(Config\Cache), false)
 6 SYSTEMPATH\Boot.php(325): CodeIgniter\CodeIgniter->run()
 7 SYSTEMPATH\Boot.php(67): CodeIgniter\Boot::runCodeIgniter(Object(CodeIgniter\CodeIgniter))
 8 FCPATH\index.php(56): CodeIgniter\Boot::bootWeb(Object(Config\Paths))
WARNING - 2024-10-25 09:35:00 --> [DEPRECATED] Creation of dynamic property IonAuth\Models\IonAuthModel::$messagesTemplates is deprecated in FCPATH\vendor\benedmunds\codeigniter-ion-auth\Models\IonAuthModel.php on line 237.
 1 APPPATH\Libraries\IonAuth.php(71): IonAuth\Models\IonAuthModel->__construct()
 2 APPPATH\Controllers\vendor\Businesses.php(19): App\Libraries\IonAuth->__construct()
 3 SYSTEMPATH\CodeIgniter.php(903): App\Controllers\vendor\Businesses->__construct()
 4 SYSTEMPATH\CodeIgniter.php(500): CodeIgniter\CodeIgniter->createController()
 5 SYSTEMPATH\CodeIgniter.php(355): CodeIgniter\CodeIgniter->handleRequest(null, Object(Config\Cache), false)
 6 SYSTEMPATH\Boot.php(325): CodeIgniter\CodeIgniter->run()
 7 SYSTEMPATH\Boot.php(67): CodeIgniter\Boot::runCodeIgniter(Object(CodeIgniter\CodeIgniter))
 8 FCPATH\index.php(56): CodeIgniter\Boot::bootWeb(Object(Config\Paths))
WARNING - 2024-10-25 15:05:00 --> [DEPRECATED] Creation of dynamic property IonAuth\Models\IonAuthModel::$join is deprecated in FCPATH\vendor\benedmunds\codeigniter-ion-auth\Models\IonAuthModel.php on line 231.
 1 APPPATH\Libraries\IonAuth.php(71): IonAuth\Models\IonAuthModel->__construct()
 2 APPPATH\Helpers\function_helper.php(909): App\Libraries\IonAuth->__construct()
 3 APPPATH\Controllers\vendor\Businesses.php(70): subscription()
 4 SYSTEMPATH\CodeIgniter.php(933): App\Controllers\vendor\Businesses->save_business()
 5 SYSTEMPATH\CodeIgniter.php(509): CodeIgniter\CodeIgniter->runController(Object(App\Controllers\vendor\Businesses))
 6 SYSTEMPATH\CodeIgniter.php(355): CodeIgniter\CodeIgniter->handleRequest(null, Object(Config\Cache), false)
 7 SYSTEMPATH\Boot.php(325): CodeIgniter\CodeIgniter->run()
 8 SYSTEMPATH\Boot.php(67): CodeIgniter\Boot::runCodeIgniter(Object(CodeIgniter\CodeIgniter))
 9 FCPATH\index.php(56): CodeIgniter\Boot::bootWeb(Object(Config\Paths))
WARNING - 2024-10-25 15:05:00 --> [DEPRECATED] Creation of dynamic property IonAuth\Models\IonAuthModel::$hashMethod is deprecated in FCPATH\vendor\benedmunds\codeigniter-ion-auth\Models\IonAuthModel.php on line 234.
 1 APPPATH\Libraries\IonAuth.php(71): IonAuth\Models\IonAuthModel->__construct()
 2 APPPATH\Helpers\function_helper.php(909): App\Libraries\IonAuth->__construct()
 3 APPPATH\Controllers\vendor\Businesses.php(70): subscription()
 4 SYSTEMPATH\CodeIgniter.php(933): App\Controllers\vendor\Businesses->save_business()
 5 SYSTEMPATH\CodeIgniter.php(509): CodeIgniter\CodeIgniter->runController(Object(App\Controllers\vendor\Businesses))
 6 SYSTEMPATH\CodeIgniter.php(355): CodeIgniter\CodeIgniter->handleRequest(null, Object(Config\Cache), false)
 7 SYSTEMPATH\Boot.php(325): CodeIgniter\CodeIgniter->run()
 8 SYSTEMPATH\Boot.php(67): CodeIgniter\Boot::runCodeIgniter(Object(CodeIgniter\CodeIgniter))
 9 FCPATH\index.php(56): CodeIgniter\Boot::bootWeb(Object(Config\Paths))
WARNING - 2024-10-25 15:05:00 --> [DEPRECATED] Creation of dynamic property IonAuth\Models\IonAuthModel::$messagesTemplates is deprecated in FCPATH\vendor\benedmunds\codeigniter-ion-auth\Models\IonAuthModel.php on line 237.
 1 APPPATH\Libraries\IonAuth.php(71): IonAuth\Models\IonAuthModel->__construct()
 2 APPPATH\Helpers\function_helper.php(909): App\Libraries\IonAuth->__construct()
 3 APPPATH\Controllers\vendor\Businesses.php(70): subscription()
 4 SYSTEMPATH\CodeIgniter.php(933): App\Controllers\vendor\Businesses->save_business()
 5 SYSTEMPATH\CodeIgniter.php(509): CodeIgniter\CodeIgniter->runController(Object(App\Controllers\vendor\Businesses))
 6 SYSTEMPATH\CodeIgniter.php(355): CodeIgniter\CodeIgniter->handleRequest(null, Object(Config\Cache), false)
 7 SYSTEMPATH\Boot.php(325): CodeIgniter\CodeIgniter->run()
 8 SYSTEMPATH\Boot.php(67): CodeIgniter\Boot::runCodeIgniter(Object(CodeIgniter\CodeIgniter))
 9 FCPATH\index.php(56): CodeIgniter\Boot::bootWeb(Object(Config\Paths))
WARNING - 2024-10-25 15:05:00 --> [DEPRECATED] Creation of dynamic property IonAuth\Models\IonAuthModel::$join is deprecated in FCPATH\vendor\benedmunds\codeigniter-ion-auth\Models\IonAuthModel.php on line 231.
 1 APPPATH\Libraries\IonAuth.php(71): IonAuth\Models\IonAuthModel->__construct()
 2 APPPATH\Filters\CheckRoles.php(17): App\Libraries\IonAuth->__construct()
 3 SYSTEMPATH\Filters\Filters.php(235): App\Filters\CheckRoles->__construct()
 4 SYSTEMPATH\Filters\Filters.php(188): CodeIgniter\Filters\Filters->runAfter([...])
 5 SYSTEMPATH\CodeIgniter.php(527): CodeIgniter\Filters\Filters->run('vendor/businesses/save_business', 'after')
 6 SYSTEMPATH\CodeIgniter.php(355): CodeIgniter\CodeIgniter->handleRequest(null, Object(Config\Cache), false)
 7 SYSTEMPATH\Boot.php(325): CodeIgniter\CodeIgniter->run()
 8 SYSTEMPATH\Boot.php(67): CodeIgniter\Boot::runCodeIgniter(Object(CodeIgniter\CodeIgniter))
 9 FCPATH\index.php(56): CodeIgniter\Boot::bootWeb(Object(Config\Paths))
WARNING - 2024-10-25 15:05:00 --> [DEPRECATED] Creation of dynamic property IonAuth\Models\IonAuthModel::$hashMethod is deprecated in FCPATH\vendor\benedmunds\codeigniter-ion-auth\Models\IonAuthModel.php on line 234.
 1 APPPATH\Libraries\IonAuth.php(71): IonAuth\Models\IonAuthModel->__construct()
 2 APPPATH\Filters\CheckRoles.php(17): App\Libraries\IonAuth->__construct()
 3 SYSTEMPATH\Filters\Filters.php(235): App\Filters\CheckRoles->__construct()
 4 SYSTEMPATH\Filters\Filters.php(188): CodeIgniter\Filters\Filters->runAfter([...])
 5 SYSTEMPATH\CodeIgniter.php(527): CodeIgniter\Filters\Filters->run('vendor/businesses/save_business', 'after')
 6 SYSTEMPATH\CodeIgniter.php(355): CodeIgniter\CodeIgniter->handleRequest(null, Object(Config\Cache), false)
 7 SYSTEMPATH\Boot.php(325): CodeIgniter\CodeIgniter->run()
 8 SYSTEMPATH\Boot.php(67): CodeIgniter\Boot::runCodeIgniter(Object(CodeIgniter\CodeIgniter))
 9 FCPATH\index.php(56): CodeIgniter\Boot::bootWeb(Object(Config\Paths))
WARNING - 2024-10-25 15:05:00 --> [DEPRECATED] Creation of dynamic property IonAuth\Models\IonAuthModel::$messagesTemplates is deprecated in FCPATH\vendor\benedmunds\codeigniter-ion-auth\Models\IonAuthModel.php on line 237.
 1 APPPATH\Libraries\IonAuth.php(71): IonAuth\Models\IonAuthModel->__construct()
 2 APPPATH\Filters\CheckRoles.php(17): App\Libraries\IonAuth->__construct()
 3 SYSTEMPATH\Filters\Filters.php(235): App\Filters\CheckRoles->__construct()
 4 SYSTEMPATH\Filters\Filters.php(188): CodeIgniter\Filters\Filters->runAfter([...])
 5 SYSTEMPATH\CodeIgniter.php(527): CodeIgniter\Filters\Filters->run('vendor/businesses/save_business', 'after')
 6 SYSTEMPATH\CodeIgniter.php(355): CodeIgniter\CodeIgniter->handleRequest(null, Object(Config\Cache), false)
 7 SYSTEMPATH\Boot.php(325): CodeIgniter\CodeIgniter->run()
 8 SYSTEMPATH\Boot.php(67): CodeIgniter\Boot::runCodeIgniter(Object(CodeIgniter\CodeIgniter))
 9 FCPATH\index.php(56): CodeIgniter\Boot::bootWeb(Object(Config\Paths))
INFO - 2024-10-25 09:35:00 --> Session: Class initialized using 'CodeIgniter\Session\Handlers\FileHandler' driver.
WARNING - 2024-10-25 09:35:00 --> [DEPRECATED] Creation of dynamic property IonAuth\Models\IonAuthModel::$join is deprecated in FCPATH\vendor\benedmunds\codeigniter-ion-auth\Models\IonAuthModel.php on line 231.
 1 APPPATH\Libraries\IonAuth.php(71): IonAuth\Models\IonAuthModel->__construct()
 2 APPPATH\Filters\CheckRoles.php(17): App\Libraries\IonAuth->__construct()
 3 SYSTEMPATH\Filters\Filters.php(197): App\Filters\CheckRoles->__construct()
 4 SYSTEMPATH\Filters\Filters.php(184): CodeIgniter\Filters\Filters->runBefore([...])
 5 SYSTEMPATH\CodeIgniter.php(481): CodeIgniter\Filters\Filters->run('vendor/businesses', 'before')
 6 SYSTEMPATH\CodeIgniter.php(355): CodeIgniter\CodeIgniter->handleRequest(null, Object(Config\Cache), false)
 7 SYSTEMPATH\Boot.php(325): CodeIgniter\CodeIgniter->run()
 8 SYSTEMPATH\Boot.php(67): CodeIgniter\Boot::runCodeIgniter(Object(CodeIgniter\CodeIgniter))
 9 FCPATH\index.php(56): CodeIgniter\Boot::bootWeb(Object(Config\Paths))
WARNING - 2024-10-25 09:35:00 --> [DEPRECATED] Creation of dynamic property IonAuth\Models\IonAuthModel::$hashMethod is deprecated in FCPATH\vendor\benedmunds\codeigniter-ion-auth\Models\IonAuthModel.php on line 234.
 1 APPPATH\Libraries\IonAuth.php(71): IonAuth\Models\IonAuthModel->__construct()
 2 APPPATH\Filters\CheckRoles.php(17): App\Libraries\IonAuth->__construct()
 3 SYSTEMPATH\Filters\Filters.php(197): App\Filters\CheckRoles->__construct()
 4 SYSTEMPATH\Filters\Filters.php(184): CodeIgniter\Filters\Filters->runBefore([...])
 5 SYSTEMPATH\CodeIgniter.php(481): CodeIgniter\Filters\Filters->run('vendor/businesses', 'before')
 6 SYSTEMPATH\CodeIgniter.php(355): CodeIgniter\CodeIgniter->handleRequest(null, Object(Config\Cache), false)
 7 SYSTEMPATH\Boot.php(325): CodeIgniter\CodeIgniter->run()
 8 SYSTEMPATH\Boot.php(67): CodeIgniter\Boot::runCodeIgniter(Object(CodeIgniter\CodeIgniter))
 9 FCPATH\index.php(56): CodeIgniter\Boot::bootWeb(Object(Config\Paths))
WARNING - 2024-10-25 09:35:00 --> [DEPRECATED] Creation of dynamic property IonAuth\Models\IonAuthModel::$messagesTemplates is deprecated in FCPATH\vendor\benedmunds\codeigniter-ion-auth\Models\IonAuthModel.php on line 237.
 1 APPPATH\Libraries\IonAuth.php(71): IonAuth\Models\IonAuthModel->__construct()
 2 APPPATH\Filters\CheckRoles.php(17): App\Libraries\IonAuth->__construct()
 3 SYSTEMPATH\Filters\Filters.php(197): App\Filters\CheckRoles->__construct()
 4 SYSTEMPATH\Filters\Filters.php(184): CodeIgniter\Filters\Filters->runBefore([...])
 5 SYSTEMPATH\CodeIgniter.php(481): CodeIgniter\Filters\Filters->run('vendor/businesses', 'before')
 6 SYSTEMPATH\CodeIgniter.php(355): CodeIgniter\CodeIgniter->handleRequest(null, Object(Config\Cache), false)
 7 SYSTEMPATH\Boot.php(325): CodeIgniter\CodeIgniter->run()
 8 SYSTEMPATH\Boot.php(67): CodeIgniter\Boot::runCodeIgniter(Object(CodeIgniter\CodeIgniter))
 9 FCPATH\index.php(56): CodeIgniter\Boot::bootWeb(Object(Config\Paths))
WARNING - 2024-10-25 09:35:00 --> [DEPRECATED] Creation of dynamic property IonAuth\Models\IonAuthModel::$join is deprecated in FCPATH\vendor\benedmunds\codeigniter-ion-auth\Models\IonAuthModel.php on line 231.
 1 APPPATH\Libraries\IonAuth.php(71): IonAuth\Models\IonAuthModel->__construct()
 2 APPPATH\Controllers\vendor\Businesses.php(19): App\Libraries\IonAuth->__construct()
 3 SYSTEMPATH\CodeIgniter.php(903): App\Controllers\vendor\Businesses->__construct()
 4 SYSTEMPATH\CodeIgniter.php(500): CodeIgniter\CodeIgniter->createController()
 5 SYSTEMPATH\CodeIgniter.php(355): CodeIgniter\CodeIgniter->handleRequest(null, Object(Config\Cache), false)
 6 SYSTEMPATH\Boot.php(325): CodeIgniter\CodeIgniter->run()
 7 SYSTEMPATH\Boot.php(67): CodeIgniter\Boot::runCodeIgniter(Object(CodeIgniter\CodeIgniter))
 8 FCPATH\index.php(56): CodeIgniter\Boot::bootWeb(Object(Config\Paths))
WARNING - 2024-10-25 09:35:00 --> [DEPRECATED] Creation of dynamic property IonAuth\Models\IonAuthModel::$hashMethod is deprecated in FCPATH\vendor\benedmunds\codeigniter-ion-auth\Models\IonAuthModel.php on line 234.
 1 APPPATH\Libraries\IonAuth.php(71): IonAuth\Models\IonAuthModel->__construct()
 2 APPPATH\Controllers\vendor\Businesses.php(19): App\Libraries\IonAuth->__construct()
 3 SYSTEMPATH\CodeIgniter.php(903): App\Controllers\vendor\Businesses->__construct()
 4 SYSTEMPATH\CodeIgniter.php(500): CodeIgniter\CodeIgniter->createController()
 5 SYSTEMPATH\CodeIgniter.php(355): CodeIgniter\CodeIgniter->handleRequest(null, Object(Config\Cache), false)
 6 SYSTEMPATH\Boot.php(325): CodeIgniter\CodeIgniter->run()
 7 SYSTEMPATH\Boot.php(67): CodeIgniter\Boot::runCodeIgniter(Object(CodeIgniter\CodeIgniter))
 8 FCPATH\index.php(56): CodeIgniter\Boot::bootWeb(Object(Config\Paths))
WARNING - 2024-10-25 09:35:00 --> [DEPRECATED] Creation of dynamic property IonAuth\Models\IonAuthModel::$messagesTemplates is deprecated in FCPATH\vendor\benedmunds\codeigniter-ion-auth\Models\IonAuthModel.php on line 237.
 1 APPPATH\Libraries\IonAuth.php(71): IonAuth\Models\IonAuthModel->__construct()
 2 APPPATH\Controllers\vendor\Businesses.php(19): App\Libraries\IonAuth->__construct()
 3 SYSTEMPATH\CodeIgniter.php(903): App\Controllers\vendor\Businesses->__construct()
 4 SYSTEMPATH\CodeIgniter.php(500): CodeIgniter\CodeIgniter->createController()
 5 SYSTEMPATH\CodeIgniter.php(355): CodeIgniter\CodeIgniter->handleRequest(null, Object(Config\Cache), false)
 6 SYSTEMPATH\Boot.php(325): CodeIgniter\CodeIgniter->run()
 7 SYSTEMPATH\Boot.php(67): CodeIgniter\Boot::runCodeIgniter(Object(CodeIgniter\CodeIgniter))
 8 FCPATH\index.php(56): CodeIgniter\Boot::bootWeb(Object(Config\Paths))
WARNING - 2024-10-25 15:05:00 --> [DEPRECATED] Creation of dynamic property IonAuth\Models\IonAuthModel::$join is deprecated in FCPATH\vendor\benedmunds\codeigniter-ion-auth\Models\IonAuthModel.php on line 231.
 1 APPPATH\Libraries\IonAuth.php(71): IonAuth\Models\IonAuthModel->__construct()
 2 APPPATH\Filters\CheckRoles.php(17): App\Libraries\IonAuth->__construct()
 3 SYSTEMPATH\Filters\Filters.php(235): App\Filters\CheckRoles->__construct()
 4 SYSTEMPATH\Filters\Filters.php(188): CodeIgniter\Filters\Filters->runAfter([...])
 5 SYSTEMPATH\CodeIgniter.php(527): CodeIgniter\Filters\Filters->run('vendor/businesses', 'after')
 6 SYSTEMPATH\CodeIgniter.php(355): CodeIgniter\CodeIgniter->handleRequest(null, Object(Config\Cache), false)
 7 SYSTEMPATH\Boot.php(325): CodeIgniter\CodeIgniter->run()
 8 SYSTEMPATH\Boot.php(67): CodeIgniter\Boot::runCodeIgniter(Object(CodeIgniter\CodeIgniter))
 9 FCPATH\index.php(56): CodeIgniter\Boot::bootWeb(Object(Config\Paths))
WARNING - 2024-10-25 15:05:00 --> [DEPRECATED] Creation of dynamic property IonAuth\Models\IonAuthModel::$hashMethod is deprecated in FCPATH\vendor\benedmunds\codeigniter-ion-auth\Models\IonAuthModel.php on line 234.
 1 APPPATH\Libraries\IonAuth.php(71): IonAuth\Models\IonAuthModel->__construct()
 2 APPPATH\Filters\CheckRoles.php(17): App\Libraries\IonAuth->__construct()
 3 SYSTEMPATH\Filters\Filters.php(235): App\Filters\CheckRoles->__construct()
 4 SYSTEMPATH\Filters\Filters.php(188): CodeIgniter\Filters\Filters->runAfter([...])
 5 SYSTEMPATH\CodeIgniter.php(527): CodeIgniter\Filters\Filters->run('vendor/businesses', 'after')
 6 SYSTEMPATH\CodeIgniter.php(355): CodeIgniter\CodeIgniter->handleRequest(null, Object(Config\Cache), false)
 7 SYSTEMPATH\Boot.php(325): CodeIgniter\CodeIgniter->run()
 8 SYSTEMPATH\Boot.php(67): CodeIgniter\Boot::runCodeIgniter(Object(CodeIgniter\CodeIgniter))
 9 FCPATH\index.php(56): CodeIgniter\Boot::bootWeb(Object(Config\Paths))
WARNING - 2024-10-25 15:05:00 --> [DEPRECATED] Creation of dynamic property IonAuth\Models\IonAuthModel::$messagesTemplates is deprecated in FCPATH\vendor\benedmunds\codeigniter-ion-auth\Models\IonAuthModel.php on line 237.
 1 APPPATH\Libraries\IonAuth.php(71): IonAuth\Models\IonAuthModel->__construct()
 2 APPPATH\Filters\CheckRoles.php(17): App\Libraries\IonAuth->__construct()
 3 SYSTEMPATH\Filters\Filters.php(235): App\Filters\CheckRoles->__construct()
 4 SYSTEMPATH\Filters\Filters.php(188): CodeIgniter\Filters\Filters->runAfter([...])
 5 SYSTEMPATH\CodeIgniter.php(527): CodeIgniter\Filters\Filters->run('vendor/businesses', 'after')
 6 SYSTEMPATH\CodeIgniter.php(355): CodeIgniter\CodeIgniter->handleRequest(null, Object(Config\Cache), false)
 7 SYSTEMPATH\Boot.php(325): CodeIgniter\CodeIgniter->run()
 8 SYSTEMPATH\Boot.php(67): CodeIgniter\Boot::runCodeIgniter(Object(CodeIgniter\CodeIgniter))
 9 FCPATH\index.php(56): CodeIgniter\Boot::bootWeb(Object(Config\Paths))
INFO - 2024-10-25 09:35:01 --> Session: Class initialized using 'CodeIgniter\Session\Handlers\FileHandler' driver.
WARNING - 2024-10-25 09:35:01 --> [DEPRECATED] Creation of dynamic property IonAuth\Models\IonAuthModel::$join is deprecated in FCPATH\vendor\benedmunds\codeigniter-ion-auth\Models\IonAuthModel.php on line 231.
 1 APPPATH\Libraries\IonAuth.php(71): IonAuth\Models\IonAuthModel->__construct()
 2 APPPATH\Filters\CheckRoles.php(17): App\Libraries\IonAuth->__construct()
 3 SYSTEMPATH\Filters\Filters.php(197): App\Filters\CheckRoles->__construct()
 4 SYSTEMPATH\Filters\Filters.php(184): CodeIgniter\Filters\Filters->runBefore([...])
 5 SYSTEMPATH\CodeIgniter.php(481): CodeIgniter\Filters\Filters->run('vendor/businesses/business_table', 'before')
 6 SYSTEMPATH\CodeIgniter.php(355): CodeIgniter\CodeIgniter->handleRequest(null, Object(Config\Cache), false)
 7 SYSTEMPATH\Boot.php(325): CodeIgniter\CodeIgniter->run()
 8 SYSTEMPATH\Boot.php(67): CodeIgniter\Boot::runCodeIgniter(Object(CodeIgniter\CodeIgniter))
 9 FCPATH\index.php(56): CodeIgniter\Boot::bootWeb(Object(Config\Paths))
WARNING - 2024-10-25 09:35:01 --> [DEPRECATED] Creation of dynamic property IonAuth\Models\IonAuthModel::$hashMethod is deprecated in FCPATH\vendor\benedmunds\codeigniter-ion-auth\Models\IonAuthModel.php on line 234.
 1 APPPATH\Libraries\IonAuth.php(71): IonAuth\Models\IonAuthModel->__construct()
 2 APPPATH\Filters\CheckRoles.php(17): App\Libraries\IonAuth->__construct()
 3 SYSTEMPATH\Filters\Filters.php(197): App\Filters\CheckRoles->__construct()
 4 SYSTEMPATH\Filters\Filters.php(184): CodeIgniter\Filters\Filters->runBefore([...])
 5 SYSTEMPATH\CodeIgniter.php(481): CodeIgniter\Filters\Filters->run('vendor/businesses/business_table', 'before')
 6 SYSTEMPATH\CodeIgniter.php(355): CodeIgniter\CodeIgniter->handleRequest(null, Object(Config\Cache), false)
 7 SYSTEMPATH\Boot.php(325): CodeIgniter\CodeIgniter->run()
 8 SYSTEMPATH\Boot.php(67): CodeIgniter\Boot::runCodeIgniter(Object(CodeIgniter\CodeIgniter))
 9 FCPATH\index.php(56): CodeIgniter\Boot::bootWeb(Object(Config\Paths))
WARNING - 2024-10-25 09:35:01 --> [DEPRECATED] Creation of dynamic property IonAuth\Models\IonAuthModel::$messagesTemplates is deprecated in FCPATH\vendor\benedmunds\codeigniter-ion-auth\Models\IonAuthModel.php on line 237.
 1 APPPATH\Libraries\IonAuth.php(71): IonAuth\Models\IonAuthModel->__construct()
 2 APPPATH\Filters\CheckRoles.php(17): App\Libraries\IonAuth->__construct()
 3 SYSTEMPATH\Filters\Filters.php(197): App\Filters\CheckRoles->__construct()
 4 SYSTEMPATH\Filters\Filters.php(184): CodeIgniter\Filters\Filters->runBefore([...])
 5 SYSTEMPATH\CodeIgniter.php(481): CodeIgniter\Filters\Filters->run('vendor/businesses/business_table', 'before')
 6 SYSTEMPATH\CodeIgniter.php(355): CodeIgniter\CodeIgniter->handleRequest(null, Object(Config\Cache), false)
 7 SYSTEMPATH\Boot.php(325): CodeIgniter\CodeIgniter->run()
 8 SYSTEMPATH\Boot.php(67): CodeIgniter\Boot::runCodeIgniter(Object(CodeIgniter\CodeIgniter))
 9 FCPATH\index.php(56): CodeIgniter\Boot::bootWeb(Object(Config\Paths))
WARNING - 2024-10-25 09:35:01 --> [DEPRECATED] Creation of dynamic property IonAuth\Models\IonAuthModel::$join is deprecated in FCPATH\vendor\benedmunds\codeigniter-ion-auth\Models\IonAuthModel.php on line 231.
 1 APPPATH\Libraries\IonAuth.php(71): IonAuth\Models\IonAuthModel->__construct()
 2 APPPATH\Controllers\vendor\Businesses.php(19): App\Libraries\IonAuth->__construct()
 3 SYSTEMPATH\CodeIgniter.php(903): App\Controllers\vendor\Businesses->__construct()
 4 SYSTEMPATH\CodeIgniter.php(500): CodeIgniter\CodeIgniter->createController()
 5 SYSTEMPATH\CodeIgniter.php(355): CodeIgniter\CodeIgniter->handleRequest(null, Object(Config\Cache), false)
 6 SYSTEMPATH\Boot.php(325): CodeIgniter\CodeIgniter->run()
 7 SYSTEMPATH\Boot.php(67): CodeIgniter\Boot::runCodeIgniter(Object(CodeIgniter\CodeIgniter))
 8 FCPATH\index.php(56): CodeIgniter\Boot::bootWeb(Object(Config\Paths))
WARNING - 2024-10-25 09:35:01 --> [DEPRECATED] Creation of dynamic property IonAuth\Models\IonAuthModel::$hashMethod is deprecated in FCPATH\vendor\benedmunds\codeigniter-ion-auth\Models\IonAuthModel.php on line 234.
 1 APPPATH\Libraries\IonAuth.php(71): IonAuth\Models\IonAuthModel->__construct()
 2 APPPATH\Controllers\vendor\Businesses.php(19): App\Libraries\IonAuth->__construct()
 3 SYSTEMPATH\CodeIgniter.php(903): App\Controllers\vendor\Businesses->__construct()
 4 SYSTEMPATH\CodeIgniter.php(500): CodeIgniter\CodeIgniter->createController()
 5 SYSTEMPATH\CodeIgniter.php(355): CodeIgniter\CodeIgniter->handleRequest(null, Object(Config\Cache), false)
 6 SYSTEMPATH\Boot.php(325): CodeIgniter\CodeIgniter->run()
 7 SYSTEMPATH\Boot.php(67): CodeIgniter\Boot::runCodeIgniter(Object(CodeIgniter\CodeIgniter))
 8 FCPATH\index.php(56): CodeIgniter\Boot::bootWeb(Object(Config\Paths))
WARNING - 2024-10-25 09:35:01 --> [DEPRECATED] Creation of dynamic property IonAuth\Models\IonAuthModel::$messagesTemplates is deprecated in FCPATH\vendor\benedmunds\codeigniter-ion-auth\Models\IonAuthModel.php on line 237.
 1 APPPATH\Libraries\IonAuth.php(71): IonAuth\Models\IonAuthModel->__construct()
 2 APPPATH\Controllers\vendor\Businesses.php(19): App\Libraries\IonAuth->__construct()
 3 SYSTEMPATH\CodeIgniter.php(903): App\Controllers\vendor\Businesses->__construct()
 4 SYSTEMPATH\CodeIgniter.php(500): CodeIgniter\CodeIgniter->createController()
 5 SYSTEMPATH\CodeIgniter.php(355): CodeIgniter\CodeIgniter->handleRequest(null, Object(Config\Cache), false)
 6 SYSTEMPATH\Boot.php(325): CodeIgniter\CodeIgniter->run()
 7 SYSTEMPATH\Boot.php(67): CodeIgniter\Boot::runCodeIgniter(Object(CodeIgniter\CodeIgniter))
 8 FCPATH\index.php(56): CodeIgniter\Boot::bootWeb(Object(Config\Paths))
WARNING - 2024-10-25 15:05:01 --> [DEPRECATED] Creation of dynamic property IonAuth\Models\IonAuthModel::$join is deprecated in FCPATH\vendor\benedmunds\codeigniter-ion-auth\Models\IonAuthModel.php on line 231.
 1 APPPATH\Libraries\IonAuth.php(71): IonAuth\Models\IonAuthModel->__construct()
 2 APPPATH\Filters\CheckRoles.php(17): App\Libraries\IonAuth->__construct()
 3 SYSTEMPATH\Filters\Filters.php(235): App\Filters\CheckRoles->__construct()
 4 SYSTEMPATH\Filters\Filters.php(188): CodeIgniter\Filters\Filters->runAfter([...])
 5 SYSTEMPATH\CodeIgniter.php(527): CodeIgniter\Filters\Filters->run('vendor/businesses/business_table', 'after')
 6 SYSTEMPATH\CodeIgniter.php(355): CodeIgniter\CodeIgniter->handleRequest(null, Object(Config\Cache), false)
 7 SYSTEMPATH\Boot.php(325): CodeIgniter\CodeIgniter->run()
 8 SYSTEMPATH\Boot.php(67): CodeIgniter\Boot::runCodeIgniter(Object(CodeIgniter\CodeIgniter))
 9 FCPATH\index.php(56): CodeIgniter\Boot::bootWeb(Object(Config\Paths))
WARNING - 2024-10-25 15:05:01 --> [DEPRECATED] Creation of dynamic property IonAuth\Models\IonAuthModel::$hashMethod is deprecated in FCPATH\vendor\benedmunds\codeigniter-ion-auth\Models\IonAuthModel.php on line 234.
 1 APPPATH\Libraries\IonAuth.php(71): IonAuth\Models\IonAuthModel->__construct()
 2 APPPATH\Filters\CheckRoles.php(17): App\Libraries\IonAuth->__construct()
 3 SYSTEMPATH\Filters\Filters.php(235): App\Filters\CheckRoles->__construct()
 4 SYSTEMPATH\Filters\Filters.php(188): CodeIgniter\Filters\Filters->runAfter([...])
 5 SYSTEMPATH\CodeIgniter.php(527): CodeIgniter\Filters\Filters->run('vendor/businesses/business_table', 'after')
 6 SYSTEMPATH\CodeIgniter.php(355): CodeIgniter\CodeIgniter->handleRequest(null, Object(Config\Cache), false)
 7 SYSTEMPATH\Boot.php(325): CodeIgniter\CodeIgniter->run()
 8 SYSTEMPATH\Boot.php(67): CodeIgniter\Boot::runCodeIgniter(Object(CodeIgniter\CodeIgniter))
 9 FCPATH\index.php(56): CodeIgniter\Boot::bootWeb(Object(Config\Paths))
WARNING - 2024-10-25 15:05:01 --> [DEPRECATED] Creation of dynamic property IonAuth\Models\IonAuthModel::$messagesTemplates is deprecated in FCPATH\vendor\benedmunds\codeigniter-ion-auth\Models\IonAuthModel.php on line 237.
 1 APPPATH\Libraries\IonAuth.php(71): IonAuth\Models\IonAuthModel->__construct()
 2 APPPATH\Filters\CheckRoles.php(17): App\Libraries\IonAuth->__construct()
 3 SYSTEMPATH\Filters\Filters.php(235): App\Filters\CheckRoles->__construct()
 4 SYSTEMPATH\Filters\Filters.php(188): CodeIgniter\Filters\Filters->runAfter([...])
 5 SYSTEMPATH\CodeIgniter.php(527): CodeIgniter\Filters\Filters->run('vendor/businesses/business_table', 'after')
 6 SYSTEMPATH\CodeIgniter.php(355): CodeIgniter\CodeIgniter->handleRequest(null, Object(Config\Cache), false)
 7 SYSTEMPATH\Boot.php(325): CodeIgniter\CodeIgniter->run()
 8 SYSTEMPATH\Boot.php(67): CodeIgniter\Boot::runCodeIgniter(Object(CodeIgniter\CodeIgniter))
 9 FCPATH\index.php(56): CodeIgniter\Boot::bootWeb(Object(Config\Paths))
INFO - 2024-10-25 09:35:01 --> Session: Class initialized using 'CodeIgniter\Session\Handlers\FileHandler' driver.
WARNING - 2024-10-25 09:35:01 --> [DEPRECATED] Creation of dynamic property IonAuth\Models\IonAuthModel::$join is deprecated in FCPATH\vendor\benedmunds\codeigniter-ion-auth\Models\IonAuthModel.php on line 231.
 1 APPPATH\Libraries\IonAuth.php(71): IonAuth\Models\IonAuthModel->__construct()
 2 APPPATH\Filters\CheckPermissions.php(16): App\Libraries\IonAuth->__construct()
 3 SYSTEMPATH\Filters\Filters.php(197): App\Filters\CheckPermissions->__construct()
 4 SYSTEMPATH\Filters\Filters.php(184): CodeIgniter\Filters\Filters->runBefore([...])
 5 SYSTEMPATH\CodeIgniter.php(481): CodeIgniter\Filters\Filters->run('vendor/products/stock_alert', 'before')
 6 SYSTEMPATH\CodeIgniter.php(355): CodeIgniter\CodeIgniter->handleRequest(null, Object(Config\Cache), false)
 7 SYSTEMPATH\Boot.php(325): CodeIgniter\CodeIgniter->run()
 8 SYSTEMPATH\Boot.php(67): CodeIgniter\Boot::runCodeIgniter(Object(CodeIgniter\CodeIgniter))
 9 FCPATH\index.php(56): CodeIgniter\Boot::bootWeb(Object(Config\Paths))
WARNING - 2024-10-25 09:35:01 --> [DEPRECATED] Creation of dynamic property IonAuth\Models\IonAuthModel::$hashMethod is deprecated in FCPATH\vendor\benedmunds\codeigniter-ion-auth\Models\IonAuthModel.php on line 234.
 1 APPPATH\Libraries\IonAuth.php(71): IonAuth\Models\IonAuthModel->__construct()
 2 APPPATH\Filters\CheckPermissions.php(16): App\Libraries\IonAuth->__construct()
 3 SYSTEMPATH\Filters\Filters.php(197): App\Filters\CheckPermissions->__construct()
 4 SYSTEMPATH\Filters\Filters.php(184): CodeIgniter\Filters\Filters->runBefore([...])
 5 SYSTEMPATH\CodeIgniter.php(481): CodeIgniter\Filters\Filters->run('vendor/products/stock_alert', 'before')
 6 SYSTEMPATH\CodeIgniter.php(355): CodeIgniter\CodeIgniter->handleRequest(null, Object(Config\Cache), false)
 7 SYSTEMPATH\Boot.php(325): CodeIgniter\CodeIgniter->run()
 8 SYSTEMPATH\Boot.php(67): CodeIgniter\Boot::runCodeIgniter(Object(CodeIgniter\CodeIgniter))
 9 FCPATH\index.php(56): CodeIgniter\Boot::bootWeb(Object(Config\Paths))
WARNING - 2024-10-25 09:35:01 --> [DEPRECATED] Creation of dynamic property IonAuth\Models\IonAuthModel::$messagesTemplates is deprecated in FCPATH\vendor\benedmunds\codeigniter-ion-auth\Models\IonAuthModel.php on line 237.
 1 APPPATH\Libraries\IonAuth.php(71): IonAuth\Models\IonAuthModel->__construct()
 2 APPPATH\Filters\CheckPermissions.php(16): App\Libraries\IonAuth->__construct()
 3 SYSTEMPATH\Filters\Filters.php(197): App\Filters\CheckPermissions->__construct()
 4 SYSTEMPATH\Filters\Filters.php(184): CodeIgniter\Filters\Filters->runBefore([...])
 5 SYSTEMPATH\CodeIgniter.php(481): CodeIgniter\Filters\Filters->run('vendor/products/stock_alert', 'before')
 6 SYSTEMPATH\CodeIgniter.php(355): CodeIgniter\CodeIgniter->handleRequest(null, Object(Config\Cache), false)
 7 SYSTEMPATH\Boot.php(325): CodeIgniter\CodeIgniter->run()
 8 SYSTEMPATH\Boot.php(67): CodeIgniter\Boot::runCodeIgniter(Object(CodeIgniter\CodeIgniter))
 9 FCPATH\index.php(56): CodeIgniter\Boot::bootWeb(Object(Config\Paths))
WARNING - 2024-10-25 09:35:01 --> [DEPRECATED] Creation of dynamic property IonAuth\Models\IonAuthModel::$join is deprecated in FCPATH\vendor\benedmunds\codeigniter-ion-auth\Models\IonAuthModel.php on line 231.
 1 APPPATH\Libraries\IonAuth.php(71): IonAuth\Models\IonAuthModel->__construct()
 2 APPPATH\Controllers\vendor\Products.php(23): App\Libraries\IonAuth->__construct()
 3 SYSTEMPATH\CodeIgniter.php(903): App\Controllers\vendor\Products->__construct()
 4 SYSTEMPATH\CodeIgniter.php(500): CodeIgniter\CodeIgniter->createController()
 5 SYSTEMPATH\CodeIgniter.php(355): CodeIgniter\CodeIgniter->handleRequest(null, Object(Config\Cache), false)
 6 SYSTEMPATH\Boot.php(325): CodeIgniter\CodeIgniter->run()
 7 SYSTEMPATH\Boot.php(67): CodeIgniter\Boot::runCodeIgniter(Object(CodeIgniter\CodeIgniter))
 8 FCPATH\index.php(56): CodeIgniter\Boot::bootWeb(Object(Config\Paths))
WARNING - 2024-10-25 09:35:01 --> [DEPRECATED] Creation of dynamic property IonAuth\Models\IonAuthModel::$hashMethod is deprecated in FCPATH\vendor\benedmunds\codeigniter-ion-auth\Models\IonAuthModel.php on line 234.
 1 APPPATH\Libraries\IonAuth.php(71): IonAuth\Models\IonAuthModel->__construct()
 2 APPPATH\Controllers\vendor\Products.php(23): App\Libraries\IonAuth->__construct()
 3 SYSTEMPATH\CodeIgniter.php(903): App\Controllers\vendor\Products->__construct()
 4 SYSTEMPATH\CodeIgniter.php(500): CodeIgniter\CodeIgniter->createController()
 5 SYSTEMPATH\CodeIgniter.php(355): CodeIgniter\CodeIgniter->handleRequest(null, Object(Config\Cache), false)
 6 SYSTEMPATH\Boot.php(325): CodeIgniter\CodeIgniter->run()
 7 SYSTEMPATH\Boot.php(67): CodeIgniter\Boot::runCodeIgniter(Object(CodeIgniter\CodeIgniter))
 8 FCPATH\index.php(56): CodeIgniter\Boot::bootWeb(Object(Config\Paths))
WARNING - 2024-10-25 09:35:01 --> [DEPRECATED] Creation of dynamic property IonAuth\Models\IonAuthModel::$messagesTemplates is deprecated in FCPATH\vendor\benedmunds\codeigniter-ion-auth\Models\IonAuthModel.php on line 237.
 1 APPPATH\Libraries\IonAuth.php(71): IonAuth\Models\IonAuthModel->__construct()
 2 APPPATH\Controllers\vendor\Products.php(23): App\Libraries\IonAuth->__construct()
 3 SYSTEMPATH\CodeIgniter.php(903): App\Controllers\vendor\Products->__construct()
 4 SYSTEMPATH\CodeIgniter.php(500): CodeIgniter\CodeIgniter->createController()
 5 SYSTEMPATH\CodeIgniter.php(355): CodeIgniter\CodeIgniter->handleRequest(null, Object(Config\Cache), false)
 6 SYSTEMPATH\Boot.php(325): CodeIgniter\CodeIgniter->run()
 7 SYSTEMPATH\Boot.php(67): CodeIgniter\Boot::runCodeIgniter(Object(CodeIgniter\CodeIgniter))
 8 FCPATH\index.php(56): CodeIgniter\Boot::bootWeb(Object(Config\Paths))
CRITICAL - 2024-10-25 15:05:01 --> ErrorException: Undefined variable $array
[Method: GET, Route: vendor/products/stock_alert]
in APPPATH\Controllers\vendor\Products.php on line 1151.
 1 APPPATH\Controllers\vendor\Products.php(1151): CodeIgniter\Debug\Exceptions->errorHandler(2, 'Undefined variable $array', 'C:\\xampp1\\htdocs\\Maareeye-sass-git\\app\\Controllers\\vendor\\Products.php', 1151)
 2 SYSTEMPATH\CodeIgniter.php(933): App\Controllers\vendor\Products->stock_alert()
 3 SYSTEMPATH\CodeIgniter.php(509): CodeIgniter\CodeIgniter->runController(Object(App\Controllers\vendor\Products))
 4 SYSTEMPATH\CodeIgniter.php(355): CodeIgniter\CodeIgniter->handleRequest(null, Object(Config\Cache), false)
 5 SYSTEMPATH\Boot.php(325): CodeIgniter\CodeIgniter->run()
 6 SYSTEMPATH\Boot.php(67): CodeIgniter\Boot::runCodeIgniter(Object(CodeIgniter\CodeIgniter))
 7 FCPATH\index.php(56): CodeIgniter\Boot::bootWeb(Object(Config\Paths))
INFO - 2024-10-25 09:35:03 --> Session: Class initialized using 'CodeIgniter\Session\Handlers\FileHandler' driver.
WARNING - 2024-10-25 09:35:03 --> [DEPRECATED] Creation of dynamic property IonAuth\Models\IonAuthModel::$join is deprecated in FCPATH\vendor\benedmunds\codeigniter-ion-auth\Models\IonAuthModel.php on line 231.
 1 APPPATH\Libraries\IonAuth.php(71): IonAuth\Models\IonAuthModel->__construct()
 2 APPPATH\Filters\CheckPermissions.php(16): App\Libraries\IonAuth->__construct()
 3 SYSTEMPATH\Filters\Filters.php(197): App\Filters\CheckPermissions->__construct()
 4 SYSTEMPATH\Filters\Filters.php(184): CodeIgniter\Filters\Filters->runBefore([...])
 5 SYSTEMPATH\CodeIgniter.php(481): CodeIgniter\Filters\Filters->run('vendor/home/switch_businesses/3', 'before')
 6 SYSTEMPATH\CodeIgniter.php(355): CodeIgniter\CodeIgniter->handleRequest(null, Object(Config\Cache), false)
 7 SYSTEMPATH\Boot.php(325): CodeIgniter\CodeIgniter->run()
 8 SYSTEMPATH\Boot.php(67): CodeIgniter\Boot::runCodeIgniter(Object(CodeIgniter\CodeIgniter))
 9 FCPATH\index.php(56): CodeIgniter\Boot::bootWeb(Object(Config\Paths))
WARNING - 2024-10-25 09:35:03 --> [DEPRECATED] Creation of dynamic property IonAuth\Models\IonAuthModel::$hashMethod is deprecated in FCPATH\vendor\benedmunds\codeigniter-ion-auth\Models\IonAuthModel.php on line 234.
 1 APPPATH\Libraries\IonAuth.php(71): IonAuth\Models\IonAuthModel->__construct()
 2 APPPATH\Filters\CheckPermissions.php(16): App\Libraries\IonAuth->__construct()
 3 SYSTEMPATH\Filters\Filters.php(197): App\Filters\CheckPermissions->__construct()
 4 SYSTEMPATH\Filters\Filters.php(184): CodeIgniter\Filters\Filters->runBefore([...])
 5 SYSTEMPATH\CodeIgniter.php(481): CodeIgniter\Filters\Filters->run('vendor/home/switch_businesses/3', 'before')
 6 SYSTEMPATH\CodeIgniter.php(355): CodeIgniter\CodeIgniter->handleRequest(null, Object(Config\Cache), false)
 7 SYSTEMPATH\Boot.php(325): CodeIgniter\CodeIgniter->run()
 8 SYSTEMPATH\Boot.php(67): CodeIgniter\Boot::runCodeIgniter(Object(CodeIgniter\CodeIgniter))
 9 FCPATH\index.php(56): CodeIgniter\Boot::bootWeb(Object(Config\Paths))
WARNING - 2024-10-25 09:35:03 --> [DEPRECATED] Creation of dynamic property IonAuth\Models\IonAuthModel::$messagesTemplates is deprecated in FCPATH\vendor\benedmunds\codeigniter-ion-auth\Models\IonAuthModel.php on line 237.
 1 APPPATH\Libraries\IonAuth.php(71): IonAuth\Models\IonAuthModel->__construct()
 2 APPPATH\Filters\CheckPermissions.php(16): App\Libraries\IonAuth->__construct()
 3 SYSTEMPATH\Filters\Filters.php(197): App\Filters\CheckPermissions->__construct()
 4 SYSTEMPATH\Filters\Filters.php(184): CodeIgniter\Filters\Filters->runBefore([...])
 5 SYSTEMPATH\CodeIgniter.php(481): CodeIgniter\Filters\Filters->run('vendor/home/switch_businesses/3', 'before')
 6 SYSTEMPATH\CodeIgniter.php(355): CodeIgniter\CodeIgniter->handleRequest(null, Object(Config\Cache), false)
 7 SYSTEMPATH\Boot.php(325): CodeIgniter\CodeIgniter->run()
 8 SYSTEMPATH\Boot.php(67): CodeIgniter\Boot::runCodeIgniter(Object(CodeIgniter\CodeIgniter))
 9 FCPATH\index.php(56): CodeIgniter\Boot::bootWeb(Object(Config\Paths))
WARNING - 2024-10-25 09:35:03 --> [DEPRECATED] Creation of dynamic property IonAuth\Models\IonAuthModel::$join is deprecated in FCPATH\vendor\benedmunds\codeigniter-ion-auth\Models\IonAuthModel.php on line 231.
 1 APPPATH\Libraries\IonAuth.php(71): IonAuth\Models\IonAuthModel->__construct()
 2 APPPATH\Controllers\vendor\Home.php(17): App\Libraries\IonAuth->__construct()
 3 SYSTEMPATH\CodeIgniter.php(903): App\Controllers\vendor\Home->__construct()
 4 SYSTEMPATH\CodeIgniter.php(500): CodeIgniter\CodeIgniter->createController()
 5 SYSTEMPATH\CodeIgniter.php(355): CodeIgniter\CodeIgniter->handleRequest(null, Object(Config\Cache), false)
 6 SYSTEMPATH\Boot.php(325): CodeIgniter\CodeIgniter->run()
 7 SYSTEMPATH\Boot.php(67): CodeIgniter\Boot::runCodeIgniter(Object(CodeIgniter\CodeIgniter))
 8 FCPATH\index.php(56): CodeIgniter\Boot::bootWeb(Object(Config\Paths))
WARNING - 2024-10-25 09:35:03 --> [DEPRECATED] Creation of dynamic property IonAuth\Models\IonAuthModel::$hashMethod is deprecated in FCPATH\vendor\benedmunds\codeigniter-ion-auth\Models\IonAuthModel.php on line 234.
 1 APPPATH\Libraries\IonAuth.php(71): IonAuth\Models\IonAuthModel->__construct()
 2 APPPATH\Controllers\vendor\Home.php(17): App\Libraries\IonAuth->__construct()
 3 SYSTEMPATH\CodeIgniter.php(903): App\Controllers\vendor\Home->__construct()
 4 SYSTEMPATH\CodeIgniter.php(500): CodeIgniter\CodeIgniter->createController()
 5 SYSTEMPATH\CodeIgniter.php(355): CodeIgniter\CodeIgniter->handleRequest(null, Object(Config\Cache), false)
 6 SYSTEMPATH\Boot.php(325): CodeIgniter\CodeIgniter->run()
 7 SYSTEMPATH\Boot.php(67): CodeIgniter\Boot::runCodeIgniter(Object(CodeIgniter\CodeIgniter))
 8 FCPATH\index.php(56): CodeIgniter\Boot::bootWeb(Object(Config\Paths))
WARNING - 2024-10-25 09:35:03 --> [DEPRECATED] Creation of dynamic property IonAuth\Models\IonAuthModel::$messagesTemplates is deprecated in FCPATH\vendor\benedmunds\codeigniter-ion-auth\Models\IonAuthModel.php on line 237.
 1 APPPATH\Libraries\IonAuth.php(71): IonAuth\Models\IonAuthModel->__construct()
 2 APPPATH\Controllers\vendor\Home.php(17): App\Libraries\IonAuth->__construct()
 3 SYSTEMPATH\CodeIgniter.php(903): App\Controllers\vendor\Home->__construct()
 4 SYSTEMPATH\CodeIgniter.php(500): CodeIgniter\CodeIgniter->createController()
 5 SYSTEMPATH\CodeIgniter.php(355): CodeIgniter\CodeIgniter->handleRequest(null, Object(Config\Cache), false)
 6 SYSTEMPATH\Boot.php(325): CodeIgniter\CodeIgniter->run()
 7 SYSTEMPATH\Boot.php(67): CodeIgniter\Boot::runCodeIgniter(Object(CodeIgniter\CodeIgniter))
 8 FCPATH\index.php(56): CodeIgniter\Boot::bootWeb(Object(Config\Paths))
WARNING - 2024-10-25 15:05:03 --> [DEPRECATED] Creation of dynamic property IonAuth\Models\IonAuthModel::$join is deprecated in FCPATH\vendor\benedmunds\codeigniter-ion-auth\Models\IonAuthModel.php on line 231.
 1 APPPATH\Libraries\IonAuth.php(71): IonAuth\Models\IonAuthModel->__construct()
 2 APPPATH\Filters\CheckPermissions.php(16): App\Libraries\IonAuth->__construct()
 3 SYSTEMPATH\Filters\Filters.php(235): App\Filters\CheckPermissions->__construct()
 4 SYSTEMPATH\Filters\Filters.php(188): CodeIgniter\Filters\Filters->runAfter([...])
 5 SYSTEMPATH\CodeIgniter.php(527): CodeIgniter\Filters\Filters->run('vendor/home/switch_businesses/3', 'after')
 6 SYSTEMPATH\CodeIgniter.php(355): CodeIgniter\CodeIgniter->handleRequest(null, Object(Config\Cache), false)
 7 SYSTEMPATH\Boot.php(325): CodeIgniter\CodeIgniter->run()
 8 SYSTEMPATH\Boot.php(67): CodeIgniter\Boot::runCodeIgniter(Object(CodeIgniter\CodeIgniter))
 9 FCPATH\index.php(56): CodeIgniter\Boot::bootWeb(Object(Config\Paths))
WARNING - 2024-10-25 15:05:03 --> [DEPRECATED] Creation of dynamic property IonAuth\Models\IonAuthModel::$hashMethod is deprecated in FCPATH\vendor\benedmunds\codeigniter-ion-auth\Models\IonAuthModel.php on line 234.
 1 APPPATH\Libraries\IonAuth.php(71): IonAuth\Models\IonAuthModel->__construct()
 2 APPPATH\Filters\CheckPermissions.php(16): App\Libraries\IonAuth->__construct()
 3 SYSTEMPATH\Filters\Filters.php(235): App\Filters\CheckPermissions->__construct()
 4 SYSTEMPATH\Filters\Filters.php(188): CodeIgniter\Filters\Filters->runAfter([...])
 5 SYSTEMPATH\CodeIgniter.php(527): CodeIgniter\Filters\Filters->run('vendor/home/switch_businesses/3', 'after')
 6 SYSTEMPATH\CodeIgniter.php(355): CodeIgniter\CodeIgniter->handleRequest(null, Object(Config\Cache), false)
 7 SYSTEMPATH\Boot.php(325): CodeIgniter\CodeIgniter->run()
 8 SYSTEMPATH\Boot.php(67): CodeIgniter\Boot::runCodeIgniter(Object(CodeIgniter\CodeIgniter))
 9 FCPATH\index.php(56): CodeIgniter\Boot::bootWeb(Object(Config\Paths))
WARNING - 2024-10-25 15:05:03 --> [DEPRECATED] Creation of dynamic property IonAuth\Models\IonAuthModel::$messagesTemplates is deprecated in FCPATH\vendor\benedmunds\codeigniter-ion-auth\Models\IonAuthModel.php on line 237.
 1 APPPATH\Libraries\IonAuth.php(71): IonAuth\Models\IonAuthModel->__construct()
 2 APPPATH\Filters\CheckPermissions.php(16): App\Libraries\IonAuth->__construct()
 3 SYSTEMPATH\Filters\Filters.php(235): App\Filters\CheckPermissions->__construct()
 4 SYSTEMPATH\Filters\Filters.php(188): CodeIgniter\Filters\Filters->runAfter([...])
 5 SYSTEMPATH\CodeIgniter.php(527): CodeIgniter\Filters\Filters->run('vendor/home/switch_businesses/3', 'after')
 6 SYSTEMPATH\CodeIgniter.php(355): CodeIgniter\CodeIgniter->handleRequest(null, Object(Config\Cache), false)
 7 SYSTEMPATH\Boot.php(325): CodeIgniter\CodeIgniter->run()
 8 SYSTEMPATH\Boot.php(67): CodeIgniter\Boot::runCodeIgniter(Object(CodeIgniter\CodeIgniter))
 9 FCPATH\index.php(56): CodeIgniter\Boot::bootWeb(Object(Config\Paths))
INFO - 2024-10-25 09:35:03 --> Session: Class initialized using 'CodeIgniter\Session\Handlers\FileHandler' driver.
WARNING - 2024-10-25 09:35:03 --> [DEPRECATED] Creation of dynamic property IonAuth\Models\IonAuthModel::$join is deprecated in FCPATH\vendor\benedmunds\codeigniter-ion-auth\Models\IonAuthModel.php on line 231.
 1 APPPATH\Libraries\IonAuth.php(71): IonAuth\Models\IonAuthModel->__construct()
 2 APPPATH\Filters\CheckRoles.php(17): App\Libraries\IonAuth->__construct()
 3 SYSTEMPATH\Filters\Filters.php(197): App\Filters\CheckRoles->__construct()
 4 SYSTEMPATH\Filters\Filters.php(184): CodeIgniter\Filters\Filters->runBefore([...])
 5 SYSTEMPATH\CodeIgniter.php(481): CodeIgniter\Filters\Filters->run('vendor/businesses', 'before')
 6 SYSTEMPATH\CodeIgniter.php(355): CodeIgniter\CodeIgniter->handleRequest(null, Object(Config\Cache), false)
 7 SYSTEMPATH\Boot.php(325): CodeIgniter\CodeIgniter->run()
 8 SYSTEMPATH\Boot.php(67): CodeIgniter\Boot::runCodeIgniter(Object(CodeIgniter\CodeIgniter))
 9 FCPATH\index.php(56): CodeIgniter\Boot::bootWeb(Object(Config\Paths))
WARNING - 2024-10-25 09:35:03 --> [DEPRECATED] Creation of dynamic property IonAuth\Models\IonAuthModel::$hashMethod is deprecated in FCPATH\vendor\benedmunds\codeigniter-ion-auth\Models\IonAuthModel.php on line 234.
 1 APPPATH\Libraries\IonAuth.php(71): IonAuth\Models\IonAuthModel->__construct()
 2 APPPATH\Filters\CheckRoles.php(17): App\Libraries\IonAuth->__construct()
 3 SYSTEMPATH\Filters\Filters.php(197): App\Filters\CheckRoles->__construct()
 4 SYSTEMPATH\Filters\Filters.php(184): CodeIgniter\Filters\Filters->runBefore([...])
 5 SYSTEMPATH\CodeIgniter.php(481): CodeIgniter\Filters\Filters->run('vendor/businesses', 'before')
 6 SYSTEMPATH\CodeIgniter.php(355): CodeIgniter\CodeIgniter->handleRequest(null, Object(Config\Cache), false)
 7 SYSTEMPATH\Boot.php(325): CodeIgniter\CodeIgniter->run()
 8 SYSTEMPATH\Boot.php(67): CodeIgniter\Boot::runCodeIgniter(Object(CodeIgniter\CodeIgniter))
 9 FCPATH\index.php(56): CodeIgniter\Boot::bootWeb(Object(Config\Paths))
WARNING - 2024-10-25 09:35:03 --> [DEPRECATED] Creation of dynamic property IonAuth\Models\IonAuthModel::$messagesTemplates is deprecated in FCPATH\vendor\benedmunds\codeigniter-ion-auth\Models\IonAuthModel.php on line 237.
 1 APPPATH\Libraries\IonAuth.php(71): IonAuth\Models\IonAuthModel->__construct()
 2 APPPATH\Filters\CheckRoles.php(17): App\Libraries\IonAuth->__construct()
 3 SYSTEMPATH\Filters\Filters.php(197): App\Filters\CheckRoles->__construct()
 4 SYSTEMPATH\Filters\Filters.php(184): CodeIgniter\Filters\Filters->runBefore([...])
 5 SYSTEMPATH\CodeIgniter.php(481): CodeIgniter\Filters\Filters->run('vendor/businesses', 'before')
 6 SYSTEMPATH\CodeIgniter.php(355): CodeIgniter\CodeIgniter->handleRequest(null, Object(Config\Cache), false)
 7 SYSTEMPATH\Boot.php(325): CodeIgniter\CodeIgniter->run()
 8 SYSTEMPATH\Boot.php(67): CodeIgniter\Boot::runCodeIgniter(Object(CodeIgniter\CodeIgniter))
 9 FCPATH\index.php(56): CodeIgniter\Boot::bootWeb(Object(Config\Paths))
WARNING - 2024-10-25 09:35:03 --> [DEPRECATED] Creation of dynamic property IonAuth\Models\IonAuthModel::$join is deprecated in FCPATH\vendor\benedmunds\codeigniter-ion-auth\Models\IonAuthModel.php on line 231.
 1 APPPATH\Libraries\IonAuth.php(71): IonAuth\Models\IonAuthModel->__construct()
 2 APPPATH\Controllers\vendor\Businesses.php(19): App\Libraries\IonAuth->__construct()
 3 SYSTEMPATH\CodeIgniter.php(903): App\Controllers\vendor\Businesses->__construct()
 4 SYSTEMPATH\CodeIgniter.php(500): CodeIgniter\CodeIgniter->createController()
 5 SYSTEMPATH\CodeIgniter.php(355): CodeIgniter\CodeIgniter->handleRequest(null, Object(Config\Cache), false)
 6 SYSTEMPATH\Boot.php(325): CodeIgniter\CodeIgniter->run()
 7 SYSTEMPATH\Boot.php(67): CodeIgniter\Boot::runCodeIgniter(Object(CodeIgniter\CodeIgniter))
 8 FCPATH\index.php(56): CodeIgniter\Boot::bootWeb(Object(Config\Paths))
WARNING - 2024-10-25 09:35:03 --> [DEPRECATED] Creation of dynamic property IonAuth\Models\IonAuthModel::$hashMethod is deprecated in FCPATH\vendor\benedmunds\codeigniter-ion-auth\Models\IonAuthModel.php on line 234.
 1 APPPATH\Libraries\IonAuth.php(71): IonAuth\Models\IonAuthModel->__construct()
 2 APPPATH\Controllers\vendor\Businesses.php(19): App\Libraries\IonAuth->__construct()
 3 SYSTEMPATH\CodeIgniter.php(903): App\Controllers\vendor\Businesses->__construct()
 4 SYSTEMPATH\CodeIgniter.php(500): CodeIgniter\CodeIgniter->createController()
 5 SYSTEMPATH\CodeIgniter.php(355): CodeIgniter\CodeIgniter->handleRequest(null, Object(Config\Cache), false)
 6 SYSTEMPATH\Boot.php(325): CodeIgniter\CodeIgniter->run()
 7 SYSTEMPATH\Boot.php(67): CodeIgniter\Boot::runCodeIgniter(Object(CodeIgniter\CodeIgniter))
 8 FCPATH\index.php(56): CodeIgniter\Boot::bootWeb(Object(Config\Paths))
WARNING - 2024-10-25 09:35:03 --> [DEPRECATED] Creation of dynamic property IonAuth\Models\IonAuthModel::$messagesTemplates is deprecated in FCPATH\vendor\benedmunds\codeigniter-ion-auth\Models\IonAuthModel.php on line 237.
 1 APPPATH\Libraries\IonAuth.php(71): IonAuth\Models\IonAuthModel->__construct()
 2 APPPATH\Controllers\vendor\Businesses.php(19): App\Libraries\IonAuth->__construct()
 3 SYSTEMPATH\CodeIgniter.php(903): App\Controllers\vendor\Businesses->__construct()
 4 SYSTEMPATH\CodeIgniter.php(500): CodeIgniter\CodeIgniter->createController()
 5 SYSTEMPATH\CodeIgniter.php(355): CodeIgniter\CodeIgniter->handleRequest(null, Object(Config\Cache), false)
 6 SYSTEMPATH\Boot.php(325): CodeIgniter\CodeIgniter->run()
 7 SYSTEMPATH\Boot.php(67): CodeIgniter\Boot::runCodeIgniter(Object(CodeIgniter\CodeIgniter))
 8 FCPATH\index.php(56): CodeIgniter\Boot::bootWeb(Object(Config\Paths))
WARNING - 2024-10-25 15:05:03 --> [DEPRECATED] Creation of dynamic property IonAuth\Models\IonAuthModel::$join is deprecated in FCPATH\vendor\benedmunds\codeigniter-ion-auth\Models\IonAuthModel.php on line 231.
 1 APPPATH\Libraries\IonAuth.php(71): IonAuth\Models\IonAuthModel->__construct()
 2 APPPATH\Filters\CheckRoles.php(17): App\Libraries\IonAuth->__construct()
 3 SYSTEMPATH\Filters\Filters.php(235): App\Filters\CheckRoles->__construct()
 4 SYSTEMPATH\Filters\Filters.php(188): CodeIgniter\Filters\Filters->runAfter([...])
 5 SYSTEMPATH\CodeIgniter.php(527): CodeIgniter\Filters\Filters->run('vendor/businesses', 'after')
 6 SYSTEMPATH\CodeIgniter.php(355): CodeIgniter\CodeIgniter->handleRequest(null, Object(Config\Cache), false)
 7 SYSTEMPATH\Boot.php(325): CodeIgniter\CodeIgniter->run()
 8 SYSTEMPATH\Boot.php(67): CodeIgniter\Boot::runCodeIgniter(Object(CodeIgniter\CodeIgniter))
 9 FCPATH\index.php(56): CodeIgniter\Boot::bootWeb(Object(Config\Paths))
WARNING - 2024-10-25 15:05:03 --> [DEPRECATED] Creation of dynamic property IonAuth\Models\IonAuthModel::$hashMethod is deprecated in FCPATH\vendor\benedmunds\codeigniter-ion-auth\Models\IonAuthModel.php on line 234.
 1 APPPATH\Libraries\IonAuth.php(71): IonAuth\Models\IonAuthModel->__construct()
 2 APPPATH\Filters\CheckRoles.php(17): App\Libraries\IonAuth->__construct()
 3 SYSTEMPATH\Filters\Filters.php(235): App\Filters\CheckRoles->__construct()
 4 SYSTEMPATH\Filters\Filters.php(188): CodeIgniter\Filters\Filters->runAfter([...])
 5 SYSTEMPATH\CodeIgniter.php(527): CodeIgniter\Filters\Filters->run('vendor/businesses', 'after')
 6 SYSTEMPATH\CodeIgniter.php(355): CodeIgniter\CodeIgniter->handleRequest(null, Object(Config\Cache), false)
 7 SYSTEMPATH\Boot.php(325): CodeIgniter\CodeIgniter->run()
 8 SYSTEMPATH\Boot.php(67): CodeIgniter\Boot::runCodeIgniter(Object(CodeIgniter\CodeIgniter))
 9 FCPATH\index.php(56): CodeIgniter\Boot::bootWeb(Object(Config\Paths))
WARNING - 2024-10-25 15:05:03 --> [DEPRECATED] Creation of dynamic property IonAuth\Models\IonAuthModel::$messagesTemplates is deprecated in FCPATH\vendor\benedmunds\codeigniter-ion-auth\Models\IonAuthModel.php on line 237.
 1 APPPATH\Libraries\IonAuth.php(71): IonAuth\Models\IonAuthModel->__construct()
 2 APPPATH\Filters\CheckRoles.php(17): App\Libraries\IonAuth->__construct()
 3 SYSTEMPATH\Filters\Filters.php(235): App\Filters\CheckRoles->__construct()
 4 SYSTEMPATH\Filters\Filters.php(188): CodeIgniter\Filters\Filters->runAfter([...])
 5 SYSTEMPATH\CodeIgniter.php(527): CodeIgniter\Filters\Filters->run('vendor/businesses', 'after')
 6 SYSTEMPATH\CodeIgniter.php(355): CodeIgniter\CodeIgniter->handleRequest(null, Object(Config\Cache), false)
 7 SYSTEMPATH\Boot.php(325): CodeIgniter\CodeIgniter->run()
 8 SYSTEMPATH\Boot.php(67): CodeIgniter\Boot::runCodeIgniter(Object(CodeIgniter\CodeIgniter))
 9 FCPATH\index.php(56): CodeIgniter\Boot::bootWeb(Object(Config\Paths))
INFO - 2024-10-25 09:35:04 --> Session: Class initialized using 'CodeIgniter\Session\Handlers\FileHandler' driver.
WARNING - 2024-10-25 09:35:04 --> [DEPRECATED] Creation of dynamic property IonAuth\Models\IonAuthModel::$join is deprecated in FCPATH\vendor\benedmunds\codeigniter-ion-auth\Models\IonAuthModel.php on line 231.
 1 APPPATH\Libraries\IonAuth.php(71): IonAuth\Models\IonAuthModel->__construct()
 2 APPPATH\Filters\CheckRoles.php(17): App\Libraries\IonAuth->__construct()
 3 SYSTEMPATH\Filters\Filters.php(197): App\Filters\CheckRoles->__construct()
 4 SYSTEMPATH\Filters\Filters.php(184): CodeIgniter\Filters\Filters->runBefore([...])
 5 SYSTEMPATH\CodeIgniter.php(481): CodeIgniter\Filters\Filters->run('vendor/businesses/business_table', 'before')
 6 SYSTEMPATH\CodeIgniter.php(355): CodeIgniter\CodeIgniter->handleRequest(null, Object(Config\Cache), false)
 7 SYSTEMPATH\Boot.php(325): CodeIgniter\CodeIgniter->run()
 8 SYSTEMPATH\Boot.php(67): CodeIgniter\Boot::runCodeIgniter(Object(CodeIgniter\CodeIgniter))
 9 FCPATH\index.php(56): CodeIgniter\Boot::bootWeb(Object(Config\Paths))
WARNING - 2024-10-25 09:35:04 --> [DEPRECATED] Creation of dynamic property IonAuth\Models\IonAuthModel::$hashMethod is deprecated in FCPATH\vendor\benedmunds\codeigniter-ion-auth\Models\IonAuthModel.php on line 234.
 1 APPPATH\Libraries\IonAuth.php(71): IonAuth\Models\IonAuthModel->__construct()
 2 APPPATH\Filters\CheckRoles.php(17): App\Libraries\IonAuth->__construct()
 3 SYSTEMPATH\Filters\Filters.php(197): App\Filters\CheckRoles->__construct()
 4 SYSTEMPATH\Filters\Filters.php(184): CodeIgniter\Filters\Filters->runBefore([...])
 5 SYSTEMPATH\CodeIgniter.php(481): CodeIgniter\Filters\Filters->run('vendor/businesses/business_table', 'before')
 6 SYSTEMPATH\CodeIgniter.php(355): CodeIgniter\CodeIgniter->handleRequest(null, Object(Config\Cache), false)
 7 SYSTEMPATH\Boot.php(325): CodeIgniter\CodeIgniter->run()
 8 SYSTEMPATH\Boot.php(67): CodeIgniter\Boot::runCodeIgniter(Object(CodeIgniter\CodeIgniter))
 9 FCPATH\index.php(56): CodeIgniter\Boot::bootWeb(Object(Config\Paths))
WARNING - 2024-10-25 09:35:04 --> [DEPRECATED] Creation of dynamic property IonAuth\Models\IonAuthModel::$messagesTemplates is deprecated in FCPATH\vendor\benedmunds\codeigniter-ion-auth\Models\IonAuthModel.php on line 237.
 1 APPPATH\Libraries\IonAuth.php(71): IonAuth\Models\IonAuthModel->__construct()
 2 APPPATH\Filters\CheckRoles.php(17): App\Libraries\IonAuth->__construct()
 3 SYSTEMPATH\Filters\Filters.php(197): App\Filters\CheckRoles->__construct()
 4 SYSTEMPATH\Filters\Filters.php(184): CodeIgniter\Filters\Filters->runBefore([...])
 5 SYSTEMPATH\CodeIgniter.php(481): CodeIgniter\Filters\Filters->run('vendor/businesses/business_table', 'before')
 6 SYSTEMPATH\CodeIgniter.php(355): CodeIgniter\CodeIgniter->handleRequest(null, Object(Config\Cache), false)
 7 SYSTEMPATH\Boot.php(325): CodeIgniter\CodeIgniter->run()
 8 SYSTEMPATH\Boot.php(67): CodeIgniter\Boot::runCodeIgniter(Object(CodeIgniter\CodeIgniter))
 9 FCPATH\index.php(56): CodeIgniter\Boot::bootWeb(Object(Config\Paths))
WARNING - 2024-10-25 09:35:04 --> [DEPRECATED] Creation of dynamic property IonAuth\Models\IonAuthModel::$join is deprecated in FCPATH\vendor\benedmunds\codeigniter-ion-auth\Models\IonAuthModel.php on line 231.
 1 APPPATH\Libraries\IonAuth.php(71): IonAuth\Models\IonAuthModel->__construct()
 2 APPPATH\Controllers\vendor\Businesses.php(19): App\Libraries\IonAuth->__construct()
 3 SYSTEMPATH\CodeIgniter.php(903): App\Controllers\vendor\Businesses->__construct()
 4 SYSTEMPATH\CodeIgniter.php(500): CodeIgniter\CodeIgniter->createController()
 5 SYSTEMPATH\CodeIgniter.php(355): CodeIgniter\CodeIgniter->handleRequest(null, Object(Config\Cache), false)
 6 SYSTEMPATH\Boot.php(325): CodeIgniter\CodeIgniter->run()
 7 SYSTEMPATH\Boot.php(67): CodeIgniter\Boot::runCodeIgniter(Object(CodeIgniter\CodeIgniter))
 8 FCPATH\index.php(56): CodeIgniter\Boot::bootWeb(Object(Config\Paths))
WARNING - 2024-10-25 09:35:04 --> [DEPRECATED] Creation of dynamic property IonAuth\Models\IonAuthModel::$hashMethod is deprecated in FCPATH\vendor\benedmunds\codeigniter-ion-auth\Models\IonAuthModel.php on line 234.
 1 APPPATH\Libraries\IonAuth.php(71): IonAuth\Models\IonAuthModel->__construct()
 2 APPPATH\Controllers\vendor\Businesses.php(19): App\Libraries\IonAuth->__construct()
 3 SYSTEMPATH\CodeIgniter.php(903): App\Controllers\vendor\Businesses->__construct()
 4 SYSTEMPATH\CodeIgniter.php(500): CodeIgniter\CodeIgniter->createController()
 5 SYSTEMPATH\CodeIgniter.php(355): CodeIgniter\CodeIgniter->handleRequest(null, Object(Config\Cache), false)
 6 SYSTEMPATH\Boot.php(325): CodeIgniter\CodeIgniter->run()
 7 SYSTEMPATH\Boot.php(67): CodeIgniter\Boot::runCodeIgniter(Object(CodeIgniter\CodeIgniter))
 8 FCPATH\index.php(56): CodeIgniter\Boot::bootWeb(Object(Config\Paths))
WARNING - 2024-10-25 09:35:04 --> [DEPRECATED] Creation of dynamic property IonAuth\Models\IonAuthModel::$messagesTemplates is deprecated in FCPATH\vendor\benedmunds\codeigniter-ion-auth\Models\IonAuthModel.php on line 237.
 1 APPPATH\Libraries\IonAuth.php(71): IonAuth\Models\IonAuthModel->__construct()
 2 APPPATH\Controllers\vendor\Businesses.php(19): App\Libraries\IonAuth->__construct()
 3 SYSTEMPATH\CodeIgniter.php(903): App\Controllers\vendor\Businesses->__construct()
 4 SYSTEMPATH\CodeIgniter.php(500): CodeIgniter\CodeIgniter->createController()
 5 SYSTEMPATH\CodeIgniter.php(355): CodeIgniter\CodeIgniter->handleRequest(null, Object(Config\Cache), false)
 6 SYSTEMPATH\Boot.php(325): CodeIgniter\CodeIgniter->run()
 7 SYSTEMPATH\Boot.php(67): CodeIgniter\Boot::runCodeIgniter(Object(CodeIgniter\CodeIgniter))
 8 FCPATH\index.php(56): CodeIgniter\Boot::bootWeb(Object(Config\Paths))
WARNING - 2024-10-25 15:05:04 --> [DEPRECATED] Creation of dynamic property IonAuth\Models\IonAuthModel::$join is deprecated in FCPATH\vendor\benedmunds\codeigniter-ion-auth\Models\IonAuthModel.php on line 231.
 1 APPPATH\Libraries\IonAuth.php(71): IonAuth\Models\IonAuthModel->__construct()
 2 APPPATH\Filters\CheckRoles.php(17): App\Libraries\IonAuth->__construct()
 3 SYSTEMPATH\Filters\Filters.php(235): App\Filters\CheckRoles->__construct()
 4 SYSTEMPATH\Filters\Filters.php(188): CodeIgniter\Filters\Filters->runAfter([...])
 5 SYSTEMPATH\CodeIgniter.php(527): CodeIgniter\Filters\Filters->run('vendor/businesses/business_table', 'after')
 6 SYSTEMPATH\CodeIgniter.php(355): CodeIgniter\CodeIgniter->handleRequest(null, Object(Config\Cache), false)
 7 SYSTEMPATH\Boot.php(325): CodeIgniter\CodeIgniter->run()
 8 SYSTEMPATH\Boot.php(67): CodeIgniter\Boot::runCodeIgniter(Object(CodeIgniter\CodeIgniter))
 9 FCPATH\index.php(56): CodeIgniter\Boot::bootWeb(Object(Config\Paths))
WARNING - 2024-10-25 15:05:04 --> [DEPRECATED] Creation of dynamic property IonAuth\Models\IonAuthModel::$hashMethod is deprecated in FCPATH\vendor\benedmunds\codeigniter-ion-auth\Models\IonAuthModel.php on line 234.
 1 APPPATH\Libraries\IonAuth.php(71): IonAuth\Models\IonAuthModel->__construct()
 2 APPPATH\Filters\CheckRoles.php(17): App\Libraries\IonAuth->__construct()
 3 SYSTEMPATH\Filters\Filters.php(235): App\Filters\CheckRoles->__construct()
 4 SYSTEMPATH\Filters\Filters.php(188): CodeIgniter\Filters\Filters->runAfter([...])
 5 SYSTEMPATH\CodeIgniter.php(527): CodeIgniter\Filters\Filters->run('vendor/businesses/business_table', 'after')
 6 SYSTEMPATH\CodeIgniter.php(355): CodeIgniter\CodeIgniter->handleRequest(null, Object(Config\Cache), false)
 7 SYSTEMPATH\Boot.php(325): CodeIgniter\CodeIgniter->run()
 8 SYSTEMPATH\Boot.php(67): CodeIgniter\Boot::runCodeIgniter(Object(CodeIgniter\CodeIgniter))
 9 FCPATH\index.php(56): CodeIgniter\Boot::bootWeb(Object(Config\Paths))
WARNING - 2024-10-25 15:05:04 --> [DEPRECATED] Creation of dynamic property IonAuth\Models\IonAuthModel::$messagesTemplates is deprecated in FCPATH\vendor\benedmunds\codeigniter-ion-auth\Models\IonAuthModel.php on line 237.
 1 APPPATH\Libraries\IonAuth.php(71): IonAuth\Models\IonAuthModel->__construct()
 2 APPPATH\Filters\CheckRoles.php(17): App\Libraries\IonAuth->__construct()
 3 SYSTEMPATH\Filters\Filters.php(235): App\Filters\CheckRoles->__construct()
 4 SYSTEMPATH\Filters\Filters.php(188): CodeIgniter\Filters\Filters->runAfter([...])
 5 SYSTEMPATH\CodeIgniter.php(527): CodeIgniter\Filters\Filters->run('vendor/businesses/business_table', 'after')
 6 SYSTEMPATH\CodeIgniter.php(355): CodeIgniter\CodeIgniter->handleRequest(null, Object(Config\Cache), false)
 7 SYSTEMPATH\Boot.php(325): CodeIgniter\CodeIgniter->run()
 8 SYSTEMPATH\Boot.php(67): CodeIgniter\Boot::runCodeIgniter(Object(CodeIgniter\CodeIgniter))
 9 FCPATH\index.php(56): CodeIgniter\Boot::bootWeb(Object(Config\Paths))
INFO - 2024-10-25 09:35:04 --> Session: Class initialized using 'CodeIgniter\Session\Handlers\FileHandler' driver.
WARNING - 2024-10-25 09:35:04 --> [DEPRECATED] Creation of dynamic property IonAuth\Models\IonAuthModel::$join is deprecated in FCPATH\vendor\benedmunds\codeigniter-ion-auth\Models\IonAuthModel.php on line 231.
 1 APPPATH\Libraries\IonAuth.php(71): IonAuth\Models\IonAuthModel->__construct()
 2 APPPATH\Filters\CheckPermissions.php(16): App\Libraries\IonAuth->__construct()
 3 SYSTEMPATH\Filters\Filters.php(197): App\Filters\CheckPermissions->__construct()
 4 SYSTEMPATH\Filters\Filters.php(184): CodeIgniter\Filters\Filters->runBefore([...])
 5 SYSTEMPATH\CodeIgniter.php(481): CodeIgniter\Filters\Filters->run('vendor/products/stock_alert', 'before')
 6 SYSTEMPATH\CodeIgniter.php(355): CodeIgniter\CodeIgniter->handleRequest(null, Object(Config\Cache), false)
 7 SYSTEMPATH\Boot.php(325): CodeIgniter\CodeIgniter->run()
 8 SYSTEMPATH\Boot.php(67): CodeIgniter\Boot::runCodeIgniter(Object(CodeIgniter\CodeIgniter))
 9 FCPATH\index.php(56): CodeIgniter\Boot::bootWeb(Object(Config\Paths))
WARNING - 2024-10-25 09:35:04 --> [DEPRECATED] Creation of dynamic property IonAuth\Models\IonAuthModel::$hashMethod is deprecated in FCPATH\vendor\benedmunds\codeigniter-ion-auth\Models\IonAuthModel.php on line 234.
 1 APPPATH\Libraries\IonAuth.php(71): IonAuth\Models\IonAuthModel->__construct()
 2 APPPATH\Filters\CheckPermissions.php(16): App\Libraries\IonAuth->__construct()
 3 SYSTEMPATH\Filters\Filters.php(197): App\Filters\CheckPermissions->__construct()
 4 SYSTEMPATH\Filters\Filters.php(184): CodeIgniter\Filters\Filters->runBefore([...])
 5 SYSTEMPATH\CodeIgniter.php(481): CodeIgniter\Filters\Filters->run('vendor/products/stock_alert', 'before')
 6 SYSTEMPATH\CodeIgniter.php(355): CodeIgniter\CodeIgniter->handleRequest(null, Object(Config\Cache), false)
 7 SYSTEMPATH\Boot.php(325): CodeIgniter\CodeIgniter->run()
 8 SYSTEMPATH\Boot.php(67): CodeIgniter\Boot::runCodeIgniter(Object(CodeIgniter\CodeIgniter))
 9 FCPATH\index.php(56): CodeIgniter\Boot::bootWeb(Object(Config\Paths))
WARNING - 2024-10-25 09:35:04 --> [DEPRECATED] Creation of dynamic property IonAuth\Models\IonAuthModel::$messagesTemplates is deprecated in FCPATH\vendor\benedmunds\codeigniter-ion-auth\Models\IonAuthModel.php on line 237.
 1 APPPATH\Libraries\IonAuth.php(71): IonAuth\Models\IonAuthModel->__construct()
 2 APPPATH\Filters\CheckPermissions.php(16): App\Libraries\IonAuth->__construct()
 3 SYSTEMPATH\Filters\Filters.php(197): App\Filters\CheckPermissions->__construct()
 4 SYSTEMPATH\Filters\Filters.php(184): CodeIgniter\Filters\Filters->runBefore([...])
 5 SYSTEMPATH\CodeIgniter.php(481): CodeIgniter\Filters\Filters->run('vendor/products/stock_alert', 'before')
 6 SYSTEMPATH\CodeIgniter.php(355): CodeIgniter\CodeIgniter->handleRequest(null, Object(Config\Cache), false)
 7 SYSTEMPATH\Boot.php(325): CodeIgniter\CodeIgniter->run()
 8 SYSTEMPATH\Boot.php(67): CodeIgniter\Boot::runCodeIgniter(Object(CodeIgniter\CodeIgniter))
 9 FCPATH\index.php(56): CodeIgniter\Boot::bootWeb(Object(Config\Paths))
WARNING - 2024-10-25 09:35:04 --> [DEPRECATED] Creation of dynamic property IonAuth\Models\IonAuthModel::$join is deprecated in FCPATH\vendor\benedmunds\codeigniter-ion-auth\Models\IonAuthModel.php on line 231.
 1 APPPATH\Libraries\IonAuth.php(71): IonAuth\Models\IonAuthModel->__construct()
 2 APPPATH\Controllers\vendor\Products.php(23): App\Libraries\IonAuth->__construct()
 3 SYSTEMPATH\CodeIgniter.php(903): App\Controllers\vendor\Products->__construct()
 4 SYSTEMPATH\CodeIgniter.php(500): CodeIgniter\CodeIgniter->createController()
 5 SYSTEMPATH\CodeIgniter.php(355): CodeIgniter\CodeIgniter->handleRequest(null, Object(Config\Cache), false)
 6 SYSTEMPATH\Boot.php(325): CodeIgniter\CodeIgniter->run()
 7 SYSTEMPATH\Boot.php(67): CodeIgniter\Boot::runCodeIgniter(Object(CodeIgniter\CodeIgniter))
 8 FCPATH\index.php(56): CodeIgniter\Boot::bootWeb(Object(Config\Paths))
WARNING - 2024-10-25 09:35:04 --> [DEPRECATED] Creation of dynamic property IonAuth\Models\IonAuthModel::$hashMethod is deprecated in FCPATH\vendor\benedmunds\codeigniter-ion-auth\Models\IonAuthModel.php on line 234.
 1 APPPATH\Libraries\IonAuth.php(71): IonAuth\Models\IonAuthModel->__construct()
 2 APPPATH\Controllers\vendor\Products.php(23): App\Libraries\IonAuth->__construct()
 3 SYSTEMPATH\CodeIgniter.php(903): App\Controllers\vendor\Products->__construct()
 4 SYSTEMPATH\CodeIgniter.php(500): CodeIgniter\CodeIgniter->createController()
 5 SYSTEMPATH\CodeIgniter.php(355): CodeIgniter\CodeIgniter->handleRequest(null, Object(Config\Cache), false)
 6 SYSTEMPATH\Boot.php(325): CodeIgniter\CodeIgniter->run()
 7 SYSTEMPATH\Boot.php(67): CodeIgniter\Boot::runCodeIgniter(Object(CodeIgniter\CodeIgniter))
 8 FCPATH\index.php(56): CodeIgniter\Boot::bootWeb(Object(Config\Paths))
WARNING - 2024-10-25 09:35:04 --> [DEPRECATED] Creation of dynamic property IonAuth\Models\IonAuthModel::$messagesTemplates is deprecated in FCPATH\vendor\benedmunds\codeigniter-ion-auth\Models\IonAuthModel.php on line 237.
 1 APPPATH\Libraries\IonAuth.php(71): IonAuth\Models\IonAuthModel->__construct()
 2 APPPATH\Controllers\vendor\Products.php(23): App\Libraries\IonAuth->__construct()
 3 SYSTEMPATH\CodeIgniter.php(903): App\Controllers\vendor\Products->__construct()
 4 SYSTEMPATH\CodeIgniter.php(500): CodeIgniter\CodeIgniter->createController()
 5 SYSTEMPATH\CodeIgniter.php(355): CodeIgniter\CodeIgniter->handleRequest(null, Object(Config\Cache), false)
 6 SYSTEMPATH\Boot.php(325): CodeIgniter\CodeIgniter->run()
 7 SYSTEMPATH\Boot.php(67): CodeIgniter\Boot::runCodeIgniter(Object(CodeIgniter\CodeIgniter))
 8 FCPATH\index.php(56): CodeIgniter\Boot::bootWeb(Object(Config\Paths))
CRITICAL - 2024-10-25 15:05:04 --> ErrorException: Undefined variable $array
[Method: GET, Route: vendor/products/stock_alert]
in APPPATH\Controllers\vendor\Products.php on line 1151.
 1 APPPATH\Controllers\vendor\Products.php(1151): CodeIgniter\Debug\Exceptions->errorHandler(2, 'Undefined variable $array', 'C:\\xampp1\\htdocs\\Maareeye-sass-git\\app\\Controllers\\vendor\\Products.php', 1151)
 2 SYSTEMPATH\CodeIgniter.php(933): App\Controllers\vendor\Products->stock_alert()
 3 SYSTEMPATH\CodeIgniter.php(509): CodeIgniter\CodeIgniter->runController(Object(App\Controllers\vendor\Products))
 4 SYSTEMPATH\CodeIgniter.php(355): CodeIgniter\CodeIgniter->handleRequest(null, Object(Config\Cache), false)
 5 SYSTEMPATH\Boot.php(325): CodeIgniter\CodeIgniter->run()
 6 SYSTEMPATH\Boot.php(67): CodeIgniter\Boot::runCodeIgniter(Object(CodeIgniter\CodeIgniter))
 7 FCPATH\index.php(56): CodeIgniter\Boot::bootWeb(Object(Config\Paths))
INFO - 2024-10-25 09:35:09 --> Session: Class initialized using 'CodeIgniter\Session\Handlers\FileHandler' driver.
WARNING - 2024-10-25 09:35:09 --> [DEPRECATED] Creation of dynamic property IonAuth\Models\IonAuthModel::$join is deprecated in FCPATH\vendor\benedmunds\codeigniter-ion-auth\Models\IonAuthModel.php on line 231.
 1 APPPATH\Libraries\IonAuth.php(71): IonAuth\Models\IonAuthModel->__construct()
 2 APPPATH\Controllers\Auth.php(77): App\Libraries\IonAuth->__construct()
 3 SYSTEMPATH\CodeIgniter.php(903): App\Controllers\Auth->__construct()
 4 SYSTEMPATH\CodeIgniter.php(500): CodeIgniter\CodeIgniter->createController()
 5 SYSTEMPATH\CodeIgniter.php(355): CodeIgniter\CodeIgniter->handleRequest(null, Object(Config\Cache), false)
 6 SYSTEMPATH\Boot.php(325): CodeIgniter\CodeIgniter->run()
 7 SYSTEMPATH\Boot.php(67): CodeIgniter\Boot::runCodeIgniter(Object(CodeIgniter\CodeIgniter))
 8 FCPATH\index.php(56): CodeIgniter\Boot::bootWeb(Object(Config\Paths))
WARNING - 2024-10-25 09:35:09 --> [DEPRECATED] Creation of dynamic property IonAuth\Models\IonAuthModel::$hashMethod is deprecated in FCPATH\vendor\benedmunds\codeigniter-ion-auth\Models\IonAuthModel.php on line 234.
 1 APPPATH\Libraries\IonAuth.php(71): IonAuth\Models\IonAuthModel->__construct()
 2 APPPATH\Controllers\Auth.php(77): App\Libraries\IonAuth->__construct()
 3 SYSTEMPATH\CodeIgniter.php(903): App\Controllers\Auth->__construct()
 4 SYSTEMPATH\CodeIgniter.php(500): CodeIgniter\CodeIgniter->createController()
 5 SYSTEMPATH\CodeIgniter.php(355): CodeIgniter\CodeIgniter->handleRequest(null, Object(Config\Cache), false)
 6 SYSTEMPATH\Boot.php(325): CodeIgniter\CodeIgniter->run()
 7 SYSTEMPATH\Boot.php(67): CodeIgniter\Boot::runCodeIgniter(Object(CodeIgniter\CodeIgniter))
 8 FCPATH\index.php(56): CodeIgniter\Boot::bootWeb(Object(Config\Paths))
WARNING - 2024-10-25 09:35:09 --> [DEPRECATED] Creation of dynamic property IonAuth\Models\IonAuthModel::$messagesTemplates is deprecated in FCPATH\vendor\benedmunds\codeigniter-ion-auth\Models\IonAuthModel.php on line 237.
 1 APPPATH\Libraries\IonAuth.php(71): IonAuth\Models\IonAuthModel->__construct()
 2 APPPATH\Controllers\Auth.php(77): App\Libraries\IonAuth->__construct()
 3 SYSTEMPATH\CodeIgniter.php(903): App\Controllers\Auth->__construct()
 4 SYSTEMPATH\CodeIgniter.php(500): CodeIgniter\CodeIgniter->createController()
 5 SYSTEMPATH\CodeIgniter.php(355): CodeIgniter\CodeIgniter->handleRequest(null, Object(Config\Cache), false)
 6 SYSTEMPATH\Boot.php(325): CodeIgniter\CodeIgniter->run()
 7 SYSTEMPATH\Boot.php(67): CodeIgniter\Boot::runCodeIgniter(Object(CodeIgniter\CodeIgniter))
 8 FCPATH\index.php(56): CodeIgniter\Boot::bootWeb(Object(Config\Paths))
INFO - 2024-10-25 09:35:09 --> Session: Class initialized using 'CodeIgniter\Session\Handlers\FileHandler' driver.
WARNING - 2024-10-25 09:35:09 --> [DEPRECATED] Creation of dynamic property IonAuth\Libraries\IonAuth::$session is deprecated in FCPATH\vendor\benedmunds\codeigniter-ion-auth\Libraries\IonAuth.php on line 65.
 1 APPPATH\Controllers\Login.php(13): IonAuth\Libraries\IonAuth->__construct()
 2 SYSTEMPATH\CodeIgniter.php(903): App\Controllers\Login->__construct()
 3 SYSTEMPATH\CodeIgniter.php(500): CodeIgniter\CodeIgniter->createController()
 4 SYSTEMPATH\CodeIgniter.php(355): CodeIgniter\CodeIgniter->handleRequest(null, Object(Config\Cache), false)
 5 SYSTEMPATH\Boot.php(325): CodeIgniter\CodeIgniter->run()
 6 SYSTEMPATH\Boot.php(67): CodeIgniter\Boot::runCodeIgniter(Object(CodeIgniter\CodeIgniter))
 7 FCPATH\index.php(56): CodeIgniter\Boot::bootWeb(Object(Config\Paths))
WARNING - 2024-10-25 09:35:09 --> [DEPRECATED] Creation of dynamic property IonAuth\Models\IonAuthModel::$join is deprecated in FCPATH\vendor\benedmunds\codeigniter-ion-auth\Models\IonAuthModel.php on line 231.
 1 FCPATH\vendor\benedmunds\codeigniter-ion-auth\Libraries\IonAuth.php(67): IonAuth\Models\IonAuthModel->__construct()
 2 APPPATH\Controllers\Login.php(13): IonAuth\Libraries\IonAuth->__construct()
 3 SYSTEMPATH\CodeIgniter.php(903): App\Controllers\Login->__construct()
 4 SYSTEMPATH\CodeIgniter.php(500): CodeIgniter\CodeIgniter->createController()
 5 SYSTEMPATH\CodeIgniter.php(355): CodeIgniter\CodeIgniter->handleRequest(null, Object(Config\Cache), false)
 6 SYSTEMPATH\Boot.php(325): CodeIgniter\CodeIgniter->run()
 7 SYSTEMPATH\Boot.php(67): CodeIgniter\Boot::runCodeIgniter(Object(CodeIgniter\CodeIgniter))
 8 FCPATH\index.php(56): CodeIgniter\Boot::bootWeb(Object(Config\Paths))
WARNING - 2024-10-25 09:35:09 --> [DEPRECATED] Creation of dynamic property IonAuth\Models\IonAuthModel::$hashMethod is deprecated in FCPATH\vendor\benedmunds\codeigniter-ion-auth\Models\IonAuthModel.php on line 234.
 1 FCPATH\vendor\benedmunds\codeigniter-ion-auth\Libraries\IonAuth.php(67): IonAuth\Models\IonAuthModel->__construct()
 2 APPPATH\Controllers\Login.php(13): IonAuth\Libraries\IonAuth->__construct()
 3 SYSTEMPATH\CodeIgniter.php(903): App\Controllers\Login->__construct()
 4 SYSTEMPATH\CodeIgniter.php(500): CodeIgniter\CodeIgniter->createController()
 5 SYSTEMPATH\CodeIgniter.php(355): CodeIgniter\CodeIgniter->handleRequest(null, Object(Config\Cache), false)
 6 SYSTEMPATH\Boot.php(325): CodeIgniter\CodeIgniter->run()
 7 SYSTEMPATH\Boot.php(67): CodeIgniter\Boot::runCodeIgniter(Object(CodeIgniter\CodeIgniter))
 8 FCPATH\index.php(56): CodeIgniter\Boot::bootWeb(Object(Config\Paths))
WARNING - 2024-10-25 09:35:09 --> [DEPRECATED] Creation of dynamic property IonAuth\Models\IonAuthModel::$messagesTemplates is deprecated in FCPATH\vendor\benedmunds\codeigniter-ion-auth\Models\IonAuthModel.php on line 237.
 1 FCPATH\vendor\benedmunds\codeigniter-ion-auth\Libraries\IonAuth.php(67): IonAuth\Models\IonAuthModel->__construct()
 2 APPPATH\Controllers\Login.php(13): IonAuth\Libraries\IonAuth->__construct()
 3 SYSTEMPATH\CodeIgniter.php(903): App\Controllers\Login->__construct()
 4 SYSTEMPATH\CodeIgniter.php(500): CodeIgniter\CodeIgniter->createController()
 5 SYSTEMPATH\CodeIgniter.php(355): CodeIgniter\CodeIgniter->handleRequest(null, Object(Config\Cache), false)
 6 SYSTEMPATH\Boot.php(325): CodeIgniter\CodeIgniter->run()
 7 SYSTEMPATH\Boot.php(67): CodeIgniter\Boot::runCodeIgniter(Object(CodeIgniter\CodeIgniter))
 8 FCPATH\index.php(56): CodeIgniter\Boot::bootWeb(Object(Config\Paths))
INFO - 2024-10-25 09:35:13 --> Session: Class initialized using 'CodeIgniter\Session\Handlers\FileHandler' driver.
WARNING - 2024-10-25 09:35:13 --> [DEPRECATED] Creation of dynamic property IonAuth\Models\IonAuthModel::$join is deprecated in FCPATH\vendor\benedmunds\codeigniter-ion-auth\Models\IonAuthModel.php on line 231.
 1 APPPATH\Libraries\IonAuth.php(71): IonAuth\Models\IonAuthModel->__construct()
 2 APPPATH\Controllers\Auth.php(77): App\Libraries\IonAuth->__construct()
 3 SYSTEMPATH\CodeIgniter.php(903): App\Controllers\Auth->__construct()
 4 SYSTEMPATH\CodeIgniter.php(500): CodeIgniter\CodeIgniter->createController()
 5 SYSTEMPATH\CodeIgniter.php(355): CodeIgniter\CodeIgniter->handleRequest(null, Object(Config\Cache), false)
 6 SYSTEMPATH\Boot.php(325): CodeIgniter\CodeIgniter->run()
 7 SYSTEMPATH\Boot.php(67): CodeIgniter\Boot::runCodeIgniter(Object(CodeIgniter\CodeIgniter))
 8 FCPATH\index.php(56): CodeIgniter\Boot::bootWeb(Object(Config\Paths))
WARNING - 2024-10-25 09:35:13 --> [DEPRECATED] Creation of dynamic property IonAuth\Models\IonAuthModel::$hashMethod is deprecated in FCPATH\vendor\benedmunds\codeigniter-ion-auth\Models\IonAuthModel.php on line 234.
 1 APPPATH\Libraries\IonAuth.php(71): IonAuth\Models\IonAuthModel->__construct()
 2 APPPATH\Controllers\Auth.php(77): App\Libraries\IonAuth->__construct()
 3 SYSTEMPATH\CodeIgniter.php(903): App\Controllers\Auth->__construct()
 4 SYSTEMPATH\CodeIgniter.php(500): CodeIgniter\CodeIgniter->createController()
 5 SYSTEMPATH\CodeIgniter.php(355): CodeIgniter\CodeIgniter->handleRequest(null, Object(Config\Cache), false)
 6 SYSTEMPATH\Boot.php(325): CodeIgniter\CodeIgniter->run()
 7 SYSTEMPATH\Boot.php(67): CodeIgniter\Boot::runCodeIgniter(Object(CodeIgniter\CodeIgniter))
 8 FCPATH\index.php(56): CodeIgniter\Boot::bootWeb(Object(Config\Paths))
WARNING - 2024-10-25 09:35:13 --> [DEPRECATED] Creation of dynamic property IonAuth\Models\IonAuthModel::$messagesTemplates is deprecated in FCPATH\vendor\benedmunds\codeigniter-ion-auth\Models\IonAuthModel.php on line 237.
 1 APPPATH\Libraries\IonAuth.php(71): IonAuth\Models\IonAuthModel->__construct()
 2 APPPATH\Controllers\Auth.php(77): App\Libraries\IonAuth->__construct()
 3 SYSTEMPATH\CodeIgniter.php(903): App\Controllers\Auth->__construct()
 4 SYSTEMPATH\CodeIgniter.php(500): CodeIgniter\CodeIgniter->createController()
 5 SYSTEMPATH\CodeIgniter.php(355): CodeIgniter\CodeIgniter->handleRequest(null, Object(Config\Cache), false)
 6 SYSTEMPATH\Boot.php(325): CodeIgniter\CodeIgniter->run()
 7 SYSTEMPATH\Boot.php(67): CodeIgniter\Boot::runCodeIgniter(Object(CodeIgniter\CodeIgniter))
 8 FCPATH\index.php(56): CodeIgniter\Boot::bootWeb(Object(Config\Paths))
INFO - 2024-10-25 09:35:14 --> Session: Class initialized using 'CodeIgniter\Session\Handlers\FileHandler' driver.
WARNING - 2024-10-25 09:35:14 --> [DEPRECATED] Creation of dynamic property IonAuth\Models\IonAuthModel::$join is deprecated in FCPATH\vendor\benedmunds\codeigniter-ion-auth\Models\IonAuthModel.php on line 231.
 1 APPPATH\Libraries\IonAuth.php(71): IonAuth\Models\IonAuthModel->__construct()
 2 APPPATH\Controllers\vendor\Home.php(17): App\Libraries\IonAuth->__construct()
 3 SYSTEMPATH\CodeIgniter.php(903): App\Controllers\vendor\Home->__construct()
 4 SYSTEMPATH\CodeIgniter.php(500): CodeIgniter\CodeIgniter->createController()
 5 SYSTEMPATH\CodeIgniter.php(355): CodeIgniter\CodeIgniter->handleRequest(null, Object(Config\Cache), false)
 6 SYSTEMPATH\Boot.php(325): CodeIgniter\CodeIgniter->run()
 7 SYSTEMPATH\Boot.php(67): CodeIgniter\Boot::runCodeIgniter(Object(CodeIgniter\CodeIgniter))
 8 FCPATH\index.php(56): CodeIgniter\Boot::bootWeb(Object(Config\Paths))
WARNING - 2024-10-25 09:35:14 --> [DEPRECATED] Creation of dynamic property IonAuth\Models\IonAuthModel::$hashMethod is deprecated in FCPATH\vendor\benedmunds\codeigniter-ion-auth\Models\IonAuthModel.php on line 234.
 1 APPPATH\Libraries\IonAuth.php(71): IonAuth\Models\IonAuthModel->__construct()
 2 APPPATH\Controllers\vendor\Home.php(17): App\Libraries\IonAuth->__construct()
 3 SYSTEMPATH\CodeIgniter.php(903): App\Controllers\vendor\Home->__construct()
 4 SYSTEMPATH\CodeIgniter.php(500): CodeIgniter\CodeIgniter->createController()
 5 SYSTEMPATH\CodeIgniter.php(355): CodeIgniter\CodeIgniter->handleRequest(null, Object(Config\Cache), false)
 6 SYSTEMPATH\Boot.php(325): CodeIgniter\CodeIgniter->run()
 7 SYSTEMPATH\Boot.php(67): CodeIgniter\Boot::runCodeIgniter(Object(CodeIgniter\CodeIgniter))
 8 FCPATH\index.php(56): CodeIgniter\Boot::bootWeb(Object(Config\Paths))
WARNING - 2024-10-25 09:35:14 --> [DEPRECATED] Creation of dynamic property IonAuth\Models\IonAuthModel::$messagesTemplates is deprecated in FCPATH\vendor\benedmunds\codeigniter-ion-auth\Models\IonAuthModel.php on line 237.
 1 APPPATH\Libraries\IonAuth.php(71): IonAuth\Models\IonAuthModel->__construct()
 2 APPPATH\Controllers\vendor\Home.php(17): App\Libraries\IonAuth->__construct()
 3 SYSTEMPATH\CodeIgniter.php(903): App\Controllers\vendor\Home->__construct()
 4 SYSTEMPATH\CodeIgniter.php(500): CodeIgniter\CodeIgniter->createController()
 5 SYSTEMPATH\CodeIgniter.php(355): CodeIgniter\CodeIgniter->handleRequest(null, Object(Config\Cache), false)
 6 SYSTEMPATH\Boot.php(325): CodeIgniter\CodeIgniter->run()
 7 SYSTEMPATH\Boot.php(67): CodeIgniter\Boot::runCodeIgniter(Object(CodeIgniter\CodeIgniter))
 8 FCPATH\index.php(56): CodeIgniter\Boot::bootWeb(Object(Config\Paths))
INFO - 2024-10-25 09:35:15 --> Session: Class initialized using 'CodeIgniter\Session\Handlers\FileHandler' driver.
WARNING - 2024-10-25 09:35:15 --> [DEPRECATED] Creation of dynamic property IonAuth\Models\IonAuthModel::$join is deprecated in FCPATH\vendor\benedmunds\codeigniter-ion-auth\Models\IonAuthModel.php on line 231.
 1 APPPATH\Libraries\IonAuth.php(71): IonAuth\Models\IonAuthModel->__construct()
 2 APPPATH\Filters\CheckPermissions.php(16): App\Libraries\IonAuth->__construct()
 3 SYSTEMPATH\Filters\Filters.php(197): App\Filters\CheckPermissions->__construct()
 4 SYSTEMPATH\Filters\Filters.php(184): CodeIgniter\Filters\Filters->runBefore([...])
 5 SYSTEMPATH\CodeIgniter.php(481): CodeIgniter\Filters\Filters->run('vendor/home/fetch_purchases', 'before')
 6 SYSTEMPATH\CodeIgniter.php(355): CodeIgniter\CodeIgniter->handleRequest(null, Object(Config\Cache), false)
 7 SYSTEMPATH\Boot.php(325): CodeIgniter\CodeIgniter->run()
 8 SYSTEMPATH\Boot.php(67): CodeIgniter\Boot::runCodeIgniter(Object(CodeIgniter\CodeIgniter))
 9 FCPATH\index.php(56): CodeIgniter\Boot::bootWeb(Object(Config\Paths))
WARNING - 2024-10-25 09:35:15 --> [DEPRECATED] Creation of dynamic property IonAuth\Models\IonAuthModel::$hashMethod is deprecated in FCPATH\vendor\benedmunds\codeigniter-ion-auth\Models\IonAuthModel.php on line 234.
 1 APPPATH\Libraries\IonAuth.php(71): IonAuth\Models\IonAuthModel->__construct()
 2 APPPATH\Filters\CheckPermissions.php(16): App\Libraries\IonAuth->__construct()
 3 SYSTEMPATH\Filters\Filters.php(197): App\Filters\CheckPermissions->__construct()
 4 SYSTEMPATH\Filters\Filters.php(184): CodeIgniter\Filters\Filters->runBefore([...])
 5 SYSTEMPATH\CodeIgniter.php(481): CodeIgniter\Filters\Filters->run('vendor/home/fetch_purchases', 'before')
 6 SYSTEMPATH\CodeIgniter.php(355): CodeIgniter\CodeIgniter->handleRequest(null, Object(Config\Cache), false)
 7 SYSTEMPATH\Boot.php(325): CodeIgniter\CodeIgniter->run()
 8 SYSTEMPATH\Boot.php(67): CodeIgniter\Boot::runCodeIgniter(Object(CodeIgniter\CodeIgniter))
 9 FCPATH\index.php(56): CodeIgniter\Boot::bootWeb(Object(Config\Paths))
WARNING - 2024-10-25 09:35:15 --> [DEPRECATED] Creation of dynamic property IonAuth\Models\IonAuthModel::$messagesTemplates is deprecated in FCPATH\vendor\benedmunds\codeigniter-ion-auth\Models\IonAuthModel.php on line 237.
 1 APPPATH\Libraries\IonAuth.php(71): IonAuth\Models\IonAuthModel->__construct()
 2 APPPATH\Filters\CheckPermissions.php(16): App\Libraries\IonAuth->__construct()
 3 SYSTEMPATH\Filters\Filters.php(197): App\Filters\CheckPermissions->__construct()
 4 SYSTEMPATH\Filters\Filters.php(184): CodeIgniter\Filters\Filters->runBefore([...])
 5 SYSTEMPATH\CodeIgniter.php(481): CodeIgniter\Filters\Filters->run('vendor/home/fetch_purchases', 'before')
 6 SYSTEMPATH\CodeIgniter.php(355): CodeIgniter\CodeIgniter->handleRequest(null, Object(Config\Cache), false)
 7 SYSTEMPATH\Boot.php(325): CodeIgniter\CodeIgniter->run()
 8 SYSTEMPATH\Boot.php(67): CodeIgniter\Boot::runCodeIgniter(Object(CodeIgniter\CodeIgniter))
 9 FCPATH\index.php(56): CodeIgniter\Boot::bootWeb(Object(Config\Paths))
WARNING - 2024-10-25 09:35:15 --> [DEPRECATED] Creation of dynamic property IonAuth\Models\IonAuthModel::$join is deprecated in FCPATH\vendor\benedmunds\codeigniter-ion-auth\Models\IonAuthModel.php on line 231.
 1 APPPATH\Libraries\IonAuth.php(71): IonAuth\Models\IonAuthModel->__construct()
 2 APPPATH\Controllers\vendor\Home.php(17): App\Libraries\IonAuth->__construct()
 3 SYSTEMPATH\CodeIgniter.php(903): App\Controllers\vendor\Home->__construct()
 4 SYSTEMPATH\CodeIgniter.php(500): CodeIgniter\CodeIgniter->createController()
 5 SYSTEMPATH\CodeIgniter.php(355): CodeIgniter\CodeIgniter->handleRequest(null, Object(Config\Cache), false)
 6 SYSTEMPATH\Boot.php(325): CodeIgniter\CodeIgniter->run()
 7 SYSTEMPATH\Boot.php(67): CodeIgniter\Boot::runCodeIgniter(Object(CodeIgniter\CodeIgniter))
 8 FCPATH\index.php(56): CodeIgniter\Boot::bootWeb(Object(Config\Paths))
WARNING - 2024-10-25 09:35:15 --> [DEPRECATED] Creation of dynamic property IonAuth\Models\IonAuthModel::$hashMethod is deprecated in FCPATH\vendor\benedmunds\codeigniter-ion-auth\Models\IonAuthModel.php on line 234.
 1 APPPATH\Libraries\IonAuth.php(71): IonAuth\Models\IonAuthModel->__construct()
 2 APPPATH\Controllers\vendor\Home.php(17): App\Libraries\IonAuth->__construct()
 3 SYSTEMPATH\CodeIgniter.php(903): App\Controllers\vendor\Home->__construct()
 4 SYSTEMPATH\CodeIgniter.php(500): CodeIgniter\CodeIgniter->createController()
 5 SYSTEMPATH\CodeIgniter.php(355): CodeIgniter\CodeIgniter->handleRequest(null, Object(Config\Cache), false)
 6 SYSTEMPATH\Boot.php(325): CodeIgniter\CodeIgniter->run()
 7 SYSTEMPATH\Boot.php(67): CodeIgniter\Boot::runCodeIgniter(Object(CodeIgniter\CodeIgniter))
 8 FCPATH\index.php(56): CodeIgniter\Boot::bootWeb(Object(Config\Paths))
WARNING - 2024-10-25 09:35:15 --> [DEPRECATED] Creation of dynamic property IonAuth\Models\IonAuthModel::$messagesTemplates is deprecated in FCPATH\vendor\benedmunds\codeigniter-ion-auth\Models\IonAuthModel.php on line 237.
 1 APPPATH\Libraries\IonAuth.php(71): IonAuth\Models\IonAuthModel->__construct()
 2 APPPATH\Controllers\vendor\Home.php(17): App\Libraries\IonAuth->__construct()
 3 SYSTEMPATH\CodeIgniter.php(903): App\Controllers\vendor\Home->__construct()
 4 SYSTEMPATH\CodeIgniter.php(500): CodeIgniter\CodeIgniter->createController()
 5 SYSTEMPATH\CodeIgniter.php(355): CodeIgniter\CodeIgniter->handleRequest(null, Object(Config\Cache), false)
 6 SYSTEMPATH\Boot.php(325): CodeIgniter\CodeIgniter->run()
 7 SYSTEMPATH\Boot.php(67): CodeIgniter\Boot::runCodeIgniter(Object(CodeIgniter\CodeIgniter))
 8 FCPATH\index.php(56): CodeIgniter\Boot::bootWeb(Object(Config\Paths))
WARNING - 2024-10-25 15:05:15 --> [DEPRECATED] Creation of dynamic property IonAuth\Models\IonAuthModel::$join is deprecated in FCPATH\vendor\benedmunds\codeigniter-ion-auth\Models\IonAuthModel.php on line 231.
 1 APPPATH\Libraries\IonAuth.php(71): IonAuth\Models\IonAuthModel->__construct()
 2 APPPATH\Filters\CheckPermissions.php(16): App\Libraries\IonAuth->__construct()
 3 SYSTEMPATH\Filters\Filters.php(235): App\Filters\CheckPermissions->__construct()
 4 SYSTEMPATH\Filters\Filters.php(188): CodeIgniter\Filters\Filters->runAfter([...])
 5 SYSTEMPATH\CodeIgniter.php(527): CodeIgniter\Filters\Filters->run('vendor/home/fetch_purchases', 'after')
 6 SYSTEMPATH\CodeIgniter.php(355): CodeIgniter\CodeIgniter->handleRequest(null, Object(Config\Cache), false)
 7 SYSTEMPATH\Boot.php(325): CodeIgniter\CodeIgniter->run()
 8 SYSTEMPATH\Boot.php(67): CodeIgniter\Boot::runCodeIgniter(Object(CodeIgniter\CodeIgniter))
 9 FCPATH\index.php(56): CodeIgniter\Boot::bootWeb(Object(Config\Paths))
WARNING - 2024-10-25 15:05:15 --> [DEPRECATED] Creation of dynamic property IonAuth\Models\IonAuthModel::$hashMethod is deprecated in FCPATH\vendor\benedmunds\codeigniter-ion-auth\Models\IonAuthModel.php on line 234.
 1 APPPATH\Libraries\IonAuth.php(71): IonAuth\Models\IonAuthModel->__construct()
 2 APPPATH\Filters\CheckPermissions.php(16): App\Libraries\IonAuth->__construct()
 3 SYSTEMPATH\Filters\Filters.php(235): App\Filters\CheckPermissions->__construct()
 4 SYSTEMPATH\Filters\Filters.php(188): CodeIgniter\Filters\Filters->runAfter([...])
 5 SYSTEMPATH\CodeIgniter.php(527): CodeIgniter\Filters\Filters->run('vendor/home/fetch_purchases', 'after')
 6 SYSTEMPATH\CodeIgniter.php(355): CodeIgniter\CodeIgniter->handleRequest(null, Object(Config\Cache), false)
 7 SYSTEMPATH\Boot.php(325): CodeIgniter\CodeIgniter->run()
 8 SYSTEMPATH\Boot.php(67): CodeIgniter\Boot::runCodeIgniter(Object(CodeIgniter\CodeIgniter))
 9 FCPATH\index.php(56): CodeIgniter\Boot::bootWeb(Object(Config\Paths))
WARNING - 2024-10-25 15:05:15 --> [DEPRECATED] Creation of dynamic property IonAuth\Models\IonAuthModel::$messagesTemplates is deprecated in FCPATH\vendor\benedmunds\codeigniter-ion-auth\Models\IonAuthModel.php on line 237.
 1 APPPATH\Libraries\IonAuth.php(71): IonAuth\Models\IonAuthModel->__construct()
 2 APPPATH\Filters\CheckPermissions.php(16): App\Libraries\IonAuth->__construct()
 3 SYSTEMPATH\Filters\Filters.php(235): App\Filters\CheckPermissions->__construct()
 4 SYSTEMPATH\Filters\Filters.php(188): CodeIgniter\Filters\Filters->runAfter([...])
 5 SYSTEMPATH\CodeIgniter.php(527): CodeIgniter\Filters\Filters->run('vendor/home/fetch_purchases', 'after')
 6 SYSTEMPATH\CodeIgniter.php(355): CodeIgniter\CodeIgniter->handleRequest(null, Object(Config\Cache), false)
 7 SYSTEMPATH\Boot.php(325): CodeIgniter\CodeIgniter->run()
 8 SYSTEMPATH\Boot.php(67): CodeIgniter\Boot::runCodeIgniter(Object(CodeIgniter\CodeIgniter))
 9 FCPATH\index.php(56): CodeIgniter\Boot::bootWeb(Object(Config\Paths))
INFO - 2024-10-25 09:35:15 --> Session: Class initialized using 'CodeIgniter\Session\Handlers\FileHandler' driver.
WARNING - 2024-10-25 09:35:15 --> [DEPRECATED] Creation of dynamic property IonAuth\Models\IonAuthModel::$join is deprecated in FCPATH\vendor\benedmunds\codeigniter-ion-auth\Models\IonAuthModel.php on line 231.
 1 APPPATH\Libraries\IonAuth.php(71): IonAuth\Models\IonAuthModel->__construct()
 2 APPPATH\Filters\CheckPermissions.php(16): App\Libraries\IonAuth->__construct()
 3 SYSTEMPATH\Filters\Filters.php(197): App\Filters\CheckPermissions->__construct()
 4 SYSTEMPATH\Filters\Filters.php(184): CodeIgniter\Filters\Filters->runBefore([...])
 5 SYSTEMPATH\CodeIgniter.php(481): CodeIgniter\Filters\Filters->run('vendor/home/fetch_sales', 'before')
 6 SYSTEMPATH\CodeIgniter.php(355): CodeIgniter\CodeIgniter->handleRequest(null, Object(Config\Cache), false)
 7 SYSTEMPATH\Boot.php(325): CodeIgniter\CodeIgniter->run()
 8 SYSTEMPATH\Boot.php(67): CodeIgniter\Boot::runCodeIgniter(Object(CodeIgniter\CodeIgniter))
 9 FCPATH\index.php(56): CodeIgniter\Boot::bootWeb(Object(Config\Paths))
WARNING - 2024-10-25 09:35:15 --> [DEPRECATED] Creation of dynamic property IonAuth\Models\IonAuthModel::$hashMethod is deprecated in FCPATH\vendor\benedmunds\codeigniter-ion-auth\Models\IonAuthModel.php on line 234.
 1 APPPATH\Libraries\IonAuth.php(71): IonAuth\Models\IonAuthModel->__construct()
 2 APPPATH\Filters\CheckPermissions.php(16): App\Libraries\IonAuth->__construct()
 3 SYSTEMPATH\Filters\Filters.php(197): App\Filters\CheckPermissions->__construct()
 4 SYSTEMPATH\Filters\Filters.php(184): CodeIgniter\Filters\Filters->runBefore([...])
 5 SYSTEMPATH\CodeIgniter.php(481): CodeIgniter\Filters\Filters->run('vendor/home/fetch_sales', 'before')
 6 SYSTEMPATH\CodeIgniter.php(355): CodeIgniter\CodeIgniter->handleRequest(null, Object(Config\Cache), false)
 7 SYSTEMPATH\Boot.php(325): CodeIgniter\CodeIgniter->run()
 8 SYSTEMPATH\Boot.php(67): CodeIgniter\Boot::runCodeIgniter(Object(CodeIgniter\CodeIgniter))
 9 FCPATH\index.php(56): CodeIgniter\Boot::bootWeb(Object(Config\Paths))
WARNING - 2024-10-25 09:35:15 --> [DEPRECATED] Creation of dynamic property IonAuth\Models\IonAuthModel::$messagesTemplates is deprecated in FCPATH\vendor\benedmunds\codeigniter-ion-auth\Models\IonAuthModel.php on line 237.
 1 APPPATH\Libraries\IonAuth.php(71): IonAuth\Models\IonAuthModel->__construct()
 2 APPPATH\Filters\CheckPermissions.php(16): App\Libraries\IonAuth->__construct()
 3 SYSTEMPATH\Filters\Filters.php(197): App\Filters\CheckPermissions->__construct()
 4 SYSTEMPATH\Filters\Filters.php(184): CodeIgniter\Filters\Filters->runBefore([...])
 5 SYSTEMPATH\CodeIgniter.php(481): CodeIgniter\Filters\Filters->run('vendor/home/fetch_sales', 'before')
 6 SYSTEMPATH\CodeIgniter.php(355): CodeIgniter\CodeIgniter->handleRequest(null, Object(Config\Cache), false)
 7 SYSTEMPATH\Boot.php(325): CodeIgniter\CodeIgniter->run()
 8 SYSTEMPATH\Boot.php(67): CodeIgniter\Boot::runCodeIgniter(Object(CodeIgniter\CodeIgniter))
 9 FCPATH\index.php(56): CodeIgniter\Boot::bootWeb(Object(Config\Paths))
WARNING - 2024-10-25 09:35:15 --> [DEPRECATED] Creation of dynamic property IonAuth\Models\IonAuthModel::$join is deprecated in FCPATH\vendor\benedmunds\codeigniter-ion-auth\Models\IonAuthModel.php on line 231.
 1 APPPATH\Libraries\IonAuth.php(71): IonAuth\Models\IonAuthModel->__construct()
 2 APPPATH\Controllers\vendor\Home.php(17): App\Libraries\IonAuth->__construct()
 3 SYSTEMPATH\CodeIgniter.php(903): App\Controllers\vendor\Home->__construct()
 4 SYSTEMPATH\CodeIgniter.php(500): CodeIgniter\CodeIgniter->createController()
 5 SYSTEMPATH\CodeIgniter.php(355): CodeIgniter\CodeIgniter->handleRequest(null, Object(Config\Cache), false)
 6 SYSTEMPATH\Boot.php(325): CodeIgniter\CodeIgniter->run()
 7 SYSTEMPATH\Boot.php(67): CodeIgniter\Boot::runCodeIgniter(Object(CodeIgniter\CodeIgniter))
 8 FCPATH\index.php(56): CodeIgniter\Boot::bootWeb(Object(Config\Paths))
WARNING - 2024-10-25 09:35:15 --> [DEPRECATED] Creation of dynamic property IonAuth\Models\IonAuthModel::$hashMethod is deprecated in FCPATH\vendor\benedmunds\codeigniter-ion-auth\Models\IonAuthModel.php on line 234.
 1 APPPATH\Libraries\IonAuth.php(71): IonAuth\Models\IonAuthModel->__construct()
 2 APPPATH\Controllers\vendor\Home.php(17): App\Libraries\IonAuth->__construct()
 3 SYSTEMPATH\CodeIgniter.php(903): App\Controllers\vendor\Home->__construct()
 4 SYSTEMPATH\CodeIgniter.php(500): CodeIgniter\CodeIgniter->createController()
 5 SYSTEMPATH\CodeIgniter.php(355): CodeIgniter\CodeIgniter->handleRequest(null, Object(Config\Cache), false)
 6 SYSTEMPATH\Boot.php(325): CodeIgniter\CodeIgniter->run()
 7 SYSTEMPATH\Boot.php(67): CodeIgniter\Boot::runCodeIgniter(Object(CodeIgniter\CodeIgniter))
 8 FCPATH\index.php(56): CodeIgniter\Boot::bootWeb(Object(Config\Paths))
WARNING - 2024-10-25 09:35:15 --> [DEPRECATED] Creation of dynamic property IonAuth\Models\IonAuthModel::$messagesTemplates is deprecated in FCPATH\vendor\benedmunds\codeigniter-ion-auth\Models\IonAuthModel.php on line 237.
 1 APPPATH\Libraries\IonAuth.php(71): IonAuth\Models\IonAuthModel->__construct()
 2 APPPATH\Controllers\vendor\Home.php(17): App\Libraries\IonAuth->__construct()
 3 SYSTEMPATH\CodeIgniter.php(903): App\Controllers\vendor\Home->__construct()
 4 SYSTEMPATH\CodeIgniter.php(500): CodeIgniter\CodeIgniter->createController()
 5 SYSTEMPATH\CodeIgniter.php(355): CodeIgniter\CodeIgniter->handleRequest(null, Object(Config\Cache), false)
 6 SYSTEMPATH\Boot.php(325): CodeIgniter\CodeIgniter->run()
 7 SYSTEMPATH\Boot.php(67): CodeIgniter\Boot::runCodeIgniter(Object(CodeIgniter\CodeIgniter))
 8 FCPATH\index.php(56): CodeIgniter\Boot::bootWeb(Object(Config\Paths))
WARNING - 2024-10-25 15:05:15 --> [DEPRECATED] Creation of dynamic property IonAuth\Models\IonAuthModel::$join is deprecated in FCPATH\vendor\benedmunds\codeigniter-ion-auth\Models\IonAuthModel.php on line 231.
 1 APPPATH\Libraries\IonAuth.php(71): IonAuth\Models\IonAuthModel->__construct()
 2 APPPATH\Filters\CheckPermissions.php(16): App\Libraries\IonAuth->__construct()
 3 SYSTEMPATH\Filters\Filters.php(235): App\Filters\CheckPermissions->__construct()
 4 SYSTEMPATH\Filters\Filters.php(188): CodeIgniter\Filters\Filters->runAfter([...])
 5 SYSTEMPATH\CodeIgniter.php(527): CodeIgniter\Filters\Filters->run('vendor/home/fetch_sales', 'after')
 6 SYSTEMPATH\CodeIgniter.php(355): CodeIgniter\CodeIgniter->handleRequest(null, Object(Config\Cache), false)
 7 SYSTEMPATH\Boot.php(325): CodeIgniter\CodeIgniter->run()
 8 SYSTEMPATH\Boot.php(67): CodeIgniter\Boot::runCodeIgniter(Object(CodeIgniter\CodeIgniter))
 9 FCPATH\index.php(56): CodeIgniter\Boot::bootWeb(Object(Config\Paths))
WARNING - 2024-10-25 15:05:15 --> [DEPRECATED] Creation of dynamic property IonAuth\Models\IonAuthModel::$hashMethod is deprecated in FCPATH\vendor\benedmunds\codeigniter-ion-auth\Models\IonAuthModel.php on line 234.
 1 APPPATH\Libraries\IonAuth.php(71): IonAuth\Models\IonAuthModel->__construct()
 2 APPPATH\Filters\CheckPermissions.php(16): App\Libraries\IonAuth->__construct()
 3 SYSTEMPATH\Filters\Filters.php(235): App\Filters\CheckPermissions->__construct()
 4 SYSTEMPATH\Filters\Filters.php(188): CodeIgniter\Filters\Filters->runAfter([...])
 5 SYSTEMPATH\CodeIgniter.php(527): CodeIgniter\Filters\Filters->run('vendor/home/fetch_sales', 'after')
 6 SYSTEMPATH\CodeIgniter.php(355): CodeIgniter\CodeIgniter->handleRequest(null, Object(Config\Cache), false)
 7 SYSTEMPATH\Boot.php(325): CodeIgniter\CodeIgniter->run()
 8 SYSTEMPATH\Boot.php(67): CodeIgniter\Boot::runCodeIgniter(Object(CodeIgniter\CodeIgniter))
 9 FCPATH\index.php(56): CodeIgniter\Boot::bootWeb(Object(Config\Paths))
WARNING - 2024-10-25 15:05:15 --> [DEPRECATED] Creation of dynamic property IonAuth\Models\IonAuthModel::$messagesTemplates is deprecated in FCPATH\vendor\benedmunds\codeigniter-ion-auth\Models\IonAuthModel.php on line 237.
 1 APPPATH\Libraries\IonAuth.php(71): IonAuth\Models\IonAuthModel->__construct()
 2 APPPATH\Filters\CheckPermissions.php(16): App\Libraries\IonAuth->__construct()
 3 SYSTEMPATH\Filters\Filters.php(235): App\Filters\CheckPermissions->__construct()
 4 SYSTEMPATH\Filters\Filters.php(188): CodeIgniter\Filters\Filters->runAfter([...])
 5 SYSTEMPATH\CodeIgniter.php(527): CodeIgniter\Filters\Filters->run('vendor/home/fetch_sales', 'after')
 6 SYSTEMPATH\CodeIgniter.php(355): CodeIgniter\CodeIgniter->handleRequest(null, Object(Config\Cache), false)
 7 SYSTEMPATH\Boot.php(325): CodeIgniter\CodeIgniter->run()
 8 SYSTEMPATH\Boot.php(67): CodeIgniter\Boot::runCodeIgniter(Object(CodeIgniter\CodeIgniter))
 9 FCPATH\index.php(56): CodeIgniter\Boot::bootWeb(Object(Config\Paths))
INFO - 2024-10-25 09:35:15 --> Session: Class initialized using 'CodeIgniter\Session\Handlers\FileHandler' driver.
WARNING - 2024-10-25 09:35:15 --> [DEPRECATED] Creation of dynamic property IonAuth\Models\IonAuthModel::$join is deprecated in FCPATH\vendor\benedmunds\codeigniter-ion-auth\Models\IonAuthModel.php on line 231.
 1 APPPATH\Libraries\IonAuth.php(71): IonAuth\Models\IonAuthModel->__construct()
 2 APPPATH\Filters\CheckPermissions.php(16): App\Libraries\IonAuth->__construct()
 3 SYSTEMPATH\Filters\Filters.php(197): App\Filters\CheckPermissions->__construct()
 4 SYSTEMPATH\Filters\Filters.php(184): CodeIgniter\Filters\Filters->runBefore([...])
 5 SYSTEMPATH\CodeIgniter.php(481): CodeIgniter\Filters\Filters->run('vendor/products/products_table', 'before')
 6 SYSTEMPATH\CodeIgniter.php(355): CodeIgniter\CodeIgniter->handleRequest(null, Object(Config\Cache), false)
 7 SYSTEMPATH\Boot.php(325): CodeIgniter\CodeIgniter->run()
 8 SYSTEMPATH\Boot.php(67): CodeIgniter\Boot::runCodeIgniter(Object(CodeIgniter\CodeIgniter))
 9 FCPATH\index.php(56): CodeIgniter\Boot::bootWeb(Object(Config\Paths))
WARNING - 2024-10-25 09:35:15 --> [DEPRECATED] Creation of dynamic property IonAuth\Models\IonAuthModel::$hashMethod is deprecated in FCPATH\vendor\benedmunds\codeigniter-ion-auth\Models\IonAuthModel.php on line 234.
 1 APPPATH\Libraries\IonAuth.php(71): IonAuth\Models\IonAuthModel->__construct()
 2 APPPATH\Filters\CheckPermissions.php(16): App\Libraries\IonAuth->__construct()
 3 SYSTEMPATH\Filters\Filters.php(197): App\Filters\CheckPermissions->__construct()
 4 SYSTEMPATH\Filters\Filters.php(184): CodeIgniter\Filters\Filters->runBefore([...])
 5 SYSTEMPATH\CodeIgniter.php(481): CodeIgniter\Filters\Filters->run('vendor/products/products_table', 'before')
 6 SYSTEMPATH\CodeIgniter.php(355): CodeIgniter\CodeIgniter->handleRequest(null, Object(Config\Cache), false)
 7 SYSTEMPATH\Boot.php(325): CodeIgniter\CodeIgniter->run()
 8 SYSTEMPATH\Boot.php(67): CodeIgniter\Boot::runCodeIgniter(Object(CodeIgniter\CodeIgniter))
 9 FCPATH\index.php(56): CodeIgniter\Boot::bootWeb(Object(Config\Paths))
WARNING - 2024-10-25 09:35:15 --> [DEPRECATED] Creation of dynamic property IonAuth\Models\IonAuthModel::$messagesTemplates is deprecated in FCPATH\vendor\benedmunds\codeigniter-ion-auth\Models\IonAuthModel.php on line 237.
 1 APPPATH\Libraries\IonAuth.php(71): IonAuth\Models\IonAuthModel->__construct()
 2 APPPATH\Filters\CheckPermissions.php(16): App\Libraries\IonAuth->__construct()
 3 SYSTEMPATH\Filters\Filters.php(197): App\Filters\CheckPermissions->__construct()
 4 SYSTEMPATH\Filters\Filters.php(184): CodeIgniter\Filters\Filters->runBefore([...])
 5 SYSTEMPATH\CodeIgniter.php(481): CodeIgniter\Filters\Filters->run('vendor/products/products_table', 'before')
 6 SYSTEMPATH\CodeIgniter.php(355): CodeIgniter\CodeIgniter->handleRequest(null, Object(Config\Cache), false)
 7 SYSTEMPATH\Boot.php(325): CodeIgniter\CodeIgniter->run()
 8 SYSTEMPATH\Boot.php(67): CodeIgniter\Boot::runCodeIgniter(Object(CodeIgniter\CodeIgniter))
 9 FCPATH\index.php(56): CodeIgniter\Boot::bootWeb(Object(Config\Paths))
WARNING - 2024-10-25 09:35:15 --> [DEPRECATED] Creation of dynamic property IonAuth\Models\IonAuthModel::$join is deprecated in FCPATH\vendor\benedmunds\codeigniter-ion-auth\Models\IonAuthModel.php on line 231.
 1 APPPATH\Libraries\IonAuth.php(71): IonAuth\Models\IonAuthModel->__construct()
 2 APPPATH\Controllers\vendor\Products.php(23): App\Libraries\IonAuth->__construct()
 3 SYSTEMPATH\CodeIgniter.php(903): App\Controllers\vendor\Products->__construct()
 4 SYSTEMPATH\CodeIgniter.php(500): CodeIgniter\CodeIgniter->createController()
 5 SYSTEMPATH\CodeIgniter.php(355): CodeIgniter\CodeIgniter->handleRequest(null, Object(Config\Cache), false)
 6 SYSTEMPATH\Boot.php(325): CodeIgniter\CodeIgniter->run()
 7 SYSTEMPATH\Boot.php(67): CodeIgniter\Boot::runCodeIgniter(Object(CodeIgniter\CodeIgniter))
 8 FCPATH\index.php(56): CodeIgniter\Boot::bootWeb(Object(Config\Paths))
WARNING - 2024-10-25 09:35:15 --> [DEPRECATED] Creation of dynamic property IonAuth\Models\IonAuthModel::$hashMethod is deprecated in FCPATH\vendor\benedmunds\codeigniter-ion-auth\Models\IonAuthModel.php on line 234.
 1 APPPATH\Libraries\IonAuth.php(71): IonAuth\Models\IonAuthModel->__construct()
 2 APPPATH\Controllers\vendor\Products.php(23): App\Libraries\IonAuth->__construct()
 3 SYSTEMPATH\CodeIgniter.php(903): App\Controllers\vendor\Products->__construct()
 4 SYSTEMPATH\CodeIgniter.php(500): CodeIgniter\CodeIgniter->createController()
 5 SYSTEMPATH\CodeIgniter.php(355): CodeIgniter\CodeIgniter->handleRequest(null, Object(Config\Cache), false)
 6 SYSTEMPATH\Boot.php(325): CodeIgniter\CodeIgniter->run()
 7 SYSTEMPATH\Boot.php(67): CodeIgniter\Boot::runCodeIgniter(Object(CodeIgniter\CodeIgniter))
 8 FCPATH\index.php(56): CodeIgniter\Boot::bootWeb(Object(Config\Paths))
WARNING - 2024-10-25 09:35:15 --> [DEPRECATED] Creation of dynamic property IonAuth\Models\IonAuthModel::$messagesTemplates is deprecated in FCPATH\vendor\benedmunds\codeigniter-ion-auth\Models\IonAuthModel.php on line 237.
 1 APPPATH\Libraries\IonAuth.php(71): IonAuth\Models\IonAuthModel->__construct()
 2 APPPATH\Controllers\vendor\Products.php(23): App\Libraries\IonAuth->__construct()
 3 SYSTEMPATH\CodeIgniter.php(903): App\Controllers\vendor\Products->__construct()
 4 SYSTEMPATH\CodeIgniter.php(500): CodeIgniter\CodeIgniter->createController()
 5 SYSTEMPATH\CodeIgniter.php(355): CodeIgniter\CodeIgniter->handleRequest(null, Object(Config\Cache), false)
 6 SYSTEMPATH\Boot.php(325): CodeIgniter\CodeIgniter->run()
 7 SYSTEMPATH\Boot.php(67): CodeIgniter\Boot::runCodeIgniter(Object(CodeIgniter\CodeIgniter))
 8 FCPATH\index.php(56): CodeIgniter\Boot::bootWeb(Object(Config\Paths))
WARNING - 2024-10-25 15:05:15 --> [DEPRECATED] Creation of dynamic property IonAuth\Models\IonAuthModel::$join is deprecated in FCPATH\vendor\benedmunds\codeigniter-ion-auth\Models\IonAuthModel.php on line 231.
 1 APPPATH\Libraries\IonAuth.php(71): IonAuth\Models\IonAuthModel->__construct()
 2 APPPATH\Filters\CheckPermissions.php(16): App\Libraries\IonAuth->__construct()
 3 SYSTEMPATH\Filters\Filters.php(235): App\Filters\CheckPermissions->__construct()
 4 SYSTEMPATH\Filters\Filters.php(188): CodeIgniter\Filters\Filters->runAfter([...])
 5 SYSTEMPATH\CodeIgniter.php(527): CodeIgniter\Filters\Filters->run('vendor/products/products_table', 'after')
 6 SYSTEMPATH\CodeIgniter.php(355): CodeIgniter\CodeIgniter->handleRequest(null, Object(Config\Cache), false)
 7 SYSTEMPATH\Boot.php(325): CodeIgniter\CodeIgniter->run()
 8 SYSTEMPATH\Boot.php(67): CodeIgniter\Boot::runCodeIgniter(Object(CodeIgniter\CodeIgniter))
 9 FCPATH\index.php(56): CodeIgniter\Boot::bootWeb(Object(Config\Paths))
WARNING - 2024-10-25 15:05:15 --> [DEPRECATED] Creation of dynamic property IonAuth\Models\IonAuthModel::$hashMethod is deprecated in FCPATH\vendor\benedmunds\codeigniter-ion-auth\Models\IonAuthModel.php on line 234.
 1 APPPATH\Libraries\IonAuth.php(71): IonAuth\Models\IonAuthModel->__construct()
 2 APPPATH\Filters\CheckPermissions.php(16): App\Libraries\IonAuth->__construct()
 3 SYSTEMPATH\Filters\Filters.php(235): App\Filters\CheckPermissions->__construct()
 4 SYSTEMPATH\Filters\Filters.php(188): CodeIgniter\Filters\Filters->runAfter([...])
 5 SYSTEMPATH\CodeIgniter.php(527): CodeIgniter\Filters\Filters->run('vendor/products/products_table', 'after')
 6 SYSTEMPATH\CodeIgniter.php(355): CodeIgniter\CodeIgniter->handleRequest(null, Object(Config\Cache), false)
 7 SYSTEMPATH\Boot.php(325): CodeIgniter\CodeIgniter->run()
 8 SYSTEMPATH\Boot.php(67): CodeIgniter\Boot::runCodeIgniter(Object(CodeIgniter\CodeIgniter))
 9 FCPATH\index.php(56): CodeIgniter\Boot::bootWeb(Object(Config\Paths))
WARNING - 2024-10-25 15:05:15 --> [DEPRECATED] Creation of dynamic property IonAuth\Models\IonAuthModel::$messagesTemplates is deprecated in FCPATH\vendor\benedmunds\codeigniter-ion-auth\Models\IonAuthModel.php on line 237.
 1 APPPATH\Libraries\IonAuth.php(71): IonAuth\Models\IonAuthModel->__construct()
 2 APPPATH\Filters\CheckPermissions.php(16): App\Libraries\IonAuth->__construct()
 3 SYSTEMPATH\Filters\Filters.php(235): App\Filters\CheckPermissions->__construct()
 4 SYSTEMPATH\Filters\Filters.php(188): CodeIgniter\Filters\Filters->runAfter([...])
 5 SYSTEMPATH\CodeIgniter.php(527): CodeIgniter\Filters\Filters->run('vendor/products/products_table', 'after')
 6 SYSTEMPATH\CodeIgniter.php(355): CodeIgniter\CodeIgniter->handleRequest(null, Object(Config\Cache), false)
 7 SYSTEMPATH\Boot.php(325): CodeIgniter\CodeIgniter->run()
 8 SYSTEMPATH\Boot.php(67): CodeIgniter\Boot::runCodeIgniter(Object(CodeIgniter\CodeIgniter))
 9 FCPATH\index.php(56): CodeIgniter\Boot::bootWeb(Object(Config\Paths))
INFO - 2024-10-25 09:35:15 --> Session: Class initialized using 'CodeIgniter\Session\Handlers\FileHandler' driver.
WARNING - 2024-10-25 09:35:15 --> [DEPRECATED] Creation of dynamic property IonAuth\Models\IonAuthModel::$join is deprecated in FCPATH\vendor\benedmunds\codeigniter-ion-auth\Models\IonAuthModel.php on line 231.
 1 APPPATH\Libraries\IonAuth.php(71): IonAuth\Models\IonAuthModel->__construct()
 2 APPPATH\Filters\CheckPermissions.php(16): App\Libraries\IonAuth->__construct()
 3 SYSTEMPATH\Filters\Filters.php(197): App\Filters\CheckPermissions->__construct()
 4 SYSTEMPATH\Filters\Filters.php(184): CodeIgniter\Filters\Filters->runBefore([...])
 5 SYSTEMPATH\CodeIgniter.php(481): CodeIgniter\Filters\Filters->run('vendor/home/fetch_data', 'before')
 6 SYSTEMPATH\CodeIgniter.php(355): CodeIgniter\CodeIgniter->handleRequest(null, Object(Config\Cache), false)
 7 SYSTEMPATH\Boot.php(325): CodeIgniter\CodeIgniter->run()
 8 SYSTEMPATH\Boot.php(67): CodeIgniter\Boot::runCodeIgniter(Object(CodeIgniter\CodeIgniter))
 9 FCPATH\index.php(56): CodeIgniter\Boot::bootWeb(Object(Config\Paths))
WARNING - 2024-10-25 09:35:15 --> [DEPRECATED] Creation of dynamic property IonAuth\Models\IonAuthModel::$hashMethod is deprecated in FCPATH\vendor\benedmunds\codeigniter-ion-auth\Models\IonAuthModel.php on line 234.
 1 APPPATH\Libraries\IonAuth.php(71): IonAuth\Models\IonAuthModel->__construct()
 2 APPPATH\Filters\CheckPermissions.php(16): App\Libraries\IonAuth->__construct()
 3 SYSTEMPATH\Filters\Filters.php(197): App\Filters\CheckPermissions->__construct()
 4 SYSTEMPATH\Filters\Filters.php(184): CodeIgniter\Filters\Filters->runBefore([...])
 5 SYSTEMPATH\CodeIgniter.php(481): CodeIgniter\Filters\Filters->run('vendor/home/fetch_data', 'before')
 6 SYSTEMPATH\CodeIgniter.php(355): CodeIgniter\CodeIgniter->handleRequest(null, Object(Config\Cache), false)
 7 SYSTEMPATH\Boot.php(325): CodeIgniter\CodeIgniter->run()
 8 SYSTEMPATH\Boot.php(67): CodeIgniter\Boot::runCodeIgniter(Object(CodeIgniter\CodeIgniter))
 9 FCPATH\index.php(56): CodeIgniter\Boot::bootWeb(Object(Config\Paths))
WARNING - 2024-10-25 09:35:15 --> [DEPRECATED] Creation of dynamic property IonAuth\Models\IonAuthModel::$messagesTemplates is deprecated in FCPATH\vendor\benedmunds\codeigniter-ion-auth\Models\IonAuthModel.php on line 237.
 1 APPPATH\Libraries\IonAuth.php(71): IonAuth\Models\IonAuthModel->__construct()
 2 APPPATH\Filters\CheckPermissions.php(16): App\Libraries\IonAuth->__construct()
 3 SYSTEMPATH\Filters\Filters.php(197): App\Filters\CheckPermissions->__construct()
 4 SYSTEMPATH\Filters\Filters.php(184): CodeIgniter\Filters\Filters->runBefore([...])
 5 SYSTEMPATH\CodeIgniter.php(481): CodeIgniter\Filters\Filters->run('vendor/home/fetch_data', 'before')
 6 SYSTEMPATH\CodeIgniter.php(355): CodeIgniter\CodeIgniter->handleRequest(null, Object(Config\Cache), false)
 7 SYSTEMPATH\Boot.php(325): CodeIgniter\CodeIgniter->run()
 8 SYSTEMPATH\Boot.php(67): CodeIgniter\Boot::runCodeIgniter(Object(CodeIgniter\CodeIgniter))
 9 FCPATH\index.php(56): CodeIgniter\Boot::bootWeb(Object(Config\Paths))
WARNING - 2024-10-25 09:35:15 --> [DEPRECATED] Creation of dynamic property IonAuth\Models\IonAuthModel::$join is deprecated in FCPATH\vendor\benedmunds\codeigniter-ion-auth\Models\IonAuthModel.php on line 231.
 1 APPPATH\Libraries\IonAuth.php(71): IonAuth\Models\IonAuthModel->__construct()
 2 APPPATH\Controllers\vendor\Home.php(17): App\Libraries\IonAuth->__construct()
 3 SYSTEMPATH\CodeIgniter.php(903): App\Controllers\vendor\Home->__construct()
 4 SYSTEMPATH\CodeIgniter.php(500): CodeIgniter\CodeIgniter->createController()
 5 SYSTEMPATH\CodeIgniter.php(355): CodeIgniter\CodeIgniter->handleRequest(null, Object(Config\Cache), false)
 6 SYSTEMPATH\Boot.php(325): CodeIgniter\CodeIgniter->run()
 7 SYSTEMPATH\Boot.php(67): CodeIgniter\Boot::runCodeIgniter(Object(CodeIgniter\CodeIgniter))
 8 FCPATH\index.php(56): CodeIgniter\Boot::bootWeb(Object(Config\Paths))
WARNING - 2024-10-25 09:35:15 --> [DEPRECATED] Creation of dynamic property IonAuth\Models\IonAuthModel::$hashMethod is deprecated in FCPATH\vendor\benedmunds\codeigniter-ion-auth\Models\IonAuthModel.php on line 234.
 1 APPPATH\Libraries\IonAuth.php(71): IonAuth\Models\IonAuthModel->__construct()
 2 APPPATH\Controllers\vendor\Home.php(17): App\Libraries\IonAuth->__construct()
 3 SYSTEMPATH\CodeIgniter.php(903): App\Controllers\vendor\Home->__construct()
 4 SYSTEMPATH\CodeIgniter.php(500): CodeIgniter\CodeIgniter->createController()
 5 SYSTEMPATH\CodeIgniter.php(355): CodeIgniter\CodeIgniter->handleRequest(null, Object(Config\Cache), false)
 6 SYSTEMPATH\Boot.php(325): CodeIgniter\CodeIgniter->run()
 7 SYSTEMPATH\Boot.php(67): CodeIgniter\Boot::runCodeIgniter(Object(CodeIgniter\CodeIgniter))
 8 FCPATH\index.php(56): CodeIgniter\Boot::bootWeb(Object(Config\Paths))
WARNING - 2024-10-25 09:35:15 --> [DEPRECATED] Creation of dynamic property IonAuth\Models\IonAuthModel::$messagesTemplates is deprecated in FCPATH\vendor\benedmunds\codeigniter-ion-auth\Models\IonAuthModel.php on line 237.
 1 APPPATH\Libraries\IonAuth.php(71): IonAuth\Models\IonAuthModel->__construct()
 2 APPPATH\Controllers\vendor\Home.php(17): App\Libraries\IonAuth->__construct()
 3 SYSTEMPATH\CodeIgniter.php(903): App\Controllers\vendor\Home->__construct()
 4 SYSTEMPATH\CodeIgniter.php(500): CodeIgniter\CodeIgniter->createController()
 5 SYSTEMPATH\CodeIgniter.php(355): CodeIgniter\CodeIgniter->handleRequest(null, Object(Config\Cache), false)
 6 SYSTEMPATH\Boot.php(325): CodeIgniter\CodeIgniter->run()
 7 SYSTEMPATH\Boot.php(67): CodeIgniter\Boot::runCodeIgniter(Object(CodeIgniter\CodeIgniter))
 8 FCPATH\index.php(56): CodeIgniter\Boot::bootWeb(Object(Config\Paths))
WARNING - 2024-10-25 15:05:15 --> [DEPRECATED] Creation of dynamic property IonAuth\Models\IonAuthModel::$join is deprecated in FCPATH\vendor\benedmunds\codeigniter-ion-auth\Models\IonAuthModel.php on line 231.
 1 APPPATH\Libraries\IonAuth.php(71): IonAuth\Models\IonAuthModel->__construct()
 2 APPPATH\Filters\CheckPermissions.php(16): App\Libraries\IonAuth->__construct()
 3 SYSTEMPATH\Filters\Filters.php(235): App\Filters\CheckPermissions->__construct()
 4 SYSTEMPATH\Filters\Filters.php(188): CodeIgniter\Filters\Filters->runAfter([...])
 5 SYSTEMPATH\CodeIgniter.php(527): CodeIgniter\Filters\Filters->run('vendor/home/fetch_data', 'after')
 6 SYSTEMPATH\CodeIgniter.php(355): CodeIgniter\CodeIgniter->handleRequest(null, Object(Config\Cache), false)
 7 SYSTEMPATH\Boot.php(325): CodeIgniter\CodeIgniter->run()
 8 SYSTEMPATH\Boot.php(67): CodeIgniter\Boot::runCodeIgniter(Object(CodeIgniter\CodeIgniter))
 9 FCPATH\index.php(56): CodeIgniter\Boot::bootWeb(Object(Config\Paths))
WARNING - 2024-10-25 15:05:15 --> [DEPRECATED] Creation of dynamic property IonAuth\Models\IonAuthModel::$hashMethod is deprecated in FCPATH\vendor\benedmunds\codeigniter-ion-auth\Models\IonAuthModel.php on line 234.
 1 APPPATH\Libraries\IonAuth.php(71): IonAuth\Models\IonAuthModel->__construct()
 2 APPPATH\Filters\CheckPermissions.php(16): App\Libraries\IonAuth->__construct()
 3 SYSTEMPATH\Filters\Filters.php(235): App\Filters\CheckPermissions->__construct()
 4 SYSTEMPATH\Filters\Filters.php(188): CodeIgniter\Filters\Filters->runAfter([...])
 5 SYSTEMPATH\CodeIgniter.php(527): CodeIgniter\Filters\Filters->run('vendor/home/fetch_data', 'after')
 6 SYSTEMPATH\CodeIgniter.php(355): CodeIgniter\CodeIgniter->handleRequest(null, Object(Config\Cache), false)
 7 SYSTEMPATH\Boot.php(325): CodeIgniter\CodeIgniter->run()
 8 SYSTEMPATH\Boot.php(67): CodeIgniter\Boot::runCodeIgniter(Object(CodeIgniter\CodeIgniter))
 9 FCPATH\index.php(56): CodeIgniter\Boot::bootWeb(Object(Config\Paths))
WARNING - 2024-10-25 15:05:15 --> [DEPRECATED] Creation of dynamic property IonAuth\Models\IonAuthModel::$messagesTemplates is deprecated in FCPATH\vendor\benedmunds\codeigniter-ion-auth\Models\IonAuthModel.php on line 237.
 1 APPPATH\Libraries\IonAuth.php(71): IonAuth\Models\IonAuthModel->__construct()
 2 APPPATH\Filters\CheckPermissions.php(16): App\Libraries\IonAuth->__construct()
 3 SYSTEMPATH\Filters\Filters.php(235): App\Filters\CheckPermissions->__construct()
 4 SYSTEMPATH\Filters\Filters.php(188): CodeIgniter\Filters\Filters->runAfter([...])
 5 SYSTEMPATH\CodeIgniter.php(527): CodeIgniter\Filters\Filters->run('vendor/home/fetch_data', 'after')
 6 SYSTEMPATH\CodeIgniter.php(355): CodeIgniter\CodeIgniter->handleRequest(null, Object(Config\Cache), false)
 7 SYSTEMPATH\Boot.php(325): CodeIgniter\CodeIgniter->run()
 8 SYSTEMPATH\Boot.php(67): CodeIgniter\Boot::runCodeIgniter(Object(CodeIgniter\CodeIgniter))
 9 FCPATH\index.php(56): CodeIgniter\Boot::bootWeb(Object(Config\Paths))
INFO - 2024-10-25 09:35:15 --> Session: Class initialized using 'CodeIgniter\Session\Handlers\FileHandler' driver.
WARNING - 2024-10-25 09:35:15 --> [DEPRECATED] Creation of dynamic property IonAuth\Models\IonAuthModel::$join is deprecated in FCPATH\vendor\benedmunds\codeigniter-ion-auth\Models\IonAuthModel.php on line 231.
 1 APPPATH\Libraries\IonAuth.php(71): IonAuth\Models\IonAuthModel->__construct()
 2 APPPATH\Filters\CheckPermissions.php(16): App\Libraries\IonAuth->__construct()
 3 SYSTEMPATH\Filters\Filters.php(197): App\Filters\CheckPermissions->__construct()
 4 SYSTEMPATH\Filters\Filters.php(184): CodeIgniter\Filters\Filters->runBefore([...])
 5 SYSTEMPATH\CodeIgniter.php(481): CodeIgniter\Filters\Filters->run('vendor/products/stock_alert', 'before')
 6 SYSTEMPATH\CodeIgniter.php(355): CodeIgniter\CodeIgniter->handleRequest(null, Object(Config\Cache), false)
 7 SYSTEMPATH\Boot.php(325): CodeIgniter\CodeIgniter->run()
 8 SYSTEMPATH\Boot.php(67): CodeIgniter\Boot::runCodeIgniter(Object(CodeIgniter\CodeIgniter))
 9 FCPATH\index.php(56): CodeIgniter\Boot::bootWeb(Object(Config\Paths))
WARNING - 2024-10-25 09:35:15 --> [DEPRECATED] Creation of dynamic property IonAuth\Models\IonAuthModel::$hashMethod is deprecated in FCPATH\vendor\benedmunds\codeigniter-ion-auth\Models\IonAuthModel.php on line 234.
 1 APPPATH\Libraries\IonAuth.php(71): IonAuth\Models\IonAuthModel->__construct()
 2 APPPATH\Filters\CheckPermissions.php(16): App\Libraries\IonAuth->__construct()
 3 SYSTEMPATH\Filters\Filters.php(197): App\Filters\CheckPermissions->__construct()
 4 SYSTEMPATH\Filters\Filters.php(184): CodeIgniter\Filters\Filters->runBefore([...])
 5 SYSTEMPATH\CodeIgniter.php(481): CodeIgniter\Filters\Filters->run('vendor/products/stock_alert', 'before')
 6 SYSTEMPATH\CodeIgniter.php(355): CodeIgniter\CodeIgniter->handleRequest(null, Object(Config\Cache), false)
 7 SYSTEMPATH\Boot.php(325): CodeIgniter\CodeIgniter->run()
 8 SYSTEMPATH\Boot.php(67): CodeIgniter\Boot::runCodeIgniter(Object(CodeIgniter\CodeIgniter))
 9 FCPATH\index.php(56): CodeIgniter\Boot::bootWeb(Object(Config\Paths))
WARNING - 2024-10-25 09:35:15 --> [DEPRECATED] Creation of dynamic property IonAuth\Models\IonAuthModel::$messagesTemplates is deprecated in FCPATH\vendor\benedmunds\codeigniter-ion-auth\Models\IonAuthModel.php on line 237.
 1 APPPATH\Libraries\IonAuth.php(71): IonAuth\Models\IonAuthModel->__construct()
 2 APPPATH\Filters\CheckPermissions.php(16): App\Libraries\IonAuth->__construct()
 3 SYSTEMPATH\Filters\Filters.php(197): App\Filters\CheckPermissions->__construct()
 4 SYSTEMPATH\Filters\Filters.php(184): CodeIgniter\Filters\Filters->runBefore([...])
 5 SYSTEMPATH\CodeIgniter.php(481): CodeIgniter\Filters\Filters->run('vendor/products/stock_alert', 'before')
 6 SYSTEMPATH\CodeIgniter.php(355): CodeIgniter\CodeIgniter->handleRequest(null, Object(Config\Cache), false)
 7 SYSTEMPATH\Boot.php(325): CodeIgniter\CodeIgniter->run()
 8 SYSTEMPATH\Boot.php(67): CodeIgniter\Boot::runCodeIgniter(Object(CodeIgniter\CodeIgniter))
 9 FCPATH\index.php(56): CodeIgniter\Boot::bootWeb(Object(Config\Paths))
WARNING - 2024-10-25 09:35:15 --> [DEPRECATED] Creation of dynamic property IonAuth\Models\IonAuthModel::$join is deprecated in FCPATH\vendor\benedmunds\codeigniter-ion-auth\Models\IonAuthModel.php on line 231.
 1 APPPATH\Libraries\IonAuth.php(71): IonAuth\Models\IonAuthModel->__construct()
 2 APPPATH\Controllers\vendor\Products.php(23): App\Libraries\IonAuth->__construct()
 3 SYSTEMPATH\CodeIgniter.php(903): App\Controllers\vendor\Products->__construct()
 4 SYSTEMPATH\CodeIgniter.php(500): CodeIgniter\CodeIgniter->createController()
 5 SYSTEMPATH\CodeIgniter.php(355): CodeIgniter\CodeIgniter->handleRequest(null, Object(Config\Cache), false)
 6 SYSTEMPATH\Boot.php(325): CodeIgniter\CodeIgniter->run()
 7 SYSTEMPATH\Boot.php(67): CodeIgniter\Boot::runCodeIgniter(Object(CodeIgniter\CodeIgniter))
 8 FCPATH\index.php(56): CodeIgniter\Boot::bootWeb(Object(Config\Paths))
WARNING - 2024-10-25 09:35:15 --> [DEPRECATED] Creation of dynamic property IonAuth\Models\IonAuthModel::$hashMethod is deprecated in FCPATH\vendor\benedmunds\codeigniter-ion-auth\Models\IonAuthModel.php on line 234.
 1 APPPATH\Libraries\IonAuth.php(71): IonAuth\Models\IonAuthModel->__construct()
 2 APPPATH\Controllers\vendor\Products.php(23): App\Libraries\IonAuth->__construct()
 3 SYSTEMPATH\CodeIgniter.php(903): App\Controllers\vendor\Products->__construct()
 4 SYSTEMPATH\CodeIgniter.php(500): CodeIgniter\CodeIgniter->createController()
 5 SYSTEMPATH\CodeIgniter.php(355): CodeIgniter\CodeIgniter->handleRequest(null, Object(Config\Cache), false)
 6 SYSTEMPATH\Boot.php(325): CodeIgniter\CodeIgniter->run()
 7 SYSTEMPATH\Boot.php(67): CodeIgniter\Boot::runCodeIgniter(Object(CodeIgniter\CodeIgniter))
 8 FCPATH\index.php(56): CodeIgniter\Boot::bootWeb(Object(Config\Paths))
WARNING - 2024-10-25 09:35:15 --> [DEPRECATED] Creation of dynamic property IonAuth\Models\IonAuthModel::$messagesTemplates is deprecated in FCPATH\vendor\benedmunds\codeigniter-ion-auth\Models\IonAuthModel.php on line 237.
 1 APPPATH\Libraries\IonAuth.php(71): IonAuth\Models\IonAuthModel->__construct()
 2 APPPATH\Controllers\vendor\Products.php(23): App\Libraries\IonAuth->__construct()
 3 SYSTEMPATH\CodeIgniter.php(903): App\Controllers\vendor\Products->__construct()
 4 SYSTEMPATH\CodeIgniter.php(500): CodeIgniter\CodeIgniter->createController()
 5 SYSTEMPATH\CodeIgniter.php(355): CodeIgniter\CodeIgniter->handleRequest(null, Object(Config\Cache), false)
 6 SYSTEMPATH\Boot.php(325): CodeIgniter\CodeIgniter->run()
 7 SYSTEMPATH\Boot.php(67): CodeIgniter\Boot::runCodeIgniter(Object(CodeIgniter\CodeIgniter))
 8 FCPATH\index.php(56): CodeIgniter\Boot::bootWeb(Object(Config\Paths))
CRITICAL - 2024-10-25 15:05:15 --> ErrorException: Undefined variable $array
[Method: GET, Route: vendor/products/stock_alert]
in APPPATH\Controllers\vendor\Products.php on line 1151.
 1 APPPATH\Controllers\vendor\Products.php(1151): CodeIgniter\Debug\Exceptions->errorHandler(2, 'Undefined variable $array', 'C:\\xampp1\\htdocs\\Maareeye-sass-git\\app\\Controllers\\vendor\\Products.php', 1151)
 2 SYSTEMPATH\CodeIgniter.php(933): App\Controllers\vendor\Products->stock_alert()
 3 SYSTEMPATH\CodeIgniter.php(509): CodeIgniter\CodeIgniter->runController(Object(App\Controllers\vendor\Products))
 4 SYSTEMPATH\CodeIgniter.php(355): CodeIgniter\CodeIgniter->handleRequest(null, Object(Config\Cache), false)
 5 SYSTEMPATH\Boot.php(325): CodeIgniter\CodeIgniter->run()
 6 SYSTEMPATH\Boot.php(67): CodeIgniter\Boot::runCodeIgniter(Object(CodeIgniter\CodeIgniter))
 7 FCPATH\index.php(56): CodeIgniter\Boot::bootWeb(Object(Config\Paths))
INFO - 2024-10-25 09:53:41 --> Session: Class initialized using 'CodeIgniter\Session\Handlers\FileHandler' driver.
WARNING - 2024-10-25 09:53:41 --> [DEPRECATED] Creation of dynamic property IonAuth\Models\IonAuthModel::$join is deprecated in FCPATH\vendor\benedmunds\codeigniter-ion-auth\Models\IonAuthModel.php on line 231.
 1 APPPATH\Libraries\IonAuth.php(71): IonAuth\Models\IonAuthModel->__construct()
 2 APPPATH\Filters\CheckPermissions.php(16): App\Libraries\IonAuth->__construct()
 3 SYSTEMPATH\Filters\Filters.php(197): App\Filters\CheckPermissions->__construct()
 4 SYSTEMPATH\Filters\Filters.php(184): CodeIgniter\Filters\Filters->runBefore([...])
 5 SYSTEMPATH\CodeIgniter.php(481): CodeIgniter\Filters\Filters->run('vendor/units', 'before')
 6 SYSTEMPATH\CodeIgniter.php(355): CodeIgniter\CodeIgniter->handleRequest(null, Object(Config\Cache), false)
 7 SYSTEMPATH\Boot.php(325): CodeIgniter\CodeIgniter->run()
 8 SYSTEMPATH\Boot.php(67): CodeIgniter\Boot::runCodeIgniter(Object(CodeIgniter\CodeIgniter))
 9 FCPATH\index.php(56): CodeIgniter\Boot::bootWeb(Object(Config\Paths))
WARNING - 2024-10-25 09:53:41 --> [DEPRECATED] Creation of dynamic property IonAuth\Models\IonAuthModel::$hashMethod is deprecated in FCPATH\vendor\benedmunds\codeigniter-ion-auth\Models\IonAuthModel.php on line 234.
 1 APPPATH\Libraries\IonAuth.php(71): IonAuth\Models\IonAuthModel->__construct()
 2 APPPATH\Filters\CheckPermissions.php(16): App\Libraries\IonAuth->__construct()
 3 SYSTEMPATH\Filters\Filters.php(197): App\Filters\CheckPermissions->__construct()
 4 SYSTEMPATH\Filters\Filters.php(184): CodeIgniter\Filters\Filters->runBefore([...])
 5 SYSTEMPATH\CodeIgniter.php(481): CodeIgniter\Filters\Filters->run('vendor/units', 'before')
 6 SYSTEMPATH\CodeIgniter.php(355): CodeIgniter\CodeIgniter->handleRequest(null, Object(Config\Cache), false)
 7 SYSTEMPATH\Boot.php(325): CodeIgniter\CodeIgniter->run()
 8 SYSTEMPATH\Boot.php(67): CodeIgniter\Boot::runCodeIgniter(Object(CodeIgniter\CodeIgniter))
 9 FCPATH\index.php(56): CodeIgniter\Boot::bootWeb(Object(Config\Paths))
WARNING - 2024-10-25 09:53:41 --> [DEPRECATED] Creation of dynamic property IonAuth\Models\IonAuthModel::$messagesTemplates is deprecated in FCPATH\vendor\benedmunds\codeigniter-ion-auth\Models\IonAuthModel.php on line 237.
 1 APPPATH\Libraries\IonAuth.php(71): IonAuth\Models\IonAuthModel->__construct()
 2 APPPATH\Filters\CheckPermissions.php(16): App\Libraries\IonAuth->__construct()
 3 SYSTEMPATH\Filters\Filters.php(197): App\Filters\CheckPermissions->__construct()
 4 SYSTEMPATH\Filters\Filters.php(184): CodeIgniter\Filters\Filters->runBefore([...])
 5 SYSTEMPATH\CodeIgniter.php(481): CodeIgniter\Filters\Filters->run('vendor/units', 'before')
 6 SYSTEMPATH\CodeIgniter.php(355): CodeIgniter\CodeIgniter->handleRequest(null, Object(Config\Cache), false)
 7 SYSTEMPATH\Boot.php(325): CodeIgniter\CodeIgniter->run()
 8 SYSTEMPATH\Boot.php(67): CodeIgniter\Boot::runCodeIgniter(Object(CodeIgniter\CodeIgniter))
 9 FCPATH\index.php(56): CodeIgniter\Boot::bootWeb(Object(Config\Paths))
WARNING - 2024-10-25 09:53:41 --> [DEPRECATED] Creation of dynamic property IonAuth\Models\IonAuthModel::$join is deprecated in FCPATH\vendor\benedmunds\codeigniter-ion-auth\Models\IonAuthModel.php on line 231.
 1 APPPATH\Libraries\IonAuth.php(71): IonAuth\Models\IonAuthModel->__construct()
 2 APPPATH\Controllers\vendor\Units.php(18): App\Libraries\IonAuth->__construct()
 3 SYSTEMPATH\CodeIgniter.php(903): App\Controllers\vendor\Units->__construct()
 4 SYSTEMPATH\CodeIgniter.php(500): CodeIgniter\CodeIgniter->createController()
 5 SYSTEMPATH\CodeIgniter.php(355): CodeIgniter\CodeIgniter->handleRequest(null, Object(Config\Cache), false)
 6 SYSTEMPATH\Boot.php(325): CodeIgniter\CodeIgniter->run()
 7 SYSTEMPATH\Boot.php(67): CodeIgniter\Boot::runCodeIgniter(Object(CodeIgniter\CodeIgniter))
 8 FCPATH\index.php(56): CodeIgniter\Boot::bootWeb(Object(Config\Paths))
WARNING - 2024-10-25 09:53:41 --> [DEPRECATED] Creation of dynamic property IonAuth\Models\IonAuthModel::$hashMethod is deprecated in FCPATH\vendor\benedmunds\codeigniter-ion-auth\Models\IonAuthModel.php on line 234.
 1 APPPATH\Libraries\IonAuth.php(71): IonAuth\Models\IonAuthModel->__construct()
 2 APPPATH\Controllers\vendor\Units.php(18): App\Libraries\IonAuth->__construct()
 3 SYSTEMPATH\CodeIgniter.php(903): App\Controllers\vendor\Units->__construct()
 4 SYSTEMPATH\CodeIgniter.php(500): CodeIgniter\CodeIgniter->createController()
 5 SYSTEMPATH\CodeIgniter.php(355): CodeIgniter\CodeIgniter->handleRequest(null, Object(Config\Cache), false)
 6 SYSTEMPATH\Boot.php(325): CodeIgniter\CodeIgniter->run()
 7 SYSTEMPATH\Boot.php(67): CodeIgniter\Boot::runCodeIgniter(Object(CodeIgniter\CodeIgniter))
 8 FCPATH\index.php(56): CodeIgniter\Boot::bootWeb(Object(Config\Paths))
WARNING - 2024-10-25 09:53:41 --> [DEPRECATED] Creation of dynamic property IonAuth\Models\IonAuthModel::$messagesTemplates is deprecated in FCPATH\vendor\benedmunds\codeigniter-ion-auth\Models\IonAuthModel.php on line 237.
 1 APPPATH\Libraries\IonAuth.php(71): IonAuth\Models\IonAuthModel->__construct()
 2 APPPATH\Controllers\vendor\Units.php(18): App\Libraries\IonAuth->__construct()
 3 SYSTEMPATH\CodeIgniter.php(903): App\Controllers\vendor\Units->__construct()
 4 SYSTEMPATH\CodeIgniter.php(500): CodeIgniter\CodeIgniter->createController()
 5 SYSTEMPATH\CodeIgniter.php(355): CodeIgniter\CodeIgniter->handleRequest(null, Object(Config\Cache), false)
 6 SYSTEMPATH\Boot.php(325): CodeIgniter\CodeIgniter->run()
 7 SYSTEMPATH\Boot.php(67): CodeIgniter\Boot::runCodeIgniter(Object(CodeIgniter\CodeIgniter))
 8 FCPATH\index.php(56): CodeIgniter\Boot::bootWeb(Object(Config\Paths))
WARNING - 2024-10-25 15:23:41 --> [DEPRECATED] Creation of dynamic property IonAuth\Models\IonAuthModel::$join is deprecated in FCPATH\vendor\benedmunds\codeigniter-ion-auth\Models\IonAuthModel.php on line 231.
 1 APPPATH\Libraries\IonAuth.php(71): IonAuth\Models\IonAuthModel->__construct()
 2 APPPATH\Filters\CheckPermissions.php(16): App\Libraries\IonAuth->__construct()
 3 SYSTEMPATH\Filters\Filters.php(235): App\Filters\CheckPermissions->__construct()
 4 SYSTEMPATH\Filters\Filters.php(188): CodeIgniter\Filters\Filters->runAfter([...])
 5 SYSTEMPATH\CodeIgniter.php(527): CodeIgniter\Filters\Filters->run('vendor/units', 'after')
 6 SYSTEMPATH\CodeIgniter.php(355): CodeIgniter\CodeIgniter->handleRequest(null, Object(Config\Cache), false)
 7 SYSTEMPATH\Boot.php(325): CodeIgniter\CodeIgniter->run()
 8 SYSTEMPATH\Boot.php(67): CodeIgniter\Boot::runCodeIgniter(Object(CodeIgniter\CodeIgniter))
 9 FCPATH\index.php(56): CodeIgniter\Boot::bootWeb(Object(Config\Paths))
WARNING - 2024-10-25 15:23:41 --> [DEPRECATED] Creation of dynamic property IonAuth\Models\IonAuthModel::$hashMethod is deprecated in FCPATH\vendor\benedmunds\codeigniter-ion-auth\Models\IonAuthModel.php on line 234.
 1 APPPATH\Libraries\IonAuth.php(71): IonAuth\Models\IonAuthModel->__construct()
 2 APPPATH\Filters\CheckPermissions.php(16): App\Libraries\IonAuth->__construct()
 3 SYSTEMPATH\Filters\Filters.php(235): App\Filters\CheckPermissions->__construct()
 4 SYSTEMPATH\Filters\Filters.php(188): CodeIgniter\Filters\Filters->runAfter([...])
 5 SYSTEMPATH\CodeIgniter.php(527): CodeIgniter\Filters\Filters->run('vendor/units', 'after')
 6 SYSTEMPATH\CodeIgniter.php(355): CodeIgniter\CodeIgniter->handleRequest(null, Object(Config\Cache), false)
 7 SYSTEMPATH\Boot.php(325): CodeIgniter\CodeIgniter->run()
 8 SYSTEMPATH\Boot.php(67): CodeIgniter\Boot::runCodeIgniter(Object(CodeIgniter\CodeIgniter))
 9 FCPATH\index.php(56): CodeIgniter\Boot::bootWeb(Object(Config\Paths))
WARNING - 2024-10-25 15:23:41 --> [DEPRECATED] Creation of dynamic property IonAuth\Models\IonAuthModel::$messagesTemplates is deprecated in FCPATH\vendor\benedmunds\codeigniter-ion-auth\Models\IonAuthModel.php on line 237.
 1 APPPATH\Libraries\IonAuth.php(71): IonAuth\Models\IonAuthModel->__construct()
 2 APPPATH\Filters\CheckPermissions.php(16): App\Libraries\IonAuth->__construct()
 3 SYSTEMPATH\Filters\Filters.php(235): App\Filters\CheckPermissions->__construct()
 4 SYSTEMPATH\Filters\Filters.php(188): CodeIgniter\Filters\Filters->runAfter([...])
 5 SYSTEMPATH\CodeIgniter.php(527): CodeIgniter\Filters\Filters->run('vendor/units', 'after')
 6 SYSTEMPATH\CodeIgniter.php(355): CodeIgniter\CodeIgniter->handleRequest(null, Object(Config\Cache), false)
 7 SYSTEMPATH\Boot.php(325): CodeIgniter\CodeIgniter->run()
 8 SYSTEMPATH\Boot.php(67): CodeIgniter\Boot::runCodeIgniter(Object(CodeIgniter\CodeIgniter))
 9 FCPATH\index.php(56): CodeIgniter\Boot::bootWeb(Object(Config\Paths))
INFO - 2024-10-25 09:53:42 --> Session: Class initialized using 'CodeIgniter\Session\Handlers\FileHandler' driver.
WARNING - 2024-10-25 09:53:42 --> [DEPRECATED] Creation of dynamic property IonAuth\Models\IonAuthModel::$join is deprecated in FCPATH\vendor\benedmunds\codeigniter-ion-auth\Models\IonAuthModel.php on line 231.
 1 APPPATH\Libraries\IonAuth.php(71): IonAuth\Models\IonAuthModel->__construct()
 2 APPPATH\Filters\CheckPermissions.php(16): App\Libraries\IonAuth->__construct()
 3 SYSTEMPATH\Filters\Filters.php(197): App\Filters\CheckPermissions->__construct()
 4 SYSTEMPATH\Filters\Filters.php(184): CodeIgniter\Filters\Filters->runBefore([...])
 5 SYSTEMPATH\CodeIgniter.php(481): CodeIgniter\Filters\Filters->run('vendor/units/unit_table', 'before')
 6 SYSTEMPATH\CodeIgniter.php(355): CodeIgniter\CodeIgniter->handleRequest(null, Object(Config\Cache), false)
 7 SYSTEMPATH\Boot.php(325): CodeIgniter\CodeIgniter->run()
 8 SYSTEMPATH\Boot.php(67): CodeIgniter\Boot::runCodeIgniter(Object(CodeIgniter\CodeIgniter))
 9 FCPATH\index.php(56): CodeIgniter\Boot::bootWeb(Object(Config\Paths))
WARNING - 2024-10-25 09:53:42 --> [DEPRECATED] Creation of dynamic property IonAuth\Models\IonAuthModel::$hashMethod is deprecated in FCPATH\vendor\benedmunds\codeigniter-ion-auth\Models\IonAuthModel.php on line 234.
 1 APPPATH\Libraries\IonAuth.php(71): IonAuth\Models\IonAuthModel->__construct()
 2 APPPATH\Filters\CheckPermissions.php(16): App\Libraries\IonAuth->__construct()
 3 SYSTEMPATH\Filters\Filters.php(197): App\Filters\CheckPermissions->__construct()
 4 SYSTEMPATH\Filters\Filters.php(184): CodeIgniter\Filters\Filters->runBefore([...])
 5 SYSTEMPATH\CodeIgniter.php(481): CodeIgniter\Filters\Filters->run('vendor/units/unit_table', 'before')
 6 SYSTEMPATH\CodeIgniter.php(355): CodeIgniter\CodeIgniter->handleRequest(null, Object(Config\Cache), false)
 7 SYSTEMPATH\Boot.php(325): CodeIgniter\CodeIgniter->run()
 8 SYSTEMPATH\Boot.php(67): CodeIgniter\Boot::runCodeIgniter(Object(CodeIgniter\CodeIgniter))
 9 FCPATH\index.php(56): CodeIgniter\Boot::bootWeb(Object(Config\Paths))
WARNING - 2024-10-25 09:53:42 --> [DEPRECATED] Creation of dynamic property IonAuth\Models\IonAuthModel::$messagesTemplates is deprecated in FCPATH\vendor\benedmunds\codeigniter-ion-auth\Models\IonAuthModel.php on line 237.
 1 APPPATH\Libraries\IonAuth.php(71): IonAuth\Models\IonAuthModel->__construct()
 2 APPPATH\Filters\CheckPermissions.php(16): App\Libraries\IonAuth->__construct()
 3 SYSTEMPATH\Filters\Filters.php(197): App\Filters\CheckPermissions->__construct()
 4 SYSTEMPATH\Filters\Filters.php(184): CodeIgniter\Filters\Filters->runBefore([...])
 5 SYSTEMPATH\CodeIgniter.php(481): CodeIgniter\Filters\Filters->run('vendor/units/unit_table', 'before')
 6 SYSTEMPATH\CodeIgniter.php(355): CodeIgniter\CodeIgniter->handleRequest(null, Object(Config\Cache), false)
 7 SYSTEMPATH\Boot.php(325): CodeIgniter\CodeIgniter->run()
 8 SYSTEMPATH\Boot.php(67): CodeIgniter\Boot::runCodeIgniter(Object(CodeIgniter\CodeIgniter))
 9 FCPATH\index.php(56): CodeIgniter\Boot::bootWeb(Object(Config\Paths))
WARNING - 2024-10-25 09:53:42 --> [DEPRECATED] Creation of dynamic property IonAuth\Models\IonAuthModel::$join is deprecated in FCPATH\vendor\benedmunds\codeigniter-ion-auth\Models\IonAuthModel.php on line 231.
 1 APPPATH\Libraries\IonAuth.php(71): IonAuth\Models\IonAuthModel->__construct()
 2 APPPATH\Controllers\vendor\Units.php(18): App\Libraries\IonAuth->__construct()
 3 SYSTEMPATH\CodeIgniter.php(903): App\Controllers\vendor\Units->__construct()
 4 SYSTEMPATH\CodeIgniter.php(500): CodeIgniter\CodeIgniter->createController()
 5 SYSTEMPATH\CodeIgniter.php(355): CodeIgniter\CodeIgniter->handleRequest(null, Object(Config\Cache), false)
 6 SYSTEMPATH\Boot.php(325): CodeIgniter\CodeIgniter->run()
 7 SYSTEMPATH\Boot.php(67): CodeIgniter\Boot::runCodeIgniter(Object(CodeIgniter\CodeIgniter))
 8 FCPATH\index.php(56): CodeIgniter\Boot::bootWeb(Object(Config\Paths))
WARNING - 2024-10-25 09:53:42 --> [DEPRECATED] Creation of dynamic property IonAuth\Models\IonAuthModel::$hashMethod is deprecated in FCPATH\vendor\benedmunds\codeigniter-ion-auth\Models\IonAuthModel.php on line 234.
 1 APPPATH\Libraries\IonAuth.php(71): IonAuth\Models\IonAuthModel->__construct()
 2 APPPATH\Controllers\vendor\Units.php(18): App\Libraries\IonAuth->__construct()
 3 SYSTEMPATH\CodeIgniter.php(903): App\Controllers\vendor\Units->__construct()
 4 SYSTEMPATH\CodeIgniter.php(500): CodeIgniter\CodeIgniter->createController()
 5 SYSTEMPATH\CodeIgniter.php(355): CodeIgniter\CodeIgniter->handleRequest(null, Object(Config\Cache), false)
 6 SYSTEMPATH\Boot.php(325): CodeIgniter\CodeIgniter->run()
 7 SYSTEMPATH\Boot.php(67): CodeIgniter\Boot::runCodeIgniter(Object(CodeIgniter\CodeIgniter))
 8 FCPATH\index.php(56): CodeIgniter\Boot::bootWeb(Object(Config\Paths))
WARNING - 2024-10-25 09:53:42 --> [DEPRECATED] Creation of dynamic property IonAuth\Models\IonAuthModel::$messagesTemplates is deprecated in FCPATH\vendor\benedmunds\codeigniter-ion-auth\Models\IonAuthModel.php on line 237.
 1 APPPATH\Libraries\IonAuth.php(71): IonAuth\Models\IonAuthModel->__construct()
 2 APPPATH\Controllers\vendor\Units.php(18): App\Libraries\IonAuth->__construct()
 3 SYSTEMPATH\CodeIgniter.php(903): App\Controllers\vendor\Units->__construct()
 4 SYSTEMPATH\CodeIgniter.php(500): CodeIgniter\CodeIgniter->createController()
 5 SYSTEMPATH\CodeIgniter.php(355): CodeIgniter\CodeIgniter->handleRequest(null, Object(Config\Cache), false)
 6 SYSTEMPATH\Boot.php(325): CodeIgniter\CodeIgniter->run()
 7 SYSTEMPATH\Boot.php(67): CodeIgniter\Boot::runCodeIgniter(Object(CodeIgniter\CodeIgniter))
 8 FCPATH\index.php(56): CodeIgniter\Boot::bootWeb(Object(Config\Paths))
WARNING - 2024-10-25 15:23:42 --> [DEPRECATED] Creation of dynamic property IonAuth\Models\IonAuthModel::$join is deprecated in FCPATH\vendor\benedmunds\codeigniter-ion-auth\Models\IonAuthModel.php on line 231.
 1 APPPATH\Libraries\IonAuth.php(71): IonAuth\Models\IonAuthModel->__construct()
 2 APPPATH\Filters\CheckPermissions.php(16): App\Libraries\IonAuth->__construct()
 3 SYSTEMPATH\Filters\Filters.php(235): App\Filters\CheckPermissions->__construct()
 4 SYSTEMPATH\Filters\Filters.php(188): CodeIgniter\Filters\Filters->runAfter([...])
 5 SYSTEMPATH\CodeIgniter.php(527): CodeIgniter\Filters\Filters->run('vendor/units/unit_table', 'after')
 6 SYSTEMPATH\CodeIgniter.php(355): CodeIgniter\CodeIgniter->handleRequest(null, Object(Config\Cache), false)
 7 SYSTEMPATH\Boot.php(325): CodeIgniter\CodeIgniter->run()
 8 SYSTEMPATH\Boot.php(67): CodeIgniter\Boot::runCodeIgniter(Object(CodeIgniter\CodeIgniter))
 9 FCPATH\index.php(56): CodeIgniter\Boot::bootWeb(Object(Config\Paths))
WARNING - 2024-10-25 15:23:42 --> [DEPRECATED] Creation of dynamic property IonAuth\Models\IonAuthModel::$hashMethod is deprecated in FCPATH\vendor\benedmunds\codeigniter-ion-auth\Models\IonAuthModel.php on line 234.
 1 APPPATH\Libraries\IonAuth.php(71): IonAuth\Models\IonAuthModel->__construct()
 2 APPPATH\Filters\CheckPermissions.php(16): App\Libraries\IonAuth->__construct()
 3 SYSTEMPATH\Filters\Filters.php(235): App\Filters\CheckPermissions->__construct()
 4 SYSTEMPATH\Filters\Filters.php(188): CodeIgniter\Filters\Filters->runAfter([...])
 5 SYSTEMPATH\CodeIgniter.php(527): CodeIgniter\Filters\Filters->run('vendor/units/unit_table', 'after')
 6 SYSTEMPATH\CodeIgniter.php(355): CodeIgniter\CodeIgniter->handleRequest(null, Object(Config\Cache), false)
 7 SYSTEMPATH\Boot.php(325): CodeIgniter\CodeIgniter->run()
 8 SYSTEMPATH\Boot.php(67): CodeIgniter\Boot::runCodeIgniter(Object(CodeIgniter\CodeIgniter))
 9 FCPATH\index.php(56): CodeIgniter\Boot::bootWeb(Object(Config\Paths))
WARNING - 2024-10-25 15:23:42 --> [DEPRECATED] Creation of dynamic property IonAuth\Models\IonAuthModel::$messagesTemplates is deprecated in FCPATH\vendor\benedmunds\codeigniter-ion-auth\Models\IonAuthModel.php on line 237.
 1 APPPATH\Libraries\IonAuth.php(71): IonAuth\Models\IonAuthModel->__construct()
 2 APPPATH\Filters\CheckPermissions.php(16): App\Libraries\IonAuth->__construct()
 3 SYSTEMPATH\Filters\Filters.php(235): App\Filters\CheckPermissions->__construct()
 4 SYSTEMPATH\Filters\Filters.php(188): CodeIgniter\Filters\Filters->runAfter([...])
 5 SYSTEMPATH\CodeIgniter.php(527): CodeIgniter\Filters\Filters->run('vendor/units/unit_table', 'after')
 6 SYSTEMPATH\CodeIgniter.php(355): CodeIgniter\CodeIgniter->handleRequest(null, Object(Config\Cache), false)
 7 SYSTEMPATH\Boot.php(325): CodeIgniter\CodeIgniter->run()
 8 SYSTEMPATH\Boot.php(67): CodeIgniter\Boot::runCodeIgniter(Object(CodeIgniter\CodeIgniter))
 9 FCPATH\index.php(56): CodeIgniter\Boot::bootWeb(Object(Config\Paths))
INFO - 2024-10-25 09:53:42 --> Session: Class initialized using 'CodeIgniter\Session\Handlers\FileHandler' driver.
WARNING - 2024-10-25 09:53:42 --> [DEPRECATED] Creation of dynamic property IonAuth\Models\IonAuthModel::$join is deprecated in FCPATH\vendor\benedmunds\codeigniter-ion-auth\Models\IonAuthModel.php on line 231.
 1 APPPATH\Libraries\IonAuth.php(71): IonAuth\Models\IonAuthModel->__construct()
 2 APPPATH\Filters\CheckPermissions.php(16): App\Libraries\IonAuth->__construct()
 3 SYSTEMPATH\Filters\Filters.php(197): App\Filters\CheckPermissions->__construct()
 4 SYSTEMPATH\Filters\Filters.php(184): CodeIgniter\Filters\Filters->runBefore([...])
 5 SYSTEMPATH\CodeIgniter.php(481): CodeIgniter\Filters\Filters->run('vendor/products/stock_alert', 'before')
 6 SYSTEMPATH\CodeIgniter.php(355): CodeIgniter\CodeIgniter->handleRequest(null, Object(Config\Cache), false)
 7 SYSTEMPATH\Boot.php(325): CodeIgniter\CodeIgniter->run()
 8 SYSTEMPATH\Boot.php(67): CodeIgniter\Boot::runCodeIgniter(Object(CodeIgniter\CodeIgniter))
 9 FCPATH\index.php(56): CodeIgniter\Boot::bootWeb(Object(Config\Paths))
WARNING - 2024-10-25 09:53:42 --> [DEPRECATED] Creation of dynamic property IonAuth\Models\IonAuthModel::$hashMethod is deprecated in FCPATH\vendor\benedmunds\codeigniter-ion-auth\Models\IonAuthModel.php on line 234.
 1 APPPATH\Libraries\IonAuth.php(71): IonAuth\Models\IonAuthModel->__construct()
 2 APPPATH\Filters\CheckPermissions.php(16): App\Libraries\IonAuth->__construct()
 3 SYSTEMPATH\Filters\Filters.php(197): App\Filters\CheckPermissions->__construct()
 4 SYSTEMPATH\Filters\Filters.php(184): CodeIgniter\Filters\Filters->runBefore([...])
 5 SYSTEMPATH\CodeIgniter.php(481): CodeIgniter\Filters\Filters->run('vendor/products/stock_alert', 'before')
 6 SYSTEMPATH\CodeIgniter.php(355): CodeIgniter\CodeIgniter->handleRequest(null, Object(Config\Cache), false)
 7 SYSTEMPATH\Boot.php(325): CodeIgniter\CodeIgniter->run()
 8 SYSTEMPATH\Boot.php(67): CodeIgniter\Boot::runCodeIgniter(Object(CodeIgniter\CodeIgniter))
 9 FCPATH\index.php(56): CodeIgniter\Boot::bootWeb(Object(Config\Paths))
WARNING - 2024-10-25 09:53:42 --> [DEPRECATED] Creation of dynamic property IonAuth\Models\IonAuthModel::$messagesTemplates is deprecated in FCPATH\vendor\benedmunds\codeigniter-ion-auth\Models\IonAuthModel.php on line 237.
 1 APPPATH\Libraries\IonAuth.php(71): IonAuth\Models\IonAuthModel->__construct()
 2 APPPATH\Filters\CheckPermissions.php(16): App\Libraries\IonAuth->__construct()
 3 SYSTEMPATH\Filters\Filters.php(197): App\Filters\CheckPermissions->__construct()
 4 SYSTEMPATH\Filters\Filters.php(184): CodeIgniter\Filters\Filters->runBefore([...])
 5 SYSTEMPATH\CodeIgniter.php(481): CodeIgniter\Filters\Filters->run('vendor/products/stock_alert', 'before')
 6 SYSTEMPATH\CodeIgniter.php(355): CodeIgniter\CodeIgniter->handleRequest(null, Object(Config\Cache), false)
 7 SYSTEMPATH\Boot.php(325): CodeIgniter\CodeIgniter->run()
 8 SYSTEMPATH\Boot.php(67): CodeIgniter\Boot::runCodeIgniter(Object(CodeIgniter\CodeIgniter))
 9 FCPATH\index.php(56): CodeIgniter\Boot::bootWeb(Object(Config\Paths))
WARNING - 2024-10-25 09:53:42 --> [DEPRECATED] Creation of dynamic property IonAuth\Models\IonAuthModel::$join is deprecated in FCPATH\vendor\benedmunds\codeigniter-ion-auth\Models\IonAuthModel.php on line 231.
 1 APPPATH\Libraries\IonAuth.php(71): IonAuth\Models\IonAuthModel->__construct()
 2 APPPATH\Controllers\vendor\Products.php(23): App\Libraries\IonAuth->__construct()
 3 SYSTEMPATH\CodeIgniter.php(903): App\Controllers\vendor\Products->__construct()
 4 SYSTEMPATH\CodeIgniter.php(500): CodeIgniter\CodeIgniter->createController()
 5 SYSTEMPATH\CodeIgniter.php(355): CodeIgniter\CodeIgniter->handleRequest(null, Object(Config\Cache), false)
 6 SYSTEMPATH\Boot.php(325): CodeIgniter\CodeIgniter->run()
 7 SYSTEMPATH\Boot.php(67): CodeIgniter\Boot::runCodeIgniter(Object(CodeIgniter\CodeIgniter))
 8 FCPATH\index.php(56): CodeIgniter\Boot::bootWeb(Object(Config\Paths))
WARNING - 2024-10-25 09:53:42 --> [DEPRECATED] Creation of dynamic property IonAuth\Models\IonAuthModel::$hashMethod is deprecated in FCPATH\vendor\benedmunds\codeigniter-ion-auth\Models\IonAuthModel.php on line 234.
 1 APPPATH\Libraries\IonAuth.php(71): IonAuth\Models\IonAuthModel->__construct()
 2 APPPATH\Controllers\vendor\Products.php(23): App\Libraries\IonAuth->__construct()
 3 SYSTEMPATH\CodeIgniter.php(903): App\Controllers\vendor\Products->__construct()
 4 SYSTEMPATH\CodeIgniter.php(500): CodeIgniter\CodeIgniter->createController()
 5 SYSTEMPATH\CodeIgniter.php(355): CodeIgniter\CodeIgniter->handleRequest(null, Object(Config\Cache), false)
 6 SYSTEMPATH\Boot.php(325): CodeIgniter\CodeIgniter->run()
 7 SYSTEMPATH\Boot.php(67): CodeIgniter\Boot::runCodeIgniter(Object(CodeIgniter\CodeIgniter))
 8 FCPATH\index.php(56): CodeIgniter\Boot::bootWeb(Object(Config\Paths))
WARNING - 2024-10-25 09:53:42 --> [DEPRECATED] Creation of dynamic property IonAuth\Models\IonAuthModel::$messagesTemplates is deprecated in FCPATH\vendor\benedmunds\codeigniter-ion-auth\Models\IonAuthModel.php on line 237.
 1 APPPATH\Libraries\IonAuth.php(71): IonAuth\Models\IonAuthModel->__construct()
 2 APPPATH\Controllers\vendor\Products.php(23): App\Libraries\IonAuth->__construct()
 3 SYSTEMPATH\CodeIgniter.php(903): App\Controllers\vendor\Products->__construct()
 4 SYSTEMPATH\CodeIgniter.php(500): CodeIgniter\CodeIgniter->createController()
 5 SYSTEMPATH\CodeIgniter.php(355): CodeIgniter\CodeIgniter->handleRequest(null, Object(Config\Cache), false)
 6 SYSTEMPATH\Boot.php(325): CodeIgniter\CodeIgniter->run()
 7 SYSTEMPATH\Boot.php(67): CodeIgniter\Boot::runCodeIgniter(Object(CodeIgniter\CodeIgniter))
 8 FCPATH\index.php(56): CodeIgniter\Boot::bootWeb(Object(Config\Paths))
CRITICAL - 2024-10-25 15:23:42 --> ErrorException: Undefined variable $array
[Method: GET, Route: vendor/products/stock_alert]
in APPPATH\Controllers\vendor\Products.php on line 1151.
 1 APPPATH\Controllers\vendor\Products.php(1151): CodeIgniter\Debug\Exceptions->errorHandler(2, 'Undefined variable $array', 'C:\\xampp1\\htdocs\\Maareeye-sass-git\\app\\Controllers\\vendor\\Products.php', 1151)
 2 SYSTEMPATH\CodeIgniter.php(933): App\Controllers\vendor\Products->stock_alert()
 3 SYSTEMPATH\CodeIgniter.php(509): CodeIgniter\CodeIgniter->runController(Object(App\Controllers\vendor\Products))
 4 SYSTEMPATH\CodeIgniter.php(355): CodeIgniter\CodeIgniter->handleRequest(null, Object(Config\Cache), false)
 5 SYSTEMPATH\Boot.php(325): CodeIgniter\CodeIgniter->run()
 6 SYSTEMPATH\Boot.php(67): CodeIgniter\Boot::runCodeIgniter(Object(CodeIgniter\CodeIgniter))
 7 FCPATH\index.php(56): CodeIgniter\Boot::bootWeb(Object(Config\Paths))
INFO - 2024-10-25 09:53:44 --> Session: Class initialized using 'CodeIgniter\Session\Handlers\FileHandler' driver.
WARNING - 2024-10-25 09:53:44 --> [DEPRECATED] Creation of dynamic property IonAuth\Models\IonAuthModel::$join is deprecated in FCPATH\vendor\benedmunds\codeigniter-ion-auth\Models\IonAuthModel.php on line 231.
 1 APPPATH\Libraries\IonAuth.php(71): IonAuth\Models\IonAuthModel->__construct()
 2 APPPATH\Filters\CheckPermissions.php(16): App\Libraries\IonAuth->__construct()
 3 SYSTEMPATH\Filters\Filters.php(197): App\Filters\CheckPermissions->__construct()
 4 SYSTEMPATH\Filters\Filters.php(184): CodeIgniter\Filters\Filters->runBefore([...])
 5 SYSTEMPATH\CodeIgniter.php(481): CodeIgniter\Filters\Filters->run('vendor/products', 'before')
 6 SYSTEMPATH\CodeIgniter.php(355): CodeIgniter\CodeIgniter->handleRequest(null, Object(Config\Cache), false)
 7 SYSTEMPATH\Boot.php(325): CodeIgniter\CodeIgniter->run()
 8 SYSTEMPATH\Boot.php(67): CodeIgniter\Boot::runCodeIgniter(Object(CodeIgniter\CodeIgniter))
 9 FCPATH\index.php(56): CodeIgniter\Boot::bootWeb(Object(Config\Paths))
WARNING - 2024-10-25 09:53:44 --> [DEPRECATED] Creation of dynamic property IonAuth\Models\IonAuthModel::$hashMethod is deprecated in FCPATH\vendor\benedmunds\codeigniter-ion-auth\Models\IonAuthModel.php on line 234.
 1 APPPATH\Libraries\IonAuth.php(71): IonAuth\Models\IonAuthModel->__construct()
 2 APPPATH\Filters\CheckPermissions.php(16): App\Libraries\IonAuth->__construct()
 3 SYSTEMPATH\Filters\Filters.php(197): App\Filters\CheckPermissions->__construct()
 4 SYSTEMPATH\Filters\Filters.php(184): CodeIgniter\Filters\Filters->runBefore([...])
 5 SYSTEMPATH\CodeIgniter.php(481): CodeIgniter\Filters\Filters->run('vendor/products', 'before')
 6 SYSTEMPATH\CodeIgniter.php(355): CodeIgniter\CodeIgniter->handleRequest(null, Object(Config\Cache), false)
 7 SYSTEMPATH\Boot.php(325): CodeIgniter\CodeIgniter->run()
 8 SYSTEMPATH\Boot.php(67): CodeIgniter\Boot::runCodeIgniter(Object(CodeIgniter\CodeIgniter))
 9 FCPATH\index.php(56): CodeIgniter\Boot::bootWeb(Object(Config\Paths))
WARNING - 2024-10-25 09:53:44 --> [DEPRECATED] Creation of dynamic property IonAuth\Models\IonAuthModel::$messagesTemplates is deprecated in FCPATH\vendor\benedmunds\codeigniter-ion-auth\Models\IonAuthModel.php on line 237.
 1 APPPATH\Libraries\IonAuth.php(71): IonAuth\Models\IonAuthModel->__construct()
 2 APPPATH\Filters\CheckPermissions.php(16): App\Libraries\IonAuth->__construct()
 3 SYSTEMPATH\Filters\Filters.php(197): App\Filters\CheckPermissions->__construct()
 4 SYSTEMPATH\Filters\Filters.php(184): CodeIgniter\Filters\Filters->runBefore([...])
 5 SYSTEMPATH\CodeIgniter.php(481): CodeIgniter\Filters\Filters->run('vendor/products', 'before')
 6 SYSTEMPATH\CodeIgniter.php(355): CodeIgniter\CodeIgniter->handleRequest(null, Object(Config\Cache), false)
 7 SYSTEMPATH\Boot.php(325): CodeIgniter\CodeIgniter->run()
 8 SYSTEMPATH\Boot.php(67): CodeIgniter\Boot::runCodeIgniter(Object(CodeIgniter\CodeIgniter))
 9 FCPATH\index.php(56): CodeIgniter\Boot::bootWeb(Object(Config\Paths))
WARNING - 2024-10-25 09:53:44 --> [DEPRECATED] Creation of dynamic property IonAuth\Models\IonAuthModel::$join is deprecated in FCPATH\vendor\benedmunds\codeigniter-ion-auth\Models\IonAuthModel.php on line 231.
 1 APPPATH\Libraries\IonAuth.php(71): IonAuth\Models\IonAuthModel->__construct()
 2 APPPATH\Controllers\vendor\Products.php(23): App\Libraries\IonAuth->__construct()
 3 SYSTEMPATH\CodeIgniter.php(903): App\Controllers\vendor\Products->__construct()
 4 SYSTEMPATH\CodeIgniter.php(500): CodeIgniter\CodeIgniter->createController()
 5 SYSTEMPATH\CodeIgniter.php(355): CodeIgniter\CodeIgniter->handleRequest(null, Object(Config\Cache), false)
 6 SYSTEMPATH\Boot.php(325): CodeIgniter\CodeIgniter->run()
 7 SYSTEMPATH\Boot.php(67): CodeIgniter\Boot::runCodeIgniter(Object(CodeIgniter\CodeIgniter))
 8 FCPATH\index.php(56): CodeIgniter\Boot::bootWeb(Object(Config\Paths))
WARNING - 2024-10-25 09:53:44 --> [DEPRECATED] Creation of dynamic property IonAuth\Models\IonAuthModel::$hashMethod is deprecated in FCPATH\vendor\benedmunds\codeigniter-ion-auth\Models\IonAuthModel.php on line 234.
 1 APPPATH\Libraries\IonAuth.php(71): IonAuth\Models\IonAuthModel->__construct()
 2 APPPATH\Controllers\vendor\Products.php(23): App\Libraries\IonAuth->__construct()
 3 SYSTEMPATH\CodeIgniter.php(903): App\Controllers\vendor\Products->__construct()
 4 SYSTEMPATH\CodeIgniter.php(500): CodeIgniter\CodeIgniter->createController()
 5 SYSTEMPATH\CodeIgniter.php(355): CodeIgniter\CodeIgniter->handleRequest(null, Object(Config\Cache), false)
 6 SYSTEMPATH\Boot.php(325): CodeIgniter\CodeIgniter->run()
 7 SYSTEMPATH\Boot.php(67): CodeIgniter\Boot::runCodeIgniter(Object(CodeIgniter\CodeIgniter))
 8 FCPATH\index.php(56): CodeIgniter\Boot::bootWeb(Object(Config\Paths))
WARNING - 2024-10-25 09:53:44 --> [DEPRECATED] Creation of dynamic property IonAuth\Models\IonAuthModel::$messagesTemplates is deprecated in FCPATH\vendor\benedmunds\codeigniter-ion-auth\Models\IonAuthModel.php on line 237.
 1 APPPATH\Libraries\IonAuth.php(71): IonAuth\Models\IonAuthModel->__construct()
 2 APPPATH\Controllers\vendor\Products.php(23): App\Libraries\IonAuth->__construct()
 3 SYSTEMPATH\CodeIgniter.php(903): App\Controllers\vendor\Products->__construct()
 4 SYSTEMPATH\CodeIgniter.php(500): CodeIgniter\CodeIgniter->createController()
 5 SYSTEMPATH\CodeIgniter.php(355): CodeIgniter\CodeIgniter->handleRequest(null, Object(Config\Cache), false)
 6 SYSTEMPATH\Boot.php(325): CodeIgniter\CodeIgniter->run()
 7 SYSTEMPATH\Boot.php(67): CodeIgniter\Boot::runCodeIgniter(Object(CodeIgniter\CodeIgniter))
 8 FCPATH\index.php(56): CodeIgniter\Boot::bootWeb(Object(Config\Paths))
WARNING - 2024-10-25 15:23:44 --> [DEPRECATED] Creation of dynamic property IonAuth\Models\IonAuthModel::$join is deprecated in FCPATH\vendor\benedmunds\codeigniter-ion-auth\Models\IonAuthModel.php on line 231.
 1 APPPATH\Libraries\IonAuth.php(71): IonAuth\Models\IonAuthModel->__construct()
 2 APPPATH\Filters\CheckPermissions.php(16): App\Libraries\IonAuth->__construct()
 3 SYSTEMPATH\Filters\Filters.php(235): App\Filters\CheckPermissions->__construct()
 4 SYSTEMPATH\Filters\Filters.php(188): CodeIgniter\Filters\Filters->runAfter([...])
 5 SYSTEMPATH\CodeIgniter.php(527): CodeIgniter\Filters\Filters->run('vendor/products', 'after')
 6 SYSTEMPATH\CodeIgniter.php(355): CodeIgniter\CodeIgniter->handleRequest(null, Object(Config\Cache), false)
 7 SYSTEMPATH\Boot.php(325): CodeIgniter\CodeIgniter->run()
 8 SYSTEMPATH\Boot.php(67): CodeIgniter\Boot::runCodeIgniter(Object(CodeIgniter\CodeIgniter))
 9 FCPATH\index.php(56): CodeIgniter\Boot::bootWeb(Object(Config\Paths))
WARNING - 2024-10-25 15:23:44 --> [DEPRECATED] Creation of dynamic property IonAuth\Models\IonAuthModel::$hashMethod is deprecated in FCPATH\vendor\benedmunds\codeigniter-ion-auth\Models\IonAuthModel.php on line 234.
 1 APPPATH\Libraries\IonAuth.php(71): IonAuth\Models\IonAuthModel->__construct()
 2 APPPATH\Filters\CheckPermissions.php(16): App\Libraries\IonAuth->__construct()
 3 SYSTEMPATH\Filters\Filters.php(235): App\Filters\CheckPermissions->__construct()
 4 SYSTEMPATH\Filters\Filters.php(188): CodeIgniter\Filters\Filters->runAfter([...])
 5 SYSTEMPATH\CodeIgniter.php(527): CodeIgniter\Filters\Filters->run('vendor/products', 'after')
 6 SYSTEMPATH\CodeIgniter.php(355): CodeIgniter\CodeIgniter->handleRequest(null, Object(Config\Cache), false)
 7 SYSTEMPATH\Boot.php(325): CodeIgniter\CodeIgniter->run()
 8 SYSTEMPATH\Boot.php(67): CodeIgniter\Boot::runCodeIgniter(Object(CodeIgniter\CodeIgniter))
 9 FCPATH\index.php(56): CodeIgniter\Boot::bootWeb(Object(Config\Paths))
WARNING - 2024-10-25 15:23:44 --> [DEPRECATED] Creation of dynamic property IonAuth\Models\IonAuthModel::$messagesTemplates is deprecated in FCPATH\vendor\benedmunds\codeigniter-ion-auth\Models\IonAuthModel.php on line 237.
 1 APPPATH\Libraries\IonAuth.php(71): IonAuth\Models\IonAuthModel->__construct()
 2 APPPATH\Filters\CheckPermissions.php(16): App\Libraries\IonAuth->__construct()
 3 SYSTEMPATH\Filters\Filters.php(235): App\Filters\CheckPermissions->__construct()
 4 SYSTEMPATH\Filters\Filters.php(188): CodeIgniter\Filters\Filters->runAfter([...])
 5 SYSTEMPATH\CodeIgniter.php(527): CodeIgniter\Filters\Filters->run('vendor/products', 'after')
 6 SYSTEMPATH\CodeIgniter.php(355): CodeIgniter\CodeIgniter->handleRequest(null, Object(Config\Cache), false)
 7 SYSTEMPATH\Boot.php(325): CodeIgniter\CodeIgniter->run()
 8 SYSTEMPATH\Boot.php(67): CodeIgniter\Boot::runCodeIgniter(Object(CodeIgniter\CodeIgniter))
 9 FCPATH\index.php(56): CodeIgniter\Boot::bootWeb(Object(Config\Paths))
INFO - 2024-10-25 09:53:45 --> Session: Class initialized using 'CodeIgniter\Session\Handlers\FileHandler' driver.
WARNING - 2024-10-25 09:53:45 --> [DEPRECATED] Creation of dynamic property IonAuth\Models\IonAuthModel::$join is deprecated in FCPATH\vendor\benedmunds\codeigniter-ion-auth\Models\IonAuthModel.php on line 231.
 1 APPPATH\Libraries\IonAuth.php(71): IonAuth\Models\IonAuthModel->__construct()
 2 APPPATH\Filters\CheckPermissions.php(16): App\Libraries\IonAuth->__construct()
 3 SYSTEMPATH\Filters\Filters.php(197): App\Filters\CheckPermissions->__construct()
 4 SYSTEMPATH\Filters\Filters.php(184): CodeIgniter\Filters\Filters->runBefore([...])
 5 SYSTEMPATH\CodeIgniter.php(481): CodeIgniter\Filters\Filters->run('vendor/products/products_table', 'before')
 6 SYSTEMPATH\CodeIgniter.php(355): CodeIgniter\CodeIgniter->handleRequest(null, Object(Config\Cache), false)
 7 SYSTEMPATH\Boot.php(325): CodeIgniter\CodeIgniter->run()
 8 SYSTEMPATH\Boot.php(67): CodeIgniter\Boot::runCodeIgniter(Object(CodeIgniter\CodeIgniter))
 9 FCPATH\index.php(56): CodeIgniter\Boot::bootWeb(Object(Config\Paths))
WARNING - 2024-10-25 09:53:45 --> [DEPRECATED] Creation of dynamic property IonAuth\Models\IonAuthModel::$hashMethod is deprecated in FCPATH\vendor\benedmunds\codeigniter-ion-auth\Models\IonAuthModel.php on line 234.
 1 APPPATH\Libraries\IonAuth.php(71): IonAuth\Models\IonAuthModel->__construct()
 2 APPPATH\Filters\CheckPermissions.php(16): App\Libraries\IonAuth->__construct()
 3 SYSTEMPATH\Filters\Filters.php(197): App\Filters\CheckPermissions->__construct()
 4 SYSTEMPATH\Filters\Filters.php(184): CodeIgniter\Filters\Filters->runBefore([...])
 5 SYSTEMPATH\CodeIgniter.php(481): CodeIgniter\Filters\Filters->run('vendor/products/products_table', 'before')
 6 SYSTEMPATH\CodeIgniter.php(355): CodeIgniter\CodeIgniter->handleRequest(null, Object(Config\Cache), false)
 7 SYSTEMPATH\Boot.php(325): CodeIgniter\CodeIgniter->run()
 8 SYSTEMPATH\Boot.php(67): CodeIgniter\Boot::runCodeIgniter(Object(CodeIgniter\CodeIgniter))
 9 FCPATH\index.php(56): CodeIgniter\Boot::bootWeb(Object(Config\Paths))
WARNING - 2024-10-25 09:53:45 --> [DEPRECATED] Creation of dynamic property IonAuth\Models\IonAuthModel::$messagesTemplates is deprecated in FCPATH\vendor\benedmunds\codeigniter-ion-auth\Models\IonAuthModel.php on line 237.
 1 APPPATH\Libraries\IonAuth.php(71): IonAuth\Models\IonAuthModel->__construct()
 2 APPPATH\Filters\CheckPermissions.php(16): App\Libraries\IonAuth->__construct()
 3 SYSTEMPATH\Filters\Filters.php(197): App\Filters\CheckPermissions->__construct()
 4 SYSTEMPATH\Filters\Filters.php(184): CodeIgniter\Filters\Filters->runBefore([...])
 5 SYSTEMPATH\CodeIgniter.php(481): CodeIgniter\Filters\Filters->run('vendor/products/products_table', 'before')
 6 SYSTEMPATH\CodeIgniter.php(355): CodeIgniter\CodeIgniter->handleRequest(null, Object(Config\Cache), false)
 7 SYSTEMPATH\Boot.php(325): CodeIgniter\CodeIgniter->run()
 8 SYSTEMPATH\Boot.php(67): CodeIgniter\Boot::runCodeIgniter(Object(CodeIgniter\CodeIgniter))
 9 FCPATH\index.php(56): CodeIgniter\Boot::bootWeb(Object(Config\Paths))
WARNING - 2024-10-25 09:53:45 --> [DEPRECATED] Creation of dynamic property IonAuth\Models\IonAuthModel::$join is deprecated in FCPATH\vendor\benedmunds\codeigniter-ion-auth\Models\IonAuthModel.php on line 231.
 1 APPPATH\Libraries\IonAuth.php(71): IonAuth\Models\IonAuthModel->__construct()
 2 APPPATH\Controllers\vendor\Products.php(23): App\Libraries\IonAuth->__construct()
 3 SYSTEMPATH\CodeIgniter.php(903): App\Controllers\vendor\Products->__construct()
 4 SYSTEMPATH\CodeIgniter.php(500): CodeIgniter\CodeIgniter->createController()
 5 SYSTEMPATH\CodeIgniter.php(355): CodeIgniter\CodeIgniter->handleRequest(null, Object(Config\Cache), false)
 6 SYSTEMPATH\Boot.php(325): CodeIgniter\CodeIgniter->run()
 7 SYSTEMPATH\Boot.php(67): CodeIgniter\Boot::runCodeIgniter(Object(CodeIgniter\CodeIgniter))
 8 FCPATH\index.php(56): CodeIgniter\Boot::bootWeb(Object(Config\Paths))
WARNING - 2024-10-25 09:53:45 --> [DEPRECATED] Creation of dynamic property IonAuth\Models\IonAuthModel::$hashMethod is deprecated in FCPATH\vendor\benedmunds\codeigniter-ion-auth\Models\IonAuthModel.php on line 234.
 1 APPPATH\Libraries\IonAuth.php(71): IonAuth\Models\IonAuthModel->__construct()
 2 APPPATH\Controllers\vendor\Products.php(23): App\Libraries\IonAuth->__construct()
 3 SYSTEMPATH\CodeIgniter.php(903): App\Controllers\vendor\Products->__construct()
 4 SYSTEMPATH\CodeIgniter.php(500): CodeIgniter\CodeIgniter->createController()
 5 SYSTEMPATH\CodeIgniter.php(355): CodeIgniter\CodeIgniter->handleRequest(null, Object(Config\Cache), false)
 6 SYSTEMPATH\Boot.php(325): CodeIgniter\CodeIgniter->run()
 7 SYSTEMPATH\Boot.php(67): CodeIgniter\Boot::runCodeIgniter(Object(CodeIgniter\CodeIgniter))
 8 FCPATH\index.php(56): CodeIgniter\Boot::bootWeb(Object(Config\Paths))
WARNING - 2024-10-25 09:53:45 --> [DEPRECATED] Creation of dynamic property IonAuth\Models\IonAuthModel::$messagesTemplates is deprecated in FCPATH\vendor\benedmunds\codeigniter-ion-auth\Models\IonAuthModel.php on line 237.
 1 APPPATH\Libraries\IonAuth.php(71): IonAuth\Models\IonAuthModel->__construct()
 2 APPPATH\Controllers\vendor\Products.php(23): App\Libraries\IonAuth->__construct()
 3 SYSTEMPATH\CodeIgniter.php(903): App\Controllers\vendor\Products->__construct()
 4 SYSTEMPATH\CodeIgniter.php(500): CodeIgniter\CodeIgniter->createController()
 5 SYSTEMPATH\CodeIgniter.php(355): CodeIgniter\CodeIgniter->handleRequest(null, Object(Config\Cache), false)
 6 SYSTEMPATH\Boot.php(325): CodeIgniter\CodeIgniter->run()
 7 SYSTEMPATH\Boot.php(67): CodeIgniter\Boot::runCodeIgniter(Object(CodeIgniter\CodeIgniter))
 8 FCPATH\index.php(56): CodeIgniter\Boot::bootWeb(Object(Config\Paths))
WARNING - 2024-10-25 15:23:45 --> [DEPRECATED] Creation of dynamic property IonAuth\Models\IonAuthModel::$join is deprecated in FCPATH\vendor\benedmunds\codeigniter-ion-auth\Models\IonAuthModel.php on line 231.
 1 APPPATH\Libraries\IonAuth.php(71): IonAuth\Models\IonAuthModel->__construct()
 2 APPPATH\Filters\CheckPermissions.php(16): App\Libraries\IonAuth->__construct()
 3 SYSTEMPATH\Filters\Filters.php(235): App\Filters\CheckPermissions->__construct()
 4 SYSTEMPATH\Filters\Filters.php(188): CodeIgniter\Filters\Filters->runAfter([...])
 5 SYSTEMPATH\CodeIgniter.php(527): CodeIgniter\Filters\Filters->run('vendor/products/products_table', 'after')
 6 SYSTEMPATH\CodeIgniter.php(355): CodeIgniter\CodeIgniter->handleRequest(null, Object(Config\Cache), false)
 7 SYSTEMPATH\Boot.php(325): CodeIgniter\CodeIgniter->run()
 8 SYSTEMPATH\Boot.php(67): CodeIgniter\Boot::runCodeIgniter(Object(CodeIgniter\CodeIgniter))
 9 FCPATH\index.php(56): CodeIgniter\Boot::bootWeb(Object(Config\Paths))
WARNING - 2024-10-25 15:23:45 --> [DEPRECATED] Creation of dynamic property IonAuth\Models\IonAuthModel::$hashMethod is deprecated in FCPATH\vendor\benedmunds\codeigniter-ion-auth\Models\IonAuthModel.php on line 234.
 1 APPPATH\Libraries\IonAuth.php(71): IonAuth\Models\IonAuthModel->__construct()
 2 APPPATH\Filters\CheckPermissions.php(16): App\Libraries\IonAuth->__construct()
 3 SYSTEMPATH\Filters\Filters.php(235): App\Filters\CheckPermissions->__construct()
 4 SYSTEMPATH\Filters\Filters.php(188): CodeIgniter\Filters\Filters->runAfter([...])
 5 SYSTEMPATH\CodeIgniter.php(527): CodeIgniter\Filters\Filters->run('vendor/products/products_table', 'after')
 6 SYSTEMPATH\CodeIgniter.php(355): CodeIgniter\CodeIgniter->handleRequest(null, Object(Config\Cache), false)
 7 SYSTEMPATH\Boot.php(325): CodeIgniter\CodeIgniter->run()
 8 SYSTEMPATH\Boot.php(67): CodeIgniter\Boot::runCodeIgniter(Object(CodeIgniter\CodeIgniter))
 9 FCPATH\index.php(56): CodeIgniter\Boot::bootWeb(Object(Config\Paths))
WARNING - 2024-10-25 15:23:45 --> [DEPRECATED] Creation of dynamic property IonAuth\Models\IonAuthModel::$messagesTemplates is deprecated in FCPATH\vendor\benedmunds\codeigniter-ion-auth\Models\IonAuthModel.php on line 237.
 1 APPPATH\Libraries\IonAuth.php(71): IonAuth\Models\IonAuthModel->__construct()
 2 APPPATH\Filters\CheckPermissions.php(16): App\Libraries\IonAuth->__construct()
 3 SYSTEMPATH\Filters\Filters.php(235): App\Filters\CheckPermissions->__construct()
 4 SYSTEMPATH\Filters\Filters.php(188): CodeIgniter\Filters\Filters->runAfter([...])
 5 SYSTEMPATH\CodeIgniter.php(527): CodeIgniter\Filters\Filters->run('vendor/products/products_table', 'after')
 6 SYSTEMPATH\CodeIgniter.php(355): CodeIgniter\CodeIgniter->handleRequest(null, Object(Config\Cache), false)
 7 SYSTEMPATH\Boot.php(325): CodeIgniter\CodeIgniter->run()
 8 SYSTEMPATH\Boot.php(67): CodeIgniter\Boot::runCodeIgniter(Object(CodeIgniter\CodeIgniter))
 9 FCPATH\index.php(56): CodeIgniter\Boot::bootWeb(Object(Config\Paths))
INFO - 2024-10-25 09:53:45 --> Session: Class initialized using 'CodeIgniter\Session\Handlers\FileHandler' driver.
WARNING - 2024-10-25 09:53:45 --> [DEPRECATED] Creation of dynamic property IonAuth\Models\IonAuthModel::$join is deprecated in FCPATH\vendor\benedmunds\codeigniter-ion-auth\Models\IonAuthModel.php on line 231.
 1 APPPATH\Libraries\IonAuth.php(71): IonAuth\Models\IonAuthModel->__construct()
 2 APPPATH\Filters\CheckPermissions.php(16): App\Libraries\IonAuth->__construct()
 3 SYSTEMPATH\Filters\Filters.php(197): App\Filters\CheckPermissions->__construct()
 4 SYSTEMPATH\Filters\Filters.php(184): CodeIgniter\Filters\Filters->runBefore([...])
 5 SYSTEMPATH\CodeIgniter.php(481): CodeIgniter\Filters\Filters->run('vendor/products/variants_table', 'before')
 6 SYSTEMPATH\CodeIgniter.php(355): CodeIgniter\CodeIgniter->handleRequest(null, Object(Config\Cache), false)
 7 SYSTEMPATH\Boot.php(325): CodeIgniter\CodeIgniter->run()
 8 SYSTEMPATH\Boot.php(67): CodeIgniter\Boot::runCodeIgniter(Object(CodeIgniter\CodeIgniter))
 9 FCPATH\index.php(56): CodeIgniter\Boot::bootWeb(Object(Config\Paths))
WARNING - 2024-10-25 09:53:45 --> [DEPRECATED] Creation of dynamic property IonAuth\Models\IonAuthModel::$hashMethod is deprecated in FCPATH\vendor\benedmunds\codeigniter-ion-auth\Models\IonAuthModel.php on line 234.
 1 APPPATH\Libraries\IonAuth.php(71): IonAuth\Models\IonAuthModel->__construct()
 2 APPPATH\Filters\CheckPermissions.php(16): App\Libraries\IonAuth->__construct()
 3 SYSTEMPATH\Filters\Filters.php(197): App\Filters\CheckPermissions->__construct()
 4 SYSTEMPATH\Filters\Filters.php(184): CodeIgniter\Filters\Filters->runBefore([...])
 5 SYSTEMPATH\CodeIgniter.php(481): CodeIgniter\Filters\Filters->run('vendor/products/variants_table', 'before')
 6 SYSTEMPATH\CodeIgniter.php(355): CodeIgniter\CodeIgniter->handleRequest(null, Object(Config\Cache), false)
 7 SYSTEMPATH\Boot.php(325): CodeIgniter\CodeIgniter->run()
 8 SYSTEMPATH\Boot.php(67): CodeIgniter\Boot::runCodeIgniter(Object(CodeIgniter\CodeIgniter))
 9 FCPATH\index.php(56): CodeIgniter\Boot::bootWeb(Object(Config\Paths))
WARNING - 2024-10-25 09:53:45 --> [DEPRECATED] Creation of dynamic property IonAuth\Models\IonAuthModel::$messagesTemplates is deprecated in FCPATH\vendor\benedmunds\codeigniter-ion-auth\Models\IonAuthModel.php on line 237.
 1 APPPATH\Libraries\IonAuth.php(71): IonAuth\Models\IonAuthModel->__construct()
 2 APPPATH\Filters\CheckPermissions.php(16): App\Libraries\IonAuth->__construct()
 3 SYSTEMPATH\Filters\Filters.php(197): App\Filters\CheckPermissions->__construct()
 4 SYSTEMPATH\Filters\Filters.php(184): CodeIgniter\Filters\Filters->runBefore([...])
 5 SYSTEMPATH\CodeIgniter.php(481): CodeIgniter\Filters\Filters->run('vendor/products/variants_table', 'before')
 6 SYSTEMPATH\CodeIgniter.php(355): CodeIgniter\CodeIgniter->handleRequest(null, Object(Config\Cache), false)
 7 SYSTEMPATH\Boot.php(325): CodeIgniter\CodeIgniter->run()
 8 SYSTEMPATH\Boot.php(67): CodeIgniter\Boot::runCodeIgniter(Object(CodeIgniter\CodeIgniter))
 9 FCPATH\index.php(56): CodeIgniter\Boot::bootWeb(Object(Config\Paths))
WARNING - 2024-10-25 09:53:45 --> [DEPRECATED] Creation of dynamic property IonAuth\Models\IonAuthModel::$join is deprecated in FCPATH\vendor\benedmunds\codeigniter-ion-auth\Models\IonAuthModel.php on line 231.
 1 APPPATH\Libraries\IonAuth.php(71): IonAuth\Models\IonAuthModel->__construct()
 2 APPPATH\Controllers\vendor\Products.php(23): App\Libraries\IonAuth->__construct()
 3 SYSTEMPATH\CodeIgniter.php(903): App\Controllers\vendor\Products->__construct()
 4 SYSTEMPATH\CodeIgniter.php(500): CodeIgniter\CodeIgniter->createController()
 5 SYSTEMPATH\CodeIgniter.php(355): CodeIgniter\CodeIgniter->handleRequest(null, Object(Config\Cache), false)
 6 SYSTEMPATH\Boot.php(325): CodeIgniter\CodeIgniter->run()
 7 SYSTEMPATH\Boot.php(67): CodeIgniter\Boot::runCodeIgniter(Object(CodeIgniter\CodeIgniter))
 8 FCPATH\index.php(56): CodeIgniter\Boot::bootWeb(Object(Config\Paths))
WARNING - 2024-10-25 09:53:45 --> [DEPRECATED] Creation of dynamic property IonAuth\Models\IonAuthModel::$hashMethod is deprecated in FCPATH\vendor\benedmunds\codeigniter-ion-auth\Models\IonAuthModel.php on line 234.
 1 APPPATH\Libraries\IonAuth.php(71): IonAuth\Models\IonAuthModel->__construct()
 2 APPPATH\Controllers\vendor\Products.php(23): App\Libraries\IonAuth->__construct()
 3 SYSTEMPATH\CodeIgniter.php(903): App\Controllers\vendor\Products->__construct()
 4 SYSTEMPATH\CodeIgniter.php(500): CodeIgniter\CodeIgniter->createController()
 5 SYSTEMPATH\CodeIgniter.php(355): CodeIgniter\CodeIgniter->handleRequest(null, Object(Config\Cache), false)
 6 SYSTEMPATH\Boot.php(325): CodeIgniter\CodeIgniter->run()
 7 SYSTEMPATH\Boot.php(67): CodeIgniter\Boot::runCodeIgniter(Object(CodeIgniter\CodeIgniter))
 8 FCPATH\index.php(56): CodeIgniter\Boot::bootWeb(Object(Config\Paths))
WARNING - 2024-10-25 09:53:45 --> [DEPRECATED] Creation of dynamic property IonAuth\Models\IonAuthModel::$messagesTemplates is deprecated in FCPATH\vendor\benedmunds\codeigniter-ion-auth\Models\IonAuthModel.php on line 237.
 1 APPPATH\Libraries\IonAuth.php(71): IonAuth\Models\IonAuthModel->__construct()
 2 APPPATH\Controllers\vendor\Products.php(23): App\Libraries\IonAuth->__construct()
 3 SYSTEMPATH\CodeIgniter.php(903): App\Controllers\vendor\Products->__construct()
 4 SYSTEMPATH\CodeIgniter.php(500): CodeIgniter\CodeIgniter->createController()
 5 SYSTEMPATH\CodeIgniter.php(355): CodeIgniter\CodeIgniter->handleRequest(null, Object(Config\Cache), false)
 6 SYSTEMPATH\Boot.php(325): CodeIgniter\CodeIgniter->run()
 7 SYSTEMPATH\Boot.php(67): CodeIgniter\Boot::runCodeIgniter(Object(CodeIgniter\CodeIgniter))
 8 FCPATH\index.php(56): CodeIgniter\Boot::bootWeb(Object(Config\Paths))
WARNING - 2024-10-25 15:23:45 --> [DEPRECATED] Creation of dynamic property IonAuth\Models\IonAuthModel::$join is deprecated in FCPATH\vendor\benedmunds\codeigniter-ion-auth\Models\IonAuthModel.php on line 231.
 1 APPPATH\Libraries\IonAuth.php(71): IonAuth\Models\IonAuthModel->__construct()
 2 APPPATH\Filters\CheckPermissions.php(16): App\Libraries\IonAuth->__construct()
 3 SYSTEMPATH\Filters\Filters.php(235): App\Filters\CheckPermissions->__construct()
 4 SYSTEMPATH\Filters\Filters.php(188): CodeIgniter\Filters\Filters->runAfter([...])
 5 SYSTEMPATH\CodeIgniter.php(527): CodeIgniter\Filters\Filters->run('vendor/products/variants_table', 'after')
 6 SYSTEMPATH\CodeIgniter.php(355): CodeIgniter\CodeIgniter->handleRequest(null, Object(Config\Cache), false)
 7 SYSTEMPATH\Boot.php(325): CodeIgniter\CodeIgniter->run()
 8 SYSTEMPATH\Boot.php(67): CodeIgniter\Boot::runCodeIgniter(Object(CodeIgniter\CodeIgniter))
 9 FCPATH\index.php(56): CodeIgniter\Boot::bootWeb(Object(Config\Paths))
WARNING - 2024-10-25 15:23:45 --> [DEPRECATED] Creation of dynamic property IonAuth\Models\IonAuthModel::$hashMethod is deprecated in FCPATH\vendor\benedmunds\codeigniter-ion-auth\Models\IonAuthModel.php on line 234.
 1 APPPATH\Libraries\IonAuth.php(71): IonAuth\Models\IonAuthModel->__construct()
 2 APPPATH\Filters\CheckPermissions.php(16): App\Libraries\IonAuth->__construct()
 3 SYSTEMPATH\Filters\Filters.php(235): App\Filters\CheckPermissions->__construct()
 4 SYSTEMPATH\Filters\Filters.php(188): CodeIgniter\Filters\Filters->runAfter([...])
 5 SYSTEMPATH\CodeIgniter.php(527): CodeIgniter\Filters\Filters->run('vendor/products/variants_table', 'after')
 6 SYSTEMPATH\CodeIgniter.php(355): CodeIgniter\CodeIgniter->handleRequest(null, Object(Config\Cache), false)
 7 SYSTEMPATH\Boot.php(325): CodeIgniter\CodeIgniter->run()
 8 SYSTEMPATH\Boot.php(67): CodeIgniter\Boot::runCodeIgniter(Object(CodeIgniter\CodeIgniter))
 9 FCPATH\index.php(56): CodeIgniter\Boot::bootWeb(Object(Config\Paths))
WARNING - 2024-10-25 15:23:45 --> [DEPRECATED] Creation of dynamic property IonAuth\Models\IonAuthModel::$messagesTemplates is deprecated in FCPATH\vendor\benedmunds\codeigniter-ion-auth\Models\IonAuthModel.php on line 237.
 1 APPPATH\Libraries\IonAuth.php(71): IonAuth\Models\IonAuthModel->__construct()
 2 APPPATH\Filters\CheckPermissions.php(16): App\Libraries\IonAuth->__construct()
 3 SYSTEMPATH\Filters\Filters.php(235): App\Filters\CheckPermissions->__construct()
 4 SYSTEMPATH\Filters\Filters.php(188): CodeIgniter\Filters\Filters->runAfter([...])
 5 SYSTEMPATH\CodeIgniter.php(527): CodeIgniter\Filters\Filters->run('vendor/products/variants_table', 'after')
 6 SYSTEMPATH\CodeIgniter.php(355): CodeIgniter\CodeIgniter->handleRequest(null, Object(Config\Cache), false)
 7 SYSTEMPATH\Boot.php(325): CodeIgniter\CodeIgniter->run()
 8 SYSTEMPATH\Boot.php(67): CodeIgniter\Boot::runCodeIgniter(Object(CodeIgniter\CodeIgniter))
 9 FCPATH\index.php(56): CodeIgniter\Boot::bootWeb(Object(Config\Paths))
INFO - 2024-10-25 09:53:45 --> Session: Class initialized using 'CodeIgniter\Session\Handlers\FileHandler' driver.
WARNING - 2024-10-25 09:53:45 --> [DEPRECATED] Creation of dynamic property IonAuth\Models\IonAuthModel::$join is deprecated in FCPATH\vendor\benedmunds\codeigniter-ion-auth\Models\IonAuthModel.php on line 231.
 1 APPPATH\Libraries\IonAuth.php(71): IonAuth\Models\IonAuthModel->__construct()
 2 APPPATH\Filters\CheckPermissions.php(16): App\Libraries\IonAuth->__construct()
 3 SYSTEMPATH\Filters\Filters.php(197): App\Filters\CheckPermissions->__construct()
 4 SYSTEMPATH\Filters\Filters.php(184): CodeIgniter\Filters\Filters->runBefore([...])
 5 SYSTEMPATH\CodeIgniter.php(481): CodeIgniter\Filters\Filters->run('vendor/products/stock_alert', 'before')
 6 SYSTEMPATH\CodeIgniter.php(355): CodeIgniter\CodeIgniter->handleRequest(null, Object(Config\Cache), false)
 7 SYSTEMPATH\Boot.php(325): CodeIgniter\CodeIgniter->run()
 8 SYSTEMPATH\Boot.php(67): CodeIgniter\Boot::runCodeIgniter(Object(CodeIgniter\CodeIgniter))
 9 FCPATH\index.php(56): CodeIgniter\Boot::bootWeb(Object(Config\Paths))
WARNING - 2024-10-25 09:53:45 --> [DEPRECATED] Creation of dynamic property IonAuth\Models\IonAuthModel::$hashMethod is deprecated in FCPATH\vendor\benedmunds\codeigniter-ion-auth\Models\IonAuthModel.php on line 234.
 1 APPPATH\Libraries\IonAuth.php(71): IonAuth\Models\IonAuthModel->__construct()
 2 APPPATH\Filters\CheckPermissions.php(16): App\Libraries\IonAuth->__construct()
 3 SYSTEMPATH\Filters\Filters.php(197): App\Filters\CheckPermissions->__construct()
 4 SYSTEMPATH\Filters\Filters.php(184): CodeIgniter\Filters\Filters->runBefore([...])
 5 SYSTEMPATH\CodeIgniter.php(481): CodeIgniter\Filters\Filters->run('vendor/products/stock_alert', 'before')
 6 SYSTEMPATH\CodeIgniter.php(355): CodeIgniter\CodeIgniter->handleRequest(null, Object(Config\Cache), false)
 7 SYSTEMPATH\Boot.php(325): CodeIgniter\CodeIgniter->run()
 8 SYSTEMPATH\Boot.php(67): CodeIgniter\Boot::runCodeIgniter(Object(CodeIgniter\CodeIgniter))
 9 FCPATH\index.php(56): CodeIgniter\Boot::bootWeb(Object(Config\Paths))
WARNING - 2024-10-25 09:53:45 --> [DEPRECATED] Creation of dynamic property IonAuth\Models\IonAuthModel::$messagesTemplates is deprecated in FCPATH\vendor\benedmunds\codeigniter-ion-auth\Models\IonAuthModel.php on line 237.
 1 APPPATH\Libraries\IonAuth.php(71): IonAuth\Models\IonAuthModel->__construct()
 2 APPPATH\Filters\CheckPermissions.php(16): App\Libraries\IonAuth->__construct()
 3 SYSTEMPATH\Filters\Filters.php(197): App\Filters\CheckPermissions->__construct()
 4 SYSTEMPATH\Filters\Filters.php(184): CodeIgniter\Filters\Filters->runBefore([...])
 5 SYSTEMPATH\CodeIgniter.php(481): CodeIgniter\Filters\Filters->run('vendor/products/stock_alert', 'before')
 6 SYSTEMPATH\CodeIgniter.php(355): CodeIgniter\CodeIgniter->handleRequest(null, Object(Config\Cache), false)
 7 SYSTEMPATH\Boot.php(325): CodeIgniter\CodeIgniter->run()
 8 SYSTEMPATH\Boot.php(67): CodeIgniter\Boot::runCodeIgniter(Object(CodeIgniter\CodeIgniter))
 9 FCPATH\index.php(56): CodeIgniter\Boot::bootWeb(Object(Config\Paths))
WARNING - 2024-10-25 09:53:45 --> [DEPRECATED] Creation of dynamic property IonAuth\Models\IonAuthModel::$join is deprecated in FCPATH\vendor\benedmunds\codeigniter-ion-auth\Models\IonAuthModel.php on line 231.
 1 APPPATH\Libraries\IonAuth.php(71): IonAuth\Models\IonAuthModel->__construct()
 2 APPPATH\Controllers\vendor\Products.php(23): App\Libraries\IonAuth->__construct()
 3 SYSTEMPATH\CodeIgniter.php(903): App\Controllers\vendor\Products->__construct()
 4 SYSTEMPATH\CodeIgniter.php(500): CodeIgniter\CodeIgniter->createController()
 5 SYSTEMPATH\CodeIgniter.php(355): CodeIgniter\CodeIgniter->handleRequest(null, Object(Config\Cache), false)
 6 SYSTEMPATH\Boot.php(325): CodeIgniter\CodeIgniter->run()
 7 SYSTEMPATH\Boot.php(67): CodeIgniter\Boot::runCodeIgniter(Object(CodeIgniter\CodeIgniter))
 8 FCPATH\index.php(56): CodeIgniter\Boot::bootWeb(Object(Config\Paths))
WARNING - 2024-10-25 09:53:45 --> [DEPRECATED] Creation of dynamic property IonAuth\Models\IonAuthModel::$hashMethod is deprecated in FCPATH\vendor\benedmunds\codeigniter-ion-auth\Models\IonAuthModel.php on line 234.
 1 APPPATH\Libraries\IonAuth.php(71): IonAuth\Models\IonAuthModel->__construct()
 2 APPPATH\Controllers\vendor\Products.php(23): App\Libraries\IonAuth->__construct()
 3 SYSTEMPATH\CodeIgniter.php(903): App\Controllers\vendor\Products->__construct()
 4 SYSTEMPATH\CodeIgniter.php(500): CodeIgniter\CodeIgniter->createController()
 5 SYSTEMPATH\CodeIgniter.php(355): CodeIgniter\CodeIgniter->handleRequest(null, Object(Config\Cache), false)
 6 SYSTEMPATH\Boot.php(325): CodeIgniter\CodeIgniter->run()
 7 SYSTEMPATH\Boot.php(67): CodeIgniter\Boot::runCodeIgniter(Object(CodeIgniter\CodeIgniter))
 8 FCPATH\index.php(56): CodeIgniter\Boot::bootWeb(Object(Config\Paths))
WARNING - 2024-10-25 09:53:45 --> [DEPRECATED] Creation of dynamic property IonAuth\Models\IonAuthModel::$messagesTemplates is deprecated in FCPATH\vendor\benedmunds\codeigniter-ion-auth\Models\IonAuthModel.php on line 237.
 1 APPPATH\Libraries\IonAuth.php(71): IonAuth\Models\IonAuthModel->__construct()
 2 APPPATH\Controllers\vendor\Products.php(23): App\Libraries\IonAuth->__construct()
 3 SYSTEMPATH\CodeIgniter.php(903): App\Controllers\vendor\Products->__construct()
 4 SYSTEMPATH\CodeIgniter.php(500): CodeIgniter\CodeIgniter->createController()
 5 SYSTEMPATH\CodeIgniter.php(355): CodeIgniter\CodeIgniter->handleRequest(null, Object(Config\Cache), false)
 6 SYSTEMPATH\Boot.php(325): CodeIgniter\CodeIgniter->run()
 7 SYSTEMPATH\Boot.php(67): CodeIgniter\Boot::runCodeIgniter(Object(CodeIgniter\CodeIgniter))
 8 FCPATH\index.php(56): CodeIgniter\Boot::bootWeb(Object(Config\Paths))
CRITICAL - 2024-10-25 15:23:45 --> ErrorException: Undefined variable $array
[Method: GET, Route: vendor/products/stock_alert]
in APPPATH\Controllers\vendor\Products.php on line 1151.
 1 APPPATH\Controllers\vendor\Products.php(1151): CodeIgniter\Debug\Exceptions->errorHandler(2, 'Undefined variable $array', 'C:\\xampp1\\htdocs\\Maareeye-sass-git\\app\\Controllers\\vendor\\Products.php', 1151)
 2 SYSTEMPATH\CodeIgniter.php(933): App\Controllers\vendor\Products->stock_alert()
 3 SYSTEMPATH\CodeIgniter.php(509): CodeIgniter\CodeIgniter->runController(Object(App\Controllers\vendor\Products))
 4 SYSTEMPATH\CodeIgniter.php(355): CodeIgniter\CodeIgniter->handleRequest(null, Object(Config\Cache), false)
 5 SYSTEMPATH\Boot.php(325): CodeIgniter\CodeIgniter->run()
 6 SYSTEMPATH\Boot.php(67): CodeIgniter\Boot::runCodeIgniter(Object(CodeIgniter\CodeIgniter))
 7 FCPATH\index.php(56): CodeIgniter\Boot::bootWeb(Object(Config\Paths))
INFO - 2024-10-25 09:53:46 --> Session: Class initialized using 'CodeIgniter\Session\Handlers\FileHandler' driver.
WARNING - 2024-10-25 09:53:46 --> [DEPRECATED] Creation of dynamic property IonAuth\Models\IonAuthModel::$join is deprecated in FCPATH\vendor\benedmunds\codeigniter-ion-auth\Models\IonAuthModel.php on line 231.
 1 APPPATH\Libraries\IonAuth.php(71): IonAuth\Models\IonAuthModel->__construct()
 2 APPPATH\Filters\CheckPermissions.php(16): App\Libraries\IonAuth->__construct()
 3 SYSTEMPATH\Filters\Filters.php(197): App\Filters\CheckPermissions->__construct()
 4 SYSTEMPATH\Filters\Filters.php(184): CodeIgniter\Filters\Filters->runBefore([...])
 5 SYSTEMPATH\CodeIgniter.php(481): CodeIgniter\Filters\Filters->run('vendor/products/add_products', 'before')
 6 SYSTEMPATH\CodeIgniter.php(355): CodeIgniter\CodeIgniter->handleRequest(null, Object(Config\Cache), false)
 7 SYSTEMPATH\Boot.php(325): CodeIgniter\CodeIgniter->run()
 8 SYSTEMPATH\Boot.php(67): CodeIgniter\Boot::runCodeIgniter(Object(CodeIgniter\CodeIgniter))
 9 FCPATH\index.php(56): CodeIgniter\Boot::bootWeb(Object(Config\Paths))
WARNING - 2024-10-25 09:53:46 --> [DEPRECATED] Creation of dynamic property IonAuth\Models\IonAuthModel::$hashMethod is deprecated in FCPATH\vendor\benedmunds\codeigniter-ion-auth\Models\IonAuthModel.php on line 234.
 1 APPPATH\Libraries\IonAuth.php(71): IonAuth\Models\IonAuthModel->__construct()
 2 APPPATH\Filters\CheckPermissions.php(16): App\Libraries\IonAuth->__construct()
 3 SYSTEMPATH\Filters\Filters.php(197): App\Filters\CheckPermissions->__construct()
 4 SYSTEMPATH\Filters\Filters.php(184): CodeIgniter\Filters\Filters->runBefore([...])
 5 SYSTEMPATH\CodeIgniter.php(481): CodeIgniter\Filters\Filters->run('vendor/products/add_products', 'before')
 6 SYSTEMPATH\CodeIgniter.php(355): CodeIgniter\CodeIgniter->handleRequest(null, Object(Config\Cache), false)
 7 SYSTEMPATH\Boot.php(325): CodeIgniter\CodeIgniter->run()
 8 SYSTEMPATH\Boot.php(67): CodeIgniter\Boot::runCodeIgniter(Object(CodeIgniter\CodeIgniter))
 9 FCPATH\index.php(56): CodeIgniter\Boot::bootWeb(Object(Config\Paths))
WARNING - 2024-10-25 09:53:46 --> [DEPRECATED] Creation of dynamic property IonAuth\Models\IonAuthModel::$messagesTemplates is deprecated in FCPATH\vendor\benedmunds\codeigniter-ion-auth\Models\IonAuthModel.php on line 237.
 1 APPPATH\Libraries\IonAuth.php(71): IonAuth\Models\IonAuthModel->__construct()
 2 APPPATH\Filters\CheckPermissions.php(16): App\Libraries\IonAuth->__construct()
 3 SYSTEMPATH\Filters\Filters.php(197): App\Filters\CheckPermissions->__construct()
 4 SYSTEMPATH\Filters\Filters.php(184): CodeIgniter\Filters\Filters->runBefore([...])
 5 SYSTEMPATH\CodeIgniter.php(481): CodeIgniter\Filters\Filters->run('vendor/products/add_products', 'before')
 6 SYSTEMPATH\CodeIgniter.php(355): CodeIgniter\CodeIgniter->handleRequest(null, Object(Config\Cache), false)
 7 SYSTEMPATH\Boot.php(325): CodeIgniter\CodeIgniter->run()
 8 SYSTEMPATH\Boot.php(67): CodeIgniter\Boot::runCodeIgniter(Object(CodeIgniter\CodeIgniter))
 9 FCPATH\index.php(56): CodeIgniter\Boot::bootWeb(Object(Config\Paths))
WARNING - 2024-10-25 09:53:46 --> [DEPRECATED] Creation of dynamic property IonAuth\Models\IonAuthModel::$join is deprecated in FCPATH\vendor\benedmunds\codeigniter-ion-auth\Models\IonAuthModel.php on line 231.
 1 APPPATH\Libraries\IonAuth.php(71): IonAuth\Models\IonAuthModel->__construct()
 2 APPPATH\Controllers\vendor\Products.php(23): App\Libraries\IonAuth->__construct()
 3 SYSTEMPATH\CodeIgniter.php(903): App\Controllers\vendor\Products->__construct()
 4 SYSTEMPATH\CodeIgniter.php(500): CodeIgniter\CodeIgniter->createController()
 5 SYSTEMPATH\CodeIgniter.php(355): CodeIgniter\CodeIgniter->handleRequest(null, Object(Config\Cache), false)
 6 SYSTEMPATH\Boot.php(325): CodeIgniter\CodeIgniter->run()
 7 SYSTEMPATH\Boot.php(67): CodeIgniter\Boot::runCodeIgniter(Object(CodeIgniter\CodeIgniter))
 8 FCPATH\index.php(56): CodeIgniter\Boot::bootWeb(Object(Config\Paths))
WARNING - 2024-10-25 09:53:46 --> [DEPRECATED] Creation of dynamic property IonAuth\Models\IonAuthModel::$hashMethod is deprecated in FCPATH\vendor\benedmunds\codeigniter-ion-auth\Models\IonAuthModel.php on line 234.
 1 APPPATH\Libraries\IonAuth.php(71): IonAuth\Models\IonAuthModel->__construct()
 2 APPPATH\Controllers\vendor\Products.php(23): App\Libraries\IonAuth->__construct()
 3 SYSTEMPATH\CodeIgniter.php(903): App\Controllers\vendor\Products->__construct()
 4 SYSTEMPATH\CodeIgniter.php(500): CodeIgniter\CodeIgniter->createController()
 5 SYSTEMPATH\CodeIgniter.php(355): CodeIgniter\CodeIgniter->handleRequest(null, Object(Config\Cache), false)
 6 SYSTEMPATH\Boot.php(325): CodeIgniter\CodeIgniter->run()
 7 SYSTEMPATH\Boot.php(67): CodeIgniter\Boot::runCodeIgniter(Object(CodeIgniter\CodeIgniter))
 8 FCPATH\index.php(56): CodeIgniter\Boot::bootWeb(Object(Config\Paths))
WARNING - 2024-10-25 09:53:46 --> [DEPRECATED] Creation of dynamic property IonAuth\Models\IonAuthModel::$messagesTemplates is deprecated in FCPATH\vendor\benedmunds\codeigniter-ion-auth\Models\IonAuthModel.php on line 237.
 1 APPPATH\Libraries\IonAuth.php(71): IonAuth\Models\IonAuthModel->__construct()
 2 APPPATH\Controllers\vendor\Products.php(23): App\Libraries\IonAuth->__construct()
 3 SYSTEMPATH\CodeIgniter.php(903): App\Controllers\vendor\Products->__construct()
 4 SYSTEMPATH\CodeIgniter.php(500): CodeIgniter\CodeIgniter->createController()
 5 SYSTEMPATH\CodeIgniter.php(355): CodeIgniter\CodeIgniter->handleRequest(null, Object(Config\Cache), false)
 6 SYSTEMPATH\Boot.php(325): CodeIgniter\CodeIgniter->run()
 7 SYSTEMPATH\Boot.php(67): CodeIgniter\Boot::runCodeIgniter(Object(CodeIgniter\CodeIgniter))
 8 FCPATH\index.php(56): CodeIgniter\Boot::bootWeb(Object(Config\Paths))
WARNING - 2024-10-25 15:23:46 --> [DEPRECATED] Creation of dynamic property IonAuth\Models\IonAuthModel::$join is deprecated in FCPATH\vendor\benedmunds\codeigniter-ion-auth\Models\IonAuthModel.php on line 231.
 1 APPPATH\Libraries\IonAuth.php(71): IonAuth\Models\IonAuthModel->__construct()
 2 APPPATH\Filters\CheckPermissions.php(16): App\Libraries\IonAuth->__construct()
 3 SYSTEMPATH\Filters\Filters.php(235): App\Filters\CheckPermissions->__construct()
 4 SYSTEMPATH\Filters\Filters.php(188): CodeIgniter\Filters\Filters->runAfter([...])
 5 SYSTEMPATH\CodeIgniter.php(527): CodeIgniter\Filters\Filters->run('vendor/products/add_products', 'after')
 6 SYSTEMPATH\CodeIgniter.php(355): CodeIgniter\CodeIgniter->handleRequest(null, Object(Config\Cache), false)
 7 SYSTEMPATH\Boot.php(325): CodeIgniter\CodeIgniter->run()
 8 SYSTEMPATH\Boot.php(67): CodeIgniter\Boot::runCodeIgniter(Object(CodeIgniter\CodeIgniter))
 9 FCPATH\index.php(56): CodeIgniter\Boot::bootWeb(Object(Config\Paths))
WARNING - 2024-10-25 15:23:46 --> [DEPRECATED] Creation of dynamic property IonAuth\Models\IonAuthModel::$hashMethod is deprecated in FCPATH\vendor\benedmunds\codeigniter-ion-auth\Models\IonAuthModel.php on line 234.
 1 APPPATH\Libraries\IonAuth.php(71): IonAuth\Models\IonAuthModel->__construct()
 2 APPPATH\Filters\CheckPermissions.php(16): App\Libraries\IonAuth->__construct()
 3 SYSTEMPATH\Filters\Filters.php(235): App\Filters\CheckPermissions->__construct()
 4 SYSTEMPATH\Filters\Filters.php(188): CodeIgniter\Filters\Filters->runAfter([...])
 5 SYSTEMPATH\CodeIgniter.php(527): CodeIgniter\Filters\Filters->run('vendor/products/add_products', 'after')
 6 SYSTEMPATH\CodeIgniter.php(355): CodeIgniter\CodeIgniter->handleRequest(null, Object(Config\Cache), false)
 7 SYSTEMPATH\Boot.php(325): CodeIgniter\CodeIgniter->run()
 8 SYSTEMPATH\Boot.php(67): CodeIgniter\Boot::runCodeIgniter(Object(CodeIgniter\CodeIgniter))
 9 FCPATH\index.php(56): CodeIgniter\Boot::bootWeb(Object(Config\Paths))
WARNING - 2024-10-25 15:23:46 --> [DEPRECATED] Creation of dynamic property IonAuth\Models\IonAuthModel::$messagesTemplates is deprecated in FCPATH\vendor\benedmunds\codeigniter-ion-auth\Models\IonAuthModel.php on line 237.
 1 APPPATH\Libraries\IonAuth.php(71): IonAuth\Models\IonAuthModel->__construct()
 2 APPPATH\Filters\CheckPermissions.php(16): App\Libraries\IonAuth->__construct()
 3 SYSTEMPATH\Filters\Filters.php(235): App\Filters\CheckPermissions->__construct()
 4 SYSTEMPATH\Filters\Filters.php(188): CodeIgniter\Filters\Filters->runAfter([...])
 5 SYSTEMPATH\CodeIgniter.php(527): CodeIgniter\Filters\Filters->run('vendor/products/add_products', 'after')
 6 SYSTEMPATH\CodeIgniter.php(355): CodeIgniter\CodeIgniter->handleRequest(null, Object(Config\Cache), false)
 7 SYSTEMPATH\Boot.php(325): CodeIgniter\CodeIgniter->run()
 8 SYSTEMPATH\Boot.php(67): CodeIgniter\Boot::runCodeIgniter(Object(CodeIgniter\CodeIgniter))
 9 FCPATH\index.php(56): CodeIgniter\Boot::bootWeb(Object(Config\Paths))
INFO - 2024-10-25 09:53:47 --> Session: Class initialized using 'CodeIgniter\Session\Handlers\FileHandler' driver.
WARNING - 2024-10-25 09:53:47 --> [DEPRECATED] Creation of dynamic property IonAuth\Models\IonAuthModel::$join is deprecated in FCPATH\vendor\benedmunds\codeigniter-ion-auth\Models\IonAuthModel.php on line 231.
 1 APPPATH\Libraries\IonAuth.php(71): IonAuth\Models\IonAuthModel->__construct()
 2 APPPATH\Controllers\vendor\Products.php(23): App\Libraries\IonAuth->__construct()
 3 SYSTEMPATH\CodeIgniter.php(903): App\Controllers\vendor\Products->__construct()
 4 SYSTEMPATH\CodeIgniter.php(500): CodeIgniter\CodeIgniter->createController()
 5 SYSTEMPATH\CodeIgniter.php(355): CodeIgniter\CodeIgniter->handleRequest(null, Object(Config\Cache), false)
 6 SYSTEMPATH\Boot.php(325): CodeIgniter\CodeIgniter->run()
 7 SYSTEMPATH\Boot.php(67): CodeIgniter\Boot::runCodeIgniter(Object(CodeIgniter\CodeIgniter))
 8 FCPATH\index.php(56): CodeIgniter\Boot::bootWeb(Object(Config\Paths))
WARNING - 2024-10-25 09:53:47 --> [DEPRECATED] Creation of dynamic property IonAuth\Models\IonAuthModel::$hashMethod is deprecated in FCPATH\vendor\benedmunds\codeigniter-ion-auth\Models\IonAuthModel.php on line 234.
 1 APPPATH\Libraries\IonAuth.php(71): IonAuth\Models\IonAuthModel->__construct()
 2 APPPATH\Controllers\vendor\Products.php(23): App\Libraries\IonAuth->__construct()
 3 SYSTEMPATH\CodeIgniter.php(903): App\Controllers\vendor\Products->__construct()
 4 SYSTEMPATH\CodeIgniter.php(500): CodeIgniter\CodeIgniter->createController()
 5 SYSTEMPATH\CodeIgniter.php(355): CodeIgniter\CodeIgniter->handleRequest(null, Object(Config\Cache), false)
 6 SYSTEMPATH\Boot.php(325): CodeIgniter\CodeIgniter->run()
 7 SYSTEMPATH\Boot.php(67): CodeIgniter\Boot::runCodeIgniter(Object(CodeIgniter\CodeIgniter))
 8 FCPATH\index.php(56): CodeIgniter\Boot::bootWeb(Object(Config\Paths))
WARNING - 2024-10-25 09:53:47 --> [DEPRECATED] Creation of dynamic property IonAuth\Models\IonAuthModel::$messagesTemplates is deprecated in FCPATH\vendor\benedmunds\codeigniter-ion-auth\Models\IonAuthModel.php on line 237.
 1 APPPATH\Libraries\IonAuth.php(71): IonAuth\Models\IonAuthModel->__construct()
 2 APPPATH\Controllers\vendor\Products.php(23): App\Libraries\IonAuth->__construct()
 3 SYSTEMPATH\CodeIgniter.php(903): App\Controllers\vendor\Products->__construct()
 4 SYSTEMPATH\CodeIgniter.php(500): CodeIgniter\CodeIgniter->createController()
 5 SYSTEMPATH\CodeIgniter.php(355): CodeIgniter\CodeIgniter->handleRequest(null, Object(Config\Cache), false)
 6 SYSTEMPATH\Boot.php(325): CodeIgniter\CodeIgniter->run()
 7 SYSTEMPATH\Boot.php(67): CodeIgniter\Boot::runCodeIgniter(Object(CodeIgniter\CodeIgniter))
 8 FCPATH\index.php(56): CodeIgniter\Boot::bootWeb(Object(Config\Paths))
INFO - 2024-10-25 09:53:47 --> Session: Class initialized using 'CodeIgniter\Session\Handlers\FileHandler' driver.
WARNING - 2024-10-25 09:53:47 --> [DEPRECATED] Creation of dynamic property IonAuth\Models\IonAuthModel::$join is deprecated in FCPATH\vendor\benedmunds\codeigniter-ion-auth\Models\IonAuthModel.php on line 231.
 1 APPPATH\Libraries\IonAuth.php(71): IonAuth\Models\IonAuthModel->__construct()
 2 APPPATH\Filters\CheckPermissions.php(16): App\Libraries\IonAuth->__construct()
 3 SYSTEMPATH\Filters\Filters.php(197): App\Filters\CheckPermissions->__construct()
 4 SYSTEMPATH\Filters\Filters.php(184): CodeIgniter\Filters\Filters->runBefore([...])
 5 SYSTEMPATH\CodeIgniter.php(481): CodeIgniter\Filters\Filters->run('vendor/products/stock_alert', 'before')
 6 SYSTEMPATH\CodeIgniter.php(355): CodeIgniter\CodeIgniter->handleRequest(null, Object(Config\Cache), false)
 7 SYSTEMPATH\Boot.php(325): CodeIgniter\CodeIgniter->run()
 8 SYSTEMPATH\Boot.php(67): CodeIgniter\Boot::runCodeIgniter(Object(CodeIgniter\CodeIgniter))
 9 FCPATH\index.php(56): CodeIgniter\Boot::bootWeb(Object(Config\Paths))
WARNING - 2024-10-25 09:53:47 --> [DEPRECATED] Creation of dynamic property IonAuth\Models\IonAuthModel::$hashMethod is deprecated in FCPATH\vendor\benedmunds\codeigniter-ion-auth\Models\IonAuthModel.php on line 234.
 1 APPPATH\Libraries\IonAuth.php(71): IonAuth\Models\IonAuthModel->__construct()
 2 APPPATH\Filters\CheckPermissions.php(16): App\Libraries\IonAuth->__construct()
 3 SYSTEMPATH\Filters\Filters.php(197): App\Filters\CheckPermissions->__construct()
 4 SYSTEMPATH\Filters\Filters.php(184): CodeIgniter\Filters\Filters->runBefore([...])
 5 SYSTEMPATH\CodeIgniter.php(481): CodeIgniter\Filters\Filters->run('vendor/products/stock_alert', 'before')
 6 SYSTEMPATH\CodeIgniter.php(355): CodeIgniter\CodeIgniter->handleRequest(null, Object(Config\Cache), false)
 7 SYSTEMPATH\Boot.php(325): CodeIgniter\CodeIgniter->run()
 8 SYSTEMPATH\Boot.php(67): CodeIgniter\Boot::runCodeIgniter(Object(CodeIgniter\CodeIgniter))
 9 FCPATH\index.php(56): CodeIgniter\Boot::bootWeb(Object(Config\Paths))
WARNING - 2024-10-25 09:53:47 --> [DEPRECATED] Creation of dynamic property IonAuth\Models\IonAuthModel::$messagesTemplates is deprecated in FCPATH\vendor\benedmunds\codeigniter-ion-auth\Models\IonAuthModel.php on line 237.
 1 APPPATH\Libraries\IonAuth.php(71): IonAuth\Models\IonAuthModel->__construct()
 2 APPPATH\Filters\CheckPermissions.php(16): App\Libraries\IonAuth->__construct()
 3 SYSTEMPATH\Filters\Filters.php(197): App\Filters\CheckPermissions->__construct()
 4 SYSTEMPATH\Filters\Filters.php(184): CodeIgniter\Filters\Filters->runBefore([...])
 5 SYSTEMPATH\CodeIgniter.php(481): CodeIgniter\Filters\Filters->run('vendor/products/stock_alert', 'before')
 6 SYSTEMPATH\CodeIgniter.php(355): CodeIgniter\CodeIgniter->handleRequest(null, Object(Config\Cache), false)
 7 SYSTEMPATH\Boot.php(325): CodeIgniter\CodeIgniter->run()
 8 SYSTEMPATH\Boot.php(67): CodeIgniter\Boot::runCodeIgniter(Object(CodeIgniter\CodeIgniter))
 9 FCPATH\index.php(56): CodeIgniter\Boot::bootWeb(Object(Config\Paths))
WARNING - 2024-10-25 09:53:47 --> [DEPRECATED] Creation of dynamic property IonAuth\Models\IonAuthModel::$join is deprecated in FCPATH\vendor\benedmunds\codeigniter-ion-auth\Models\IonAuthModel.php on line 231.
 1 APPPATH\Libraries\IonAuth.php(71): IonAuth\Models\IonAuthModel->__construct()
 2 APPPATH\Controllers\vendor\Products.php(23): App\Libraries\IonAuth->__construct()
 3 SYSTEMPATH\CodeIgniter.php(903): App\Controllers\vendor\Products->__construct()
 4 SYSTEMPATH\CodeIgniter.php(500): CodeIgniter\CodeIgniter->createController()
 5 SYSTEMPATH\CodeIgniter.php(355): CodeIgniter\CodeIgniter->handleRequest(null, Object(Config\Cache), false)
 6 SYSTEMPATH\Boot.php(325): CodeIgniter\CodeIgniter->run()
 7 SYSTEMPATH\Boot.php(67): CodeIgniter\Boot::runCodeIgniter(Object(CodeIgniter\CodeIgniter))
 8 FCPATH\index.php(56): CodeIgniter\Boot::bootWeb(Object(Config\Paths))
WARNING - 2024-10-25 09:53:47 --> [DEPRECATED] Creation of dynamic property IonAuth\Models\IonAuthModel::$hashMethod is deprecated in FCPATH\vendor\benedmunds\codeigniter-ion-auth\Models\IonAuthModel.php on line 234.
 1 APPPATH\Libraries\IonAuth.php(71): IonAuth\Models\IonAuthModel->__construct()
 2 APPPATH\Controllers\vendor\Products.php(23): App\Libraries\IonAuth->__construct()
 3 SYSTEMPATH\CodeIgniter.php(903): App\Controllers\vendor\Products->__construct()
 4 SYSTEMPATH\CodeIgniter.php(500): CodeIgniter\CodeIgniter->createController()
 5 SYSTEMPATH\CodeIgniter.php(355): CodeIgniter\CodeIgniter->handleRequest(null, Object(Config\Cache), false)
 6 SYSTEMPATH\Boot.php(325): CodeIgniter\CodeIgniter->run()
 7 SYSTEMPATH\Boot.php(67): CodeIgniter\Boot::runCodeIgniter(Object(CodeIgniter\CodeIgniter))
 8 FCPATH\index.php(56): CodeIgniter\Boot::bootWeb(Object(Config\Paths))
WARNING - 2024-10-25 09:53:47 --> [DEPRECATED] Creation of dynamic property IonAuth\Models\IonAuthModel::$messagesTemplates is deprecated in FCPATH\vendor\benedmunds\codeigniter-ion-auth\Models\IonAuthModel.php on line 237.
 1 APPPATH\Libraries\IonAuth.php(71): IonAuth\Models\IonAuthModel->__construct()
 2 APPPATH\Controllers\vendor\Products.php(23): App\Libraries\IonAuth->__construct()
 3 SYSTEMPATH\CodeIgniter.php(903): App\Controllers\vendor\Products->__construct()
 4 SYSTEMPATH\CodeIgniter.php(500): CodeIgniter\CodeIgniter->createController()
 5 SYSTEMPATH\CodeIgniter.php(355): CodeIgniter\CodeIgniter->handleRequest(null, Object(Config\Cache), false)
 6 SYSTEMPATH\Boot.php(325): CodeIgniter\CodeIgniter->run()
 7 SYSTEMPATH\Boot.php(67): CodeIgniter\Boot::runCodeIgniter(Object(CodeIgniter\CodeIgniter))
 8 FCPATH\index.php(56): CodeIgniter\Boot::bootWeb(Object(Config\Paths))
CRITICAL - 2024-10-25 15:23:47 --> ErrorException: Undefined variable $array
[Method: GET, Route: vendor/products/stock_alert]
in APPPATH\Controllers\vendor\Products.php on line 1151.
 1 APPPATH\Controllers\vendor\Products.php(1151): CodeIgniter\Debug\Exceptions->errorHandler(2, 'Undefined variable $array', 'C:\\xampp1\\htdocs\\Maareeye-sass-git\\app\\Controllers\\vendor\\Products.php', 1151)
 2 SYSTEMPATH\CodeIgniter.php(933): App\Controllers\vendor\Products->stock_alert()
 3 SYSTEMPATH\CodeIgniter.php(509): CodeIgniter\CodeIgniter->runController(Object(App\Controllers\vendor\Products))
 4 SYSTEMPATH\CodeIgniter.php(355): CodeIgniter\CodeIgniter->handleRequest(null, Object(Config\Cache), false)
 5 SYSTEMPATH\Boot.php(325): CodeIgniter\CodeIgniter->run()
 6 SYSTEMPATH\Boot.php(67): CodeIgniter\Boot::runCodeIgniter(Object(CodeIgniter\CodeIgniter))
 7 FCPATH\index.php(56): CodeIgniter\Boot::bootWeb(Object(Config\Paths))
