INFO - 2024-10-18 03:43:01 --> Session: Class initialized using 'CodeIgniter\Session\Handlers\FileHandler' driver.
WARNING - 2024-10-18 03:43:02 --> [DEPRECATED] Creation of dynamic property IonAuth\Models\IonAuthModel::$join is deprecated in FCPATH\vendor\benedmunds\codeigniter-ion-auth\Models\IonAuthModel.php on line 231.
 1 APPPATH\Libraries\IonAuth.php(71): IonAuth\Models\IonAuthModel->__construct()
 2 APPPATH\Filters\CheckPermissions.php(16): App\Libraries\IonAuth->__construct()
 3 SYSTEMPATH\Filters\Filters.php(197): App\Filters\CheckPermissions->__construct()
 4 SYSTEMPATH\Filters\Filters.php(184): CodeIgniter\Filters\Filters->runBefore([...])
 5 SYSTEMPATH\CodeIgniter.php(481): CodeIgniter\Filters\Filters->run('vendor/products/edit_product/2', 'before')
 6 SYSTEMPATH\CodeIgniter.php(355): CodeIgniter\CodeIgniter->handleRequest(null, Object(Config\Cache), false)
 7 SYSTEMPATH\Boot.php(325): CodeIgniter\CodeIgniter->run()
 8 SYSTEMPATH\Boot.php(67): CodeIgniter\Boot::runCodeIgniter(Object(CodeIgniter\CodeIgniter))
 9 FCPATH\index.php(56): CodeIgniter\Boot::bootWeb(Object(Config\Paths))
WARNING - 2024-10-18 03:43:02 --> [DEPRECATED] Creation of dynamic property IonAuth\Models\IonAuthModel::$hashMethod is deprecated in FCPATH\vendor\benedmunds\codeigniter-ion-auth\Models\IonAuthModel.php on line 234.
 1 APPPATH\Libraries\IonAuth.php(71): IonAuth\Models\IonAuthModel->__construct()
 2 APPPATH\Filters\CheckPermissions.php(16): App\Libraries\IonAuth->__construct()
 3 SYSTEMPATH\Filters\Filters.php(197): App\Filters\CheckPermissions->__construct()
 4 SYSTEMPATH\Filters\Filters.php(184): CodeIgniter\Filters\Filters->runBefore([...])
 5 SYSTEMPATH\CodeIgniter.php(481): CodeIgniter\Filters\Filters->run('vendor/products/edit_product/2', 'before')
 6 SYSTEMPATH\CodeIgniter.php(355): CodeIgniter\CodeIgniter->handleRequest(null, Object(Config\Cache), false)
 7 SYSTEMPATH\Boot.php(325): CodeIgniter\CodeIgniter->run()
 8 SYSTEMPATH\Boot.php(67): CodeIgniter\Boot::runCodeIgniter(Object(CodeIgniter\CodeIgniter))
 9 FCPATH\index.php(56): CodeIgniter\Boot::bootWeb(Object(Config\Paths))
WARNING - 2024-10-18 03:43:02 --> [DEPRECATED] Creation of dynamic property IonAuth\Models\IonAuthModel::$messagesTemplates is deprecated in FCPATH\vendor\benedmunds\codeigniter-ion-auth\Models\IonAuthModel.php on line 237.
 1 APPPATH\Libraries\IonAuth.php(71): IonAuth\Models\IonAuthModel->__construct()
 2 APPPATH\Filters\CheckPermissions.php(16): App\Libraries\IonAuth->__construct()
 3 SYSTEMPATH\Filters\Filters.php(197): App\Filters\CheckPermissions->__construct()
 4 SYSTEMPATH\Filters\Filters.php(184): CodeIgniter\Filters\Filters->runBefore([...])
 5 SYSTEMPATH\CodeIgniter.php(481): CodeIgniter\Filters\Filters->run('vendor/products/edit_product/2', 'before')
 6 SYSTEMPATH\CodeIgniter.php(355): CodeIgniter\CodeIgniter->handleRequest(null, Object(Config\Cache), false)
 7 SYSTEMPATH\Boot.php(325): CodeIgniter\CodeIgniter->run()
 8 SYSTEMPATH\Boot.php(67): CodeIgniter\Boot::runCodeIgniter(Object(CodeIgniter\CodeIgniter))
 9 FCPATH\index.php(56): CodeIgniter\Boot::bootWeb(Object(Config\Paths))
INFO - 2024-10-18 03:43:03 --> Session: Class initialized using 'CodeIgniter\Session\Handlers\FileHandler' driver.
WARNING - 2024-10-18 03:43:03 --> [DEPRECATED] Creation of dynamic property IonAuth\Models\IonAuthModel::$join is deprecated in FCPATH\vendor\benedmunds\codeigniter-ion-auth\Models\IonAuthModel.php on line 231.
 1 APPPATH\Libraries\IonAuth.php(71): IonAuth\Models\IonAuthModel->__construct()
 2 APPPATH\Controllers\vendor\Home.php(17): App\Libraries\IonAuth->__construct()
 3 SYSTEMPATH\CodeIgniter.php(903): App\Controllers\vendor\Home->__construct()
 4 SYSTEMPATH\CodeIgniter.php(500): CodeIgniter\CodeIgniter->createController()
 5 SYSTEMPATH\CodeIgniter.php(355): CodeIgniter\CodeIgniter->handleRequest(null, Object(Config\Cache), false)
 6 SYSTEMPATH\Boot.php(325): CodeIgniter\CodeIgniter->run()
 7 SYSTEMPATH\Boot.php(67): CodeIgniter\Boot::runCodeIgniter(Object(CodeIgniter\CodeIgniter))
 8 FCPATH\index.php(56): CodeIgniter\Boot::bootWeb(Object(Config\Paths))
WARNING - 2024-10-18 03:43:03 --> [DEPRECATED] Creation of dynamic property IonAuth\Models\IonAuthModel::$hashMethod is deprecated in FCPATH\vendor\benedmunds\codeigniter-ion-auth\Models\IonAuthModel.php on line 234.
 1 APPPATH\Libraries\IonAuth.php(71): IonAuth\Models\IonAuthModel->__construct()
 2 APPPATH\Controllers\vendor\Home.php(17): App\Libraries\IonAuth->__construct()
 3 SYSTEMPATH\CodeIgniter.php(903): App\Controllers\vendor\Home->__construct()
 4 SYSTEMPATH\CodeIgniter.php(500): CodeIgniter\CodeIgniter->createController()
 5 SYSTEMPATH\CodeIgniter.php(355): CodeIgniter\CodeIgniter->handleRequest(null, Object(Config\Cache), false)
 6 SYSTEMPATH\Boot.php(325): CodeIgniter\CodeIgniter->run()
 7 SYSTEMPATH\Boot.php(67): CodeIgniter\Boot::runCodeIgniter(Object(CodeIgniter\CodeIgniter))
 8 FCPATH\index.php(56): CodeIgniter\Boot::bootWeb(Object(Config\Paths))
WARNING - 2024-10-18 03:43:03 --> [DEPRECATED] Creation of dynamic property IonAuth\Models\IonAuthModel::$messagesTemplates is deprecated in FCPATH\vendor\benedmunds\codeigniter-ion-auth\Models\IonAuthModel.php on line 237.
 1 APPPATH\Libraries\IonAuth.php(71): IonAuth\Models\IonAuthModel->__construct()
 2 APPPATH\Controllers\vendor\Home.php(17): App\Libraries\IonAuth->__construct()
 3 SYSTEMPATH\CodeIgniter.php(903): App\Controllers\vendor\Home->__construct()
 4 SYSTEMPATH\CodeIgniter.php(500): CodeIgniter\CodeIgniter->createController()
 5 SYSTEMPATH\CodeIgniter.php(355): CodeIgniter\CodeIgniter->handleRequest(null, Object(Config\Cache), false)
 6 SYSTEMPATH\Boot.php(325): CodeIgniter\CodeIgniter->run()
 7 SYSTEMPATH\Boot.php(67): CodeIgniter\Boot::runCodeIgniter(Object(CodeIgniter\CodeIgniter))
 8 FCPATH\index.php(56): CodeIgniter\Boot::bootWeb(Object(Config\Paths))
INFO - 2024-10-18 03:43:04 --> Session: Class initialized using 'CodeIgniter\Session\Handlers\FileHandler' driver.
WARNING - 2024-10-18 03:43:04 --> [DEPRECATED] Creation of dynamic property IonAuth\Libraries\IonAuth::$session is deprecated in FCPATH\vendor\benedmunds\codeigniter-ion-auth\Libraries\IonAuth.php on line 65.
 1 APPPATH\Controllers\Login.php(13): IonAuth\Libraries\IonAuth->__construct()
 2 SYSTEMPATH\CodeIgniter.php(903): App\Controllers\Login->__construct()
 3 SYSTEMPATH\CodeIgniter.php(500): CodeIgniter\CodeIgniter->createController()
 4 SYSTEMPATH\CodeIgniter.php(355): CodeIgniter\CodeIgniter->handleRequest(null, Object(Config\Cache), false)
 5 SYSTEMPATH\Boot.php(325): CodeIgniter\CodeIgniter->run()
 6 SYSTEMPATH\Boot.php(67): CodeIgniter\Boot::runCodeIgniter(Object(CodeIgniter\CodeIgniter))
 7 FCPATH\index.php(56): CodeIgniter\Boot::bootWeb(Object(Config\Paths))
WARNING - 2024-10-18 03:43:04 --> [DEPRECATED] Creation of dynamic property IonAuth\Models\IonAuthModel::$join is deprecated in FCPATH\vendor\benedmunds\codeigniter-ion-auth\Models\IonAuthModel.php on line 231.
 1 FCPATH\vendor\benedmunds\codeigniter-ion-auth\Libraries\IonAuth.php(67): IonAuth\Models\IonAuthModel->__construct()
 2 APPPATH\Controllers\Login.php(13): IonAuth\Libraries\IonAuth->__construct()
 3 SYSTEMPATH\CodeIgniter.php(903): App\Controllers\Login->__construct()
 4 SYSTEMPATH\CodeIgniter.php(500): CodeIgniter\CodeIgniter->createController()
 5 SYSTEMPATH\CodeIgniter.php(355): CodeIgniter\CodeIgniter->handleRequest(null, Object(Config\Cache), false)
 6 SYSTEMPATH\Boot.php(325): CodeIgniter\CodeIgniter->run()
 7 SYSTEMPATH\Boot.php(67): CodeIgniter\Boot::runCodeIgniter(Object(CodeIgniter\CodeIgniter))
 8 FCPATH\index.php(56): CodeIgniter\Boot::bootWeb(Object(Config\Paths))
WARNING - 2024-10-18 03:43:04 --> [DEPRECATED] Creation of dynamic property IonAuth\Models\IonAuthModel::$hashMethod is deprecated in FCPATH\vendor\benedmunds\codeigniter-ion-auth\Models\IonAuthModel.php on line 234.
 1 FCPATH\vendor\benedmunds\codeigniter-ion-auth\Libraries\IonAuth.php(67): IonAuth\Models\IonAuthModel->__construct()
 2 APPPATH\Controllers\Login.php(13): IonAuth\Libraries\IonAuth->__construct()
 3 SYSTEMPATH\CodeIgniter.php(903): App\Controllers\Login->__construct()
 4 SYSTEMPATH\CodeIgniter.php(500): CodeIgniter\CodeIgniter->createController()
 5 SYSTEMPATH\CodeIgniter.php(355): CodeIgniter\CodeIgniter->handleRequest(null, Object(Config\Cache), false)
 6 SYSTEMPATH\Boot.php(325): CodeIgniter\CodeIgniter->run()
 7 SYSTEMPATH\Boot.php(67): CodeIgniter\Boot::runCodeIgniter(Object(CodeIgniter\CodeIgniter))
 8 FCPATH\index.php(56): CodeIgniter\Boot::bootWeb(Object(Config\Paths))
WARNING - 2024-10-18 03:43:04 --> [DEPRECATED] Creation of dynamic property IonAuth\Models\IonAuthModel::$messagesTemplates is deprecated in FCPATH\vendor\benedmunds\codeigniter-ion-auth\Models\IonAuthModel.php on line 237.
 1 FCPATH\vendor\benedmunds\codeigniter-ion-auth\Libraries\IonAuth.php(67): IonAuth\Models\IonAuthModel->__construct()
 2 APPPATH\Controllers\Login.php(13): IonAuth\Libraries\IonAuth->__construct()
 3 SYSTEMPATH\CodeIgniter.php(903): App\Controllers\Login->__construct()
 4 SYSTEMPATH\CodeIgniter.php(500): CodeIgniter\CodeIgniter->createController()
 5 SYSTEMPATH\CodeIgniter.php(355): CodeIgniter\CodeIgniter->handleRequest(null, Object(Config\Cache), false)
 6 SYSTEMPATH\Boot.php(325): CodeIgniter\CodeIgniter->run()
 7 SYSTEMPATH\Boot.php(67): CodeIgniter\Boot::runCodeIgniter(Object(CodeIgniter\CodeIgniter))
 8 FCPATH\index.php(56): CodeIgniter\Boot::bootWeb(Object(Config\Paths))
INFO - 2024-10-18 03:43:06 --> Session: Class initialized using 'CodeIgniter\Session\Handlers\FileHandler' driver.
WARNING - 2024-10-18 03:43:06 --> [DEPRECATED] Creation of dynamic property IonAuth\Models\IonAuthModel::$join is deprecated in FCPATH\vendor\benedmunds\codeigniter-ion-auth\Models\IonAuthModel.php on line 231.
 1 APPPATH\Libraries\IonAuth.php(71): IonAuth\Models\IonAuthModel->__construct()
 2 APPPATH\Controllers\Auth.php(77): App\Libraries\IonAuth->__construct()
 3 SYSTEMPATH\CodeIgniter.php(903): App\Controllers\Auth->__construct()
 4 SYSTEMPATH\CodeIgniter.php(500): CodeIgniter\CodeIgniter->createController()
 5 SYSTEMPATH\CodeIgniter.php(355): CodeIgniter\CodeIgniter->handleRequest(null, Object(Config\Cache), false)
 6 SYSTEMPATH\Boot.php(325): CodeIgniter\CodeIgniter->run()
 7 SYSTEMPATH\Boot.php(67): CodeIgniter\Boot::runCodeIgniter(Object(CodeIgniter\CodeIgniter))
 8 FCPATH\index.php(56): CodeIgniter\Boot::bootWeb(Object(Config\Paths))
WARNING - 2024-10-18 03:43:06 --> [DEPRECATED] Creation of dynamic property IonAuth\Models\IonAuthModel::$hashMethod is deprecated in FCPATH\vendor\benedmunds\codeigniter-ion-auth\Models\IonAuthModel.php on line 234.
 1 APPPATH\Libraries\IonAuth.php(71): IonAuth\Models\IonAuthModel->__construct()
 2 APPPATH\Controllers\Auth.php(77): App\Libraries\IonAuth->__construct()
 3 SYSTEMPATH\CodeIgniter.php(903): App\Controllers\Auth->__construct()
 4 SYSTEMPATH\CodeIgniter.php(500): CodeIgniter\CodeIgniter->createController()
 5 SYSTEMPATH\CodeIgniter.php(355): CodeIgniter\CodeIgniter->handleRequest(null, Object(Config\Cache), false)
 6 SYSTEMPATH\Boot.php(325): CodeIgniter\CodeIgniter->run()
 7 SYSTEMPATH\Boot.php(67): CodeIgniter\Boot::runCodeIgniter(Object(CodeIgniter\CodeIgniter))
 8 FCPATH\index.php(56): CodeIgniter\Boot::bootWeb(Object(Config\Paths))
WARNING - 2024-10-18 03:43:06 --> [DEPRECATED] Creation of dynamic property IonAuth\Models\IonAuthModel::$messagesTemplates is deprecated in FCPATH\vendor\benedmunds\codeigniter-ion-auth\Models\IonAuthModel.php on line 237.
 1 APPPATH\Libraries\IonAuth.php(71): IonAuth\Models\IonAuthModel->__construct()
 2 APPPATH\Controllers\Auth.php(77): App\Libraries\IonAuth->__construct()
 3 SYSTEMPATH\CodeIgniter.php(903): App\Controllers\Auth->__construct()
 4 SYSTEMPATH\CodeIgniter.php(500): CodeIgniter\CodeIgniter->createController()
 5 SYSTEMPATH\CodeIgniter.php(355): CodeIgniter\CodeIgniter->handleRequest(null, Object(Config\Cache), false)
 6 SYSTEMPATH\Boot.php(325): CodeIgniter\CodeIgniter->run()
 7 SYSTEMPATH\Boot.php(67): CodeIgniter\Boot::runCodeIgniter(Object(CodeIgniter\CodeIgniter))
 8 FCPATH\index.php(56): CodeIgniter\Boot::bootWeb(Object(Config\Paths))
INFO - 2024-10-18 03:43:07 --> Session: Class initialized using 'CodeIgniter\Session\Handlers\FileHandler' driver.
WARNING - 2024-10-18 03:43:07 --> [DEPRECATED] Creation of dynamic property IonAuth\Models\IonAuthModel::$join is deprecated in FCPATH\vendor\benedmunds\codeigniter-ion-auth\Models\IonAuthModel.php on line 231.
 1 APPPATH\Libraries\IonAuth.php(71): IonAuth\Models\IonAuthModel->__construct()
 2 APPPATH\Controllers\vendor\Home.php(17): App\Libraries\IonAuth->__construct()
 3 SYSTEMPATH\CodeIgniter.php(903): App\Controllers\vendor\Home->__construct()
 4 SYSTEMPATH\CodeIgniter.php(500): CodeIgniter\CodeIgniter->createController()
 5 SYSTEMPATH\CodeIgniter.php(355): CodeIgniter\CodeIgniter->handleRequest(null, Object(Config\Cache), false)
 6 SYSTEMPATH\Boot.php(325): CodeIgniter\CodeIgniter->run()
 7 SYSTEMPATH\Boot.php(67): CodeIgniter\Boot::runCodeIgniter(Object(CodeIgniter\CodeIgniter))
 8 FCPATH\index.php(56): CodeIgniter\Boot::bootWeb(Object(Config\Paths))
WARNING - 2024-10-18 03:43:07 --> [DEPRECATED] Creation of dynamic property IonAuth\Models\IonAuthModel::$hashMethod is deprecated in FCPATH\vendor\benedmunds\codeigniter-ion-auth\Models\IonAuthModel.php on line 234.
 1 APPPATH\Libraries\IonAuth.php(71): IonAuth\Models\IonAuthModel->__construct()
 2 APPPATH\Controllers\vendor\Home.php(17): App\Libraries\IonAuth->__construct()
 3 SYSTEMPATH\CodeIgniter.php(903): App\Controllers\vendor\Home->__construct()
 4 SYSTEMPATH\CodeIgniter.php(500): CodeIgniter\CodeIgniter->createController()
 5 SYSTEMPATH\CodeIgniter.php(355): CodeIgniter\CodeIgniter->handleRequest(null, Object(Config\Cache), false)
 6 SYSTEMPATH\Boot.php(325): CodeIgniter\CodeIgniter->run()
 7 SYSTEMPATH\Boot.php(67): CodeIgniter\Boot::runCodeIgniter(Object(CodeIgniter\CodeIgniter))
 8 FCPATH\index.php(56): CodeIgniter\Boot::bootWeb(Object(Config\Paths))
WARNING - 2024-10-18 03:43:07 --> [DEPRECATED] Creation of dynamic property IonAuth\Models\IonAuthModel::$messagesTemplates is deprecated in FCPATH\vendor\benedmunds\codeigniter-ion-auth\Models\IonAuthModel.php on line 237.
 1 APPPATH\Libraries\IonAuth.php(71): IonAuth\Models\IonAuthModel->__construct()
 2 APPPATH\Controllers\vendor\Home.php(17): App\Libraries\IonAuth->__construct()
 3 SYSTEMPATH\CodeIgniter.php(903): App\Controllers\vendor\Home->__construct()
 4 SYSTEMPATH\CodeIgniter.php(500): CodeIgniter\CodeIgniter->createController()
 5 SYSTEMPATH\CodeIgniter.php(355): CodeIgniter\CodeIgniter->handleRequest(null, Object(Config\Cache), false)
 6 SYSTEMPATH\Boot.php(325): CodeIgniter\CodeIgniter->run()
 7 SYSTEMPATH\Boot.php(67): CodeIgniter\Boot::runCodeIgniter(Object(CodeIgniter\CodeIgniter))
 8 FCPATH\index.php(56): CodeIgniter\Boot::bootWeb(Object(Config\Paths))
INFO - 2024-10-18 03:43:10 --> Session: Class initialized using 'CodeIgniter\Session\Handlers\FileHandler' driver.
WARNING - 2024-10-18 03:43:10 --> [DEPRECATED] Creation of dynamic property IonAuth\Models\IonAuthModel::$join is deprecated in FCPATH\vendor\benedmunds\codeigniter-ion-auth\Models\IonAuthModel.php on line 231.
 1 APPPATH\Libraries\IonAuth.php(71): IonAuth\Models\IonAuthModel->__construct()
 2 APPPATH\Filters\CheckPermissions.php(16): App\Libraries\IonAuth->__construct()
 3 SYSTEMPATH\Filters\Filters.php(197): App\Filters\CheckPermissions->__construct()
 4 SYSTEMPATH\Filters\Filters.php(184): CodeIgniter\Filters\Filters->runBefore([...])
 5 SYSTEMPATH\CodeIgniter.php(481): CodeIgniter\Filters\Filters->run('vendor/home/fetch_purchases', 'before')
 6 SYSTEMPATH\CodeIgniter.php(355): CodeIgniter\CodeIgniter->handleRequest(null, Object(Config\Cache), false)
 7 SYSTEMPATH\Boot.php(325): CodeIgniter\CodeIgniter->run()
 8 SYSTEMPATH\Boot.php(67): CodeIgniter\Boot::runCodeIgniter(Object(CodeIgniter\CodeIgniter))
 9 FCPATH\index.php(56): CodeIgniter\Boot::bootWeb(Object(Config\Paths))
WARNING - 2024-10-18 03:43:10 --> [DEPRECATED] Creation of dynamic property IonAuth\Models\IonAuthModel::$hashMethod is deprecated in FCPATH\vendor\benedmunds\codeigniter-ion-auth\Models\IonAuthModel.php on line 234.
 1 APPPATH\Libraries\IonAuth.php(71): IonAuth\Models\IonAuthModel->__construct()
 2 APPPATH\Filters\CheckPermissions.php(16): App\Libraries\IonAuth->__construct()
 3 SYSTEMPATH\Filters\Filters.php(197): App\Filters\CheckPermissions->__construct()
 4 SYSTEMPATH\Filters\Filters.php(184): CodeIgniter\Filters\Filters->runBefore([...])
 5 SYSTEMPATH\CodeIgniter.php(481): CodeIgniter\Filters\Filters->run('vendor/home/fetch_purchases', 'before')
 6 SYSTEMPATH\CodeIgniter.php(355): CodeIgniter\CodeIgniter->handleRequest(null, Object(Config\Cache), false)
 7 SYSTEMPATH\Boot.php(325): CodeIgniter\CodeIgniter->run()
 8 SYSTEMPATH\Boot.php(67): CodeIgniter\Boot::runCodeIgniter(Object(CodeIgniter\CodeIgniter))
 9 FCPATH\index.php(56): CodeIgniter\Boot::bootWeb(Object(Config\Paths))
WARNING - 2024-10-18 03:43:10 --> [DEPRECATED] Creation of dynamic property IonAuth\Models\IonAuthModel::$messagesTemplates is deprecated in FCPATH\vendor\benedmunds\codeigniter-ion-auth\Models\IonAuthModel.php on line 237.
 1 APPPATH\Libraries\IonAuth.php(71): IonAuth\Models\IonAuthModel->__construct()
 2 APPPATH\Filters\CheckPermissions.php(16): App\Libraries\IonAuth->__construct()
 3 SYSTEMPATH\Filters\Filters.php(197): App\Filters\CheckPermissions->__construct()
 4 SYSTEMPATH\Filters\Filters.php(184): CodeIgniter\Filters\Filters->runBefore([...])
 5 SYSTEMPATH\CodeIgniter.php(481): CodeIgniter\Filters\Filters->run('vendor/home/fetch_purchases', 'before')
 6 SYSTEMPATH\CodeIgniter.php(355): CodeIgniter\CodeIgniter->handleRequest(null, Object(Config\Cache), false)
 7 SYSTEMPATH\Boot.php(325): CodeIgniter\CodeIgniter->run()
 8 SYSTEMPATH\Boot.php(67): CodeIgniter\Boot::runCodeIgniter(Object(CodeIgniter\CodeIgniter))
 9 FCPATH\index.php(56): CodeIgniter\Boot::bootWeb(Object(Config\Paths))
WARNING - 2024-10-18 03:43:10 --> [DEPRECATED] Creation of dynamic property IonAuth\Models\IonAuthModel::$join is deprecated in FCPATH\vendor\benedmunds\codeigniter-ion-auth\Models\IonAuthModel.php on line 231.
 1 APPPATH\Libraries\IonAuth.php(71): IonAuth\Models\IonAuthModel->__construct()
 2 APPPATH\Controllers\vendor\Home.php(17): App\Libraries\IonAuth->__construct()
 3 SYSTEMPATH\CodeIgniter.php(903): App\Controllers\vendor\Home->__construct()
 4 SYSTEMPATH\CodeIgniter.php(500): CodeIgniter\CodeIgniter->createController()
 5 SYSTEMPATH\CodeIgniter.php(355): CodeIgniter\CodeIgniter->handleRequest(null, Object(Config\Cache), false)
 6 SYSTEMPATH\Boot.php(325): CodeIgniter\CodeIgniter->run()
 7 SYSTEMPATH\Boot.php(67): CodeIgniter\Boot::runCodeIgniter(Object(CodeIgniter\CodeIgniter))
 8 FCPATH\index.php(56): CodeIgniter\Boot::bootWeb(Object(Config\Paths))
WARNING - 2024-10-18 03:43:10 --> [DEPRECATED] Creation of dynamic property IonAuth\Models\IonAuthModel::$hashMethod is deprecated in FCPATH\vendor\benedmunds\codeigniter-ion-auth\Models\IonAuthModel.php on line 234.
 1 APPPATH\Libraries\IonAuth.php(71): IonAuth\Models\IonAuthModel->__construct()
 2 APPPATH\Controllers\vendor\Home.php(17): App\Libraries\IonAuth->__construct()
 3 SYSTEMPATH\CodeIgniter.php(903): App\Controllers\vendor\Home->__construct()
 4 SYSTEMPATH\CodeIgniter.php(500): CodeIgniter\CodeIgniter->createController()
 5 SYSTEMPATH\CodeIgniter.php(355): CodeIgniter\CodeIgniter->handleRequest(null, Object(Config\Cache), false)
 6 SYSTEMPATH\Boot.php(325): CodeIgniter\CodeIgniter->run()
 7 SYSTEMPATH\Boot.php(67): CodeIgniter\Boot::runCodeIgniter(Object(CodeIgniter\CodeIgniter))
 8 FCPATH\index.php(56): CodeIgniter\Boot::bootWeb(Object(Config\Paths))
WARNING - 2024-10-18 03:43:10 --> [DEPRECATED] Creation of dynamic property IonAuth\Models\IonAuthModel::$messagesTemplates is deprecated in FCPATH\vendor\benedmunds\codeigniter-ion-auth\Models\IonAuthModel.php on line 237.
 1 APPPATH\Libraries\IonAuth.php(71): IonAuth\Models\IonAuthModel->__construct()
 2 APPPATH\Controllers\vendor\Home.php(17): App\Libraries\IonAuth->__construct()
 3 SYSTEMPATH\CodeIgniter.php(903): App\Controllers\vendor\Home->__construct()
 4 SYSTEMPATH\CodeIgniter.php(500): CodeIgniter\CodeIgniter->createController()
 5 SYSTEMPATH\CodeIgniter.php(355): CodeIgniter\CodeIgniter->handleRequest(null, Object(Config\Cache), false)
 6 SYSTEMPATH\Boot.php(325): CodeIgniter\CodeIgniter->run()
 7 SYSTEMPATH\Boot.php(67): CodeIgniter\Boot::runCodeIgniter(Object(CodeIgniter\CodeIgniter))
 8 FCPATH\index.php(56): CodeIgniter\Boot::bootWeb(Object(Config\Paths))
WARNING - 2024-10-18 09:13:10 --> [DEPRECATED] Creation of dynamic property IonAuth\Models\IonAuthModel::$join is deprecated in FCPATH\vendor\benedmunds\codeigniter-ion-auth\Models\IonAuthModel.php on line 231.
 1 APPPATH\Libraries\IonAuth.php(71): IonAuth\Models\IonAuthModel->__construct()
 2 APPPATH\Filters\CheckPermissions.php(16): App\Libraries\IonAuth->__construct()
 3 SYSTEMPATH\Filters\Filters.php(235): App\Filters\CheckPermissions->__construct()
 4 SYSTEMPATH\Filters\Filters.php(188): CodeIgniter\Filters\Filters->runAfter([...])
 5 SYSTEMPATH\CodeIgniter.php(527): CodeIgniter\Filters\Filters->run('vendor/home/fetch_purchases', 'after')
 6 SYSTEMPATH\CodeIgniter.php(355): CodeIgniter\CodeIgniter->handleRequest(null, Object(Config\Cache), false)
 7 SYSTEMPATH\Boot.php(325): CodeIgniter\CodeIgniter->run()
 8 SYSTEMPATH\Boot.php(67): CodeIgniter\Boot::runCodeIgniter(Object(CodeIgniter\CodeIgniter))
 9 FCPATH\index.php(56): CodeIgniter\Boot::bootWeb(Object(Config\Paths))
WARNING - 2024-10-18 09:13:10 --> [DEPRECATED] Creation of dynamic property IonAuth\Models\IonAuthModel::$hashMethod is deprecated in FCPATH\vendor\benedmunds\codeigniter-ion-auth\Models\IonAuthModel.php on line 234.
 1 APPPATH\Libraries\IonAuth.php(71): IonAuth\Models\IonAuthModel->__construct()
 2 APPPATH\Filters\CheckPermissions.php(16): App\Libraries\IonAuth->__construct()
 3 SYSTEMPATH\Filters\Filters.php(235): App\Filters\CheckPermissions->__construct()
 4 SYSTEMPATH\Filters\Filters.php(188): CodeIgniter\Filters\Filters->runAfter([...])
 5 SYSTEMPATH\CodeIgniter.php(527): CodeIgniter\Filters\Filters->run('vendor/home/fetch_purchases', 'after')
 6 SYSTEMPATH\CodeIgniter.php(355): CodeIgniter\CodeIgniter->handleRequest(null, Object(Config\Cache), false)
 7 SYSTEMPATH\Boot.php(325): CodeIgniter\CodeIgniter->run()
 8 SYSTEMPATH\Boot.php(67): CodeIgniter\Boot::runCodeIgniter(Object(CodeIgniter\CodeIgniter))
 9 FCPATH\index.php(56): CodeIgniter\Boot::bootWeb(Object(Config\Paths))
WARNING - 2024-10-18 09:13:10 --> [DEPRECATED] Creation of dynamic property IonAuth\Models\IonAuthModel::$messagesTemplates is deprecated in FCPATH\vendor\benedmunds\codeigniter-ion-auth\Models\IonAuthModel.php on line 237.
 1 APPPATH\Libraries\IonAuth.php(71): IonAuth\Models\IonAuthModel->__construct()
 2 APPPATH\Filters\CheckPermissions.php(16): App\Libraries\IonAuth->__construct()
 3 SYSTEMPATH\Filters\Filters.php(235): App\Filters\CheckPermissions->__construct()
 4 SYSTEMPATH\Filters\Filters.php(188): CodeIgniter\Filters\Filters->runAfter([...])
 5 SYSTEMPATH\CodeIgniter.php(527): CodeIgniter\Filters\Filters->run('vendor/home/fetch_purchases', 'after')
 6 SYSTEMPATH\CodeIgniter.php(355): CodeIgniter\CodeIgniter->handleRequest(null, Object(Config\Cache), false)
 7 SYSTEMPATH\Boot.php(325): CodeIgniter\CodeIgniter->run()
 8 SYSTEMPATH\Boot.php(67): CodeIgniter\Boot::runCodeIgniter(Object(CodeIgniter\CodeIgniter))
 9 FCPATH\index.php(56): CodeIgniter\Boot::bootWeb(Object(Config\Paths))
INFO - 2024-10-18 03:43:10 --> Session: Class initialized using 'CodeIgniter\Session\Handlers\FileHandler' driver.
WARNING - 2024-10-18 03:43:10 --> [DEPRECATED] Creation of dynamic property IonAuth\Models\IonAuthModel::$join is deprecated in FCPATH\vendor\benedmunds\codeigniter-ion-auth\Models\IonAuthModel.php on line 231.
 1 APPPATH\Libraries\IonAuth.php(71): IonAuth\Models\IonAuthModel->__construct()
 2 APPPATH\Filters\CheckPermissions.php(16): App\Libraries\IonAuth->__construct()
 3 SYSTEMPATH\Filters\Filters.php(197): App\Filters\CheckPermissions->__construct()
 4 SYSTEMPATH\Filters\Filters.php(184): CodeIgniter\Filters\Filters->runBefore([...])
 5 SYSTEMPATH\CodeIgniter.php(481): CodeIgniter\Filters\Filters->run('vendor/home/fetch_data', 'before')
 6 SYSTEMPATH\CodeIgniter.php(355): CodeIgniter\CodeIgniter->handleRequest(null, Object(Config\Cache), false)
 7 SYSTEMPATH\Boot.php(325): CodeIgniter\CodeIgniter->run()
 8 SYSTEMPATH\Boot.php(67): CodeIgniter\Boot::runCodeIgniter(Object(CodeIgniter\CodeIgniter))
 9 FCPATH\index.php(56): CodeIgniter\Boot::bootWeb(Object(Config\Paths))
WARNING - 2024-10-18 03:43:10 --> [DEPRECATED] Creation of dynamic property IonAuth\Models\IonAuthModel::$hashMethod is deprecated in FCPATH\vendor\benedmunds\codeigniter-ion-auth\Models\IonAuthModel.php on line 234.
 1 APPPATH\Libraries\IonAuth.php(71): IonAuth\Models\IonAuthModel->__construct()
 2 APPPATH\Filters\CheckPermissions.php(16): App\Libraries\IonAuth->__construct()
 3 SYSTEMPATH\Filters\Filters.php(197): App\Filters\CheckPermissions->__construct()
 4 SYSTEMPATH\Filters\Filters.php(184): CodeIgniter\Filters\Filters->runBefore([...])
 5 SYSTEMPATH\CodeIgniter.php(481): CodeIgniter\Filters\Filters->run('vendor/home/fetch_data', 'before')
 6 SYSTEMPATH\CodeIgniter.php(355): CodeIgniter\CodeIgniter->handleRequest(null, Object(Config\Cache), false)
 7 SYSTEMPATH\Boot.php(325): CodeIgniter\CodeIgniter->run()
 8 SYSTEMPATH\Boot.php(67): CodeIgniter\Boot::runCodeIgniter(Object(CodeIgniter\CodeIgniter))
 9 FCPATH\index.php(56): CodeIgniter\Boot::bootWeb(Object(Config\Paths))
WARNING - 2024-10-18 03:43:10 --> [DEPRECATED] Creation of dynamic property IonAuth\Models\IonAuthModel::$messagesTemplates is deprecated in FCPATH\vendor\benedmunds\codeigniter-ion-auth\Models\IonAuthModel.php on line 237.
 1 APPPATH\Libraries\IonAuth.php(71): IonAuth\Models\IonAuthModel->__construct()
 2 APPPATH\Filters\CheckPermissions.php(16): App\Libraries\IonAuth->__construct()
 3 SYSTEMPATH\Filters\Filters.php(197): App\Filters\CheckPermissions->__construct()
 4 SYSTEMPATH\Filters\Filters.php(184): CodeIgniter\Filters\Filters->runBefore([...])
 5 SYSTEMPATH\CodeIgniter.php(481): CodeIgniter\Filters\Filters->run('vendor/home/fetch_data', 'before')
 6 SYSTEMPATH\CodeIgniter.php(355): CodeIgniter\CodeIgniter->handleRequest(null, Object(Config\Cache), false)
 7 SYSTEMPATH\Boot.php(325): CodeIgniter\CodeIgniter->run()
 8 SYSTEMPATH\Boot.php(67): CodeIgniter\Boot::runCodeIgniter(Object(CodeIgniter\CodeIgniter))
 9 FCPATH\index.php(56): CodeIgniter\Boot::bootWeb(Object(Config\Paths))
WARNING - 2024-10-18 03:43:10 --> [DEPRECATED] Creation of dynamic property IonAuth\Models\IonAuthModel::$join is deprecated in FCPATH\vendor\benedmunds\codeigniter-ion-auth\Models\IonAuthModel.php on line 231.
 1 APPPATH\Libraries\IonAuth.php(71): IonAuth\Models\IonAuthModel->__construct()
 2 APPPATH\Controllers\vendor\Home.php(17): App\Libraries\IonAuth->__construct()
 3 SYSTEMPATH\CodeIgniter.php(903): App\Controllers\vendor\Home->__construct()
 4 SYSTEMPATH\CodeIgniter.php(500): CodeIgniter\CodeIgniter->createController()
 5 SYSTEMPATH\CodeIgniter.php(355): CodeIgniter\CodeIgniter->handleRequest(null, Object(Config\Cache), false)
 6 SYSTEMPATH\Boot.php(325): CodeIgniter\CodeIgniter->run()
 7 SYSTEMPATH\Boot.php(67): CodeIgniter\Boot::runCodeIgniter(Object(CodeIgniter\CodeIgniter))
 8 FCPATH\index.php(56): CodeIgniter\Boot::bootWeb(Object(Config\Paths))
WARNING - 2024-10-18 03:43:10 --> [DEPRECATED] Creation of dynamic property IonAuth\Models\IonAuthModel::$hashMethod is deprecated in FCPATH\vendor\benedmunds\codeigniter-ion-auth\Models\IonAuthModel.php on line 234.
 1 APPPATH\Libraries\IonAuth.php(71): IonAuth\Models\IonAuthModel->__construct()
 2 APPPATH\Controllers\vendor\Home.php(17): App\Libraries\IonAuth->__construct()
 3 SYSTEMPATH\CodeIgniter.php(903): App\Controllers\vendor\Home->__construct()
 4 SYSTEMPATH\CodeIgniter.php(500): CodeIgniter\CodeIgniter->createController()
 5 SYSTEMPATH\CodeIgniter.php(355): CodeIgniter\CodeIgniter->handleRequest(null, Object(Config\Cache), false)
 6 SYSTEMPATH\Boot.php(325): CodeIgniter\CodeIgniter->run()
 7 SYSTEMPATH\Boot.php(67): CodeIgniter\Boot::runCodeIgniter(Object(CodeIgniter\CodeIgniter))
 8 FCPATH\index.php(56): CodeIgniter\Boot::bootWeb(Object(Config\Paths))
WARNING - 2024-10-18 03:43:10 --> [DEPRECATED] Creation of dynamic property IonAuth\Models\IonAuthModel::$messagesTemplates is deprecated in FCPATH\vendor\benedmunds\codeigniter-ion-auth\Models\IonAuthModel.php on line 237.
 1 APPPATH\Libraries\IonAuth.php(71): IonAuth\Models\IonAuthModel->__construct()
 2 APPPATH\Controllers\vendor\Home.php(17): App\Libraries\IonAuth->__construct()
 3 SYSTEMPATH\CodeIgniter.php(903): App\Controllers\vendor\Home->__construct()
 4 SYSTEMPATH\CodeIgniter.php(500): CodeIgniter\CodeIgniter->createController()
 5 SYSTEMPATH\CodeIgniter.php(355): CodeIgniter\CodeIgniter->handleRequest(null, Object(Config\Cache), false)
 6 SYSTEMPATH\Boot.php(325): CodeIgniter\CodeIgniter->run()
 7 SYSTEMPATH\Boot.php(67): CodeIgniter\Boot::runCodeIgniter(Object(CodeIgniter\CodeIgniter))
 8 FCPATH\index.php(56): CodeIgniter\Boot::bootWeb(Object(Config\Paths))
WARNING - 2024-10-18 09:13:10 --> [DEPRECATED] Creation of dynamic property IonAuth\Models\IonAuthModel::$join is deprecated in FCPATH\vendor\benedmunds\codeigniter-ion-auth\Models\IonAuthModel.php on line 231.
 1 APPPATH\Libraries\IonAuth.php(71): IonAuth\Models\IonAuthModel->__construct()
 2 APPPATH\Filters\CheckPermissions.php(16): App\Libraries\IonAuth->__construct()
 3 SYSTEMPATH\Filters\Filters.php(235): App\Filters\CheckPermissions->__construct()
 4 SYSTEMPATH\Filters\Filters.php(188): CodeIgniter\Filters\Filters->runAfter([...])
 5 SYSTEMPATH\CodeIgniter.php(527): CodeIgniter\Filters\Filters->run('vendor/home/fetch_data', 'after')
 6 SYSTEMPATH\CodeIgniter.php(355): CodeIgniter\CodeIgniter->handleRequest(null, Object(Config\Cache), false)
 7 SYSTEMPATH\Boot.php(325): CodeIgniter\CodeIgniter->run()
 8 SYSTEMPATH\Boot.php(67): CodeIgniter\Boot::runCodeIgniter(Object(CodeIgniter\CodeIgniter))
 9 FCPATH\index.php(56): CodeIgniter\Boot::bootWeb(Object(Config\Paths))
WARNING - 2024-10-18 09:13:10 --> [DEPRECATED] Creation of dynamic property IonAuth\Models\IonAuthModel::$hashMethod is deprecated in FCPATH\vendor\benedmunds\codeigniter-ion-auth\Models\IonAuthModel.php on line 234.
 1 APPPATH\Libraries\IonAuth.php(71): IonAuth\Models\IonAuthModel->__construct()
 2 APPPATH\Filters\CheckPermissions.php(16): App\Libraries\IonAuth->__construct()
 3 SYSTEMPATH\Filters\Filters.php(235): App\Filters\CheckPermissions->__construct()
 4 SYSTEMPATH\Filters\Filters.php(188): CodeIgniter\Filters\Filters->runAfter([...])
 5 SYSTEMPATH\CodeIgniter.php(527): CodeIgniter\Filters\Filters->run('vendor/home/fetch_data', 'after')
 6 SYSTEMPATH\CodeIgniter.php(355): CodeIgniter\CodeIgniter->handleRequest(null, Object(Config\Cache), false)
 7 SYSTEMPATH\Boot.php(325): CodeIgniter\CodeIgniter->run()
 8 SYSTEMPATH\Boot.php(67): CodeIgniter\Boot::runCodeIgniter(Object(CodeIgniter\CodeIgniter))
 9 FCPATH\index.php(56): CodeIgniter\Boot::bootWeb(Object(Config\Paths))
WARNING - 2024-10-18 09:13:10 --> [DEPRECATED] Creation of dynamic property IonAuth\Models\IonAuthModel::$messagesTemplates is deprecated in FCPATH\vendor\benedmunds\codeigniter-ion-auth\Models\IonAuthModel.php on line 237.
 1 APPPATH\Libraries\IonAuth.php(71): IonAuth\Models\IonAuthModel->__construct()
 2 APPPATH\Filters\CheckPermissions.php(16): App\Libraries\IonAuth->__construct()
 3 SYSTEMPATH\Filters\Filters.php(235): App\Filters\CheckPermissions->__construct()
 4 SYSTEMPATH\Filters\Filters.php(188): CodeIgniter\Filters\Filters->runAfter([...])
 5 SYSTEMPATH\CodeIgniter.php(527): CodeIgniter\Filters\Filters->run('vendor/home/fetch_data', 'after')
 6 SYSTEMPATH\CodeIgniter.php(355): CodeIgniter\CodeIgniter->handleRequest(null, Object(Config\Cache), false)
 7 SYSTEMPATH\Boot.php(325): CodeIgniter\CodeIgniter->run()
 8 SYSTEMPATH\Boot.php(67): CodeIgniter\Boot::runCodeIgniter(Object(CodeIgniter\CodeIgniter))
 9 FCPATH\index.php(56): CodeIgniter\Boot::bootWeb(Object(Config\Paths))
INFO - 2024-10-18 03:43:10 --> Session: Class initialized using 'CodeIgniter\Session\Handlers\FileHandler' driver.
WARNING - 2024-10-18 03:43:10 --> [DEPRECATED] Creation of dynamic property IonAuth\Models\IonAuthModel::$join is deprecated in FCPATH\vendor\benedmunds\codeigniter-ion-auth\Models\IonAuthModel.php on line 231.
 1 APPPATH\Libraries\IonAuth.php(71): IonAuth\Models\IonAuthModel->__construct()
 2 APPPATH\Filters\CheckPermissions.php(16): App\Libraries\IonAuth->__construct()
 3 SYSTEMPATH\Filters\Filters.php(197): App\Filters\CheckPermissions->__construct()
 4 SYSTEMPATH\Filters\Filters.php(184): CodeIgniter\Filters\Filters->runBefore([...])
 5 SYSTEMPATH\CodeIgniter.php(481): CodeIgniter\Filters\Filters->run('vendor/home/fetch_sales', 'before')
 6 SYSTEMPATH\CodeIgniter.php(355): CodeIgniter\CodeIgniter->handleRequest(null, Object(Config\Cache), false)
 7 SYSTEMPATH\Boot.php(325): CodeIgniter\CodeIgniter->run()
 8 SYSTEMPATH\Boot.php(67): CodeIgniter\Boot::runCodeIgniter(Object(CodeIgniter\CodeIgniter))
 9 FCPATH\index.php(56): CodeIgniter\Boot::bootWeb(Object(Config\Paths))
WARNING - 2024-10-18 03:43:10 --> [DEPRECATED] Creation of dynamic property IonAuth\Models\IonAuthModel::$hashMethod is deprecated in FCPATH\vendor\benedmunds\codeigniter-ion-auth\Models\IonAuthModel.php on line 234.
 1 APPPATH\Libraries\IonAuth.php(71): IonAuth\Models\IonAuthModel->__construct()
 2 APPPATH\Filters\CheckPermissions.php(16): App\Libraries\IonAuth->__construct()
 3 SYSTEMPATH\Filters\Filters.php(197): App\Filters\CheckPermissions->__construct()
 4 SYSTEMPATH\Filters\Filters.php(184): CodeIgniter\Filters\Filters->runBefore([...])
 5 SYSTEMPATH\CodeIgniter.php(481): CodeIgniter\Filters\Filters->run('vendor/home/fetch_sales', 'before')
 6 SYSTEMPATH\CodeIgniter.php(355): CodeIgniter\CodeIgniter->handleRequest(null, Object(Config\Cache), false)
 7 SYSTEMPATH\Boot.php(325): CodeIgniter\CodeIgniter->run()
 8 SYSTEMPATH\Boot.php(67): CodeIgniter\Boot::runCodeIgniter(Object(CodeIgniter\CodeIgniter))
 9 FCPATH\index.php(56): CodeIgniter\Boot::bootWeb(Object(Config\Paths))
WARNING - 2024-10-18 03:43:10 --> [DEPRECATED] Creation of dynamic property IonAuth\Models\IonAuthModel::$messagesTemplates is deprecated in FCPATH\vendor\benedmunds\codeigniter-ion-auth\Models\IonAuthModel.php on line 237.
 1 APPPATH\Libraries\IonAuth.php(71): IonAuth\Models\IonAuthModel->__construct()
 2 APPPATH\Filters\CheckPermissions.php(16): App\Libraries\IonAuth->__construct()
 3 SYSTEMPATH\Filters\Filters.php(197): App\Filters\CheckPermissions->__construct()
 4 SYSTEMPATH\Filters\Filters.php(184): CodeIgniter\Filters\Filters->runBefore([...])
 5 SYSTEMPATH\CodeIgniter.php(481): CodeIgniter\Filters\Filters->run('vendor/home/fetch_sales', 'before')
 6 SYSTEMPATH\CodeIgniter.php(355): CodeIgniter\CodeIgniter->handleRequest(null, Object(Config\Cache), false)
 7 SYSTEMPATH\Boot.php(325): CodeIgniter\CodeIgniter->run()
 8 SYSTEMPATH\Boot.php(67): CodeIgniter\Boot::runCodeIgniter(Object(CodeIgniter\CodeIgniter))
 9 FCPATH\index.php(56): CodeIgniter\Boot::bootWeb(Object(Config\Paths))
WARNING - 2024-10-18 03:43:10 --> [DEPRECATED] Creation of dynamic property IonAuth\Models\IonAuthModel::$join is deprecated in FCPATH\vendor\benedmunds\codeigniter-ion-auth\Models\IonAuthModel.php on line 231.
 1 APPPATH\Libraries\IonAuth.php(71): IonAuth\Models\IonAuthModel->__construct()
 2 APPPATH\Controllers\vendor\Home.php(17): App\Libraries\IonAuth->__construct()
 3 SYSTEMPATH\CodeIgniter.php(903): App\Controllers\vendor\Home->__construct()
 4 SYSTEMPATH\CodeIgniter.php(500): CodeIgniter\CodeIgniter->createController()
 5 SYSTEMPATH\CodeIgniter.php(355): CodeIgniter\CodeIgniter->handleRequest(null, Object(Config\Cache), false)
 6 SYSTEMPATH\Boot.php(325): CodeIgniter\CodeIgniter->run()
 7 SYSTEMPATH\Boot.php(67): CodeIgniter\Boot::runCodeIgniter(Object(CodeIgniter\CodeIgniter))
 8 FCPATH\index.php(56): CodeIgniter\Boot::bootWeb(Object(Config\Paths))
WARNING - 2024-10-18 03:43:10 --> [DEPRECATED] Creation of dynamic property IonAuth\Models\IonAuthModel::$hashMethod is deprecated in FCPATH\vendor\benedmunds\codeigniter-ion-auth\Models\IonAuthModel.php on line 234.
 1 APPPATH\Libraries\IonAuth.php(71): IonAuth\Models\IonAuthModel->__construct()
 2 APPPATH\Controllers\vendor\Home.php(17): App\Libraries\IonAuth->__construct()
 3 SYSTEMPATH\CodeIgniter.php(903): App\Controllers\vendor\Home->__construct()
 4 SYSTEMPATH\CodeIgniter.php(500): CodeIgniter\CodeIgniter->createController()
 5 SYSTEMPATH\CodeIgniter.php(355): CodeIgniter\CodeIgniter->handleRequest(null, Object(Config\Cache), false)
 6 SYSTEMPATH\Boot.php(325): CodeIgniter\CodeIgniter->run()
 7 SYSTEMPATH\Boot.php(67): CodeIgniter\Boot::runCodeIgniter(Object(CodeIgniter\CodeIgniter))
 8 FCPATH\index.php(56): CodeIgniter\Boot::bootWeb(Object(Config\Paths))
WARNING - 2024-10-18 03:43:10 --> [DEPRECATED] Creation of dynamic property IonAuth\Models\IonAuthModel::$messagesTemplates is deprecated in FCPATH\vendor\benedmunds\codeigniter-ion-auth\Models\IonAuthModel.php on line 237.
 1 APPPATH\Libraries\IonAuth.php(71): IonAuth\Models\IonAuthModel->__construct()
 2 APPPATH\Controllers\vendor\Home.php(17): App\Libraries\IonAuth->__construct()
 3 SYSTEMPATH\CodeIgniter.php(903): App\Controllers\vendor\Home->__construct()
 4 SYSTEMPATH\CodeIgniter.php(500): CodeIgniter\CodeIgniter->createController()
 5 SYSTEMPATH\CodeIgniter.php(355): CodeIgniter\CodeIgniter->handleRequest(null, Object(Config\Cache), false)
 6 SYSTEMPATH\Boot.php(325): CodeIgniter\CodeIgniter->run()
 7 SYSTEMPATH\Boot.php(67): CodeIgniter\Boot::runCodeIgniter(Object(CodeIgniter\CodeIgniter))
 8 FCPATH\index.php(56): CodeIgniter\Boot::bootWeb(Object(Config\Paths))
WARNING - 2024-10-18 09:13:10 --> [DEPRECATED] Creation of dynamic property IonAuth\Models\IonAuthModel::$join is deprecated in FCPATH\vendor\benedmunds\codeigniter-ion-auth\Models\IonAuthModel.php on line 231.
 1 APPPATH\Libraries\IonAuth.php(71): IonAuth\Models\IonAuthModel->__construct()
 2 APPPATH\Filters\CheckPermissions.php(16): App\Libraries\IonAuth->__construct()
 3 SYSTEMPATH\Filters\Filters.php(235): App\Filters\CheckPermissions->__construct()
 4 SYSTEMPATH\Filters\Filters.php(188): CodeIgniter\Filters\Filters->runAfter([...])
 5 SYSTEMPATH\CodeIgniter.php(527): CodeIgniter\Filters\Filters->run('vendor/home/fetch_sales', 'after')
 6 SYSTEMPATH\CodeIgniter.php(355): CodeIgniter\CodeIgniter->handleRequest(null, Object(Config\Cache), false)
 7 SYSTEMPATH\Boot.php(325): CodeIgniter\CodeIgniter->run()
 8 SYSTEMPATH\Boot.php(67): CodeIgniter\Boot::runCodeIgniter(Object(CodeIgniter\CodeIgniter))
 9 FCPATH\index.php(56): CodeIgniter\Boot::bootWeb(Object(Config\Paths))
WARNING - 2024-10-18 09:13:10 --> [DEPRECATED] Creation of dynamic property IonAuth\Models\IonAuthModel::$hashMethod is deprecated in FCPATH\vendor\benedmunds\codeigniter-ion-auth\Models\IonAuthModel.php on line 234.
 1 APPPATH\Libraries\IonAuth.php(71): IonAuth\Models\IonAuthModel->__construct()
 2 APPPATH\Filters\CheckPermissions.php(16): App\Libraries\IonAuth->__construct()
 3 SYSTEMPATH\Filters\Filters.php(235): App\Filters\CheckPermissions->__construct()
 4 SYSTEMPATH\Filters\Filters.php(188): CodeIgniter\Filters\Filters->runAfter([...])
 5 SYSTEMPATH\CodeIgniter.php(527): CodeIgniter\Filters\Filters->run('vendor/home/fetch_sales', 'after')
 6 SYSTEMPATH\CodeIgniter.php(355): CodeIgniter\CodeIgniter->handleRequest(null, Object(Config\Cache), false)
 7 SYSTEMPATH\Boot.php(325): CodeIgniter\CodeIgniter->run()
 8 SYSTEMPATH\Boot.php(67): CodeIgniter\Boot::runCodeIgniter(Object(CodeIgniter\CodeIgniter))
 9 FCPATH\index.php(56): CodeIgniter\Boot::bootWeb(Object(Config\Paths))
WARNING - 2024-10-18 09:13:10 --> [DEPRECATED] Creation of dynamic property IonAuth\Models\IonAuthModel::$messagesTemplates is deprecated in FCPATH\vendor\benedmunds\codeigniter-ion-auth\Models\IonAuthModel.php on line 237.
 1 APPPATH\Libraries\IonAuth.php(71): IonAuth\Models\IonAuthModel->__construct()
 2 APPPATH\Filters\CheckPermissions.php(16): App\Libraries\IonAuth->__construct()
 3 SYSTEMPATH\Filters\Filters.php(235): App\Filters\CheckPermissions->__construct()
 4 SYSTEMPATH\Filters\Filters.php(188): CodeIgniter\Filters\Filters->runAfter([...])
 5 SYSTEMPATH\CodeIgniter.php(527): CodeIgniter\Filters\Filters->run('vendor/home/fetch_sales', 'after')
 6 SYSTEMPATH\CodeIgniter.php(355): CodeIgniter\CodeIgniter->handleRequest(null, Object(Config\Cache), false)
 7 SYSTEMPATH\Boot.php(325): CodeIgniter\CodeIgniter->run()
 8 SYSTEMPATH\Boot.php(67): CodeIgniter\Boot::runCodeIgniter(Object(CodeIgniter\CodeIgniter))
 9 FCPATH\index.php(56): CodeIgniter\Boot::bootWeb(Object(Config\Paths))
INFO - 2024-10-18 03:43:10 --> Session: Class initialized using 'CodeIgniter\Session\Handlers\FileHandler' driver.
WARNING - 2024-10-18 03:43:10 --> [DEPRECATED] Creation of dynamic property IonAuth\Models\IonAuthModel::$join is deprecated in FCPATH\vendor\benedmunds\codeigniter-ion-auth\Models\IonAuthModel.php on line 231.
 1 APPPATH\Libraries\IonAuth.php(71): IonAuth\Models\IonAuthModel->__construct()
 2 APPPATH\Filters\CheckPermissions.php(16): App\Libraries\IonAuth->__construct()
 3 SYSTEMPATH\Filters\Filters.php(197): App\Filters\CheckPermissions->__construct()
 4 SYSTEMPATH\Filters\Filters.php(184): CodeIgniter\Filters\Filters->runBefore([...])
 5 SYSTEMPATH\CodeIgniter.php(481): CodeIgniter\Filters\Filters->run('vendor/products/products_table', 'before')
 6 SYSTEMPATH\CodeIgniter.php(355): CodeIgniter\CodeIgniter->handleRequest(null, Object(Config\Cache), false)
 7 SYSTEMPATH\Boot.php(325): CodeIgniter\CodeIgniter->run()
 8 SYSTEMPATH\Boot.php(67): CodeIgniter\Boot::runCodeIgniter(Object(CodeIgniter\CodeIgniter))
 9 FCPATH\index.php(56): CodeIgniter\Boot::bootWeb(Object(Config\Paths))
WARNING - 2024-10-18 03:43:10 --> [DEPRECATED] Creation of dynamic property IonAuth\Models\IonAuthModel::$hashMethod is deprecated in FCPATH\vendor\benedmunds\codeigniter-ion-auth\Models\IonAuthModel.php on line 234.
 1 APPPATH\Libraries\IonAuth.php(71): IonAuth\Models\IonAuthModel->__construct()
 2 APPPATH\Filters\CheckPermissions.php(16): App\Libraries\IonAuth->__construct()
 3 SYSTEMPATH\Filters\Filters.php(197): App\Filters\CheckPermissions->__construct()
 4 SYSTEMPATH\Filters\Filters.php(184): CodeIgniter\Filters\Filters->runBefore([...])
 5 SYSTEMPATH\CodeIgniter.php(481): CodeIgniter\Filters\Filters->run('vendor/products/products_table', 'before')
 6 SYSTEMPATH\CodeIgniter.php(355): CodeIgniter\CodeIgniter->handleRequest(null, Object(Config\Cache), false)
 7 SYSTEMPATH\Boot.php(325): CodeIgniter\CodeIgniter->run()
 8 SYSTEMPATH\Boot.php(67): CodeIgniter\Boot::runCodeIgniter(Object(CodeIgniter\CodeIgniter))
 9 FCPATH\index.php(56): CodeIgniter\Boot::bootWeb(Object(Config\Paths))
WARNING - 2024-10-18 03:43:10 --> [DEPRECATED] Creation of dynamic property IonAuth\Models\IonAuthModel::$messagesTemplates is deprecated in FCPATH\vendor\benedmunds\codeigniter-ion-auth\Models\IonAuthModel.php on line 237.
 1 APPPATH\Libraries\IonAuth.php(71): IonAuth\Models\IonAuthModel->__construct()
 2 APPPATH\Filters\CheckPermissions.php(16): App\Libraries\IonAuth->__construct()
 3 SYSTEMPATH\Filters\Filters.php(197): App\Filters\CheckPermissions->__construct()
 4 SYSTEMPATH\Filters\Filters.php(184): CodeIgniter\Filters\Filters->runBefore([...])
 5 SYSTEMPATH\CodeIgniter.php(481): CodeIgniter\Filters\Filters->run('vendor/products/products_table', 'before')
 6 SYSTEMPATH\CodeIgniter.php(355): CodeIgniter\CodeIgniter->handleRequest(null, Object(Config\Cache), false)
 7 SYSTEMPATH\Boot.php(325): CodeIgniter\CodeIgniter->run()
 8 SYSTEMPATH\Boot.php(67): CodeIgniter\Boot::runCodeIgniter(Object(CodeIgniter\CodeIgniter))
 9 FCPATH\index.php(56): CodeIgniter\Boot::bootWeb(Object(Config\Paths))
WARNING - 2024-10-18 03:43:10 --> [DEPRECATED] Creation of dynamic property IonAuth\Models\IonAuthModel::$join is deprecated in FCPATH\vendor\benedmunds\codeigniter-ion-auth\Models\IonAuthModel.php on line 231.
 1 APPPATH\Libraries\IonAuth.php(71): IonAuth\Models\IonAuthModel->__construct()
 2 APPPATH\Controllers\vendor\Products.php(23): App\Libraries\IonAuth->__construct()
 3 SYSTEMPATH\CodeIgniter.php(903): App\Controllers\vendor\Products->__construct()
 4 SYSTEMPATH\CodeIgniter.php(500): CodeIgniter\CodeIgniter->createController()
 5 SYSTEMPATH\CodeIgniter.php(355): CodeIgniter\CodeIgniter->handleRequest(null, Object(Config\Cache), false)
 6 SYSTEMPATH\Boot.php(325): CodeIgniter\CodeIgniter->run()
 7 SYSTEMPATH\Boot.php(67): CodeIgniter\Boot::runCodeIgniter(Object(CodeIgniter\CodeIgniter))
 8 FCPATH\index.php(56): CodeIgniter\Boot::bootWeb(Object(Config\Paths))
WARNING - 2024-10-18 03:43:10 --> [DEPRECATED] Creation of dynamic property IonAuth\Models\IonAuthModel::$hashMethod is deprecated in FCPATH\vendor\benedmunds\codeigniter-ion-auth\Models\IonAuthModel.php on line 234.
 1 APPPATH\Libraries\IonAuth.php(71): IonAuth\Models\IonAuthModel->__construct()
 2 APPPATH\Controllers\vendor\Products.php(23): App\Libraries\IonAuth->__construct()
 3 SYSTEMPATH\CodeIgniter.php(903): App\Controllers\vendor\Products->__construct()
 4 SYSTEMPATH\CodeIgniter.php(500): CodeIgniter\CodeIgniter->createController()
 5 SYSTEMPATH\CodeIgniter.php(355): CodeIgniter\CodeIgniter->handleRequest(null, Object(Config\Cache), false)
 6 SYSTEMPATH\Boot.php(325): CodeIgniter\CodeIgniter->run()
 7 SYSTEMPATH\Boot.php(67): CodeIgniter\Boot::runCodeIgniter(Object(CodeIgniter\CodeIgniter))
 8 FCPATH\index.php(56): CodeIgniter\Boot::bootWeb(Object(Config\Paths))
WARNING - 2024-10-18 03:43:10 --> [DEPRECATED] Creation of dynamic property IonAuth\Models\IonAuthModel::$messagesTemplates is deprecated in FCPATH\vendor\benedmunds\codeigniter-ion-auth\Models\IonAuthModel.php on line 237.
 1 APPPATH\Libraries\IonAuth.php(71): IonAuth\Models\IonAuthModel->__construct()
 2 APPPATH\Controllers\vendor\Products.php(23): App\Libraries\IonAuth->__construct()
 3 SYSTEMPATH\CodeIgniter.php(903): App\Controllers\vendor\Products->__construct()
 4 SYSTEMPATH\CodeIgniter.php(500): CodeIgniter\CodeIgniter->createController()
 5 SYSTEMPATH\CodeIgniter.php(355): CodeIgniter\CodeIgniter->handleRequest(null, Object(Config\Cache), false)
 6 SYSTEMPATH\Boot.php(325): CodeIgniter\CodeIgniter->run()
 7 SYSTEMPATH\Boot.php(67): CodeIgniter\Boot::runCodeIgniter(Object(CodeIgniter\CodeIgniter))
 8 FCPATH\index.php(56): CodeIgniter\Boot::bootWeb(Object(Config\Paths))
WARNING - 2024-10-18 09:13:10 --> [DEPRECATED] Creation of dynamic property IonAuth\Models\IonAuthModel::$join is deprecated in FCPATH\vendor\benedmunds\codeigniter-ion-auth\Models\IonAuthModel.php on line 231.
 1 APPPATH\Libraries\IonAuth.php(71): IonAuth\Models\IonAuthModel->__construct()
 2 APPPATH\Filters\CheckPermissions.php(16): App\Libraries\IonAuth->__construct()
 3 SYSTEMPATH\Filters\Filters.php(235): App\Filters\CheckPermissions->__construct()
 4 SYSTEMPATH\Filters\Filters.php(188): CodeIgniter\Filters\Filters->runAfter([...])
 5 SYSTEMPATH\CodeIgniter.php(527): CodeIgniter\Filters\Filters->run('vendor/products/products_table', 'after')
 6 SYSTEMPATH\CodeIgniter.php(355): CodeIgniter\CodeIgniter->handleRequest(null, Object(Config\Cache), false)
 7 SYSTEMPATH\Boot.php(325): CodeIgniter\CodeIgniter->run()
 8 SYSTEMPATH\Boot.php(67): CodeIgniter\Boot::runCodeIgniter(Object(CodeIgniter\CodeIgniter))
 9 FCPATH\index.php(56): CodeIgniter\Boot::bootWeb(Object(Config\Paths))
WARNING - 2024-10-18 09:13:10 --> [DEPRECATED] Creation of dynamic property IonAuth\Models\IonAuthModel::$hashMethod is deprecated in FCPATH\vendor\benedmunds\codeigniter-ion-auth\Models\IonAuthModel.php on line 234.
 1 APPPATH\Libraries\IonAuth.php(71): IonAuth\Models\IonAuthModel->__construct()
 2 APPPATH\Filters\CheckPermissions.php(16): App\Libraries\IonAuth->__construct()
 3 SYSTEMPATH\Filters\Filters.php(235): App\Filters\CheckPermissions->__construct()
 4 SYSTEMPATH\Filters\Filters.php(188): CodeIgniter\Filters\Filters->runAfter([...])
 5 SYSTEMPATH\CodeIgniter.php(527): CodeIgniter\Filters\Filters->run('vendor/products/products_table', 'after')
 6 SYSTEMPATH\CodeIgniter.php(355): CodeIgniter\CodeIgniter->handleRequest(null, Object(Config\Cache), false)
 7 SYSTEMPATH\Boot.php(325): CodeIgniter\CodeIgniter->run()
 8 SYSTEMPATH\Boot.php(67): CodeIgniter\Boot::runCodeIgniter(Object(CodeIgniter\CodeIgniter))
 9 FCPATH\index.php(56): CodeIgniter\Boot::bootWeb(Object(Config\Paths))
WARNING - 2024-10-18 09:13:10 --> [DEPRECATED] Creation of dynamic property IonAuth\Models\IonAuthModel::$messagesTemplates is deprecated in FCPATH\vendor\benedmunds\codeigniter-ion-auth\Models\IonAuthModel.php on line 237.
 1 APPPATH\Libraries\IonAuth.php(71): IonAuth\Models\IonAuthModel->__construct()
 2 APPPATH\Filters\CheckPermissions.php(16): App\Libraries\IonAuth->__construct()
 3 SYSTEMPATH\Filters\Filters.php(235): App\Filters\CheckPermissions->__construct()
 4 SYSTEMPATH\Filters\Filters.php(188): CodeIgniter\Filters\Filters->runAfter([...])
 5 SYSTEMPATH\CodeIgniter.php(527): CodeIgniter\Filters\Filters->run('vendor/products/products_table', 'after')
 6 SYSTEMPATH\CodeIgniter.php(355): CodeIgniter\CodeIgniter->handleRequest(null, Object(Config\Cache), false)
 7 SYSTEMPATH\Boot.php(325): CodeIgniter\CodeIgniter->run()
 8 SYSTEMPATH\Boot.php(67): CodeIgniter\Boot::runCodeIgniter(Object(CodeIgniter\CodeIgniter))
 9 FCPATH\index.php(56): CodeIgniter\Boot::bootWeb(Object(Config\Paths))
INFO - 2024-10-18 03:43:17 --> Session: Class initialized using 'CodeIgniter\Session\Handlers\FileHandler' driver.
WARNING - 2024-10-18 03:43:17 --> [DEPRECATED] Creation of dynamic property IonAuth\Models\IonAuthModel::$join is deprecated in FCPATH\vendor\benedmunds\codeigniter-ion-auth\Models\IonAuthModel.php on line 231.
 1 APPPATH\Libraries\IonAuth.php(71): IonAuth\Models\IonAuthModel->__construct()
 2 APPPATH\Filters\CheckPermissions.php(16): App\Libraries\IonAuth->__construct()
 3 SYSTEMPATH\Filters\Filters.php(197): App\Filters\CheckPermissions->__construct()
 4 SYSTEMPATH\Filters\Filters.php(184): CodeIgniter\Filters\Filters->runBefore([...])
 5 SYSTEMPATH\CodeIgniter.php(481): CodeIgniter\Filters\Filters->run('vendor/products', 'before')
 6 SYSTEMPATH\CodeIgniter.php(355): CodeIgniter\CodeIgniter->handleRequest(null, Object(Config\Cache), false)
 7 SYSTEMPATH\Boot.php(325): CodeIgniter\CodeIgniter->run()
 8 SYSTEMPATH\Boot.php(67): CodeIgniter\Boot::runCodeIgniter(Object(CodeIgniter\CodeIgniter))
 9 FCPATH\index.php(56): CodeIgniter\Boot::bootWeb(Object(Config\Paths))
WARNING - 2024-10-18 03:43:17 --> [DEPRECATED] Creation of dynamic property IonAuth\Models\IonAuthModel::$hashMethod is deprecated in FCPATH\vendor\benedmunds\codeigniter-ion-auth\Models\IonAuthModel.php on line 234.
 1 APPPATH\Libraries\IonAuth.php(71): IonAuth\Models\IonAuthModel->__construct()
 2 APPPATH\Filters\CheckPermissions.php(16): App\Libraries\IonAuth->__construct()
 3 SYSTEMPATH\Filters\Filters.php(197): App\Filters\CheckPermissions->__construct()
 4 SYSTEMPATH\Filters\Filters.php(184): CodeIgniter\Filters\Filters->runBefore([...])
 5 SYSTEMPATH\CodeIgniter.php(481): CodeIgniter\Filters\Filters->run('vendor/products', 'before')
 6 SYSTEMPATH\CodeIgniter.php(355): CodeIgniter\CodeIgniter->handleRequest(null, Object(Config\Cache), false)
 7 SYSTEMPATH\Boot.php(325): CodeIgniter\CodeIgniter->run()
 8 SYSTEMPATH\Boot.php(67): CodeIgniter\Boot::runCodeIgniter(Object(CodeIgniter\CodeIgniter))
 9 FCPATH\index.php(56): CodeIgniter\Boot::bootWeb(Object(Config\Paths))
WARNING - 2024-10-18 03:43:17 --> [DEPRECATED] Creation of dynamic property IonAuth\Models\IonAuthModel::$messagesTemplates is deprecated in FCPATH\vendor\benedmunds\codeigniter-ion-auth\Models\IonAuthModel.php on line 237.
 1 APPPATH\Libraries\IonAuth.php(71): IonAuth\Models\IonAuthModel->__construct()
 2 APPPATH\Filters\CheckPermissions.php(16): App\Libraries\IonAuth->__construct()
 3 SYSTEMPATH\Filters\Filters.php(197): App\Filters\CheckPermissions->__construct()
 4 SYSTEMPATH\Filters\Filters.php(184): CodeIgniter\Filters\Filters->runBefore([...])
 5 SYSTEMPATH\CodeIgniter.php(481): CodeIgniter\Filters\Filters->run('vendor/products', 'before')
 6 SYSTEMPATH\CodeIgniter.php(355): CodeIgniter\CodeIgniter->handleRequest(null, Object(Config\Cache), false)
 7 SYSTEMPATH\Boot.php(325): CodeIgniter\CodeIgniter->run()
 8 SYSTEMPATH\Boot.php(67): CodeIgniter\Boot::runCodeIgniter(Object(CodeIgniter\CodeIgniter))
 9 FCPATH\index.php(56): CodeIgniter\Boot::bootWeb(Object(Config\Paths))
WARNING - 2024-10-18 03:43:17 --> [DEPRECATED] Creation of dynamic property IonAuth\Models\IonAuthModel::$join is deprecated in FCPATH\vendor\benedmunds\codeigniter-ion-auth\Models\IonAuthModel.php on line 231.
 1 APPPATH\Libraries\IonAuth.php(71): IonAuth\Models\IonAuthModel->__construct()
 2 APPPATH\Controllers\vendor\Products.php(23): App\Libraries\IonAuth->__construct()
 3 SYSTEMPATH\CodeIgniter.php(903): App\Controllers\vendor\Products->__construct()
 4 SYSTEMPATH\CodeIgniter.php(500): CodeIgniter\CodeIgniter->createController()
 5 SYSTEMPATH\CodeIgniter.php(355): CodeIgniter\CodeIgniter->handleRequest(null, Object(Config\Cache), false)
 6 SYSTEMPATH\Boot.php(325): CodeIgniter\CodeIgniter->run()
 7 SYSTEMPATH\Boot.php(67): CodeIgniter\Boot::runCodeIgniter(Object(CodeIgniter\CodeIgniter))
 8 FCPATH\index.php(56): CodeIgniter\Boot::bootWeb(Object(Config\Paths))
WARNING - 2024-10-18 03:43:17 --> [DEPRECATED] Creation of dynamic property IonAuth\Models\IonAuthModel::$hashMethod is deprecated in FCPATH\vendor\benedmunds\codeigniter-ion-auth\Models\IonAuthModel.php on line 234.
 1 APPPATH\Libraries\IonAuth.php(71): IonAuth\Models\IonAuthModel->__construct()
 2 APPPATH\Controllers\vendor\Products.php(23): App\Libraries\IonAuth->__construct()
 3 SYSTEMPATH\CodeIgniter.php(903): App\Controllers\vendor\Products->__construct()
 4 SYSTEMPATH\CodeIgniter.php(500): CodeIgniter\CodeIgniter->createController()
 5 SYSTEMPATH\CodeIgniter.php(355): CodeIgniter\CodeIgniter->handleRequest(null, Object(Config\Cache), false)
 6 SYSTEMPATH\Boot.php(325): CodeIgniter\CodeIgniter->run()
 7 SYSTEMPATH\Boot.php(67): CodeIgniter\Boot::runCodeIgniter(Object(CodeIgniter\CodeIgniter))
 8 FCPATH\index.php(56): CodeIgniter\Boot::bootWeb(Object(Config\Paths))
WARNING - 2024-10-18 03:43:17 --> [DEPRECATED] Creation of dynamic property IonAuth\Models\IonAuthModel::$messagesTemplates is deprecated in FCPATH\vendor\benedmunds\codeigniter-ion-auth\Models\IonAuthModel.php on line 237.
 1 APPPATH\Libraries\IonAuth.php(71): IonAuth\Models\IonAuthModel->__construct()
 2 APPPATH\Controllers\vendor\Products.php(23): App\Libraries\IonAuth->__construct()
 3 SYSTEMPATH\CodeIgniter.php(903): App\Controllers\vendor\Products->__construct()
 4 SYSTEMPATH\CodeIgniter.php(500): CodeIgniter\CodeIgniter->createController()
 5 SYSTEMPATH\CodeIgniter.php(355): CodeIgniter\CodeIgniter->handleRequest(null, Object(Config\Cache), false)
 6 SYSTEMPATH\Boot.php(325): CodeIgniter\CodeIgniter->run()
 7 SYSTEMPATH\Boot.php(67): CodeIgniter\Boot::runCodeIgniter(Object(CodeIgniter\CodeIgniter))
 8 FCPATH\index.php(56): CodeIgniter\Boot::bootWeb(Object(Config\Paths))
WARNING - 2024-10-18 09:13:17 --> [DEPRECATED] Creation of dynamic property IonAuth\Models\IonAuthModel::$join is deprecated in FCPATH\vendor\benedmunds\codeigniter-ion-auth\Models\IonAuthModel.php on line 231.
 1 APPPATH\Libraries\IonAuth.php(71): IonAuth\Models\IonAuthModel->__construct()
 2 APPPATH\Filters\CheckPermissions.php(16): App\Libraries\IonAuth->__construct()
 3 SYSTEMPATH\Filters\Filters.php(235): App\Filters\CheckPermissions->__construct()
 4 SYSTEMPATH\Filters\Filters.php(188): CodeIgniter\Filters\Filters->runAfter([...])
 5 SYSTEMPATH\CodeIgniter.php(527): CodeIgniter\Filters\Filters->run('vendor/products', 'after')
 6 SYSTEMPATH\CodeIgniter.php(355): CodeIgniter\CodeIgniter->handleRequest(null, Object(Config\Cache), false)
 7 SYSTEMPATH\Boot.php(325): CodeIgniter\CodeIgniter->run()
 8 SYSTEMPATH\Boot.php(67): CodeIgniter\Boot::runCodeIgniter(Object(CodeIgniter\CodeIgniter))
 9 FCPATH\index.php(56): CodeIgniter\Boot::bootWeb(Object(Config\Paths))
WARNING - 2024-10-18 09:13:17 --> [DEPRECATED] Creation of dynamic property IonAuth\Models\IonAuthModel::$hashMethod is deprecated in FCPATH\vendor\benedmunds\codeigniter-ion-auth\Models\IonAuthModel.php on line 234.
 1 APPPATH\Libraries\IonAuth.php(71): IonAuth\Models\IonAuthModel->__construct()
 2 APPPATH\Filters\CheckPermissions.php(16): App\Libraries\IonAuth->__construct()
 3 SYSTEMPATH\Filters\Filters.php(235): App\Filters\CheckPermissions->__construct()
 4 SYSTEMPATH\Filters\Filters.php(188): CodeIgniter\Filters\Filters->runAfter([...])
 5 SYSTEMPATH\CodeIgniter.php(527): CodeIgniter\Filters\Filters->run('vendor/products', 'after')
 6 SYSTEMPATH\CodeIgniter.php(355): CodeIgniter\CodeIgniter->handleRequest(null, Object(Config\Cache), false)
 7 SYSTEMPATH\Boot.php(325): CodeIgniter\CodeIgniter->run()
 8 SYSTEMPATH\Boot.php(67): CodeIgniter\Boot::runCodeIgniter(Object(CodeIgniter\CodeIgniter))
 9 FCPATH\index.php(56): CodeIgniter\Boot::bootWeb(Object(Config\Paths))
WARNING - 2024-10-18 09:13:17 --> [DEPRECATED] Creation of dynamic property IonAuth\Models\IonAuthModel::$messagesTemplates is deprecated in FCPATH\vendor\benedmunds\codeigniter-ion-auth\Models\IonAuthModel.php on line 237.
 1 APPPATH\Libraries\IonAuth.php(71): IonAuth\Models\IonAuthModel->__construct()
 2 APPPATH\Filters\CheckPermissions.php(16): App\Libraries\IonAuth->__construct()
 3 SYSTEMPATH\Filters\Filters.php(235): App\Filters\CheckPermissions->__construct()
 4 SYSTEMPATH\Filters\Filters.php(188): CodeIgniter\Filters\Filters->runAfter([...])
 5 SYSTEMPATH\CodeIgniter.php(527): CodeIgniter\Filters\Filters->run('vendor/products', 'after')
 6 SYSTEMPATH\CodeIgniter.php(355): CodeIgniter\CodeIgniter->handleRequest(null, Object(Config\Cache), false)
 7 SYSTEMPATH\Boot.php(325): CodeIgniter\CodeIgniter->run()
 8 SYSTEMPATH\Boot.php(67): CodeIgniter\Boot::runCodeIgniter(Object(CodeIgniter\CodeIgniter))
 9 FCPATH\index.php(56): CodeIgniter\Boot::bootWeb(Object(Config\Paths))
INFO - 2024-10-18 03:43:18 --> Session: Class initialized using 'CodeIgniter\Session\Handlers\FileHandler' driver.
WARNING - 2024-10-18 03:43:18 --> [DEPRECATED] Creation of dynamic property IonAuth\Models\IonAuthModel::$join is deprecated in FCPATH\vendor\benedmunds\codeigniter-ion-auth\Models\IonAuthModel.php on line 231.
 1 APPPATH\Libraries\IonAuth.php(71): IonAuth\Models\IonAuthModel->__construct()
 2 APPPATH\Filters\CheckPermissions.php(16): App\Libraries\IonAuth->__construct()
 3 SYSTEMPATH\Filters\Filters.php(197): App\Filters\CheckPermissions->__construct()
 4 SYSTEMPATH\Filters\Filters.php(184): CodeIgniter\Filters\Filters->runBefore([...])
 5 SYSTEMPATH\CodeIgniter.php(481): CodeIgniter\Filters\Filters->run('vendor/products/products_table', 'before')
 6 SYSTEMPATH\CodeIgniter.php(355): CodeIgniter\CodeIgniter->handleRequest(null, Object(Config\Cache), false)
 7 SYSTEMPATH\Boot.php(325): CodeIgniter\CodeIgniter->run()
 8 SYSTEMPATH\Boot.php(67): CodeIgniter\Boot::runCodeIgniter(Object(CodeIgniter\CodeIgniter))
 9 FCPATH\index.php(56): CodeIgniter\Boot::bootWeb(Object(Config\Paths))
WARNING - 2024-10-18 03:43:18 --> [DEPRECATED] Creation of dynamic property IonAuth\Models\IonAuthModel::$hashMethod is deprecated in FCPATH\vendor\benedmunds\codeigniter-ion-auth\Models\IonAuthModel.php on line 234.
 1 APPPATH\Libraries\IonAuth.php(71): IonAuth\Models\IonAuthModel->__construct()
 2 APPPATH\Filters\CheckPermissions.php(16): App\Libraries\IonAuth->__construct()
 3 SYSTEMPATH\Filters\Filters.php(197): App\Filters\CheckPermissions->__construct()
 4 SYSTEMPATH\Filters\Filters.php(184): CodeIgniter\Filters\Filters->runBefore([...])
 5 SYSTEMPATH\CodeIgniter.php(481): CodeIgniter\Filters\Filters->run('vendor/products/products_table', 'before')
 6 SYSTEMPATH\CodeIgniter.php(355): CodeIgniter\CodeIgniter->handleRequest(null, Object(Config\Cache), false)
 7 SYSTEMPATH\Boot.php(325): CodeIgniter\CodeIgniter->run()
 8 SYSTEMPATH\Boot.php(67): CodeIgniter\Boot::runCodeIgniter(Object(CodeIgniter\CodeIgniter))
 9 FCPATH\index.php(56): CodeIgniter\Boot::bootWeb(Object(Config\Paths))
WARNING - 2024-10-18 03:43:18 --> [DEPRECATED] Creation of dynamic property IonAuth\Models\IonAuthModel::$messagesTemplates is deprecated in FCPATH\vendor\benedmunds\codeigniter-ion-auth\Models\IonAuthModel.php on line 237.
 1 APPPATH\Libraries\IonAuth.php(71): IonAuth\Models\IonAuthModel->__construct()
 2 APPPATH\Filters\CheckPermissions.php(16): App\Libraries\IonAuth->__construct()
 3 SYSTEMPATH\Filters\Filters.php(197): App\Filters\CheckPermissions->__construct()
 4 SYSTEMPATH\Filters\Filters.php(184): CodeIgniter\Filters\Filters->runBefore([...])
 5 SYSTEMPATH\CodeIgniter.php(481): CodeIgniter\Filters\Filters->run('vendor/products/products_table', 'before')
 6 SYSTEMPATH\CodeIgniter.php(355): CodeIgniter\CodeIgniter->handleRequest(null, Object(Config\Cache), false)
 7 SYSTEMPATH\Boot.php(325): CodeIgniter\CodeIgniter->run()
 8 SYSTEMPATH\Boot.php(67): CodeIgniter\Boot::runCodeIgniter(Object(CodeIgniter\CodeIgniter))
 9 FCPATH\index.php(56): CodeIgniter\Boot::bootWeb(Object(Config\Paths))
WARNING - 2024-10-18 03:43:18 --> [DEPRECATED] Creation of dynamic property IonAuth\Models\IonAuthModel::$join is deprecated in FCPATH\vendor\benedmunds\codeigniter-ion-auth\Models\IonAuthModel.php on line 231.
 1 APPPATH\Libraries\IonAuth.php(71): IonAuth\Models\IonAuthModel->__construct()
 2 APPPATH\Controllers\vendor\Products.php(23): App\Libraries\IonAuth->__construct()
 3 SYSTEMPATH\CodeIgniter.php(903): App\Controllers\vendor\Products->__construct()
 4 SYSTEMPATH\CodeIgniter.php(500): CodeIgniter\CodeIgniter->createController()
 5 SYSTEMPATH\CodeIgniter.php(355): CodeIgniter\CodeIgniter->handleRequest(null, Object(Config\Cache), false)
 6 SYSTEMPATH\Boot.php(325): CodeIgniter\CodeIgniter->run()
 7 SYSTEMPATH\Boot.php(67): CodeIgniter\Boot::runCodeIgniter(Object(CodeIgniter\CodeIgniter))
 8 FCPATH\index.php(56): CodeIgniter\Boot::bootWeb(Object(Config\Paths))
WARNING - 2024-10-18 03:43:18 --> [DEPRECATED] Creation of dynamic property IonAuth\Models\IonAuthModel::$hashMethod is deprecated in FCPATH\vendor\benedmunds\codeigniter-ion-auth\Models\IonAuthModel.php on line 234.
 1 APPPATH\Libraries\IonAuth.php(71): IonAuth\Models\IonAuthModel->__construct()
 2 APPPATH\Controllers\vendor\Products.php(23): App\Libraries\IonAuth->__construct()
 3 SYSTEMPATH\CodeIgniter.php(903): App\Controllers\vendor\Products->__construct()
 4 SYSTEMPATH\CodeIgniter.php(500): CodeIgniter\CodeIgniter->createController()
 5 SYSTEMPATH\CodeIgniter.php(355): CodeIgniter\CodeIgniter->handleRequest(null, Object(Config\Cache), false)
 6 SYSTEMPATH\Boot.php(325): CodeIgniter\CodeIgniter->run()
 7 SYSTEMPATH\Boot.php(67): CodeIgniter\Boot::runCodeIgniter(Object(CodeIgniter\CodeIgniter))
 8 FCPATH\index.php(56): CodeIgniter\Boot::bootWeb(Object(Config\Paths))
WARNING - 2024-10-18 03:43:18 --> [DEPRECATED] Creation of dynamic property IonAuth\Models\IonAuthModel::$messagesTemplates is deprecated in FCPATH\vendor\benedmunds\codeigniter-ion-auth\Models\IonAuthModel.php on line 237.
 1 APPPATH\Libraries\IonAuth.php(71): IonAuth\Models\IonAuthModel->__construct()
 2 APPPATH\Controllers\vendor\Products.php(23): App\Libraries\IonAuth->__construct()
 3 SYSTEMPATH\CodeIgniter.php(903): App\Controllers\vendor\Products->__construct()
 4 SYSTEMPATH\CodeIgniter.php(500): CodeIgniter\CodeIgniter->createController()
 5 SYSTEMPATH\CodeIgniter.php(355): CodeIgniter\CodeIgniter->handleRequest(null, Object(Config\Cache), false)
 6 SYSTEMPATH\Boot.php(325): CodeIgniter\CodeIgniter->run()
 7 SYSTEMPATH\Boot.php(67): CodeIgniter\Boot::runCodeIgniter(Object(CodeIgniter\CodeIgniter))
 8 FCPATH\index.php(56): CodeIgniter\Boot::bootWeb(Object(Config\Paths))
WARNING - 2024-10-18 09:13:18 --> [DEPRECATED] Creation of dynamic property IonAuth\Models\IonAuthModel::$join is deprecated in FCPATH\vendor\benedmunds\codeigniter-ion-auth\Models\IonAuthModel.php on line 231.
 1 APPPATH\Libraries\IonAuth.php(71): IonAuth\Models\IonAuthModel->__construct()
 2 APPPATH\Filters\CheckPermissions.php(16): App\Libraries\IonAuth->__construct()
 3 SYSTEMPATH\Filters\Filters.php(235): App\Filters\CheckPermissions->__construct()
 4 SYSTEMPATH\Filters\Filters.php(188): CodeIgniter\Filters\Filters->runAfter([...])
 5 SYSTEMPATH\CodeIgniter.php(527): CodeIgniter\Filters\Filters->run('vendor/products/products_table', 'after')
 6 SYSTEMPATH\CodeIgniter.php(355): CodeIgniter\CodeIgniter->handleRequest(null, Object(Config\Cache), false)
 7 SYSTEMPATH\Boot.php(325): CodeIgniter\CodeIgniter->run()
 8 SYSTEMPATH\Boot.php(67): CodeIgniter\Boot::runCodeIgniter(Object(CodeIgniter\CodeIgniter))
 9 FCPATH\index.php(56): CodeIgniter\Boot::bootWeb(Object(Config\Paths))
WARNING - 2024-10-18 09:13:18 --> [DEPRECATED] Creation of dynamic property IonAuth\Models\IonAuthModel::$hashMethod is deprecated in FCPATH\vendor\benedmunds\codeigniter-ion-auth\Models\IonAuthModel.php on line 234.
 1 APPPATH\Libraries\IonAuth.php(71): IonAuth\Models\IonAuthModel->__construct()
 2 APPPATH\Filters\CheckPermissions.php(16): App\Libraries\IonAuth->__construct()
 3 SYSTEMPATH\Filters\Filters.php(235): App\Filters\CheckPermissions->__construct()
 4 SYSTEMPATH\Filters\Filters.php(188): CodeIgniter\Filters\Filters->runAfter([...])
 5 SYSTEMPATH\CodeIgniter.php(527): CodeIgniter\Filters\Filters->run('vendor/products/products_table', 'after')
 6 SYSTEMPATH\CodeIgniter.php(355): CodeIgniter\CodeIgniter->handleRequest(null, Object(Config\Cache), false)
 7 SYSTEMPATH\Boot.php(325): CodeIgniter\CodeIgniter->run()
 8 SYSTEMPATH\Boot.php(67): CodeIgniter\Boot::runCodeIgniter(Object(CodeIgniter\CodeIgniter))
 9 FCPATH\index.php(56): CodeIgniter\Boot::bootWeb(Object(Config\Paths))
WARNING - 2024-10-18 09:13:18 --> [DEPRECATED] Creation of dynamic property IonAuth\Models\IonAuthModel::$messagesTemplates is deprecated in FCPATH\vendor\benedmunds\codeigniter-ion-auth\Models\IonAuthModel.php on line 237.
 1 APPPATH\Libraries\IonAuth.php(71): IonAuth\Models\IonAuthModel->__construct()
 2 APPPATH\Filters\CheckPermissions.php(16): App\Libraries\IonAuth->__construct()
 3 SYSTEMPATH\Filters\Filters.php(235): App\Filters\CheckPermissions->__construct()
 4 SYSTEMPATH\Filters\Filters.php(188): CodeIgniter\Filters\Filters->runAfter([...])
 5 SYSTEMPATH\CodeIgniter.php(527): CodeIgniter\Filters\Filters->run('vendor/products/products_table', 'after')
 6 SYSTEMPATH\CodeIgniter.php(355): CodeIgniter\CodeIgniter->handleRequest(null, Object(Config\Cache), false)
 7 SYSTEMPATH\Boot.php(325): CodeIgniter\CodeIgniter->run()
 8 SYSTEMPATH\Boot.php(67): CodeIgniter\Boot::runCodeIgniter(Object(CodeIgniter\CodeIgniter))
 9 FCPATH\index.php(56): CodeIgniter\Boot::bootWeb(Object(Config\Paths))
INFO - 2024-10-18 03:43:18 --> Session: Class initialized using 'CodeIgniter\Session\Handlers\FileHandler' driver.
WARNING - 2024-10-18 03:43:18 --> [DEPRECATED] Creation of dynamic property IonAuth\Models\IonAuthModel::$join is deprecated in FCPATH\vendor\benedmunds\codeigniter-ion-auth\Models\IonAuthModel.php on line 231.
 1 APPPATH\Libraries\IonAuth.php(71): IonAuth\Models\IonAuthModel->__construct()
 2 APPPATH\Filters\CheckPermissions.php(16): App\Libraries\IonAuth->__construct()
 3 SYSTEMPATH\Filters\Filters.php(197): App\Filters\CheckPermissions->__construct()
 4 SYSTEMPATH\Filters\Filters.php(184): CodeIgniter\Filters\Filters->runBefore([...])
 5 SYSTEMPATH\CodeIgniter.php(481): CodeIgniter\Filters\Filters->run('vendor/products/variants_table', 'before')
 6 SYSTEMPATH\CodeIgniter.php(355): CodeIgniter\CodeIgniter->handleRequest(null, Object(Config\Cache), false)
 7 SYSTEMPATH\Boot.php(325): CodeIgniter\CodeIgniter->run()
 8 SYSTEMPATH\Boot.php(67): CodeIgniter\Boot::runCodeIgniter(Object(CodeIgniter\CodeIgniter))
 9 FCPATH\index.php(56): CodeIgniter\Boot::bootWeb(Object(Config\Paths))
WARNING - 2024-10-18 03:43:18 --> [DEPRECATED] Creation of dynamic property IonAuth\Models\IonAuthModel::$hashMethod is deprecated in FCPATH\vendor\benedmunds\codeigniter-ion-auth\Models\IonAuthModel.php on line 234.
 1 APPPATH\Libraries\IonAuth.php(71): IonAuth\Models\IonAuthModel->__construct()
 2 APPPATH\Filters\CheckPermissions.php(16): App\Libraries\IonAuth->__construct()
 3 SYSTEMPATH\Filters\Filters.php(197): App\Filters\CheckPermissions->__construct()
 4 SYSTEMPATH\Filters\Filters.php(184): CodeIgniter\Filters\Filters->runBefore([...])
 5 SYSTEMPATH\CodeIgniter.php(481): CodeIgniter\Filters\Filters->run('vendor/products/variants_table', 'before')
 6 SYSTEMPATH\CodeIgniter.php(355): CodeIgniter\CodeIgniter->handleRequest(null, Object(Config\Cache), false)
 7 SYSTEMPATH\Boot.php(325): CodeIgniter\CodeIgniter->run()
 8 SYSTEMPATH\Boot.php(67): CodeIgniter\Boot::runCodeIgniter(Object(CodeIgniter\CodeIgniter))
 9 FCPATH\index.php(56): CodeIgniter\Boot::bootWeb(Object(Config\Paths))
WARNING - 2024-10-18 03:43:18 --> [DEPRECATED] Creation of dynamic property IonAuth\Models\IonAuthModel::$messagesTemplates is deprecated in FCPATH\vendor\benedmunds\codeigniter-ion-auth\Models\IonAuthModel.php on line 237.
 1 APPPATH\Libraries\IonAuth.php(71): IonAuth\Models\IonAuthModel->__construct()
 2 APPPATH\Filters\CheckPermissions.php(16): App\Libraries\IonAuth->__construct()
 3 SYSTEMPATH\Filters\Filters.php(197): App\Filters\CheckPermissions->__construct()
 4 SYSTEMPATH\Filters\Filters.php(184): CodeIgniter\Filters\Filters->runBefore([...])
 5 SYSTEMPATH\CodeIgniter.php(481): CodeIgniter\Filters\Filters->run('vendor/products/variants_table', 'before')
 6 SYSTEMPATH\CodeIgniter.php(355): CodeIgniter\CodeIgniter->handleRequest(null, Object(Config\Cache), false)
 7 SYSTEMPATH\Boot.php(325): CodeIgniter\CodeIgniter->run()
 8 SYSTEMPATH\Boot.php(67): CodeIgniter\Boot::runCodeIgniter(Object(CodeIgniter\CodeIgniter))
 9 FCPATH\index.php(56): CodeIgniter\Boot::bootWeb(Object(Config\Paths))
WARNING - 2024-10-18 03:43:18 --> [DEPRECATED] Creation of dynamic property IonAuth\Models\IonAuthModel::$join is deprecated in FCPATH\vendor\benedmunds\codeigniter-ion-auth\Models\IonAuthModel.php on line 231.
 1 APPPATH\Libraries\IonAuth.php(71): IonAuth\Models\IonAuthModel->__construct()
 2 APPPATH\Controllers\vendor\Products.php(23): App\Libraries\IonAuth->__construct()
 3 SYSTEMPATH\CodeIgniter.php(903): App\Controllers\vendor\Products->__construct()
 4 SYSTEMPATH\CodeIgniter.php(500): CodeIgniter\CodeIgniter->createController()
 5 SYSTEMPATH\CodeIgniter.php(355): CodeIgniter\CodeIgniter->handleRequest(null, Object(Config\Cache), false)
 6 SYSTEMPATH\Boot.php(325): CodeIgniter\CodeIgniter->run()
 7 SYSTEMPATH\Boot.php(67): CodeIgniter\Boot::runCodeIgniter(Object(CodeIgniter\CodeIgniter))
 8 FCPATH\index.php(56): CodeIgniter\Boot::bootWeb(Object(Config\Paths))
WARNING - 2024-10-18 03:43:18 --> [DEPRECATED] Creation of dynamic property IonAuth\Models\IonAuthModel::$hashMethod is deprecated in FCPATH\vendor\benedmunds\codeigniter-ion-auth\Models\IonAuthModel.php on line 234.
 1 APPPATH\Libraries\IonAuth.php(71): IonAuth\Models\IonAuthModel->__construct()
 2 APPPATH\Controllers\vendor\Products.php(23): App\Libraries\IonAuth->__construct()
 3 SYSTEMPATH\CodeIgniter.php(903): App\Controllers\vendor\Products->__construct()
 4 SYSTEMPATH\CodeIgniter.php(500): CodeIgniter\CodeIgniter->createController()
 5 SYSTEMPATH\CodeIgniter.php(355): CodeIgniter\CodeIgniter->handleRequest(null, Object(Config\Cache), false)
 6 SYSTEMPATH\Boot.php(325): CodeIgniter\CodeIgniter->run()
 7 SYSTEMPATH\Boot.php(67): CodeIgniter\Boot::runCodeIgniter(Object(CodeIgniter\CodeIgniter))
 8 FCPATH\index.php(56): CodeIgniter\Boot::bootWeb(Object(Config\Paths))
WARNING - 2024-10-18 03:43:18 --> [DEPRECATED] Creation of dynamic property IonAuth\Models\IonAuthModel::$messagesTemplates is deprecated in FCPATH\vendor\benedmunds\codeigniter-ion-auth\Models\IonAuthModel.php on line 237.
 1 APPPATH\Libraries\IonAuth.php(71): IonAuth\Models\IonAuthModel->__construct()
 2 APPPATH\Controllers\vendor\Products.php(23): App\Libraries\IonAuth->__construct()
 3 SYSTEMPATH\CodeIgniter.php(903): App\Controllers\vendor\Products->__construct()
 4 SYSTEMPATH\CodeIgniter.php(500): CodeIgniter\CodeIgniter->createController()
 5 SYSTEMPATH\CodeIgniter.php(355): CodeIgniter\CodeIgniter->handleRequest(null, Object(Config\Cache), false)
 6 SYSTEMPATH\Boot.php(325): CodeIgniter\CodeIgniter->run()
 7 SYSTEMPATH\Boot.php(67): CodeIgniter\Boot::runCodeIgniter(Object(CodeIgniter\CodeIgniter))
 8 FCPATH\index.php(56): CodeIgniter\Boot::bootWeb(Object(Config\Paths))
WARNING - 2024-10-18 09:13:19 --> [DEPRECATED] Creation of dynamic property IonAuth\Models\IonAuthModel::$join is deprecated in FCPATH\vendor\benedmunds\codeigniter-ion-auth\Models\IonAuthModel.php on line 231.
 1 APPPATH\Libraries\IonAuth.php(71): IonAuth\Models\IonAuthModel->__construct()
 2 APPPATH\Filters\CheckPermissions.php(16): App\Libraries\IonAuth->__construct()
 3 SYSTEMPATH\Filters\Filters.php(235): App\Filters\CheckPermissions->__construct()
 4 SYSTEMPATH\Filters\Filters.php(188): CodeIgniter\Filters\Filters->runAfter([...])
 5 SYSTEMPATH\CodeIgniter.php(527): CodeIgniter\Filters\Filters->run('vendor/products/variants_table', 'after')
 6 SYSTEMPATH\CodeIgniter.php(355): CodeIgniter\CodeIgniter->handleRequest(null, Object(Config\Cache), false)
 7 SYSTEMPATH\Boot.php(325): CodeIgniter\CodeIgniter->run()
 8 SYSTEMPATH\Boot.php(67): CodeIgniter\Boot::runCodeIgniter(Object(CodeIgniter\CodeIgniter))
 9 FCPATH\index.php(56): CodeIgniter\Boot::bootWeb(Object(Config\Paths))
WARNING - 2024-10-18 09:13:19 --> [DEPRECATED] Creation of dynamic property IonAuth\Models\IonAuthModel::$hashMethod is deprecated in FCPATH\vendor\benedmunds\codeigniter-ion-auth\Models\IonAuthModel.php on line 234.
 1 APPPATH\Libraries\IonAuth.php(71): IonAuth\Models\IonAuthModel->__construct()
 2 APPPATH\Filters\CheckPermissions.php(16): App\Libraries\IonAuth->__construct()
 3 SYSTEMPATH\Filters\Filters.php(235): App\Filters\CheckPermissions->__construct()
 4 SYSTEMPATH\Filters\Filters.php(188): CodeIgniter\Filters\Filters->runAfter([...])
 5 SYSTEMPATH\CodeIgniter.php(527): CodeIgniter\Filters\Filters->run('vendor/products/variants_table', 'after')
 6 SYSTEMPATH\CodeIgniter.php(355): CodeIgniter\CodeIgniter->handleRequest(null, Object(Config\Cache), false)
 7 SYSTEMPATH\Boot.php(325): CodeIgniter\CodeIgniter->run()
 8 SYSTEMPATH\Boot.php(67): CodeIgniter\Boot::runCodeIgniter(Object(CodeIgniter\CodeIgniter))
 9 FCPATH\index.php(56): CodeIgniter\Boot::bootWeb(Object(Config\Paths))
WARNING - 2024-10-18 09:13:19 --> [DEPRECATED] Creation of dynamic property IonAuth\Models\IonAuthModel::$messagesTemplates is deprecated in FCPATH\vendor\benedmunds\codeigniter-ion-auth\Models\IonAuthModel.php on line 237.
 1 APPPATH\Libraries\IonAuth.php(71): IonAuth\Models\IonAuthModel->__construct()
 2 APPPATH\Filters\CheckPermissions.php(16): App\Libraries\IonAuth->__construct()
 3 SYSTEMPATH\Filters\Filters.php(235): App\Filters\CheckPermissions->__construct()
 4 SYSTEMPATH\Filters\Filters.php(188): CodeIgniter\Filters\Filters->runAfter([...])
 5 SYSTEMPATH\CodeIgniter.php(527): CodeIgniter\Filters\Filters->run('vendor/products/variants_table', 'after')
 6 SYSTEMPATH\CodeIgniter.php(355): CodeIgniter\CodeIgniter->handleRequest(null, Object(Config\Cache), false)
 7 SYSTEMPATH\Boot.php(325): CodeIgniter\CodeIgniter->run()
 8 SYSTEMPATH\Boot.php(67): CodeIgniter\Boot::runCodeIgniter(Object(CodeIgniter\CodeIgniter))
 9 FCPATH\index.php(56): CodeIgniter\Boot::bootWeb(Object(Config\Paths))
INFO - 2024-10-18 03:43:19 --> Session: Class initialized using 'CodeIgniter\Session\Handlers\FileHandler' driver.
WARNING - 2024-10-18 03:43:19 --> [DEPRECATED] Creation of dynamic property IonAuth\Models\IonAuthModel::$join is deprecated in FCPATH\vendor\benedmunds\codeigniter-ion-auth\Models\IonAuthModel.php on line 231.
 1 APPPATH\Libraries\IonAuth.php(71): IonAuth\Models\IonAuthModel->__construct()
 2 APPPATH\Controllers\Home.php(12): App\Libraries\IonAuth->__construct()
 3 SYSTEMPATH\CodeIgniter.php(903): App\Controllers\Home->__construct()
 4 SYSTEMPATH\CodeIgniter.php(500): CodeIgniter\CodeIgniter->createController()
 5 SYSTEMPATH\CodeIgniter.php(355): CodeIgniter\CodeIgniter->handleRequest(null, Object(Config\Cache), false)
 6 SYSTEMPATH\Boot.php(325): CodeIgniter\CodeIgniter->run()
 7 SYSTEMPATH\Boot.php(67): CodeIgniter\Boot::runCodeIgniter(Object(CodeIgniter\CodeIgniter))
 8 FCPATH\index.php(56): CodeIgniter\Boot::bootWeb(Object(Config\Paths))
WARNING - 2024-10-18 03:43:19 --> [DEPRECATED] Creation of dynamic property IonAuth\Models\IonAuthModel::$hashMethod is deprecated in FCPATH\vendor\benedmunds\codeigniter-ion-auth\Models\IonAuthModel.php on line 234.
 1 APPPATH\Libraries\IonAuth.php(71): IonAuth\Models\IonAuthModel->__construct()
 2 APPPATH\Controllers\Home.php(12): App\Libraries\IonAuth->__construct()
 3 SYSTEMPATH\CodeIgniter.php(903): App\Controllers\Home->__construct()
 4 SYSTEMPATH\CodeIgniter.php(500): CodeIgniter\CodeIgniter->createController()
 5 SYSTEMPATH\CodeIgniter.php(355): CodeIgniter\CodeIgniter->handleRequest(null, Object(Config\Cache), false)
 6 SYSTEMPATH\Boot.php(325): CodeIgniter\CodeIgniter->run()
 7 SYSTEMPATH\Boot.php(67): CodeIgniter\Boot::runCodeIgniter(Object(CodeIgniter\CodeIgniter))
 8 FCPATH\index.php(56): CodeIgniter\Boot::bootWeb(Object(Config\Paths))
WARNING - 2024-10-18 03:43:19 --> [DEPRECATED] Creation of dynamic property IonAuth\Models\IonAuthModel::$messagesTemplates is deprecated in FCPATH\vendor\benedmunds\codeigniter-ion-auth\Models\IonAuthModel.php on line 237.
 1 APPPATH\Libraries\IonAuth.php(71): IonAuth\Models\IonAuthModel->__construct()
 2 APPPATH\Controllers\Home.php(12): App\Libraries\IonAuth->__construct()
 3 SYSTEMPATH\CodeIgniter.php(903): App\Controllers\Home->__construct()
 4 SYSTEMPATH\CodeIgniter.php(500): CodeIgniter\CodeIgniter->createController()
 5 SYSTEMPATH\CodeIgniter.php(355): CodeIgniter\CodeIgniter->handleRequest(null, Object(Config\Cache), false)
 6 SYSTEMPATH\Boot.php(325): CodeIgniter\CodeIgniter->run()
 7 SYSTEMPATH\Boot.php(67): CodeIgniter\Boot::runCodeIgniter(Object(CodeIgniter\CodeIgniter))
 8 FCPATH\index.php(56): CodeIgniter\Boot::bootWeb(Object(Config\Paths))
INFO - 2024-10-18 03:43:20 --> Session: Class initialized using 'CodeIgniter\Session\Handlers\FileHandler' driver.
WARNING - 2024-10-18 03:43:20 --> [DEPRECATED] Creation of dynamic property IonAuth\Models\IonAuthModel::$join is deprecated in FCPATH\vendor\benedmunds\codeigniter-ion-auth\Models\IonAuthModel.php on line 231.
 1 APPPATH\Libraries\IonAuth.php(71): IonAuth\Models\IonAuthModel->__construct()
 2 APPPATH\Filters\CheckPermissions.php(16): App\Libraries\IonAuth->__construct()
 3 SYSTEMPATH\Filters\Filters.php(197): App\Filters\CheckPermissions->__construct()
 4 SYSTEMPATH\Filters\Filters.php(184): CodeIgniter\Filters\Filters->runBefore([...])
 5 SYSTEMPATH\CodeIgniter.php(481): CodeIgniter\Filters\Filters->run('vendor/products/stock_alert', 'before')
 6 SYSTEMPATH\CodeIgniter.php(355): CodeIgniter\CodeIgniter->handleRequest(null, Object(Config\Cache), false)
 7 SYSTEMPATH\Boot.php(325): CodeIgniter\CodeIgniter->run()
 8 SYSTEMPATH\Boot.php(67): CodeIgniter\Boot::runCodeIgniter(Object(CodeIgniter\CodeIgniter))
 9 FCPATH\index.php(56): CodeIgniter\Boot::bootWeb(Object(Config\Paths))
WARNING - 2024-10-18 03:43:20 --> [DEPRECATED] Creation of dynamic property IonAuth\Models\IonAuthModel::$hashMethod is deprecated in FCPATH\vendor\benedmunds\codeigniter-ion-auth\Models\IonAuthModel.php on line 234.
 1 APPPATH\Libraries\IonAuth.php(71): IonAuth\Models\IonAuthModel->__construct()
 2 APPPATH\Filters\CheckPermissions.php(16): App\Libraries\IonAuth->__construct()
 3 SYSTEMPATH\Filters\Filters.php(197): App\Filters\CheckPermissions->__construct()
 4 SYSTEMPATH\Filters\Filters.php(184): CodeIgniter\Filters\Filters->runBefore([...])
 5 SYSTEMPATH\CodeIgniter.php(481): CodeIgniter\Filters\Filters->run('vendor/products/stock_alert', 'before')
 6 SYSTEMPATH\CodeIgniter.php(355): CodeIgniter\CodeIgniter->handleRequest(null, Object(Config\Cache), false)
 7 SYSTEMPATH\Boot.php(325): CodeIgniter\CodeIgniter->run()
 8 SYSTEMPATH\Boot.php(67): CodeIgniter\Boot::runCodeIgniter(Object(CodeIgniter\CodeIgniter))
 9 FCPATH\index.php(56): CodeIgniter\Boot::bootWeb(Object(Config\Paths))
WARNING - 2024-10-18 03:43:20 --> [DEPRECATED] Creation of dynamic property IonAuth\Models\IonAuthModel::$messagesTemplates is deprecated in FCPATH\vendor\benedmunds\codeigniter-ion-auth\Models\IonAuthModel.php on line 237.
 1 APPPATH\Libraries\IonAuth.php(71): IonAuth\Models\IonAuthModel->__construct()
 2 APPPATH\Filters\CheckPermissions.php(16): App\Libraries\IonAuth->__construct()
 3 SYSTEMPATH\Filters\Filters.php(197): App\Filters\CheckPermissions->__construct()
 4 SYSTEMPATH\Filters\Filters.php(184): CodeIgniter\Filters\Filters->runBefore([...])
 5 SYSTEMPATH\CodeIgniter.php(481): CodeIgniter\Filters\Filters->run('vendor/products/stock_alert', 'before')
 6 SYSTEMPATH\CodeIgniter.php(355): CodeIgniter\CodeIgniter->handleRequest(null, Object(Config\Cache), false)
 7 SYSTEMPATH\Boot.php(325): CodeIgniter\CodeIgniter->run()
 8 SYSTEMPATH\Boot.php(67): CodeIgniter\Boot::runCodeIgniter(Object(CodeIgniter\CodeIgniter))
 9 FCPATH\index.php(56): CodeIgniter\Boot::bootWeb(Object(Config\Paths))
WARNING - 2024-10-18 03:43:20 --> [DEPRECATED] Creation of dynamic property IonAuth\Models\IonAuthModel::$join is deprecated in FCPATH\vendor\benedmunds\codeigniter-ion-auth\Models\IonAuthModel.php on line 231.
 1 APPPATH\Libraries\IonAuth.php(71): IonAuth\Models\IonAuthModel->__construct()
 2 APPPATH\Controllers\vendor\Products.php(23): App\Libraries\IonAuth->__construct()
 3 SYSTEMPATH\CodeIgniter.php(903): App\Controllers\vendor\Products->__construct()
 4 SYSTEMPATH\CodeIgniter.php(500): CodeIgniter\CodeIgniter->createController()
 5 SYSTEMPATH\CodeIgniter.php(355): CodeIgniter\CodeIgniter->handleRequest(null, Object(Config\Cache), false)
 6 SYSTEMPATH\Boot.php(325): CodeIgniter\CodeIgniter->run()
 7 SYSTEMPATH\Boot.php(67): CodeIgniter\Boot::runCodeIgniter(Object(CodeIgniter\CodeIgniter))
 8 FCPATH\index.php(56): CodeIgniter\Boot::bootWeb(Object(Config\Paths))
WARNING - 2024-10-18 03:43:20 --> [DEPRECATED] Creation of dynamic property IonAuth\Models\IonAuthModel::$hashMethod is deprecated in FCPATH\vendor\benedmunds\codeigniter-ion-auth\Models\IonAuthModel.php on line 234.
 1 APPPATH\Libraries\IonAuth.php(71): IonAuth\Models\IonAuthModel->__construct()
 2 APPPATH\Controllers\vendor\Products.php(23): App\Libraries\IonAuth->__construct()
 3 SYSTEMPATH\CodeIgniter.php(903): App\Controllers\vendor\Products->__construct()
 4 SYSTEMPATH\CodeIgniter.php(500): CodeIgniter\CodeIgniter->createController()
 5 SYSTEMPATH\CodeIgniter.php(355): CodeIgniter\CodeIgniter->handleRequest(null, Object(Config\Cache), false)
 6 SYSTEMPATH\Boot.php(325): CodeIgniter\CodeIgniter->run()
 7 SYSTEMPATH\Boot.php(67): CodeIgniter\Boot::runCodeIgniter(Object(CodeIgniter\CodeIgniter))
 8 FCPATH\index.php(56): CodeIgniter\Boot::bootWeb(Object(Config\Paths))
WARNING - 2024-10-18 03:43:20 --> [DEPRECATED] Creation of dynamic property IonAuth\Models\IonAuthModel::$messagesTemplates is deprecated in FCPATH\vendor\benedmunds\codeigniter-ion-auth\Models\IonAuthModel.php on line 237.
 1 APPPATH\Libraries\IonAuth.php(71): IonAuth\Models\IonAuthModel->__construct()
 2 APPPATH\Controllers\vendor\Products.php(23): App\Libraries\IonAuth->__construct()
 3 SYSTEMPATH\CodeIgniter.php(903): App\Controllers\vendor\Products->__construct()
 4 SYSTEMPATH\CodeIgniter.php(500): CodeIgniter\CodeIgniter->createController()
 5 SYSTEMPATH\CodeIgniter.php(355): CodeIgniter\CodeIgniter->handleRequest(null, Object(Config\Cache), false)
 6 SYSTEMPATH\Boot.php(325): CodeIgniter\CodeIgniter->run()
 7 SYSTEMPATH\Boot.php(67): CodeIgniter\Boot::runCodeIgniter(Object(CodeIgniter\CodeIgniter))
 8 FCPATH\index.php(56): CodeIgniter\Boot::bootWeb(Object(Config\Paths))
WARNING - 2024-10-18 09:13:20 --> [DEPRECATED] Creation of dynamic property IonAuth\Models\IonAuthModel::$join is deprecated in FCPATH\vendor\benedmunds\codeigniter-ion-auth\Models\IonAuthModel.php on line 231.
 1 APPPATH\Libraries\IonAuth.php(71): IonAuth\Models\IonAuthModel->__construct()
 2 APPPATH\Filters\CheckPermissions.php(16): App\Libraries\IonAuth->__construct()
 3 SYSTEMPATH\Filters\Filters.php(235): App\Filters\CheckPermissions->__construct()
 4 SYSTEMPATH\Filters\Filters.php(188): CodeIgniter\Filters\Filters->runAfter([...])
 5 SYSTEMPATH\CodeIgniter.php(527): CodeIgniter\Filters\Filters->run('vendor/products/stock_alert', 'after')
 6 SYSTEMPATH\CodeIgniter.php(355): CodeIgniter\CodeIgniter->handleRequest(null, Object(Config\Cache), false)
 7 SYSTEMPATH\Boot.php(325): CodeIgniter\CodeIgniter->run()
 8 SYSTEMPATH\Boot.php(67): CodeIgniter\Boot::runCodeIgniter(Object(CodeIgniter\CodeIgniter))
 9 FCPATH\index.php(56): CodeIgniter\Boot::bootWeb(Object(Config\Paths))
WARNING - 2024-10-18 09:13:20 --> [DEPRECATED] Creation of dynamic property IonAuth\Models\IonAuthModel::$hashMethod is deprecated in FCPATH\vendor\benedmunds\codeigniter-ion-auth\Models\IonAuthModel.php on line 234.
 1 APPPATH\Libraries\IonAuth.php(71): IonAuth\Models\IonAuthModel->__construct()
 2 APPPATH\Filters\CheckPermissions.php(16): App\Libraries\IonAuth->__construct()
 3 SYSTEMPATH\Filters\Filters.php(235): App\Filters\CheckPermissions->__construct()
 4 SYSTEMPATH\Filters\Filters.php(188): CodeIgniter\Filters\Filters->runAfter([...])
 5 SYSTEMPATH\CodeIgniter.php(527): CodeIgniter\Filters\Filters->run('vendor/products/stock_alert', 'after')
 6 SYSTEMPATH\CodeIgniter.php(355): CodeIgniter\CodeIgniter->handleRequest(null, Object(Config\Cache), false)
 7 SYSTEMPATH\Boot.php(325): CodeIgniter\CodeIgniter->run()
 8 SYSTEMPATH\Boot.php(67): CodeIgniter\Boot::runCodeIgniter(Object(CodeIgniter\CodeIgniter))
 9 FCPATH\index.php(56): CodeIgniter\Boot::bootWeb(Object(Config\Paths))
WARNING - 2024-10-18 09:13:20 --> [DEPRECATED] Creation of dynamic property IonAuth\Models\IonAuthModel::$messagesTemplates is deprecated in FCPATH\vendor\benedmunds\codeigniter-ion-auth\Models\IonAuthModel.php on line 237.
 1 APPPATH\Libraries\IonAuth.php(71): IonAuth\Models\IonAuthModel->__construct()
 2 APPPATH\Filters\CheckPermissions.php(16): App\Libraries\IonAuth->__construct()
 3 SYSTEMPATH\Filters\Filters.php(235): App\Filters\CheckPermissions->__construct()
 4 SYSTEMPATH\Filters\Filters.php(188): CodeIgniter\Filters\Filters->runAfter([...])
 5 SYSTEMPATH\CodeIgniter.php(527): CodeIgniter\Filters\Filters->run('vendor/products/stock_alert', 'after')
 6 SYSTEMPATH\CodeIgniter.php(355): CodeIgniter\CodeIgniter->handleRequest(null, Object(Config\Cache), false)
 7 SYSTEMPATH\Boot.php(325): CodeIgniter\CodeIgniter->run()
 8 SYSTEMPATH\Boot.php(67): CodeIgniter\Boot::runCodeIgniter(Object(CodeIgniter\CodeIgniter))
 9 FCPATH\index.php(56): CodeIgniter\Boot::bootWeb(Object(Config\Paths))
INFO - 2024-10-18 03:43:20 --> Session: Class initialized using 'CodeIgniter\Session\Handlers\FileHandler' driver.
WARNING - 2024-10-18 03:43:20 --> [DEPRECATED] Creation of dynamic property IonAuth\Models\IonAuthModel::$join is deprecated in FCPATH\vendor\benedmunds\codeigniter-ion-auth\Models\IonAuthModel.php on line 231.
 1 APPPATH\Libraries\IonAuth.php(71): IonAuth\Models\IonAuthModel->__construct()
 2 APPPATH\Filters\CheckPermissions.php(16): App\Libraries\IonAuth->__construct()
 3 SYSTEMPATH\Filters\Filters.php(197): App\Filters\CheckPermissions->__construct()
 4 SYSTEMPATH\Filters\Filters.php(184): CodeIgniter\Filters\Filters->runBefore([...])
 5 SYSTEMPATH\CodeIgniter.php(481): CodeIgniter\Filters\Filters->run('vendor/products/send_email_stock_alert', 'before')
 6 SYSTEMPATH\CodeIgniter.php(355): CodeIgniter\CodeIgniter->handleRequest(null, Object(Config\Cache), false)
 7 SYSTEMPATH\Boot.php(325): CodeIgniter\CodeIgniter->run()
 8 SYSTEMPATH\Boot.php(67): CodeIgniter\Boot::runCodeIgniter(Object(CodeIgniter\CodeIgniter))
 9 FCPATH\index.php(56): CodeIgniter\Boot::bootWeb(Object(Config\Paths))
WARNING - 2024-10-18 03:43:20 --> [DEPRECATED] Creation of dynamic property IonAuth\Models\IonAuthModel::$hashMethod is deprecated in FCPATH\vendor\benedmunds\codeigniter-ion-auth\Models\IonAuthModel.php on line 234.
 1 APPPATH\Libraries\IonAuth.php(71): IonAuth\Models\IonAuthModel->__construct()
 2 APPPATH\Filters\CheckPermissions.php(16): App\Libraries\IonAuth->__construct()
 3 SYSTEMPATH\Filters\Filters.php(197): App\Filters\CheckPermissions->__construct()
 4 SYSTEMPATH\Filters\Filters.php(184): CodeIgniter\Filters\Filters->runBefore([...])
 5 SYSTEMPATH\CodeIgniter.php(481): CodeIgniter\Filters\Filters->run('vendor/products/send_email_stock_alert', 'before')
 6 SYSTEMPATH\CodeIgniter.php(355): CodeIgniter\CodeIgniter->handleRequest(null, Object(Config\Cache), false)
 7 SYSTEMPATH\Boot.php(325): CodeIgniter\CodeIgniter->run()
 8 SYSTEMPATH\Boot.php(67): CodeIgniter\Boot::runCodeIgniter(Object(CodeIgniter\CodeIgniter))
 9 FCPATH\index.php(56): CodeIgniter\Boot::bootWeb(Object(Config\Paths))
WARNING - 2024-10-18 03:43:20 --> [DEPRECATED] Creation of dynamic property IonAuth\Models\IonAuthModel::$messagesTemplates is deprecated in FCPATH\vendor\benedmunds\codeigniter-ion-auth\Models\IonAuthModel.php on line 237.
 1 APPPATH\Libraries\IonAuth.php(71): IonAuth\Models\IonAuthModel->__construct()
 2 APPPATH\Filters\CheckPermissions.php(16): App\Libraries\IonAuth->__construct()
 3 SYSTEMPATH\Filters\Filters.php(197): App\Filters\CheckPermissions->__construct()
 4 SYSTEMPATH\Filters\Filters.php(184): CodeIgniter\Filters\Filters->runBefore([...])
 5 SYSTEMPATH\CodeIgniter.php(481): CodeIgniter\Filters\Filters->run('vendor/products/send_email_stock_alert', 'before')
 6 SYSTEMPATH\CodeIgniter.php(355): CodeIgniter\CodeIgniter->handleRequest(null, Object(Config\Cache), false)
 7 SYSTEMPATH\Boot.php(325): CodeIgniter\CodeIgniter->run()
 8 SYSTEMPATH\Boot.php(67): CodeIgniter\Boot::runCodeIgniter(Object(CodeIgniter\CodeIgniter))
 9 FCPATH\index.php(56): CodeIgniter\Boot::bootWeb(Object(Config\Paths))
WARNING - 2024-10-18 03:43:20 --> [DEPRECATED] Creation of dynamic property IonAuth\Models\IonAuthModel::$join is deprecated in FCPATH\vendor\benedmunds\codeigniter-ion-auth\Models\IonAuthModel.php on line 231.
 1 APPPATH\Libraries\IonAuth.php(71): IonAuth\Models\IonAuthModel->__construct()
 2 APPPATH\Controllers\vendor\Products.php(23): App\Libraries\IonAuth->__construct()
 3 SYSTEMPATH\CodeIgniter.php(903): App\Controllers\vendor\Products->__construct()
 4 SYSTEMPATH\CodeIgniter.php(500): CodeIgniter\CodeIgniter->createController()
 5 SYSTEMPATH\CodeIgniter.php(355): CodeIgniter\CodeIgniter->handleRequest(null, Object(Config\Cache), false)
 6 SYSTEMPATH\Boot.php(325): CodeIgniter\CodeIgniter->run()
 7 SYSTEMPATH\Boot.php(67): CodeIgniter\Boot::runCodeIgniter(Object(CodeIgniter\CodeIgniter))
 8 FCPATH\index.php(56): CodeIgniter\Boot::bootWeb(Object(Config\Paths))
WARNING - 2024-10-18 03:43:20 --> [DEPRECATED] Creation of dynamic property IonAuth\Models\IonAuthModel::$hashMethod is deprecated in FCPATH\vendor\benedmunds\codeigniter-ion-auth\Models\IonAuthModel.php on line 234.
 1 APPPATH\Libraries\IonAuth.php(71): IonAuth\Models\IonAuthModel->__construct()
 2 APPPATH\Controllers\vendor\Products.php(23): App\Libraries\IonAuth->__construct()
 3 SYSTEMPATH\CodeIgniter.php(903): App\Controllers\vendor\Products->__construct()
 4 SYSTEMPATH\CodeIgniter.php(500): CodeIgniter\CodeIgniter->createController()
 5 SYSTEMPATH\CodeIgniter.php(355): CodeIgniter\CodeIgniter->handleRequest(null, Object(Config\Cache), false)
 6 SYSTEMPATH\Boot.php(325): CodeIgniter\CodeIgniter->run()
 7 SYSTEMPATH\Boot.php(67): CodeIgniter\Boot::runCodeIgniter(Object(CodeIgniter\CodeIgniter))
 8 FCPATH\index.php(56): CodeIgniter\Boot::bootWeb(Object(Config\Paths))
WARNING - 2024-10-18 03:43:20 --> [DEPRECATED] Creation of dynamic property IonAuth\Models\IonAuthModel::$messagesTemplates is deprecated in FCPATH\vendor\benedmunds\codeigniter-ion-auth\Models\IonAuthModel.php on line 237.
 1 APPPATH\Libraries\IonAuth.php(71): IonAuth\Models\IonAuthModel->__construct()
 2 APPPATH\Controllers\vendor\Products.php(23): App\Libraries\IonAuth->__construct()
 3 SYSTEMPATH\CodeIgniter.php(903): App\Controllers\vendor\Products->__construct()
 4 SYSTEMPATH\CodeIgniter.php(500): CodeIgniter\CodeIgniter->createController()
 5 SYSTEMPATH\CodeIgniter.php(355): CodeIgniter\CodeIgniter->handleRequest(null, Object(Config\Cache), false)
 6 SYSTEMPATH\Boot.php(325): CodeIgniter\CodeIgniter->run()
 7 SYSTEMPATH\Boot.php(67): CodeIgniter\Boot::runCodeIgniter(Object(CodeIgniter\CodeIgniter))
 8 FCPATH\index.php(56): CodeIgniter\Boot::bootWeb(Object(Config\Paths))
ERROR - 2024-10-18 09:13:22 --> Email: sendWithMail throwed ErrorException: mail(): Failed to connect to mailserver at &quot;localhost&quot; port 25, verify your &quot;SMTP&quot; and &quot;smtp_port&quot; setting in php.ini or use ini_set() in C:\xampp1\htdocs\Maareeye-sass-git\vendor\codeigniter4\framework\system\Email\Email.php:1762
Stack trace:
#0 [internal function]: CodeIgniter\Debug\Exceptions->errorHandler(2, 'mail(): Failed ...', 'C:\\xampp1\\htdoc...', 1762)
#1 C:\xampp1\htdocs\Maareeye-sass-git\vendor\codeigniter4\framework\system\Email\Email.php(1762): mail('test@gmail.com3', '=?ISO-8859-1?Q?...', 'This is a multi...', 'Date: Fri, 18 O...', '-f infinitie.ya...')
#2 C:\xampp1\htdocs\Maareeye-sass-git\vendor\codeigniter4\framework\system\Email\Email.php(1694): CodeIgniter\Email\Email->sendWithMail()
#3 C:\xampp1\htdocs\Maareeye-sass-git\vendor\codeigniter4\framework\system\Email\Email.php(1589): CodeIgniter\Email\Email->spoolEmail()
#4 C:\xampp1\htdocs\Maareeye-sass-git\app\Controllers\vendor\Products.php(1207): CodeIgniter\Email\Email->send()
#5 C:\xampp1\htdocs\Maareeye-sass-git\vendor\codeigniter4\framework\system\CodeIgniter.php(933): App\Controllers\vendor\Products->send_email_stock_alert()
#6 C:\xampp1\htdocs\Maareeye-sass-git\vendor\codeigniter4\framework\system\CodeIgniter.php(509): CodeIgniter\CodeIgniter->runController(Object(App\Controllers\vendor\Products))
#7 C:\xampp1\htdocs\Maareeye-sass-git\vendor\codeigniter4\framework\system\CodeIgniter.php(355): CodeIgniter\CodeIgniter->handleRequest(NULL, Object(Config\Cache), false)
#8 C:\xampp1\htdocs\Maareeye-sass-git\vendor\codeigniter4\framework\system\Boot.php(325): CodeIgniter\CodeIgniter->run()
#9 C:\xampp1\htdocs\Maareeye-sass-git\vendor\codeigniter4\framework\system\Boot.php(67): CodeIgniter\Boot::runCodeIgniter(Object(CodeIgniter\CodeIgniter))
#10 C:\xampp1\htdocs\Maareeye-sass-git\index.php(56): CodeIgniter\Boot::bootWeb(Object(Config\Paths))
#11 {main}
ERROR - 2024-10-18 09:13:22 --> Email: Unable to send email using PHP mail(). Your server might not be configured to send mail using this method.
ERROR - 2024-10-18 09:13:22 --> 
WARNING - 2024-10-18 09:13:22 --> [DEPRECATED] Creation of dynamic property IonAuth\Models\IonAuthModel::$join is deprecated in FCPATH\vendor\benedmunds\codeigniter-ion-auth\Models\IonAuthModel.php on line 231.
 1 APPPATH\Libraries\IonAuth.php(71): IonAuth\Models\IonAuthModel->__construct()
 2 APPPATH\Filters\CheckPermissions.php(16): App\Libraries\IonAuth->__construct()
 3 SYSTEMPATH\Filters\Filters.php(235): App\Filters\CheckPermissions->__construct()
 4 SYSTEMPATH\Filters\Filters.php(188): CodeIgniter\Filters\Filters->runAfter([...])
 5 SYSTEMPATH\CodeIgniter.php(527): CodeIgniter\Filters\Filters->run('vendor/products/send_email_stock_alert', 'after')
 6 SYSTEMPATH\CodeIgniter.php(355): CodeIgniter\CodeIgniter->handleRequest(null, Object(Config\Cache), false)
 7 SYSTEMPATH\Boot.php(325): CodeIgniter\CodeIgniter->run()
 8 SYSTEMPATH\Boot.php(67): CodeIgniter\Boot::runCodeIgniter(Object(CodeIgniter\CodeIgniter))
 9 FCPATH\index.php(56): CodeIgniter\Boot::bootWeb(Object(Config\Paths))
WARNING - 2024-10-18 09:13:22 --> [DEPRECATED] Creation of dynamic property IonAuth\Models\IonAuthModel::$hashMethod is deprecated in FCPATH\vendor\benedmunds\codeigniter-ion-auth\Models\IonAuthModel.php on line 234.
 1 APPPATH\Libraries\IonAuth.php(71): IonAuth\Models\IonAuthModel->__construct()
 2 APPPATH\Filters\CheckPermissions.php(16): App\Libraries\IonAuth->__construct()
 3 SYSTEMPATH\Filters\Filters.php(235): App\Filters\CheckPermissions->__construct()
 4 SYSTEMPATH\Filters\Filters.php(188): CodeIgniter\Filters\Filters->runAfter([...])
 5 SYSTEMPATH\CodeIgniter.php(527): CodeIgniter\Filters\Filters->run('vendor/products/send_email_stock_alert', 'after')
 6 SYSTEMPATH\CodeIgniter.php(355): CodeIgniter\CodeIgniter->handleRequest(null, Object(Config\Cache), false)
 7 SYSTEMPATH\Boot.php(325): CodeIgniter\CodeIgniter->run()
 8 SYSTEMPATH\Boot.php(67): CodeIgniter\Boot::runCodeIgniter(Object(CodeIgniter\CodeIgniter))
 9 FCPATH\index.php(56): CodeIgniter\Boot::bootWeb(Object(Config\Paths))
WARNING - 2024-10-18 09:13:22 --> [DEPRECATED] Creation of dynamic property IonAuth\Models\IonAuthModel::$messagesTemplates is deprecated in FCPATH\vendor\benedmunds\codeigniter-ion-auth\Models\IonAuthModel.php on line 237.
 1 APPPATH\Libraries\IonAuth.php(71): IonAuth\Models\IonAuthModel->__construct()
 2 APPPATH\Filters\CheckPermissions.php(16): App\Libraries\IonAuth->__construct()
 3 SYSTEMPATH\Filters\Filters.php(235): App\Filters\CheckPermissions->__construct()
 4 SYSTEMPATH\Filters\Filters.php(188): CodeIgniter\Filters\Filters->runAfter([...])
 5 SYSTEMPATH\CodeIgniter.php(527): CodeIgniter\Filters\Filters->run('vendor/products/send_email_stock_alert', 'after')
 6 SYSTEMPATH\CodeIgniter.php(355): CodeIgniter\CodeIgniter->handleRequest(null, Object(Config\Cache), false)
 7 SYSTEMPATH\Boot.php(325): CodeIgniter\CodeIgniter->run()
 8 SYSTEMPATH\Boot.php(67): CodeIgniter\Boot::runCodeIgniter(Object(CodeIgniter\CodeIgniter))
 9 FCPATH\index.php(56): CodeIgniter\Boot::bootWeb(Object(Config\Paths))
INFO - 2024-10-18 03:43:22 --> Session: Class initialized using 'CodeIgniter\Session\Handlers\FileHandler' driver.
WARNING - 2024-10-18 03:43:22 --> [DEPRECATED] Creation of dynamic property IonAuth\Models\IonAuthModel::$join is deprecated in FCPATH\vendor\benedmunds\codeigniter-ion-auth\Models\IonAuthModel.php on line 231.
 1 APPPATH\Libraries\IonAuth.php(71): IonAuth\Models\IonAuthModel->__construct()
 2 APPPATH\Filters\CheckPermissions.php(16): App\Libraries\IonAuth->__construct()
 3 SYSTEMPATH\Filters\Filters.php(197): App\Filters\CheckPermissions->__construct()
 4 SYSTEMPATH\Filters\Filters.php(184): CodeIgniter\Filters\Filters->runBefore([...])
 5 SYSTEMPATH\CodeIgniter.php(481): CodeIgniter\Filters\Filters->run('vendor/products/edit_product/3', 'before')
 6 SYSTEMPATH\CodeIgniter.php(355): CodeIgniter\CodeIgniter->handleRequest(null, Object(Config\Cache), false)
 7 SYSTEMPATH\Boot.php(325): CodeIgniter\CodeIgniter->run()
 8 SYSTEMPATH\Boot.php(67): CodeIgniter\Boot::runCodeIgniter(Object(CodeIgniter\CodeIgniter))
 9 FCPATH\index.php(56): CodeIgniter\Boot::bootWeb(Object(Config\Paths))
WARNING - 2024-10-18 03:43:22 --> [DEPRECATED] Creation of dynamic property IonAuth\Models\IonAuthModel::$hashMethod is deprecated in FCPATH\vendor\benedmunds\codeigniter-ion-auth\Models\IonAuthModel.php on line 234.
 1 APPPATH\Libraries\IonAuth.php(71): IonAuth\Models\IonAuthModel->__construct()
 2 APPPATH\Filters\CheckPermissions.php(16): App\Libraries\IonAuth->__construct()
 3 SYSTEMPATH\Filters\Filters.php(197): App\Filters\CheckPermissions->__construct()
 4 SYSTEMPATH\Filters\Filters.php(184): CodeIgniter\Filters\Filters->runBefore([...])
 5 SYSTEMPATH\CodeIgniter.php(481): CodeIgniter\Filters\Filters->run('vendor/products/edit_product/3', 'before')
 6 SYSTEMPATH\CodeIgniter.php(355): CodeIgniter\CodeIgniter->handleRequest(null, Object(Config\Cache), false)
 7 SYSTEMPATH\Boot.php(325): CodeIgniter\CodeIgniter->run()
 8 SYSTEMPATH\Boot.php(67): CodeIgniter\Boot::runCodeIgniter(Object(CodeIgniter\CodeIgniter))
 9 FCPATH\index.php(56): CodeIgniter\Boot::bootWeb(Object(Config\Paths))
WARNING - 2024-10-18 03:43:22 --> [DEPRECATED] Creation of dynamic property IonAuth\Models\IonAuthModel::$messagesTemplates is deprecated in FCPATH\vendor\benedmunds\codeigniter-ion-auth\Models\IonAuthModel.php on line 237.
 1 APPPATH\Libraries\IonAuth.php(71): IonAuth\Models\IonAuthModel->__construct()
 2 APPPATH\Filters\CheckPermissions.php(16): App\Libraries\IonAuth->__construct()
 3 SYSTEMPATH\Filters\Filters.php(197): App\Filters\CheckPermissions->__construct()
 4 SYSTEMPATH\Filters\Filters.php(184): CodeIgniter\Filters\Filters->runBefore([...])
 5 SYSTEMPATH\CodeIgniter.php(481): CodeIgniter\Filters\Filters->run('vendor/products/edit_product/3', 'before')
 6 SYSTEMPATH\CodeIgniter.php(355): CodeIgniter\CodeIgniter->handleRequest(null, Object(Config\Cache), false)
 7 SYSTEMPATH\Boot.php(325): CodeIgniter\CodeIgniter->run()
 8 SYSTEMPATH\Boot.php(67): CodeIgniter\Boot::runCodeIgniter(Object(CodeIgniter\CodeIgniter))
 9 FCPATH\index.php(56): CodeIgniter\Boot::bootWeb(Object(Config\Paths))
WARNING - 2024-10-18 03:43:22 --> [DEPRECATED] Creation of dynamic property IonAuth\Models\IonAuthModel::$join is deprecated in FCPATH\vendor\benedmunds\codeigniter-ion-auth\Models\IonAuthModel.php on line 231.
 1 APPPATH\Libraries\IonAuth.php(71): IonAuth\Models\IonAuthModel->__construct()
 2 APPPATH\Controllers\vendor\Products.php(23): App\Libraries\IonAuth->__construct()
 3 SYSTEMPATH\CodeIgniter.php(903): App\Controllers\vendor\Products->__construct()
 4 SYSTEMPATH\CodeIgniter.php(500): CodeIgniter\CodeIgniter->createController()
 5 SYSTEMPATH\CodeIgniter.php(355): CodeIgniter\CodeIgniter->handleRequest(null, Object(Config\Cache), false)
 6 SYSTEMPATH\Boot.php(325): CodeIgniter\CodeIgniter->run()
 7 SYSTEMPATH\Boot.php(67): CodeIgniter\Boot::runCodeIgniter(Object(CodeIgniter\CodeIgniter))
 8 FCPATH\index.php(56): CodeIgniter\Boot::bootWeb(Object(Config\Paths))
WARNING - 2024-10-18 03:43:22 --> [DEPRECATED] Creation of dynamic property IonAuth\Models\IonAuthModel::$hashMethod is deprecated in FCPATH\vendor\benedmunds\codeigniter-ion-auth\Models\IonAuthModel.php on line 234.
 1 APPPATH\Libraries\IonAuth.php(71): IonAuth\Models\IonAuthModel->__construct()
 2 APPPATH\Controllers\vendor\Products.php(23): App\Libraries\IonAuth->__construct()
 3 SYSTEMPATH\CodeIgniter.php(903): App\Controllers\vendor\Products->__construct()
 4 SYSTEMPATH\CodeIgniter.php(500): CodeIgniter\CodeIgniter->createController()
 5 SYSTEMPATH\CodeIgniter.php(355): CodeIgniter\CodeIgniter->handleRequest(null, Object(Config\Cache), false)
 6 SYSTEMPATH\Boot.php(325): CodeIgniter\CodeIgniter->run()
 7 SYSTEMPATH\Boot.php(67): CodeIgniter\Boot::runCodeIgniter(Object(CodeIgniter\CodeIgniter))
 8 FCPATH\index.php(56): CodeIgniter\Boot::bootWeb(Object(Config\Paths))
WARNING - 2024-10-18 03:43:22 --> [DEPRECATED] Creation of dynamic property IonAuth\Models\IonAuthModel::$messagesTemplates is deprecated in FCPATH\vendor\benedmunds\codeigniter-ion-auth\Models\IonAuthModel.php on line 237.
 1 APPPATH\Libraries\IonAuth.php(71): IonAuth\Models\IonAuthModel->__construct()
 2 APPPATH\Controllers\vendor\Products.php(23): App\Libraries\IonAuth->__construct()
 3 SYSTEMPATH\CodeIgniter.php(903): App\Controllers\vendor\Products->__construct()
 4 SYSTEMPATH\CodeIgniter.php(500): CodeIgniter\CodeIgniter->createController()
 5 SYSTEMPATH\CodeIgniter.php(355): CodeIgniter\CodeIgniter->handleRequest(null, Object(Config\Cache), false)
 6 SYSTEMPATH\Boot.php(325): CodeIgniter\CodeIgniter->run()
 7 SYSTEMPATH\Boot.php(67): CodeIgniter\Boot::runCodeIgniter(Object(CodeIgniter\CodeIgniter))
 8 FCPATH\index.php(56): CodeIgniter\Boot::bootWeb(Object(Config\Paths))
WARNING - 2024-10-18 09:13:23 --> [DEPRECATED] Creation of dynamic property IonAuth\Models\IonAuthModel::$join is deprecated in FCPATH\vendor\benedmunds\codeigniter-ion-auth\Models\IonAuthModel.php on line 231.
 1 APPPATH\Libraries\IonAuth.php(71): IonAuth\Models\IonAuthModel->__construct()
 2 APPPATH\Filters\CheckPermissions.php(16): App\Libraries\IonAuth->__construct()
 3 SYSTEMPATH\Filters\Filters.php(235): App\Filters\CheckPermissions->__construct()
 4 SYSTEMPATH\Filters\Filters.php(188): CodeIgniter\Filters\Filters->runAfter([...])
 5 SYSTEMPATH\CodeIgniter.php(527): CodeIgniter\Filters\Filters->run('vendor/products/edit_product/3', 'after')
 6 SYSTEMPATH\CodeIgniter.php(355): CodeIgniter\CodeIgniter->handleRequest(null, Object(Config\Cache), false)
 7 SYSTEMPATH\Boot.php(325): CodeIgniter\CodeIgniter->run()
 8 SYSTEMPATH\Boot.php(67): CodeIgniter\Boot::runCodeIgniter(Object(CodeIgniter\CodeIgniter))
 9 FCPATH\index.php(56): CodeIgniter\Boot::bootWeb(Object(Config\Paths))
WARNING - 2024-10-18 09:13:23 --> [DEPRECATED] Creation of dynamic property IonAuth\Models\IonAuthModel::$hashMethod is deprecated in FCPATH\vendor\benedmunds\codeigniter-ion-auth\Models\IonAuthModel.php on line 234.
 1 APPPATH\Libraries\IonAuth.php(71): IonAuth\Models\IonAuthModel->__construct()
 2 APPPATH\Filters\CheckPermissions.php(16): App\Libraries\IonAuth->__construct()
 3 SYSTEMPATH\Filters\Filters.php(235): App\Filters\CheckPermissions->__construct()
 4 SYSTEMPATH\Filters\Filters.php(188): CodeIgniter\Filters\Filters->runAfter([...])
 5 SYSTEMPATH\CodeIgniter.php(527): CodeIgniter\Filters\Filters->run('vendor/products/edit_product/3', 'after')
 6 SYSTEMPATH\CodeIgniter.php(355): CodeIgniter\CodeIgniter->handleRequest(null, Object(Config\Cache), false)
 7 SYSTEMPATH\Boot.php(325): CodeIgniter\CodeIgniter->run()
 8 SYSTEMPATH\Boot.php(67): CodeIgniter\Boot::runCodeIgniter(Object(CodeIgniter\CodeIgniter))
 9 FCPATH\index.php(56): CodeIgniter\Boot::bootWeb(Object(Config\Paths))
WARNING - 2024-10-18 09:13:23 --> [DEPRECATED] Creation of dynamic property IonAuth\Models\IonAuthModel::$messagesTemplates is deprecated in FCPATH\vendor\benedmunds\codeigniter-ion-auth\Models\IonAuthModel.php on line 237.
 1 APPPATH\Libraries\IonAuth.php(71): IonAuth\Models\IonAuthModel->__construct()
 2 APPPATH\Filters\CheckPermissions.php(16): App\Libraries\IonAuth->__construct()
 3 SYSTEMPATH\Filters\Filters.php(235): App\Filters\CheckPermissions->__construct()
 4 SYSTEMPATH\Filters\Filters.php(188): CodeIgniter\Filters\Filters->runAfter([...])
 5 SYSTEMPATH\CodeIgniter.php(527): CodeIgniter\Filters\Filters->run('vendor/products/edit_product/3', 'after')
 6 SYSTEMPATH\CodeIgniter.php(355): CodeIgniter\CodeIgniter->handleRequest(null, Object(Config\Cache), false)
 7 SYSTEMPATH\Boot.php(325): CodeIgniter\CodeIgniter->run()
 8 SYSTEMPATH\Boot.php(67): CodeIgniter\Boot::runCodeIgniter(Object(CodeIgniter\CodeIgniter))
 9 FCPATH\index.php(56): CodeIgniter\Boot::bootWeb(Object(Config\Paths))
INFO - 2024-10-18 03:43:23 --> Session: Class initialized using 'CodeIgniter\Session\Handlers\FileHandler' driver.
WARNING - 2024-10-18 03:43:23 --> [DEPRECATED] Creation of dynamic property IonAuth\Models\IonAuthModel::$join is deprecated in FCPATH\vendor\benedmunds\codeigniter-ion-auth\Models\IonAuthModel.php on line 231.
 1 APPPATH\Libraries\IonAuth.php(71): IonAuth\Models\IonAuthModel->__construct()
 2 APPPATH\Controllers\vendor\Products.php(23): App\Libraries\IonAuth->__construct()
 3 SYSTEMPATH\CodeIgniter.php(903): App\Controllers\vendor\Products->__construct()
 4 SYSTEMPATH\CodeIgniter.php(500): CodeIgniter\CodeIgniter->createController()
 5 SYSTEMPATH\CodeIgniter.php(355): CodeIgniter\CodeIgniter->handleRequest(null, Object(Config\Cache), false)
 6 SYSTEMPATH\Boot.php(325): CodeIgniter\CodeIgniter->run()
 7 SYSTEMPATH\Boot.php(67): CodeIgniter\Boot::runCodeIgniter(Object(CodeIgniter\CodeIgniter))
 8 FCPATH\index.php(56): CodeIgniter\Boot::bootWeb(Object(Config\Paths))
WARNING - 2024-10-18 03:43:23 --> [DEPRECATED] Creation of dynamic property IonAuth\Models\IonAuthModel::$hashMethod is deprecated in FCPATH\vendor\benedmunds\codeigniter-ion-auth\Models\IonAuthModel.php on line 234.
 1 APPPATH\Libraries\IonAuth.php(71): IonAuth\Models\IonAuthModel->__construct()
 2 APPPATH\Controllers\vendor\Products.php(23): App\Libraries\IonAuth->__construct()
 3 SYSTEMPATH\CodeIgniter.php(903): App\Controllers\vendor\Products->__construct()
 4 SYSTEMPATH\CodeIgniter.php(500): CodeIgniter\CodeIgniter->createController()
 5 SYSTEMPATH\CodeIgniter.php(355): CodeIgniter\CodeIgniter->handleRequest(null, Object(Config\Cache), false)
 6 SYSTEMPATH\Boot.php(325): CodeIgniter\CodeIgniter->run()
 7 SYSTEMPATH\Boot.php(67): CodeIgniter\Boot::runCodeIgniter(Object(CodeIgniter\CodeIgniter))
 8 FCPATH\index.php(56): CodeIgniter\Boot::bootWeb(Object(Config\Paths))
WARNING - 2024-10-18 03:43:23 --> [DEPRECATED] Creation of dynamic property IonAuth\Models\IonAuthModel::$messagesTemplates is deprecated in FCPATH\vendor\benedmunds\codeigniter-ion-auth\Models\IonAuthModel.php on line 237.
 1 APPPATH\Libraries\IonAuth.php(71): IonAuth\Models\IonAuthModel->__construct()
 2 APPPATH\Controllers\vendor\Products.php(23): App\Libraries\IonAuth->__construct()
 3 SYSTEMPATH\CodeIgniter.php(903): App\Controllers\vendor\Products->__construct()
 4 SYSTEMPATH\CodeIgniter.php(500): CodeIgniter\CodeIgniter->createController()
 5 SYSTEMPATH\CodeIgniter.php(355): CodeIgniter\CodeIgniter->handleRequest(null, Object(Config\Cache), false)
 6 SYSTEMPATH\Boot.php(325): CodeIgniter\CodeIgniter->run()
 7 SYSTEMPATH\Boot.php(67): CodeIgniter\Boot::runCodeIgniter(Object(CodeIgniter\CodeIgniter))
 8 FCPATH\index.php(56): CodeIgniter\Boot::bootWeb(Object(Config\Paths))
INFO - 2024-10-18 03:43:23 --> Session: Class initialized using 'CodeIgniter\Session\Handlers\FileHandler' driver.
WARNING - 2024-10-18 03:43:23 --> [DEPRECATED] Creation of dynamic property IonAuth\Models\IonAuthModel::$join is deprecated in FCPATH\vendor\benedmunds\codeigniter-ion-auth\Models\IonAuthModel.php on line 231.
 1 APPPATH\Libraries\IonAuth.php(71): IonAuth\Models\IonAuthModel->__construct()
 2 APPPATH\Filters\CheckPermissions.php(16): App\Libraries\IonAuth->__construct()
 3 SYSTEMPATH\Filters\Filters.php(197): App\Filters\CheckPermissions->__construct()
 4 SYSTEMPATH\Filters\Filters.php(184): CodeIgniter\Filters\Filters->runBefore([...])
 5 SYSTEMPATH\CodeIgniter.php(481): CodeIgniter\Filters\Filters->run('vendor/products/stock_alert', 'before')
 6 SYSTEMPATH\CodeIgniter.php(355): CodeIgniter\CodeIgniter->handleRequest(null, Object(Config\Cache), false)
 7 SYSTEMPATH\Boot.php(325): CodeIgniter\CodeIgniter->run()
 8 SYSTEMPATH\Boot.php(67): CodeIgniter\Boot::runCodeIgniter(Object(CodeIgniter\CodeIgniter))
 9 FCPATH\index.php(56): CodeIgniter\Boot::bootWeb(Object(Config\Paths))
WARNING - 2024-10-18 03:43:23 --> [DEPRECATED] Creation of dynamic property IonAuth\Models\IonAuthModel::$hashMethod is deprecated in FCPATH\vendor\benedmunds\codeigniter-ion-auth\Models\IonAuthModel.php on line 234.
 1 APPPATH\Libraries\IonAuth.php(71): IonAuth\Models\IonAuthModel->__construct()
 2 APPPATH\Filters\CheckPermissions.php(16): App\Libraries\IonAuth->__construct()
 3 SYSTEMPATH\Filters\Filters.php(197): App\Filters\CheckPermissions->__construct()
 4 SYSTEMPATH\Filters\Filters.php(184): CodeIgniter\Filters\Filters->runBefore([...])
 5 SYSTEMPATH\CodeIgniter.php(481): CodeIgniter\Filters\Filters->run('vendor/products/stock_alert', 'before')
 6 SYSTEMPATH\CodeIgniter.php(355): CodeIgniter\CodeIgniter->handleRequest(null, Object(Config\Cache), false)
 7 SYSTEMPATH\Boot.php(325): CodeIgniter\CodeIgniter->run()
 8 SYSTEMPATH\Boot.php(67): CodeIgniter\Boot::runCodeIgniter(Object(CodeIgniter\CodeIgniter))
 9 FCPATH\index.php(56): CodeIgniter\Boot::bootWeb(Object(Config\Paths))
WARNING - 2024-10-18 03:43:23 --> [DEPRECATED] Creation of dynamic property IonAuth\Models\IonAuthModel::$messagesTemplates is deprecated in FCPATH\vendor\benedmunds\codeigniter-ion-auth\Models\IonAuthModel.php on line 237.
 1 APPPATH\Libraries\IonAuth.php(71): IonAuth\Models\IonAuthModel->__construct()
 2 APPPATH\Filters\CheckPermissions.php(16): App\Libraries\IonAuth->__construct()
 3 SYSTEMPATH\Filters\Filters.php(197): App\Filters\CheckPermissions->__construct()
 4 SYSTEMPATH\Filters\Filters.php(184): CodeIgniter\Filters\Filters->runBefore([...])
 5 SYSTEMPATH\CodeIgniter.php(481): CodeIgniter\Filters\Filters->run('vendor/products/stock_alert', 'before')
 6 SYSTEMPATH\CodeIgniter.php(355): CodeIgniter\CodeIgniter->handleRequest(null, Object(Config\Cache), false)
 7 SYSTEMPATH\Boot.php(325): CodeIgniter\CodeIgniter->run()
 8 SYSTEMPATH\Boot.php(67): CodeIgniter\Boot::runCodeIgniter(Object(CodeIgniter\CodeIgniter))
 9 FCPATH\index.php(56): CodeIgniter\Boot::bootWeb(Object(Config\Paths))
WARNING - 2024-10-18 03:43:24 --> [DEPRECATED] Creation of dynamic property IonAuth\Models\IonAuthModel::$join is deprecated in FCPATH\vendor\benedmunds\codeigniter-ion-auth\Models\IonAuthModel.php on line 231.
 1 APPPATH\Libraries\IonAuth.php(71): IonAuth\Models\IonAuthModel->__construct()
 2 APPPATH\Controllers\vendor\Products.php(23): App\Libraries\IonAuth->__construct()
 3 SYSTEMPATH\CodeIgniter.php(903): App\Controllers\vendor\Products->__construct()
 4 SYSTEMPATH\CodeIgniter.php(500): CodeIgniter\CodeIgniter->createController()
 5 SYSTEMPATH\CodeIgniter.php(355): CodeIgniter\CodeIgniter->handleRequest(null, Object(Config\Cache), false)
 6 SYSTEMPATH\Boot.php(325): CodeIgniter\CodeIgniter->run()
 7 SYSTEMPATH\Boot.php(67): CodeIgniter\Boot::runCodeIgniter(Object(CodeIgniter\CodeIgniter))
 8 FCPATH\index.php(56): CodeIgniter\Boot::bootWeb(Object(Config\Paths))
WARNING - 2024-10-18 03:43:24 --> [DEPRECATED] Creation of dynamic property IonAuth\Models\IonAuthModel::$hashMethod is deprecated in FCPATH\vendor\benedmunds\codeigniter-ion-auth\Models\IonAuthModel.php on line 234.
 1 APPPATH\Libraries\IonAuth.php(71): IonAuth\Models\IonAuthModel->__construct()
 2 APPPATH\Controllers\vendor\Products.php(23): App\Libraries\IonAuth->__construct()
 3 SYSTEMPATH\CodeIgniter.php(903): App\Controllers\vendor\Products->__construct()
 4 SYSTEMPATH\CodeIgniter.php(500): CodeIgniter\CodeIgniter->createController()
 5 SYSTEMPATH\CodeIgniter.php(355): CodeIgniter\CodeIgniter->handleRequest(null, Object(Config\Cache), false)
 6 SYSTEMPATH\Boot.php(325): CodeIgniter\CodeIgniter->run()
 7 SYSTEMPATH\Boot.php(67): CodeIgniter\Boot::runCodeIgniter(Object(CodeIgniter\CodeIgniter))
 8 FCPATH\index.php(56): CodeIgniter\Boot::bootWeb(Object(Config\Paths))
WARNING - 2024-10-18 03:43:24 --> [DEPRECATED] Creation of dynamic property IonAuth\Models\IonAuthModel::$messagesTemplates is deprecated in FCPATH\vendor\benedmunds\codeigniter-ion-auth\Models\IonAuthModel.php on line 237.
 1 APPPATH\Libraries\IonAuth.php(71): IonAuth\Models\IonAuthModel->__construct()
 2 APPPATH\Controllers\vendor\Products.php(23): App\Libraries\IonAuth->__construct()
 3 SYSTEMPATH\CodeIgniter.php(903): App\Controllers\vendor\Products->__construct()
 4 SYSTEMPATH\CodeIgniter.php(500): CodeIgniter\CodeIgniter->createController()
 5 SYSTEMPATH\CodeIgniter.php(355): CodeIgniter\CodeIgniter->handleRequest(null, Object(Config\Cache), false)
 6 SYSTEMPATH\Boot.php(325): CodeIgniter\CodeIgniter->run()
 7 SYSTEMPATH\Boot.php(67): CodeIgniter\Boot::runCodeIgniter(Object(CodeIgniter\CodeIgniter))
 8 FCPATH\index.php(56): CodeIgniter\Boot::bootWeb(Object(Config\Paths))
WARNING - 2024-10-18 09:13:24 --> [DEPRECATED] Creation of dynamic property IonAuth\Models\IonAuthModel::$join is deprecated in FCPATH\vendor\benedmunds\codeigniter-ion-auth\Models\IonAuthModel.php on line 231.
 1 APPPATH\Libraries\IonAuth.php(71): IonAuth\Models\IonAuthModel->__construct()
 2 APPPATH\Filters\CheckPermissions.php(16): App\Libraries\IonAuth->__construct()
 3 SYSTEMPATH\Filters\Filters.php(235): App\Filters\CheckPermissions->__construct()
 4 SYSTEMPATH\Filters\Filters.php(188): CodeIgniter\Filters\Filters->runAfter([...])
 5 SYSTEMPATH\CodeIgniter.php(527): CodeIgniter\Filters\Filters->run('vendor/products/stock_alert', 'after')
 6 SYSTEMPATH\CodeIgniter.php(355): CodeIgniter\CodeIgniter->handleRequest(null, Object(Config\Cache), false)
 7 SYSTEMPATH\Boot.php(325): CodeIgniter\CodeIgniter->run()
 8 SYSTEMPATH\Boot.php(67): CodeIgniter\Boot::runCodeIgniter(Object(CodeIgniter\CodeIgniter))
 9 FCPATH\index.php(56): CodeIgniter\Boot::bootWeb(Object(Config\Paths))
WARNING - 2024-10-18 09:13:24 --> [DEPRECATED] Creation of dynamic property IonAuth\Models\IonAuthModel::$hashMethod is deprecated in FCPATH\vendor\benedmunds\codeigniter-ion-auth\Models\IonAuthModel.php on line 234.
 1 APPPATH\Libraries\IonAuth.php(71): IonAuth\Models\IonAuthModel->__construct()
 2 APPPATH\Filters\CheckPermissions.php(16): App\Libraries\IonAuth->__construct()
 3 SYSTEMPATH\Filters\Filters.php(235): App\Filters\CheckPermissions->__construct()
 4 SYSTEMPATH\Filters\Filters.php(188): CodeIgniter\Filters\Filters->runAfter([...])
 5 SYSTEMPATH\CodeIgniter.php(527): CodeIgniter\Filters\Filters->run('vendor/products/stock_alert', 'after')
 6 SYSTEMPATH\CodeIgniter.php(355): CodeIgniter\CodeIgniter->handleRequest(null, Object(Config\Cache), false)
 7 SYSTEMPATH\Boot.php(325): CodeIgniter\CodeIgniter->run()
 8 SYSTEMPATH\Boot.php(67): CodeIgniter\Boot::runCodeIgniter(Object(CodeIgniter\CodeIgniter))
 9 FCPATH\index.php(56): CodeIgniter\Boot::bootWeb(Object(Config\Paths))
WARNING - 2024-10-18 09:13:24 --> [DEPRECATED] Creation of dynamic property IonAuth\Models\IonAuthModel::$messagesTemplates is deprecated in FCPATH\vendor\benedmunds\codeigniter-ion-auth\Models\IonAuthModel.php on line 237.
 1 APPPATH\Libraries\IonAuth.php(71): IonAuth\Models\IonAuthModel->__construct()
 2 APPPATH\Filters\CheckPermissions.php(16): App\Libraries\IonAuth->__construct()
 3 SYSTEMPATH\Filters\Filters.php(235): App\Filters\CheckPermissions->__construct()
 4 SYSTEMPATH\Filters\Filters.php(188): CodeIgniter\Filters\Filters->runAfter([...])
 5 SYSTEMPATH\CodeIgniter.php(527): CodeIgniter\Filters\Filters->run('vendor/products/stock_alert', 'after')
 6 SYSTEMPATH\CodeIgniter.php(355): CodeIgniter\CodeIgniter->handleRequest(null, Object(Config\Cache), false)
 7 SYSTEMPATH\Boot.php(325): CodeIgniter\CodeIgniter->run()
 8 SYSTEMPATH\Boot.php(67): CodeIgniter\Boot::runCodeIgniter(Object(CodeIgniter\CodeIgniter))
 9 FCPATH\index.php(56): CodeIgniter\Boot::bootWeb(Object(Config\Paths))
