INFO - 2025-07-10 04:06:36 --> Session: Class initialized using 'CodeIgniter\Session\Handlers\FileHandler' driver.
INFO - 2025-07-10 04:06:37 --> Session: Class initialized using 'CodeIgniter\Session\Handlers\FileHandler' driver.
INFO - 2025-07-10 04:20:06 --> Session: Class initialized using 'CodeIgniter\Session\Handlers\FileHandler' driver.
INFO - 2025-07-10 04:20:06 --> Session: Class initialized using 'CodeIgniter\Session\Handlers\FileHandler' driver.
INFO - 2025-07-10 04:20:07 --> Session: Class initialized using 'CodeIgniter\Session\Handlers\FileHandler' driver.
INFO - 2025-07-10 04:20:07 --> Session: Class initialized using 'CodeIgniter\Session\Handlers\FileHandler' driver.
INFO - 2025-07-10 04:20:07 --> Session: Class initialized using 'CodeIgniter\Session\Handlers\FileHandler' driver.
CRITICAL - 2025-07-10 09:50:07 --> TypeError: trim(): Argument #1 ($string) must be of type string, null given
[Method: GET, Route: delivery_boy/products/get_services]
in SYSTEMPATH\Validation\Validation.php on line 322.
 1 SYSTEMPATH\Validation\Validation.php(322): trim(null)
 2 SYSTEMPATH\Validation\Validation.php(204): CodeIgniter\Validation\Validation->processRules('search', 'search', null, [...], [...], 'search')
 3 APPPATH\Controllers\delivery_boy\Products.php(177): CodeIgniter\Validation\Validation->run([...])
 4 SYSTEMPATH\CodeIgniter.php(933): App\Controllers\delivery_boy\Products->get_services()
 5 SYSTEMPATH\CodeIgniter.php(509): CodeIgniter\CodeIgniter->runController(Object(App\Controllers\delivery_boy\Products))
 6 SYSTEMPATH\CodeIgniter.php(355): CodeIgniter\CodeIgniter->handleRequest(null, Object(Config\Cache), false)
 7 SYSTEMPATH\Boot.php(325): CodeIgniter\CodeIgniter->run()
 8 SYSTEMPATH\Boot.php(67): CodeIgniter\Boot::runCodeIgniter(Object(CodeIgniter\CodeIgniter))
 9 FCPATH\index.php(56): CodeIgniter\Boot::bootWeb(Object(Config\Paths))
INFO - 2025-07-10 04:20:10 --> Session: Class initialized using 'CodeIgniter\Session\Handlers\FileHandler' driver.
INFO - 2025-07-10 04:20:10 --> Session: Class initialized using 'CodeIgniter\Session\Handlers\FileHandler' driver.
INFO - 2025-07-10 04:20:10 --> Session: Class initialized using 'CodeIgniter\Session\Handlers\FileHandler' driver.
CRITICAL - 2025-07-10 09:50:10 --> TypeError: trim(): Argument #1 ($string) must be of type string, null given
[Method: GET, Route: delivery_boy/products/get_services]
in SYSTEMPATH\Validation\Validation.php on line 322.
 1 SYSTEMPATH\Validation\Validation.php(322): trim(null)
 2 SYSTEMPATH\Validation\Validation.php(204): CodeIgniter\Validation\Validation->processRules('search', 'search', null, [...], [...], 'search')
 3 APPPATH\Controllers\delivery_boy\Products.php(177): CodeIgniter\Validation\Validation->run([...])
 4 SYSTEMPATH\CodeIgniter.php(933): App\Controllers\delivery_boy\Products->get_services()
 5 SYSTEMPATH\CodeIgniter.php(509): CodeIgniter\CodeIgniter->runController(Object(App\Controllers\delivery_boy\Products))
 6 SYSTEMPATH\CodeIgniter.php(355): CodeIgniter\CodeIgniter->handleRequest(null, Object(Config\Cache), false)
 7 SYSTEMPATH\Boot.php(325): CodeIgniter\CodeIgniter->run()
 8 SYSTEMPATH\Boot.php(67): CodeIgniter\Boot::runCodeIgniter(Object(CodeIgniter\CodeIgniter))
 9 FCPATH\index.php(56): CodeIgniter\Boot::bootWeb(Object(Config\Paths))
INFO - 2025-07-10 04:20:10 --> Session: Class initialized using 'CodeIgniter\Session\Handlers\FileHandler' driver.
INFO - 2025-07-10 04:20:14 --> Session: Class initialized using 'CodeIgniter\Session\Handlers\FileHandler' driver.
INFO - 2025-07-10 04:20:15 --> Session: Class initialized using 'CodeIgniter\Session\Handlers\FileHandler' driver.
INFO - 2025-07-10 04:20:15 --> Session: Class initialized using 'CodeIgniter\Session\Handlers\FileHandler' driver.
CRITICAL - 2025-07-10 09:50:15 --> TypeError: trim(): Argument #1 ($string) must be of type string, null given
[Method: GET, Route: delivery_boy/products/get_services]
in SYSTEMPATH\Validation\Validation.php on line 322.
 1 SYSTEMPATH\Validation\Validation.php(322): trim(null)
 2 SYSTEMPATH\Validation\Validation.php(204): CodeIgniter\Validation\Validation->processRules('search', 'search', null, [...], [...], 'search')
 3 APPPATH\Controllers\delivery_boy\Products.php(177): CodeIgniter\Validation\Validation->run([...])
 4 SYSTEMPATH\CodeIgniter.php(933): App\Controllers\delivery_boy\Products->get_services()
 5 SYSTEMPATH\CodeIgniter.php(509): CodeIgniter\CodeIgniter->runController(Object(App\Controllers\delivery_boy\Products))
 6 SYSTEMPATH\CodeIgniter.php(355): CodeIgniter\CodeIgniter->handleRequest(null, Object(Config\Cache), false)
 7 SYSTEMPATH\Boot.php(325): CodeIgniter\CodeIgniter->run()
 8 SYSTEMPATH\Boot.php(67): CodeIgniter\Boot::runCodeIgniter(Object(CodeIgniter\CodeIgniter))
 9 FCPATH\index.php(56): CodeIgniter\Boot::bootWeb(Object(Config\Paths))
INFO - 2025-07-10 04:20:15 --> Session: Class initialized using 'CodeIgniter\Session\Handlers\FileHandler' driver.
INFO - 2025-07-10 04:20:25 --> Session: Class initialized using 'CodeIgniter\Session\Handlers\FileHandler' driver.
INFO - 2025-07-10 04:20:26 --> Session: Class initialized using 'CodeIgniter\Session\Handlers\FileHandler' driver.
INFO - 2025-07-10 04:21:09 --> Session: Class initialized using 'CodeIgniter\Session\Handlers\FileHandler' driver.
INFO - 2025-07-10 04:21:10 --> Session: Class initialized using 'CodeIgniter\Session\Handlers\FileHandler' driver.
INFO - 2025-07-10 04:21:11 --> Session: Class initialized using 'CodeIgniter\Session\Handlers\FileHandler' driver.
INFO - 2025-07-10 04:21:11 --> Session: Class initialized using 'CodeIgniter\Session\Handlers\FileHandler' driver.
INFO - 2025-07-10 04:21:11 --> Session: Class initialized using 'CodeIgniter\Session\Handlers\FileHandler' driver.
INFO - 2025-07-10 04:21:11 --> Session: Class initialized using 'CodeIgniter\Session\Handlers\FileHandler' driver.
INFO - 2025-07-10 04:21:11 --> Session: Class initialized using 'CodeIgniter\Session\Handlers\FileHandler' driver.
INFO - 2025-07-10 04:21:13 --> Session: Class initialized using 'CodeIgniter\Session\Handlers\FileHandler' driver.
INFO - 2025-07-10 04:21:28 --> Session: Class initialized using 'CodeIgniter\Session\Handlers\FileHandler' driver.
INFO - 2025-07-10 04:21:30 --> Session: Class initialized using 'CodeIgniter\Session\Handlers\FileHandler' driver.
INFO - 2025-07-10 04:21:32 --> Session: Class initialized using 'CodeIgniter\Session\Handlers\FileHandler' driver.
INFO - 2025-07-10 04:21:35 --> Session: Class initialized using 'CodeIgniter\Session\Handlers\FileHandler' driver.
INFO - 2025-07-10 04:21:38 --> Session: Class initialized using 'CodeIgniter\Session\Handlers\FileHandler' driver.
INFO - 2025-07-10 04:25:56 --> Session: Class initialized using 'CodeIgniter\Session\Handlers\FileHandler' driver.
INFO - 2025-07-10 04:25:58 --> Session: Class initialized using 'CodeIgniter\Session\Handlers\FileHandler' driver.
INFO - 2025-07-10 04:26:01 --> Session: Class initialized using 'CodeIgniter\Session\Handlers\FileHandler' driver.
INFO - 2025-07-10 04:27:16 --> Session: Class initialized using 'CodeIgniter\Session\Handlers\FileHandler' driver.
INFO - 2025-07-10 04:27:17 --> Session: Class initialized using 'CodeIgniter\Session\Handlers\FileHandler' driver.
INFO - 2025-07-10 04:27:19 --> Session: Class initialized using 'CodeIgniter\Session\Handlers\FileHandler' driver.
INFO - 2025-07-10 04:27:24 --> Session: Class initialized using 'CodeIgniter\Session\Handlers\FileHandler' driver.
INFO - 2025-07-10 04:27:24 --> Session: Class initialized using 'CodeIgniter\Session\Handlers\FileHandler' driver.
INFO - 2025-07-10 04:27:25 --> Session: Class initialized using 'CodeIgniter\Session\Handlers\FileHandler' driver.
INFO - 2025-07-10 04:27:25 --> Session: Class initialized using 'CodeIgniter\Session\Handlers\FileHandler' driver.
INFO - 2025-07-10 04:27:25 --> Session: Class initialized using 'CodeIgniter\Session\Handlers\FileHandler' driver.
INFO - 2025-07-10 04:27:25 --> Session: Class initialized using 'CodeIgniter\Session\Handlers\FileHandler' driver.
INFO - 2025-07-10 04:27:25 --> Session: Class initialized using 'CodeIgniter\Session\Handlers\FileHandler' driver.
INFO - 2025-07-10 04:27:26 --> Session: Class initialized using 'CodeIgniter\Session\Handlers\FileHandler' driver.
INFO - 2025-07-10 04:27:26 --> Session: Class initialized using 'CodeIgniter\Session\Handlers\FileHandler' driver.
INFO - 2025-07-10 04:27:26 --> Session: Class initialized using 'CodeIgniter\Session\Handlers\FileHandler' driver.
INFO - 2025-07-10 04:27:26 --> Session: Class initialized using 'CodeIgniter\Session\Handlers\FileHandler' driver.
INFO - 2025-07-10 04:27:27 --> Session: Class initialized using 'CodeIgniter\Session\Handlers\FileHandler' driver.
INFO - 2025-07-10 04:27:27 --> Session: Class initialized using 'CodeIgniter\Session\Handlers\FileHandler' driver.
INFO - 2025-07-10 04:27:36 --> Session: Class initialized using 'CodeIgniter\Session\Handlers\FileHandler' driver.
INFO - 2025-07-10 04:29:35 --> Session: Class initialized using 'CodeIgniter\Session\Handlers\FileHandler' driver.
INFO - 2025-07-10 04:29:54 --> Session: Class initialized using 'CodeIgniter\Session\Handlers\FileHandler' driver.
INFO - 2025-07-10 04:33:25 --> Session: Class initialized using 'CodeIgniter\Session\Handlers\FileHandler' driver.
INFO - 2025-07-10 04:33:27 --> Session: Class initialized using 'CodeIgniter\Session\Handlers\FileHandler' driver.
INFO - 2025-07-10 04:33:30 --> Session: Class initialized using 'CodeIgniter\Session\Handlers\FileHandler' driver.
INFO - 2025-07-10 04:33:33 --> Session: Class initialized using 'CodeIgniter\Session\Handlers\FileHandler' driver.
INFO - 2025-07-10 04:33:41 --> Session: Class initialized using 'CodeIgniter\Session\Handlers\FileHandler' driver.
INFO - 2025-07-10 04:33:43 --> Session: Class initialized using 'CodeIgniter\Session\Handlers\FileHandler' driver.
INFO - 2025-07-10 04:35:50 --> Session: Class initialized using 'CodeIgniter\Session\Handlers\FileHandler' driver.
INFO - 2025-07-10 04:37:16 --> Session: Class initialized using 'CodeIgniter\Session\Handlers\FileHandler' driver.
INFO - 2025-07-10 04:37:18 --> Session: Class initialized using 'CodeIgniter\Session\Handlers\FileHandler' driver.
INFO - 2025-07-10 04:37:20 --> Session: Class initialized using 'CodeIgniter\Session\Handlers\FileHandler' driver.
INFO - 2025-07-10 04:37:21 --> Session: Class initialized using 'CodeIgniter\Session\Handlers\FileHandler' driver.
INFO - 2025-07-10 04:39:02 --> Session: Class initialized using 'CodeIgniter\Session\Handlers\FileHandler' driver.
INFO - 2025-07-10 04:39:04 --> Session: Class initialized using 'CodeIgniter\Session\Handlers\FileHandler' driver.
INFO - 2025-07-10 04:39:07 --> Session: Class initialized using 'CodeIgniter\Session\Handlers\FileHandler' driver.
INFO - 2025-07-10 04:39:07 --> Session: Class initialized using 'CodeIgniter\Session\Handlers\FileHandler' driver.
INFO - 2025-07-10 04:40:29 --> Session: Class initialized using 'CodeIgniter\Session\Handlers\FileHandler' driver.
INFO - 2025-07-10 04:41:04 --> Session: Class initialized using 'CodeIgniter\Session\Handlers\FileHandler' driver.
INFO - 2025-07-10 04:41:29 --> Session: Class initialized using 'CodeIgniter\Session\Handlers\FileHandler' driver.
INFO - 2025-07-10 04:42:07 --> Session: Class initialized using 'CodeIgniter\Session\Handlers\FileHandler' driver.
INFO - 2025-07-10 04:42:42 --> Session: Class initialized using 'CodeIgniter\Session\Handlers\FileHandler' driver.
INFO - 2025-07-10 04:43:25 --> Session: Class initialized using 'CodeIgniter\Session\Handlers\FileHandler' driver.
INFO - 2025-07-10 04:43:45 --> Session: Class initialized using 'CodeIgniter\Session\Handlers\FileHandler' driver.
INFO - 2025-07-10 04:44:01 --> Session: Class initialized using 'CodeIgniter\Session\Handlers\FileHandler' driver.
CRITICAL - 2025-07-10 10:14:01 --> ErrorException: Undefined array key "product_stock"
[Method: GET, Route: vendor/products/table]
in APPPATH\Controllers\vendor\Products.php on line 1222.
 1 APPPATH\Controllers\vendor\Products.php(1222): CodeIgniter\Debug\Exceptions->errorHandler(2, 'Undefined array key "product_stock"', 'C:\\xampp\\htdocs\\projects\\upbiz-saas\\app\\Controllers\\vendor\\Products.php', 1222)
 2 SYSTEMPATH\CodeIgniter.php(933): App\Controllers\vendor\Products->table()
 3 SYSTEMPATH\CodeIgniter.php(509): CodeIgniter\CodeIgniter->runController(Object(App\Controllers\vendor\Products))
 4 SYSTEMPATH\CodeIgniter.php(355): CodeIgniter\CodeIgniter->handleRequest(null, Object(Config\Cache), false)
 5 SYSTEMPATH\Boot.php(325): CodeIgniter\CodeIgniter->run()
 6 SYSTEMPATH\Boot.php(67): CodeIgniter\Boot::runCodeIgniter(Object(CodeIgniter\CodeIgniter))
 7 FCPATH\index.php(56): CodeIgniter\Boot::bootWeb(Object(Config\Paths))
INFO - 2025-07-10 04:46:18 --> Session: Class initialized using 'CodeIgniter\Session\Handlers\FileHandler' driver.
INFO - 2025-07-10 04:46:46 --> Session: Class initialized using 'CodeIgniter\Session\Handlers\FileHandler' driver.
CRITICAL - 2025-07-10 10:16:47 --> ErrorException: Undefined array key "product_stock"
[Method: GET, Route: vendor/products/table]
in APPPATH\Controllers\vendor\Products.php on line 1224.
 1 APPPATH\Controllers\vendor\Products.php(1224): CodeIgniter\Debug\Exceptions->errorHandler(2, 'Undefined array key "product_stock"', 'C:\\xampp\\htdocs\\projects\\upbiz-saas\\app\\Controllers\\vendor\\Products.php', 1224)
 2 SYSTEMPATH\CodeIgniter.php(933): App\Controllers\vendor\Products->table()
 3 SYSTEMPATH\CodeIgniter.php(509): CodeIgniter\CodeIgniter->runController(Object(App\Controllers\vendor\Products))
 4 SYSTEMPATH\CodeIgniter.php(355): CodeIgniter\CodeIgniter->handleRequest(null, Object(Config\Cache), false)
 5 SYSTEMPATH\Boot.php(325): CodeIgniter\CodeIgniter->run()
 6 SYSTEMPATH\Boot.php(67): CodeIgniter\Boot::runCodeIgniter(Object(CodeIgniter\CodeIgniter))
 7 FCPATH\index.php(56): CodeIgniter\Boot::bootWeb(Object(Config\Paths))
INFO - 2025-07-10 04:46:56 --> Session: Class initialized using 'CodeIgniter\Session\Handlers\FileHandler' driver.
INFO - 2025-07-10 04:47:17 --> Session: Class initialized using 'CodeIgniter\Session\Handlers\FileHandler' driver.
INFO - 2025-07-10 04:48:24 --> Session: Class initialized using 'CodeIgniter\Session\Handlers\FileHandler' driver.
INFO - 2025-07-10 04:48:36 --> Session: Class initialized using 'CodeIgniter\Session\Handlers\FileHandler' driver.
INFO - 2025-07-10 04:48:50 --> Session: Class initialized using 'CodeIgniter\Session\Handlers\FileHandler' driver.
CRITICAL - 2025-07-10 10:18:50 --> ErrorException: Undefined array key "product_stock"
[Method: GET, Route: vendor/products/table]
in APPPATH\Controllers\vendor\Products.php on line 1223.
 1 APPPATH\Controllers\vendor\Products.php(1223): CodeIgniter\Debug\Exceptions->errorHandler(2, 'Undefined array key "product_stock"', 'C:\\xampp\\htdocs\\projects\\upbiz-saas\\app\\Controllers\\vendor\\Products.php', 1223)
 2 SYSTEMPATH\CodeIgniter.php(933): App\Controllers\vendor\Products->table()
 3 SYSTEMPATH\CodeIgniter.php(509): CodeIgniter\CodeIgniter->runController(Object(App\Controllers\vendor\Products))
 4 SYSTEMPATH\CodeIgniter.php(355): CodeIgniter\CodeIgniter->handleRequest(null, Object(Config\Cache), false)
 5 SYSTEMPATH\Boot.php(325): CodeIgniter\CodeIgniter->run()
 6 SYSTEMPATH\Boot.php(67): CodeIgniter\Boot::runCodeIgniter(Object(CodeIgniter\CodeIgniter))
 7 FCPATH\index.php(56): CodeIgniter\Boot::bootWeb(Object(Config\Paths))
INFO - 2025-07-10 04:49:27 --> Session: Class initialized using 'CodeIgniter\Session\Handlers\FileHandler' driver.
INFO - 2025-07-10 04:49:29 --> Session: Class initialized using 'CodeIgniter\Session\Handlers\FileHandler' driver.
CRITICAL - 2025-07-10 10:19:29 --> ErrorException: Undefined array key "product_stock"
[Method: GET, Route: vendor/products/table]
in APPPATH\Controllers\vendor\Products.php on line 1222.
 1 APPPATH\Controllers\vendor\Products.php(1222): CodeIgniter\Debug\Exceptions->errorHandler(2, 'Undefined array key "product_stock"', 'C:\\xampp\\htdocs\\projects\\upbiz-saas\\app\\Controllers\\vendor\\Products.php', 1222)
 2 SYSTEMPATH\CodeIgniter.php(933): App\Controllers\vendor\Products->table()
 3 SYSTEMPATH\CodeIgniter.php(509): CodeIgniter\CodeIgniter->runController(Object(App\Controllers\vendor\Products))
 4 SYSTEMPATH\CodeIgniter.php(355): CodeIgniter\CodeIgniter->handleRequest(null, Object(Config\Cache), false)
 5 SYSTEMPATH\Boot.php(325): CodeIgniter\CodeIgniter->run()
 6 SYSTEMPATH\Boot.php(67): CodeIgniter\Boot::runCodeIgniter(Object(CodeIgniter\CodeIgniter))
 7 FCPATH\index.php(56): CodeIgniter\Boot::bootWeb(Object(Config\Paths))
INFO - 2025-07-10 04:49:32 --> Session: Class initialized using 'CodeIgniter\Session\Handlers\FileHandler' driver.
CRITICAL - 2025-07-10 10:19:32 --> ErrorException: Undefined array key "product_stock"
[Method: GET, Route: vendor/products/table]
in APPPATH\Controllers\vendor\Products.php on line 1222.
 1 APPPATH\Controllers\vendor\Products.php(1222): CodeIgniter\Debug\Exceptions->errorHandler(2, 'Undefined array key "product_stock"', 'C:\\xampp\\htdocs\\projects\\upbiz-saas\\app\\Controllers\\vendor\\Products.php', 1222)
 2 SYSTEMPATH\CodeIgniter.php(933): App\Controllers\vendor\Products->table()
 3 SYSTEMPATH\CodeIgniter.php(509): CodeIgniter\CodeIgniter->runController(Object(App\Controllers\vendor\Products))
 4 SYSTEMPATH\CodeIgniter.php(355): CodeIgniter\CodeIgniter->handleRequest(null, Object(Config\Cache), false)
 5 SYSTEMPATH\Boot.php(325): CodeIgniter\CodeIgniter->run()
 6 SYSTEMPATH\Boot.php(67): CodeIgniter\Boot::runCodeIgniter(Object(CodeIgniter\CodeIgniter))
 7 FCPATH\index.php(56): CodeIgniter\Boot::bootWeb(Object(Config\Paths))
INFO - 2025-07-10 04:49:33 --> Session: Class initialized using 'CodeIgniter\Session\Handlers\FileHandler' driver.
INFO - 2025-07-10 04:57:02 --> Session: Class initialized using 'CodeIgniter\Session\Handlers\FileHandler' driver.
INFO - 2025-07-10 04:57:45 --> Session: Class initialized using 'CodeIgniter\Session\Handlers\FileHandler' driver.
INFO - 2025-07-10 04:57:53 --> Session: Class initialized using 'CodeIgniter\Session\Handlers\FileHandler' driver.
CRITICAL - 2025-07-10 10:27:53 --> ErrorException: Undefined array key "product_stock"
[Method: GET, Route: vendor/products/table]
in APPPATH\Controllers\vendor\Products.php on line 1223.
 1 APPPATH\Controllers\vendor\Products.php(1223): CodeIgniter\Debug\Exceptions->errorHandler(2, 'Undefined array key "product_stock"', 'C:\\xampp\\htdocs\\projects\\upbiz-saas\\app\\Controllers\\vendor\\Products.php', 1223)
 2 SYSTEMPATH\CodeIgniter.php(933): App\Controllers\vendor\Products->table()
 3 SYSTEMPATH\CodeIgniter.php(509): CodeIgniter\CodeIgniter->runController(Object(App\Controllers\vendor\Products))
 4 SYSTEMPATH\CodeIgniter.php(355): CodeIgniter\CodeIgniter->handleRequest(null, Object(Config\Cache), false)
 5 SYSTEMPATH\Boot.php(325): CodeIgniter\CodeIgniter->run()
 6 SYSTEMPATH\Boot.php(67): CodeIgniter\Boot::runCodeIgniter(Object(CodeIgniter\CodeIgniter))
 7 FCPATH\index.php(56): CodeIgniter\Boot::bootWeb(Object(Config\Paths))
INFO - 2025-07-10 04:59:46 --> Session: Class initialized using 'CodeIgniter\Session\Handlers\FileHandler' driver.
INFO - 2025-07-10 05:00:20 --> Session: Class initialized using 'CodeIgniter\Session\Handlers\FileHandler' driver.
INFO - 2025-07-10 05:01:10 --> Session: Class initialized using 'CodeIgniter\Session\Handlers\FileHandler' driver.
INFO - 2025-07-10 05:01:29 --> Session: Class initialized using 'CodeIgniter\Session\Handlers\FileHandler' driver.
INFO - 2025-07-10 05:01:36 --> Session: Class initialized using 'CodeIgniter\Session\Handlers\FileHandler' driver.
INFO - 2025-07-10 05:01:43 --> Session: Class initialized using 'CodeIgniter\Session\Handlers\FileHandler' driver.
INFO - 2025-07-10 05:05:40 --> Session: Class initialized using 'CodeIgniter\Session\Handlers\FileHandler' driver.
INFO - 2025-07-10 05:05:42 --> Session: Class initialized using 'CodeIgniter\Session\Handlers\FileHandler' driver.
INFO - 2025-07-10 05:05:45 --> Session: Class initialized using 'CodeIgniter\Session\Handlers\FileHandler' driver.
INFO - 2025-07-10 05:05:54 --> Session: Class initialized using 'CodeIgniter\Session\Handlers\FileHandler' driver.
INFO - 2025-07-10 05:09:17 --> Session: Class initialized using 'CodeIgniter\Session\Handlers\FileHandler' driver.
INFO - 2025-07-10 05:09:18 --> Session: Class initialized using 'CodeIgniter\Session\Handlers\FileHandler' driver.
CRITICAL - 2025-07-10 05:09:18 --> ParseError: syntax error, unexpected token "if"
[Method: GET, Route: vendor/services/json]
in APPPATH\Controllers\vendor\Services.php on line 306.
 1 FCPATH\vendor\composer\ClassLoader.php(427): Composer\Autoload\{closure}('C:\\xampp\\htdocs\\projects\\upbiz-saas\\vendor\\composer/../../app/Controllers/vendor/Services.php')
 2 [internal function]: Composer\Autoload\ClassLoader->loadClass('App\\Controllers\\vendor\\Services')
 3 SYSTEMPATH\CodeIgniter.php(887): class_exists('\\App\\Controllers\\vendor\\Services', true)
 4 SYSTEMPATH\CodeIgniter.php(496): CodeIgniter\CodeIgniter->startController()
 5 SYSTEMPATH\CodeIgniter.php(355): CodeIgniter\CodeIgniter->handleRequest(null, Object(Config\Cache), false)
 6 SYSTEMPATH\Boot.php(325): CodeIgniter\CodeIgniter->run()
 7 SYSTEMPATH\Boot.php(67): CodeIgniter\Boot::runCodeIgniter(Object(CodeIgniter\CodeIgniter))
 8 FCPATH\index.php(56): CodeIgniter\Boot::bootWeb(Object(Config\Paths))
INFO - 2025-07-10 05:09:33 --> Session: Class initialized using 'CodeIgniter\Session\Handlers\FileHandler' driver.
INFO - 2025-07-10 05:09:33 --> Session: Class initialized using 'CodeIgniter\Session\Handlers\FileHandler' driver.
WARNING - 2025-07-10 10:39:33 --> [DEPRECATED] number_format(): Passing null to parameter #1 ($num) of type float is deprecated in APPPATH\Controllers\vendor\Home.php on line 388.
 1 APPPATH\Controllers\vendor\Home.php(388): number_format(null, 2)
 2 SYSTEMPATH\CodeIgniter.php(933): App\Controllers\vendor\Home->todays_total_sales()
 3 SYSTEMPATH\CodeIgniter.php(509): CodeIgniter\CodeIgniter->runController(Object(App\Controllers\vendor\Home))
 4 SYSTEMPATH\CodeIgniter.php(355): CodeIgniter\CodeIgniter->handleRequest(null, Object(Config\Cache), false)
 5 SYSTEMPATH\Boot.php(325): CodeIgniter\CodeIgniter->run()
 6 SYSTEMPATH\Boot.php(67): CodeIgniter\Boot::runCodeIgniter(Object(CodeIgniter\CodeIgniter))
 7 FCPATH\index.php(56): CodeIgniter\Boot::bootWeb(Object(Config\Paths))
INFO - 2025-07-10 05:09:33 --> Session: Class initialized using 'CodeIgniter\Session\Handlers\FileHandler' driver.
WARNING - 2025-07-10 10:39:33 --> [DEPRECATED] number_format(): Passing null to parameter #1 ($num) of type float is deprecated in APPPATH\Controllers\vendor\Home.php on line 416.
 1 APPPATH\Controllers\vendor\Home.php(416): number_format(null, 2)
 2 SYSTEMPATH\CodeIgniter.php(933): App\Controllers\vendor\Home->todays_total_purchase()
 3 SYSTEMPATH\CodeIgniter.php(509): CodeIgniter\CodeIgniter->runController(Object(App\Controllers\vendor\Home))
 4 SYSTEMPATH\CodeIgniter.php(355): CodeIgniter\CodeIgniter->handleRequest(null, Object(Config\Cache), false)
 5 SYSTEMPATH\Boot.php(325): CodeIgniter\CodeIgniter->run()
 6 SYSTEMPATH\Boot.php(67): CodeIgniter\Boot::runCodeIgniter(Object(CodeIgniter\CodeIgniter))
 7 FCPATH\index.php(56): CodeIgniter\Boot::bootWeb(Object(Config\Paths))
INFO - 2025-07-10 05:09:33 --> Session: Class initialized using 'CodeIgniter\Session\Handlers\FileHandler' driver.
INFO - 2025-07-10 05:09:33 --> Session: Class initialized using 'CodeIgniter\Session\Handlers\FileHandler' driver.
WARNING - 2025-07-10 10:39:34 --> [DEPRECATED] number_format(): Passing null to parameter #1 ($num) of type float is deprecated in APPPATH\Controllers\vendor\Home.php on line 444.
 1 APPPATH\Controllers\vendor\Home.php(444): number_format(null, 2)
 2 SYSTEMPATH\CodeIgniter.php(933): App\Controllers\vendor\Home->todays_total_payment_resived_form_orders()
 3 SYSTEMPATH\CodeIgniter.php(509): CodeIgniter\CodeIgniter->runController(Object(App\Controllers\vendor\Home))
 4 SYSTEMPATH\CodeIgniter.php(355): CodeIgniter\CodeIgniter->handleRequest(null, Object(Config\Cache), false)
 5 SYSTEMPATH\Boot.php(325): CodeIgniter\CodeIgniter->run()
 6 SYSTEMPATH\Boot.php(67): CodeIgniter\Boot::runCodeIgniter(Object(CodeIgniter\CodeIgniter))
 7 FCPATH\index.php(56): CodeIgniter\Boot::bootWeb(Object(Config\Paths))
INFO - 2025-07-10 05:09:34 --> Session: Class initialized using 'CodeIgniter\Session\Handlers\FileHandler' driver.
WARNING - 2025-07-10 10:39:34 --> [DEPRECATED] number_format(): Passing null to parameter #1 ($num) of type float is deprecated in APPPATH\Controllers\vendor\Home.php on line 475.
 1 APPPATH\Controllers\vendor\Home.php(475): number_format(null, 2)
 2 SYSTEMPATH\CodeIgniter.php(933): App\Controllers\vendor\Home->todays_total_payment_remaining_form_orders()
 3 SYSTEMPATH\CodeIgniter.php(509): CodeIgniter\CodeIgniter->runController(Object(App\Controllers\vendor\Home))
 4 SYSTEMPATH\CodeIgniter.php(355): CodeIgniter\CodeIgniter->handleRequest(null, Object(Config\Cache), false)
 5 SYSTEMPATH\Boot.php(325): CodeIgniter\CodeIgniter->run()
 6 SYSTEMPATH\Boot.php(67): CodeIgniter\Boot::runCodeIgniter(Object(CodeIgniter\CodeIgniter))
 7 FCPATH\index.php(56): CodeIgniter\Boot::bootWeb(Object(Config\Paths))
WARNING - 2025-07-10 10:39:34 --> [DEPRECATED] number_format(): Passing null to parameter #1 ($num) of type float is deprecated in APPPATH\Controllers\vendor\Home.php on line 476.
 1 APPPATH\Controllers\vendor\Home.php(476): number_format(null, 2)
 2 SYSTEMPATH\CodeIgniter.php(933): App\Controllers\vendor\Home->todays_total_payment_remaining_form_orders()
 3 SYSTEMPATH\CodeIgniter.php(509): CodeIgniter\CodeIgniter->runController(Object(App\Controllers\vendor\Home))
 4 SYSTEMPATH\CodeIgniter.php(355): CodeIgniter\CodeIgniter->handleRequest(null, Object(Config\Cache), false)
 5 SYSTEMPATH\Boot.php(325): CodeIgniter\CodeIgniter->run()
 6 SYSTEMPATH\Boot.php(67): CodeIgniter\Boot::runCodeIgniter(Object(CodeIgniter\CodeIgniter))
 7 FCPATH\index.php(56): CodeIgniter\Boot::bootWeb(Object(Config\Paths))
INFO - 2025-07-10 05:09:34 --> Session: Class initialized using 'CodeIgniter\Session\Handlers\FileHandler' driver.
WARNING - 2025-07-10 10:39:34 --> [DEPRECATED] number_format(): Passing null to parameter #1 ($num) of type float is deprecated in APPPATH\Controllers\vendor\Home.php on line 506.
 1 APPPATH\Controllers\vendor\Home.php(506): number_format(null, 2)
 2 SYSTEMPATH\CodeIgniter.php(933): App\Controllers\vendor\Home->todays_total_paids_resived_form_purchase()
 3 SYSTEMPATH\CodeIgniter.php(509): CodeIgniter\CodeIgniter->runController(Object(App\Controllers\vendor\Home))
 4 SYSTEMPATH\CodeIgniter.php(355): CodeIgniter\CodeIgniter->handleRequest(null, Object(Config\Cache), false)
 5 SYSTEMPATH\Boot.php(325): CodeIgniter\CodeIgniter->run()
 6 SYSTEMPATH\Boot.php(67): CodeIgniter\Boot::runCodeIgniter(Object(CodeIgniter\CodeIgniter))
 7 FCPATH\index.php(56): CodeIgniter\Boot::bootWeb(Object(Config\Paths))
INFO - 2025-07-10 05:09:34 --> Session: Class initialized using 'CodeIgniter\Session\Handlers\FileHandler' driver.
WARNING - 2025-07-10 10:39:34 --> [DEPRECATED] number_format(): Passing null to parameter #1 ($num) of type float is deprecated in APPPATH\Controllers\vendor\Home.php on line 536.
 1 APPPATH\Controllers\vendor\Home.php(536): number_format(null, 2)
 2 SYSTEMPATH\CodeIgniter.php(933): App\Controllers\vendor\Home->todays_total_remaining_form_purchase()
 3 SYSTEMPATH\CodeIgniter.php(509): CodeIgniter\CodeIgniter->runController(Object(App\Controllers\vendor\Home))
 4 SYSTEMPATH\CodeIgniter.php(355): CodeIgniter\CodeIgniter->handleRequest(null, Object(Config\Cache), false)
 5 SYSTEMPATH\Boot.php(325): CodeIgniter\CodeIgniter->run()
 6 SYSTEMPATH\Boot.php(67): CodeIgniter\Boot::runCodeIgniter(Object(CodeIgniter\CodeIgniter))
 7 FCPATH\index.php(56): CodeIgniter\Boot::bootWeb(Object(Config\Paths))
WARNING - 2025-07-10 10:39:34 --> [DEPRECATED] number_format(): Passing null to parameter #1 ($num) of type float is deprecated in APPPATH\Controllers\vendor\Home.php on line 537.
 1 APPPATH\Controllers\vendor\Home.php(537): number_format(null, 2)
 2 SYSTEMPATH\CodeIgniter.php(933): App\Controllers\vendor\Home->todays_total_remaining_form_purchase()
 3 SYSTEMPATH\CodeIgniter.php(509): CodeIgniter\CodeIgniter->runController(Object(App\Controllers\vendor\Home))
 4 SYSTEMPATH\CodeIgniter.php(355): CodeIgniter\CodeIgniter->handleRequest(null, Object(Config\Cache), false)
 5 SYSTEMPATH\Boot.php(325): CodeIgniter\CodeIgniter->run()
 6 SYSTEMPATH\Boot.php(67): CodeIgniter\Boot::runCodeIgniter(Object(CodeIgniter\CodeIgniter))
 7 FCPATH\index.php(56): CodeIgniter\Boot::bootWeb(Object(Config\Paths))
INFO - 2025-07-10 05:09:34 --> Session: Class initialized using 'CodeIgniter\Session\Handlers\FileHandler' driver.
INFO - 2025-07-10 05:09:36 --> Session: Class initialized using 'CodeIgniter\Session\Handlers\FileHandler' driver.
INFO - 2025-07-10 05:09:40 --> Session: Class initialized using 'CodeIgniter\Session\Handlers\FileHandler' driver.
INFO - 2025-07-10 05:09:41 --> Session: Class initialized using 'CodeIgniter\Session\Handlers\FileHandler' driver.
CRITICAL - 2025-07-10 05:09:41 --> ParseError: syntax error, unexpected token "if"
[Method: GET, Route: vendor/services/json]
in APPPATH\Controllers\vendor\Services.php on line 306.
 1 FCPATH\vendor\composer\ClassLoader.php(427): Composer\Autoload\{closure}('C:\\xampp\\htdocs\\projects\\upbiz-saas\\vendor\\composer/../../app/Controllers/vendor/Services.php')
 2 [internal function]: Composer\Autoload\ClassLoader->loadClass('App\\Controllers\\vendor\\Services')
 3 SYSTEMPATH\CodeIgniter.php(887): class_exists('\\App\\Controllers\\vendor\\Services', true)
 4 SYSTEMPATH\CodeIgniter.php(496): CodeIgniter\CodeIgniter->startController()
 5 SYSTEMPATH\CodeIgniter.php(355): CodeIgniter\CodeIgniter->handleRequest(null, Object(Config\Cache), false)
 6 SYSTEMPATH\Boot.php(325): CodeIgniter\CodeIgniter->run()
 7 SYSTEMPATH\Boot.php(67): CodeIgniter\Boot::runCodeIgniter(Object(CodeIgniter\CodeIgniter))
 8 FCPATH\index.php(56): CodeIgniter\Boot::bootWeb(Object(Config\Paths))
INFO - 2025-07-10 05:09:45 --> Session: Class initialized using 'CodeIgniter\Session\Handlers\FileHandler' driver.
INFO - 2025-07-10 05:09:45 --> Session: Class initialized using 'CodeIgniter\Session\Handlers\FileHandler' driver.
WARNING - 2025-07-10 10:39:45 --> [DEPRECATED] number_format(): Passing null to parameter #1 ($num) of type float is deprecated in APPPATH\Controllers\vendor\Home.php on line 416.
 1 APPPATH\Controllers\vendor\Home.php(416): number_format(null, 2)
 2 SYSTEMPATH\CodeIgniter.php(933): App\Controllers\vendor\Home->todays_total_purchase()
 3 SYSTEMPATH\CodeIgniter.php(509): CodeIgniter\CodeIgniter->runController(Object(App\Controllers\vendor\Home))
 4 SYSTEMPATH\CodeIgniter.php(355): CodeIgniter\CodeIgniter->handleRequest(null, Object(Config\Cache), false)
 5 SYSTEMPATH\Boot.php(325): CodeIgniter\CodeIgniter->run()
 6 SYSTEMPATH\Boot.php(67): CodeIgniter\Boot::runCodeIgniter(Object(CodeIgniter\CodeIgniter))
 7 FCPATH\index.php(56): CodeIgniter\Boot::bootWeb(Object(Config\Paths))
INFO - 2025-07-10 05:09:45 --> Session: Class initialized using 'CodeIgniter\Session\Handlers\FileHandler' driver.
WARNING - 2025-07-10 10:39:46 --> [DEPRECATED] number_format(): Passing null to parameter #1 ($num) of type float is deprecated in APPPATH\Controllers\vendor\Home.php on line 475.
 1 APPPATH\Controllers\vendor\Home.php(475): number_format(null, 2)
 2 SYSTEMPATH\CodeIgniter.php(933): App\Controllers\vendor\Home->todays_total_payment_remaining_form_orders()
 3 SYSTEMPATH\CodeIgniter.php(509): CodeIgniter\CodeIgniter->runController(Object(App\Controllers\vendor\Home))
 4 SYSTEMPATH\CodeIgniter.php(355): CodeIgniter\CodeIgniter->handleRequest(null, Object(Config\Cache), false)
 5 SYSTEMPATH\Boot.php(325): CodeIgniter\CodeIgniter->run()
 6 SYSTEMPATH\Boot.php(67): CodeIgniter\Boot::runCodeIgniter(Object(CodeIgniter\CodeIgniter))
 7 FCPATH\index.php(56): CodeIgniter\Boot::bootWeb(Object(Config\Paths))
WARNING - 2025-07-10 10:39:46 --> [DEPRECATED] number_format(): Passing null to parameter #1 ($num) of type float is deprecated in APPPATH\Controllers\vendor\Home.php on line 476.
 1 APPPATH\Controllers\vendor\Home.php(476): number_format(null, 2)
 2 SYSTEMPATH\CodeIgniter.php(933): App\Controllers\vendor\Home->todays_total_payment_remaining_form_orders()
 3 SYSTEMPATH\CodeIgniter.php(509): CodeIgniter\CodeIgniter->runController(Object(App\Controllers\vendor\Home))
 4 SYSTEMPATH\CodeIgniter.php(355): CodeIgniter\CodeIgniter->handleRequest(null, Object(Config\Cache), false)
 5 SYSTEMPATH\Boot.php(325): CodeIgniter\CodeIgniter->run()
 6 SYSTEMPATH\Boot.php(67): CodeIgniter\Boot::runCodeIgniter(Object(CodeIgniter\CodeIgniter))
 7 FCPATH\index.php(56): CodeIgniter\Boot::bootWeb(Object(Config\Paths))
INFO - 2025-07-10 05:09:46 --> Session: Class initialized using 'CodeIgniter\Session\Handlers\FileHandler' driver.
INFO - 2025-07-10 05:09:46 --> Session: Class initialized using 'CodeIgniter\Session\Handlers\FileHandler' driver.
WARNING - 2025-07-10 10:39:46 --> [DEPRECATED] number_format(): Passing null to parameter #1 ($num) of type float is deprecated in APPPATH\Controllers\vendor\Home.php on line 388.
 1 APPPATH\Controllers\vendor\Home.php(388): number_format(null, 2)
 2 SYSTEMPATH\CodeIgniter.php(933): App\Controllers\vendor\Home->todays_total_sales()
 3 SYSTEMPATH\CodeIgniter.php(509): CodeIgniter\CodeIgniter->runController(Object(App\Controllers\vendor\Home))
 4 SYSTEMPATH\CodeIgniter.php(355): CodeIgniter\CodeIgniter->handleRequest(null, Object(Config\Cache), false)
 5 SYSTEMPATH\Boot.php(325): CodeIgniter\CodeIgniter->run()
 6 SYSTEMPATH\Boot.php(67): CodeIgniter\Boot::runCodeIgniter(Object(CodeIgniter\CodeIgniter))
 7 FCPATH\index.php(56): CodeIgniter\Boot::bootWeb(Object(Config\Paths))
INFO - 2025-07-10 05:09:46 --> Session: Class initialized using 'CodeIgniter\Session\Handlers\FileHandler' driver.
WARNING - 2025-07-10 10:39:46 --> [DEPRECATED] number_format(): Passing null to parameter #1 ($num) of type float is deprecated in APPPATH\Controllers\vendor\Home.php on line 444.
 1 APPPATH\Controllers\vendor\Home.php(444): number_format(null, 2)
 2 SYSTEMPATH\CodeIgniter.php(933): App\Controllers\vendor\Home->todays_total_payment_resived_form_orders()
 3 SYSTEMPATH\CodeIgniter.php(509): CodeIgniter\CodeIgniter->runController(Object(App\Controllers\vendor\Home))
 4 SYSTEMPATH\CodeIgniter.php(355): CodeIgniter\CodeIgniter->handleRequest(null, Object(Config\Cache), false)
 5 SYSTEMPATH\Boot.php(325): CodeIgniter\CodeIgniter->run()
 6 SYSTEMPATH\Boot.php(67): CodeIgniter\Boot::runCodeIgniter(Object(CodeIgniter\CodeIgniter))
 7 FCPATH\index.php(56): CodeIgniter\Boot::bootWeb(Object(Config\Paths))
INFO - 2025-07-10 05:09:46 --> Session: Class initialized using 'CodeIgniter\Session\Handlers\FileHandler' driver.
WARNING - 2025-07-10 10:39:46 --> [DEPRECATED] number_format(): Passing null to parameter #1 ($num) of type float is deprecated in APPPATH\Controllers\vendor\Home.php on line 506.
 1 APPPATH\Controllers\vendor\Home.php(506): number_format(null, 2)
 2 SYSTEMPATH\CodeIgniter.php(933): App\Controllers\vendor\Home->todays_total_paids_resived_form_purchase()
 3 SYSTEMPATH\CodeIgniter.php(509): CodeIgniter\CodeIgniter->runController(Object(App\Controllers\vendor\Home))
 4 SYSTEMPATH\CodeIgniter.php(355): CodeIgniter\CodeIgniter->handleRequest(null, Object(Config\Cache), false)
 5 SYSTEMPATH\Boot.php(325): CodeIgniter\CodeIgniter->run()
 6 SYSTEMPATH\Boot.php(67): CodeIgniter\Boot::runCodeIgniter(Object(CodeIgniter\CodeIgniter))
 7 FCPATH\index.php(56): CodeIgniter\Boot::bootWeb(Object(Config\Paths))
INFO - 2025-07-10 05:09:46 --> Session: Class initialized using 'CodeIgniter\Session\Handlers\FileHandler' driver.
WARNING - 2025-07-10 10:39:46 --> [DEPRECATED] number_format(): Passing null to parameter #1 ($num) of type float is deprecated in APPPATH\Controllers\vendor\Home.php on line 536.
 1 APPPATH\Controllers\vendor\Home.php(536): number_format(null, 2)
 2 SYSTEMPATH\CodeIgniter.php(933): App\Controllers\vendor\Home->todays_total_remaining_form_purchase()
 3 SYSTEMPATH\CodeIgniter.php(509): CodeIgniter\CodeIgniter->runController(Object(App\Controllers\vendor\Home))
 4 SYSTEMPATH\CodeIgniter.php(355): CodeIgniter\CodeIgniter->handleRequest(null, Object(Config\Cache), false)
 5 SYSTEMPATH\Boot.php(325): CodeIgniter\CodeIgniter->run()
 6 SYSTEMPATH\Boot.php(67): CodeIgniter\Boot::runCodeIgniter(Object(CodeIgniter\CodeIgniter))
 7 FCPATH\index.php(56): CodeIgniter\Boot::bootWeb(Object(Config\Paths))
WARNING - 2025-07-10 10:39:46 --> [DEPRECATED] number_format(): Passing null to parameter #1 ($num) of type float is deprecated in APPPATH\Controllers\vendor\Home.php on line 537.
 1 APPPATH\Controllers\vendor\Home.php(537): number_format(null, 2)
 2 SYSTEMPATH\CodeIgniter.php(933): App\Controllers\vendor\Home->todays_total_remaining_form_purchase()
 3 SYSTEMPATH\CodeIgniter.php(509): CodeIgniter\CodeIgniter->runController(Object(App\Controllers\vendor\Home))
 4 SYSTEMPATH\CodeIgniter.php(355): CodeIgniter\CodeIgniter->handleRequest(null, Object(Config\Cache), false)
 5 SYSTEMPATH\Boot.php(325): CodeIgniter\CodeIgniter->run()
 6 SYSTEMPATH\Boot.php(67): CodeIgniter\Boot::runCodeIgniter(Object(CodeIgniter\CodeIgniter))
 7 FCPATH\index.php(56): CodeIgniter\Boot::bootWeb(Object(Config\Paths))
INFO - 2025-07-10 05:09:46 --> Session: Class initialized using 'CodeIgniter\Session\Handlers\FileHandler' driver.
INFO - 2025-07-10 05:09:47 --> Session: Class initialized using 'CodeIgniter\Session\Handlers\FileHandler' driver.
INFO - 2025-07-10 05:10:29 --> Session: Class initialized using 'CodeIgniter\Session\Handlers\FileHandler' driver.
INFO - 2025-07-10 05:10:45 --> Session: Class initialized using 'CodeIgniter\Session\Handlers\FileHandler' driver.
INFO - 2025-07-10 05:11:35 --> Session: Class initialized using 'CodeIgniter\Session\Handlers\FileHandler' driver.
INFO - 2025-07-10 05:11:36 --> Session: Class initialized using 'CodeIgniter\Session\Handlers\FileHandler' driver.
INFO - 2025-07-10 05:11:36 --> Session: Class initialized using 'CodeIgniter\Session\Handlers\FileHandler' driver.
INFO - 2025-07-10 05:12:50 --> Session: Class initialized using 'CodeIgniter\Session\Handlers\FileHandler' driver.
INFO - 2025-07-10 05:12:51 --> Session: Class initialized using 'CodeIgniter\Session\Handlers\FileHandler' driver.
INFO - 2025-07-10 05:12:52 --> Session: Class initialized using 'CodeIgniter\Session\Handlers\FileHandler' driver.
INFO - 2025-07-10 05:12:52 --> Session: Class initialized using 'CodeIgniter\Session\Handlers\FileHandler' driver.
INFO - 2025-07-10 05:13:07 --> Session: Class initialized using 'CodeIgniter\Session\Handlers\FileHandler' driver.
INFO - 2025-07-10 05:13:12 --> Session: Class initialized using 'CodeIgniter\Session\Handlers\FileHandler' driver.
CRITICAL - 2025-07-10 05:13:12 --> ParseError: syntax error, unexpected token "if"
[Method: GET, Route: vendor/services]
in APPPATH\Controllers\vendor\Services.php on line 306.
 1 FCPATH\vendor\composer\ClassLoader.php(427): Composer\Autoload\{closure}('C:\\xampp\\htdocs\\projects\\upbiz-saas\\vendor\\composer/../../app/Controllers/vendor/Services.php')
 2 [internal function]: Composer\Autoload\ClassLoader->loadClass('App\\Controllers\\vendor\\Services')
 3 SYSTEMPATH\CodeIgniter.php(887): class_exists('\\App\\Controllers\\vendor\\Services', true)
 4 SYSTEMPATH\CodeIgniter.php(496): CodeIgniter\CodeIgniter->startController()
 5 SYSTEMPATH\CodeIgniter.php(355): CodeIgniter\CodeIgniter->handleRequest(null, Object(Config\Cache), false)
 6 SYSTEMPATH\Boot.php(325): CodeIgniter\CodeIgniter->run()
 7 SYSTEMPATH\Boot.php(67): CodeIgniter\Boot::runCodeIgniter(Object(CodeIgniter\CodeIgniter))
 8 FCPATH\index.php(56): CodeIgniter\Boot::bootWeb(Object(Config\Paths))
CRITICAL - 2025-07-10 05:13:12 --> ErrorException: Uncaught Error: Call to undefined method CodeIgniter\Debug\ExceptionHandler::cleanPath() in C:\xampp\htdocs\projects\upbiz-saas\app\Views\errors\html\error_exception.php:33
Stack trace:
#0 C:\xampp\htdocs\projects\upbiz-saas\vendor\codeigniter4\framework\system\Debug\BaseExceptionHandler.php(266): include()
#1 C:\xampp\htdocs\projects\upbiz-saas\vendor\codeigniter4\framework\system\Debug\BaseExceptionHandler.php(269): CodeIgniter\Debug\BaseExceptionHandler->CodeIgniter\Debug\{closure}()
#2 C:\xampp\htdocs\projects\upbiz-saas\vendor\codeigniter4\framework\system\Debug\ExceptionHandler.php(114): CodeIgniter\Debug\BaseExceptionHandler->render(Object(ParseError), 500, 'C:\\xampp\\htdocs...')
#3 C:\xampp\htdocs\projects\upbiz-saas\vendor\codeigniter4\framework\system\Debug\Exceptions.php(164): CodeIgniter\Debug\ExceptionHandler->handle(Object(ParseError), Object(CodeIgniter\HTTP\IncomingRequest), Object(CodeIgniter\HTTP\Response), 500, 1)
#4 [internal function]: CodeIgniter\Debug\Exceptions->exceptionHandler(Object(ParseError))
#5 {main}
  thrown
【Previous Exception】
ParseError
syntax error, unexpected token "if"
#0 C:\xampp\htdocs\projects\upbiz-saas\vendor\composer\ClassLoader.php(427): Composer\Autoload\{closure}('C:\\xampp\\htdocs...')
#1 [internal function]: Composer\Autoload\ClassLoader->loadClass('App\\Controllers...')
#2 C:\xampp\htdocs\projects\upbiz-saas\vendor\codeigniter4\framework\system\CodeIgniter.php(887): class_exists('\\App\\Controller...', true)
#3 C:\xampp\htdocs\projects\upbiz-saas\vendor\codeigniter4\framework\system\CodeIgniter.php(496): CodeIgniter\CodeIgniter->startController()
#4 C:\xampp\htdocs\projects\upbiz-saas\vendor\codeigniter4\framework\system\CodeIgniter.php(355): CodeIgniter\CodeIgniter->handleRequest(NULL, Object(Config\Cache), false)
#5 C:\xampp\htdocs\projects\upbiz-saas\vendor\codeigniter4\framework\system\Boot.php(325): CodeIgniter\CodeIgniter->run()
#6 C:\xampp\htdocs\projects\upbiz-saas\vendor\codeigniter4\framework\system\Boot.php(67): CodeIgniter\Boot::runCodeIgniter(Object(CodeIgniter\CodeIgniter))
#7 C:\xampp\htdocs\projects\upbiz-saas\index.php(56): CodeIgniter\Boot::bootWeb(Object(Config\Paths))
#8 {main}
[Method: GET, Route: vendor/services]
in APPPATH\Views\errors\html\error_exception.php on line 33.
 1 [internal function]: CodeIgniter\Debug\Exceptions->shutdownHandler()
INFO - 2025-07-10 05:15:04 --> Session: Class initialized using 'CodeIgniter\Session\Handlers\FileHandler' driver.
INFO - 2025-07-10 05:15:05 --> Session: Class initialized using 'CodeIgniter\Session\Handlers\FileHandler' driver.
INFO - 2025-07-10 05:15:08 --> Session: Class initialized using 'CodeIgniter\Session\Handlers\FileHandler' driver.
INFO - 2025-07-10 05:19:12 --> Session: Class initialized using 'CodeIgniter\Session\Handlers\FileHandler' driver.
INFO - 2025-07-10 05:19:54 --> Session: Class initialized using 'CodeIgniter\Session\Handlers\FileHandler' driver.
INFO - 2025-07-10 05:19:55 --> Session: Class initialized using 'CodeIgniter\Session\Handlers\FileHandler' driver.
INFO - 2025-07-10 05:19:57 --> Session: Class initialized using 'CodeIgniter\Session\Handlers\FileHandler' driver.
INFO - 2025-07-10 05:19:58 --> Session: Class initialized using 'CodeIgniter\Session\Handlers\FileHandler' driver.
INFO - 2025-07-10 05:20:01 --> Session: Class initialized using 'CodeIgniter\Session\Handlers\FileHandler' driver.
INFO - 2025-07-10 05:20:04 --> Session: Class initialized using 'CodeIgniter\Session\Handlers\FileHandler' driver.
INFO - 2025-07-10 05:21:07 --> Session: Class initialized using 'CodeIgniter\Session\Handlers\FileHandler' driver.
INFO - 2025-07-10 05:21:08 --> Session: Class initialized using 'CodeIgniter\Session\Handlers\FileHandler' driver.
INFO - 2025-07-10 05:21:11 --> Session: Class initialized using 'CodeIgniter\Session\Handlers\FileHandler' driver.
INFO - 2025-07-10 05:21:14 --> Session: Class initialized using 'CodeIgniter\Session\Handlers\FileHandler' driver.
INFO - 2025-07-10 05:21:16 --> Session: Class initialized using 'CodeIgniter\Session\Handlers\FileHandler' driver.
INFO - 2025-07-10 05:21:45 --> Session: Class initialized using 'CodeIgniter\Session\Handlers\FileHandler' driver.
INFO - 2025-07-10 05:22:03 --> Session: Class initialized using 'CodeIgniter\Session\Handlers\FileHandler' driver.
INFO - 2025-07-10 05:24:04 --> Session: Class initialized using 'CodeIgniter\Session\Handlers\FileHandler' driver.
INFO - 2025-07-10 05:24:06 --> Session: Class initialized using 'CodeIgniter\Session\Handlers\FileHandler' driver.
INFO - 2025-07-10 05:24:09 --> Session: Class initialized using 'CodeIgniter\Session\Handlers\FileHandler' driver.
INFO - 2025-07-10 05:24:09 --> Session: Class initialized using 'CodeIgniter\Session\Handlers\FileHandler' driver.
INFO - 2025-07-10 05:24:13 --> Session: Class initialized using 'CodeIgniter\Session\Handlers\FileHandler' driver.
INFO - 2025-07-10 05:32:04 --> Session: Class initialized using 'CodeIgniter\Session\Handlers\FileHandler' driver.
INFO - 2025-07-10 05:32:10 --> Session: Class initialized using 'CodeIgniter\Session\Handlers\FileHandler' driver.
INFO - 2025-07-10 05:32:14 --> Session: Class initialized using 'CodeIgniter\Session\Handlers\FileHandler' driver.
INFO - 2025-07-10 05:37:40 --> Session: Class initialized using 'CodeIgniter\Session\Handlers\FileHandler' driver.
CRITICAL - 2025-07-10 11:07:40 --> BadMethodCallException: Call to undefined method App\Models\Customers_model::fetch_customers
[Method: GET, Route: vendor/customers/customers_table]
in SYSTEMPATH\Model.php on line 932.
 1 APPPATH\Controllers\vendor\Customers.php(151): CodeIgniter\Model->__call('fetch_customers', [...])
 2 SYSTEMPATH\CodeIgniter.php(933): App\Controllers\vendor\Customers->customers_table()
 3 SYSTEMPATH\CodeIgniter.php(509): CodeIgniter\CodeIgniter->runController(Object(App\Controllers\vendor\Customers))
 4 SYSTEMPATH\CodeIgniter.php(355): CodeIgniter\CodeIgniter->handleRequest(null, Object(Config\Cache), false)
 5 SYSTEMPATH\Boot.php(325): CodeIgniter\CodeIgniter->run()
 6 SYSTEMPATH\Boot.php(67): CodeIgniter\Boot::runCodeIgniter(Object(CodeIgniter\CodeIgniter))
 7 FCPATH\index.php(56): CodeIgniter\Boot::bootWeb(Object(Config\Paths))
INFO - 2025-07-10 05:37:44 --> Session: Class initialized using 'CodeIgniter\Session\Handlers\FileHandler' driver.
INFO - 2025-07-10 05:37:49 --> Session: Class initialized using 'CodeIgniter\Session\Handlers\FileHandler' driver.
CRITICAL - 2025-07-10 11:07:49 --> BadMethodCallException: Call to undefined method App\Models\Customers_model::fetch_customers
[Method: GET, Route: vendor/customers/customers_table]
in SYSTEMPATH\Model.php on line 932.
 1 APPPATH\Controllers\vendor\Customers.php(151): CodeIgniter\Model->__call('fetch_customers', [...])
 2 SYSTEMPATH\CodeIgniter.php(933): App\Controllers\vendor\Customers->customers_table()
 3 SYSTEMPATH\CodeIgniter.php(509): CodeIgniter\CodeIgniter->runController(Object(App\Controllers\vendor\Customers))
 4 SYSTEMPATH\CodeIgniter.php(355): CodeIgniter\CodeIgniter->handleRequest(null, Object(Config\Cache), false)
 5 SYSTEMPATH\Boot.php(325): CodeIgniter\CodeIgniter->run()
 6 SYSTEMPATH\Boot.php(67): CodeIgniter\Boot::runCodeIgniter(Object(CodeIgniter\CodeIgniter))
 7 FCPATH\index.php(56): CodeIgniter\Boot::bootWeb(Object(Config\Paths))
INFO - 2025-07-10 05:38:10 --> Session: Class initialized using 'CodeIgniter\Session\Handlers\FileHandler' driver.
INFO - 2025-07-10 05:38:14 --> Session: Class initialized using 'CodeIgniter\Session\Handlers\FileHandler' driver.
INFO - 2025-07-10 05:39:06 --> Session: Class initialized using 'CodeIgniter\Session\Handlers\FileHandler' driver.
INFO - 2025-07-10 05:55:20 --> Session: Class initialized using 'CodeIgniter\Session\Handlers\FileHandler' driver.
INFO - 2025-07-10 05:55:22 --> Session: Class initialized using 'CodeIgniter\Session\Handlers\FileHandler' driver.
INFO - 2025-07-10 05:55:25 --> Session: Class initialized using 'CodeIgniter\Session\Handlers\FileHandler' driver.
INFO - 2025-07-10 05:55:26 --> Session: Class initialized using 'CodeIgniter\Session\Handlers\FileHandler' driver.
INFO - 2025-07-10 05:55:30 --> Session: Class initialized using 'CodeIgniter\Session\Handlers\FileHandler' driver.
INFO - 2025-07-10 05:55:34 --> Session: Class initialized using 'CodeIgniter\Session\Handlers\FileHandler' driver.
INFO - 2025-07-10 06:03:13 --> Session: Class initialized using 'CodeIgniter\Session\Handlers\FileHandler' driver.
CRITICAL - 2025-07-10 11:33:13 --> BadMethodCallException: Call to undefined method App\Models\Vendor_purchase_transactions_model::fetch_transactions
[Method: GET, Route: vendor/transactions/purchase_transactions_table]
in SYSTEMPATH\Model.php on line 932.
 1 APPPATH\Controllers\vendor\Transactions.php(119): CodeIgniter\Model->__call('fetch_transactions', [...])
 2 SYSTEMPATH\CodeIgniter.php(933): App\Controllers\vendor\Transactions->purchase_transactions_table()
 3 SYSTEMPATH\CodeIgniter.php(509): CodeIgniter\CodeIgniter->runController(Object(App\Controllers\vendor\Transactions))
 4 SYSTEMPATH\CodeIgniter.php(355): CodeIgniter\CodeIgniter->handleRequest(null, Object(Config\Cache), false)
 5 SYSTEMPATH\Boot.php(325): CodeIgniter\CodeIgniter->run()
 6 SYSTEMPATH\Boot.php(67): CodeIgniter\Boot::runCodeIgniter(Object(CodeIgniter\CodeIgniter))
 7 FCPATH\index.php(56): CodeIgniter\Boot::bootWeb(Object(Config\Paths))
INFO - 2025-07-10 06:03:30 --> Session: Class initialized using 'CodeIgniter\Session\Handlers\FileHandler' driver.
INFO - 2025-07-10 06:03:33 --> Session: Class initialized using 'CodeIgniter\Session\Handlers\FileHandler' driver.
INFO - 2025-07-10 06:03:51 --> Session: Class initialized using 'CodeIgniter\Session\Handlers\FileHandler' driver.
INFO - 2025-07-10 06:03:52 --> Session: Class initialized using 'CodeIgniter\Session\Handlers\FileHandler' driver.
INFO - 2025-07-10 06:03:55 --> Session: Class initialized using 'CodeIgniter\Session\Handlers\FileHandler' driver.
INFO - 2025-07-10 06:03:55 --> Session: Class initialized using 'CodeIgniter\Session\Handlers\FileHandler' driver.
INFO - 2025-07-10 06:03:58 --> Session: Class initialized using 'CodeIgniter\Session\Handlers\FileHandler' driver.
INFO - 2025-07-10 06:04:50 --> Session: Class initialized using 'CodeIgniter\Session\Handlers\FileHandler' driver.
INFO - 2025-07-10 06:04:52 --> Session: Class initialized using 'CodeIgniter\Session\Handlers\FileHandler' driver.
INFO - 2025-07-10 06:04:53 --> Session: Class initialized using 'CodeIgniter\Session\Handlers\FileHandler' driver.
INFO - 2025-07-10 06:04:57 --> Session: Class initialized using 'CodeIgniter\Session\Handlers\FileHandler' driver.
INFO - 2025-07-10 06:09:08 --> Session: Class initialized using 'CodeIgniter\Session\Handlers\FileHandler' driver.
INFO - 2025-07-10 06:09:10 --> Session: Class initialized using 'CodeIgniter\Session\Handlers\FileHandler' driver.
INFO - 2025-07-10 06:09:10 --> Session: Class initialized using 'CodeIgniter\Session\Handlers\FileHandler' driver.
INFO - 2025-07-10 06:09:12 --> Session: Class initialized using 'CodeIgniter\Session\Handlers\FileHandler' driver.
INFO - 2025-07-10 06:09:15 --> Session: Class initialized using 'CodeIgniter\Session\Handlers\FileHandler' driver.
INFO - 2025-07-10 06:09:50 --> Session: Class initialized using 'CodeIgniter\Session\Handlers\FileHandler' driver.
INFO - 2025-07-10 06:09:55 --> Session: Class initialized using 'CodeIgniter\Session\Handlers\FileHandler' driver.
INFO - 2025-07-10 06:10:05 --> Session: Class initialized using 'CodeIgniter\Session\Handlers\FileHandler' driver.
INFO - 2025-07-10 06:16:48 --> Session: Class initialized using 'CodeIgniter\Session\Handlers\FileHandler' driver.
INFO - 2025-07-10 06:16:54 --> Session: Class initialized using 'CodeIgniter\Session\Handlers\FileHandler' driver.
INFO - 2025-07-10 06:16:57 --> Session: Class initialized using 'CodeIgniter\Session\Handlers\FileHandler' driver.
INFO - 2025-07-10 06:17:04 --> Session: Class initialized using 'CodeIgniter\Session\Handlers\FileHandler' driver.
INFO - 2025-07-10 06:17:06 --> Session: Class initialized using 'CodeIgniter\Session\Handlers\FileHandler' driver.
INFO - 2025-07-10 06:17:11 --> Session: Class initialized using 'CodeIgniter\Session\Handlers\FileHandler' driver.
INFO - 2025-07-10 06:17:14 --> Session: Class initialized using 'CodeIgniter\Session\Handlers\FileHandler' driver.
INFO - 2025-07-10 06:17:15 --> Session: Class initialized using 'CodeIgniter\Session\Handlers\FileHandler' driver.
INFO - 2025-07-10 06:17:16 --> Session: Class initialized using 'CodeIgniter\Session\Handlers\FileHandler' driver.
INFO - 2025-07-10 06:24:52 --> Session: Class initialized using 'CodeIgniter\Session\Handlers\FileHandler' driver.
INFO - 2025-07-10 06:25:15 --> Session: Class initialized using 'CodeIgniter\Session\Handlers\FileHandler' driver.
INFO - 2025-07-10 06:28:34 --> Session: Class initialized using 'CodeIgniter\Session\Handlers\FileHandler' driver.
INFO - 2025-07-10 06:28:36 --> Session: Class initialized using 'CodeIgniter\Session\Handlers\FileHandler' driver.
INFO - 2025-07-10 06:28:41 --> Session: Class initialized using 'CodeIgniter\Session\Handlers\FileHandler' driver.
INFO - 2025-07-10 06:28:43 --> Session: Class initialized using 'CodeIgniter\Session\Handlers\FileHandler' driver.
INFO - 2025-07-10 06:28:56 --> Session: Class initialized using 'CodeIgniter\Session\Handlers\FileHandler' driver.
INFO - 2025-07-10 06:31:30 --> Session: Class initialized using 'CodeIgniter\Session\Handlers\FileHandler' driver.
INFO - 2025-07-10 06:31:31 --> Session: Class initialized using 'CodeIgniter\Session\Handlers\FileHandler' driver.
INFO - 2025-07-10 06:31:31 --> Session: Class initialized using 'CodeIgniter\Session\Handlers\FileHandler' driver.
INFO - 2025-07-10 06:39:54 --> Session: Class initialized using 'CodeIgniter\Session\Handlers\FileHandler' driver.
INFO - 2025-07-10 06:46:06 --> Session: Class initialized using 'CodeIgniter\Session\Handlers\FileHandler' driver.
INFO - 2025-07-10 06:46:07 --> Session: Class initialized using 'CodeIgniter\Session\Handlers\FileHandler' driver.
INFO - 2025-07-10 06:46:07 --> Session: Class initialized using 'CodeIgniter\Session\Handlers\FileHandler' driver.
INFO - 2025-07-10 06:46:19 --> Session: Class initialized using 'CodeIgniter\Session\Handlers\FileHandler' driver.
INFO - 2025-07-10 07:01:51 --> Session: Class initialized using 'CodeIgniter\Session\Handlers\FileHandler' driver.
INFO - 2025-07-10 07:02:12 --> Session: Class initialized using 'CodeIgniter\Session\Handlers\FileHandler' driver.
INFO - 2025-07-10 07:02:13 --> Session: Class initialized using 'CodeIgniter\Session\Handlers\FileHandler' driver.
INFO - 2025-07-10 07:02:15 --> Session: Class initialized using 'CodeIgniter\Session\Handlers\FileHandler' driver.
INFO - 2025-07-10 07:02:17 --> Session: Class initialized using 'CodeIgniter\Session\Handlers\FileHandler' driver.
INFO - 2025-07-10 07:03:23 --> Session: Class initialized using 'CodeIgniter\Session\Handlers\FileHandler' driver.
INFO - 2025-07-10 07:03:24 --> Session: Class initialized using 'CodeIgniter\Session\Handlers\FileHandler' driver.
INFO - 2025-07-10 07:03:27 --> Session: Class initialized using 'CodeIgniter\Session\Handlers\FileHandler' driver.
INFO - 2025-07-10 07:03:31 --> Session: Class initialized using 'CodeIgniter\Session\Handlers\FileHandler' driver.
INFO - 2025-07-10 07:03:33 --> Session: Class initialized using 'CodeIgniter\Session\Handlers\FileHandler' driver.
INFO - 2025-07-10 07:03:39 --> Session: Class initialized using 'CodeIgniter\Session\Handlers\FileHandler' driver.
INFO - 2025-07-10 07:06:04 --> Session: Class initialized using 'CodeIgniter\Session\Handlers\FileHandler' driver.
INFO - 2025-07-10 07:06:06 --> Session: Class initialized using 'CodeIgniter\Session\Handlers\FileHandler' driver.
INFO - 2025-07-10 07:06:10 --> Session: Class initialized using 'CodeIgniter\Session\Handlers\FileHandler' driver.
INFO - 2025-07-10 07:06:59 --> Session: Class initialized using 'CodeIgniter\Session\Handlers\FileHandler' driver.
INFO - 2025-07-10 07:14:37 --> Session: Class initialized using 'CodeIgniter\Session\Handlers\FileHandler' driver.
INFO - 2025-07-10 07:14:38 --> Session: Class initialized using 'CodeIgniter\Session\Handlers\FileHandler' driver.
INFO - 2025-07-10 07:14:40 --> Session: Class initialized using 'CodeIgniter\Session\Handlers\FileHandler' driver.
INFO - 2025-07-10 07:14:45 --> Session: Class initialized using 'CodeIgniter\Session\Handlers\FileHandler' driver.
INFO - 2025-07-10 07:14:45 --> Session: Class initialized using 'CodeIgniter\Session\Handlers\FileHandler' driver.
INFO - 2025-07-10 07:14:50 --> Session: Class initialized using 'CodeIgniter\Session\Handlers\FileHandler' driver.
INFO - 2025-07-10 07:19:13 --> Session: Class initialized using 'CodeIgniter\Session\Handlers\FileHandler' driver.
INFO - 2025-07-10 07:19:14 --> Session: Class initialized using 'CodeIgniter\Session\Handlers\FileHandler' driver.
INFO - 2025-07-10 07:19:17 --> Session: Class initialized using 'CodeIgniter\Session\Handlers\FileHandler' driver.
INFO - 2025-07-10 07:19:20 --> Session: Class initialized using 'CodeIgniter\Session\Handlers\FileHandler' driver.
INFO - 2025-07-10 07:19:23 --> Session: Class initialized using 'CodeIgniter\Session\Handlers\FileHandler' driver.
INFO - 2025-07-10 07:19:24 --> Session: Class initialized using 'CodeIgniter\Session\Handlers\FileHandler' driver.
INFO - 2025-07-10 07:19:26 --> Session: Class initialized using 'CodeIgniter\Session\Handlers\FileHandler' driver.
INFO - 2025-07-10 07:19:27 --> Session: Class initialized using 'CodeIgniter\Session\Handlers\FileHandler' driver.
INFO - 2025-07-10 07:19:43 --> Session: Class initialized using 'CodeIgniter\Session\Handlers\FileHandler' driver.
INFO - 2025-07-10 07:19:45 --> Session: Class initialized using 'CodeIgniter\Session\Handlers\FileHandler' driver.
INFO - 2025-07-10 07:19:46 --> Session: Class initialized using 'CodeIgniter\Session\Handlers\FileHandler' driver.
INFO - 2025-07-10 07:19:48 --> Session: Class initialized using 'CodeIgniter\Session\Handlers\FileHandler' driver.
INFO - 2025-07-10 07:19:50 --> Session: Class initialized using 'CodeIgniter\Session\Handlers\FileHandler' driver.
INFO - 2025-07-10 07:23:20 --> Session: Class initialized using 'CodeIgniter\Session\Handlers\FileHandler' driver.
INFO - 2025-07-10 07:23:22 --> Session: Class initialized using 'CodeIgniter\Session\Handlers\FileHandler' driver.
INFO - 2025-07-10 07:23:26 --> Session: Class initialized using 'CodeIgniter\Session\Handlers\FileHandler' driver.
INFO - 2025-07-10 07:24:32 --> Session: Class initialized using 'CodeIgniter\Session\Handlers\FileHandler' driver.
INFO - 2025-07-10 07:24:34 --> Session: Class initialized using 'CodeIgniter\Session\Handlers\FileHandler' driver.
INFO - 2025-07-10 07:24:35 --> Session: Class initialized using 'CodeIgniter\Session\Handlers\FileHandler' driver.
INFO - 2025-07-10 07:25:05 --> Session: Class initialized using 'CodeIgniter\Session\Handlers\FileHandler' driver.
INFO - 2025-07-10 07:25:06 --> Session: Class initialized using 'CodeIgniter\Session\Handlers\FileHandler' driver.
INFO - 2025-07-10 07:25:08 --> Session: Class initialized using 'CodeIgniter\Session\Handlers\FileHandler' driver.
INFO - 2025-07-10 07:25:12 --> Session: Class initialized using 'CodeIgniter\Session\Handlers\FileHandler' driver.
INFO - 2025-07-10 07:25:15 --> Session: Class initialized using 'CodeIgniter\Session\Handlers\FileHandler' driver.
INFO - 2025-07-10 07:25:19 --> Session: Class initialized using 'CodeIgniter\Session\Handlers\FileHandler' driver.
INFO - 2025-07-10 07:25:21 --> Session: Class initialized using 'CodeIgniter\Session\Handlers\FileHandler' driver.
INFO - 2025-07-10 07:25:23 --> Session: Class initialized using 'CodeIgniter\Session\Handlers\FileHandler' driver.
INFO - 2025-07-10 07:25:30 --> Session: Class initialized using 'CodeIgniter\Session\Handlers\FileHandler' driver.
INFO - 2025-07-10 07:27:29 --> Session: Class initialized using 'CodeIgniter\Session\Handlers\FileHandler' driver.
INFO - 2025-07-10 07:27:31 --> Session: Class initialized using 'CodeIgniter\Session\Handlers\FileHandler' driver.
INFO - 2025-07-10 07:27:33 --> Session: Class initialized using 'CodeIgniter\Session\Handlers\FileHandler' driver.
INFO - 2025-07-10 07:27:34 --> Session: Class initialized using 'CodeIgniter\Session\Handlers\FileHandler' driver.
INFO - 2025-07-10 07:27:44 --> Session: Class initialized using 'CodeIgniter\Session\Handlers\FileHandler' driver.
INFO - 2025-07-10 07:27:45 --> Session: Class initialized using 'CodeIgniter\Session\Handlers\FileHandler' driver.
INFO - 2025-07-10 07:30:42 --> Session: Class initialized using 'CodeIgniter\Session\Handlers\FileHandler' driver.
INFO - 2025-07-10 07:30:44 --> Session: Class initialized using 'CodeIgniter\Session\Handlers\FileHandler' driver.
INFO - 2025-07-10 07:30:46 --> Session: Class initialized using 'CodeIgniter\Session\Handlers\FileHandler' driver.
INFO - 2025-07-10 07:30:48 --> Session: Class initialized using 'CodeIgniter\Session\Handlers\FileHandler' driver.
INFO - 2025-07-10 07:30:48 --> Session: Class initialized using 'CodeIgniter\Session\Handlers\FileHandler' driver.
INFO - 2025-07-10 07:30:50 --> Session: Class initialized using 'CodeIgniter\Session\Handlers\FileHandler' driver.
INFO - 2025-07-10 07:31:01 --> Session: Class initialized using 'CodeIgniter\Session\Handlers\FileHandler' driver.
INFO - 2025-07-10 07:31:06 --> Session: Class initialized using 'CodeIgniter\Session\Handlers\FileHandler' driver.
INFO - 2025-07-10 08:02:14 --> Session: Class initialized using 'CodeIgniter\Session\Handlers\FileHandler' driver.
INFO - 2025-07-10 08:02:16 --> Session: Class initialized using 'CodeIgniter\Session\Handlers\FileHandler' driver.
INFO - 2025-07-10 08:02:19 --> Session: Class initialized using 'CodeIgniter\Session\Handlers\FileHandler' driver.
INFO - 2025-07-10 08:05:49 --> Session: Class initialized using 'CodeIgniter\Session\Handlers\FileHandler' driver.
INFO - 2025-07-10 08:09:22 --> Session: Class initialized using 'CodeIgniter\Session\Handlers\FileHandler' driver.
INFO - 2025-07-10 08:09:26 --> Session: Class initialized using 'CodeIgniter\Session\Handlers\FileHandler' driver.
INFO - 2025-07-10 08:09:27 --> Session: Class initialized using 'CodeIgniter\Session\Handlers\FileHandler' driver.
INFO - 2025-07-10 08:09:29 --> Session: Class initialized using 'CodeIgniter\Session\Handlers\FileHandler' driver.
INFO - 2025-07-10 08:09:31 --> Session: Class initialized using 'CodeIgniter\Session\Handlers\FileHandler' driver.
INFO - 2025-07-10 08:10:30 --> Session: Class initialized using 'CodeIgniter\Session\Handlers\FileHandler' driver.
INFO - 2025-07-10 08:11:35 --> Session: Class initialized using 'CodeIgniter\Session\Handlers\FileHandler' driver.
INFO - 2025-07-10 08:11:38 --> Session: Class initialized using 'CodeIgniter\Session\Handlers\FileHandler' driver.
INFO - 2025-07-10 08:11:42 --> Session: Class initialized using 'CodeIgniter\Session\Handlers\FileHandler' driver.
INFO - 2025-07-10 08:11:43 --> Session: Class initialized using 'CodeIgniter\Session\Handlers\FileHandler' driver.
INFO - 2025-07-10 08:11:49 --> Session: Class initialized using 'CodeIgniter\Session\Handlers\FileHandler' driver.
INFO - 2025-07-10 08:11:50 --> Session: Class initialized using 'CodeIgniter\Session\Handlers\FileHandler' driver.
INFO - 2025-07-10 08:11:50 --> Session: Class initialized using 'CodeIgniter\Session\Handlers\FileHandler' driver.
INFO - 2025-07-10 08:15:42 --> Session: Class initialized using 'CodeIgniter\Session\Handlers\FileHandler' driver.
INFO - 2025-07-10 08:21:12 --> Session: Class initialized using 'CodeIgniter\Session\Handlers\FileHandler' driver.
INFO - 2025-07-10 08:21:21 --> Session: Class initialized using 'CodeIgniter\Session\Handlers\FileHandler' driver.
INFO - 2025-07-10 08:21:25 --> Session: Class initialized using 'CodeIgniter\Session\Handlers\FileHandler' driver.
INFO - 2025-07-10 08:23:25 --> Session: Class initialized using 'CodeIgniter\Session\Handlers\FileHandler' driver.
INFO - 2025-07-10 08:23:27 --> Session: Class initialized using 'CodeIgniter\Session\Handlers\FileHandler' driver.
INFO - 2025-07-10 08:23:31 --> Session: Class initialized using 'CodeIgniter\Session\Handlers\FileHandler' driver.
INFO - 2025-07-10 08:25:17 --> Session: Class initialized using 'CodeIgniter\Session\Handlers\FileHandler' driver.
INFO - 2025-07-10 08:25:19 --> Session: Class initialized using 'CodeIgniter\Session\Handlers\FileHandler' driver.
INFO - 2025-07-10 08:25:24 --> Session: Class initialized using 'CodeIgniter\Session\Handlers\FileHandler' driver.
INFO - 2025-07-10 08:25:34 --> Session: Class initialized using 'CodeIgniter\Session\Handlers\FileHandler' driver.
INFO - 2025-07-10 08:25:36 --> Session: Class initialized using 'CodeIgniter\Session\Handlers\FileHandler' driver.
INFO - 2025-07-10 08:25:38 --> Session: Class initialized using 'CodeIgniter\Session\Handlers\FileHandler' driver.
INFO - 2025-07-10 08:25:40 --> Session: Class initialized using 'CodeIgniter\Session\Handlers\FileHandler' driver.
INFO - 2025-07-10 08:26:25 --> Session: Class initialized using 'CodeIgniter\Session\Handlers\FileHandler' driver.
INFO - 2025-07-10 08:26:27 --> Session: Class initialized using 'CodeIgniter\Session\Handlers\FileHandler' driver.
INFO - 2025-07-10 08:26:28 --> Session: Class initialized using 'CodeIgniter\Session\Handlers\FileHandler' driver.
INFO - 2025-07-10 08:27:27 --> Session: Class initialized using 'CodeIgniter\Session\Handlers\FileHandler' driver.
INFO - 2025-07-10 08:27:29 --> Session: Class initialized using 'CodeIgniter\Session\Handlers\FileHandler' driver.
INFO - 2025-07-10 08:27:30 --> Session: Class initialized using 'CodeIgniter\Session\Handlers\FileHandler' driver.
INFO - 2025-07-10 08:27:39 --> Session: Class initialized using 'CodeIgniter\Session\Handlers\FileHandler' driver.
INFO - 2025-07-10 08:27:41 --> Session: Class initialized using 'CodeIgniter\Session\Handlers\FileHandler' driver.
INFO - 2025-07-10 08:27:43 --> Session: Class initialized using 'CodeIgniter\Session\Handlers\FileHandler' driver.
INFO - 2025-07-10 08:40:12 --> Session: Class initialized using 'CodeIgniter\Session\Handlers\FileHandler' driver.
INFO - 2025-07-10 08:40:14 --> Session: Class initialized using 'CodeIgniter\Session\Handlers\FileHandler' driver.
INFO - 2025-07-10 08:40:18 --> Session: Class initialized using 'CodeIgniter\Session\Handlers\FileHandler' driver.
INFO - 2025-07-10 08:40:23 --> Session: Class initialized using 'CodeIgniter\Session\Handlers\FileHandler' driver.
INFO - 2025-07-10 08:44:36 --> Session: Class initialized using 'CodeIgniter\Session\Handlers\FileHandler' driver.
INFO - 2025-07-10 08:50:10 --> Session: Class initialized using 'CodeIgniter\Session\Handlers\FileHandler' driver.
INFO - 2025-07-10 08:50:12 --> Session: Class initialized using 'CodeIgniter\Session\Handlers\FileHandler' driver.
INFO - 2025-07-10 08:50:14 --> Session: Class initialized using 'CodeIgniter\Session\Handlers\FileHandler' driver.
INFO - 2025-07-10 08:50:15 --> Session: Class initialized using 'CodeIgniter\Session\Handlers\FileHandler' driver.
INFO - 2025-07-10 08:50:16 --> Session: Class initialized using 'CodeIgniter\Session\Handlers\FileHandler' driver.
INFO - 2025-07-10 08:50:18 --> Session: Class initialized using 'CodeIgniter\Session\Handlers\FileHandler' driver.
INFO - 2025-07-10 08:50:23 --> Session: Class initialized using 'CodeIgniter\Session\Handlers\FileHandler' driver.
INFO - 2025-07-10 08:50:24 --> Session: Class initialized using 'CodeIgniter\Session\Handlers\FileHandler' driver.
INFO - 2025-07-10 08:50:32 --> Session: Class initialized using 'CodeIgniter\Session\Handlers\FileHandler' driver.
INFO - 2025-07-10 08:50:33 --> Session: Class initialized using 'CodeIgniter\Session\Handlers\FileHandler' driver.
INFO - 2025-07-10 08:50:34 --> Session: Class initialized using 'CodeIgniter\Session\Handlers\FileHandler' driver.
INFO - 2025-07-10 08:51:23 --> Session: Class initialized using 'CodeIgniter\Session\Handlers\FileHandler' driver.
INFO - 2025-07-10 08:51:24 --> Session: Class initialized using 'CodeIgniter\Session\Handlers\FileHandler' driver.
INFO - 2025-07-10 08:51:26 --> Session: Class initialized using 'CodeIgniter\Session\Handlers\FileHandler' driver.
INFO - 2025-07-10 08:51:59 --> Session: Class initialized using 'CodeIgniter\Session\Handlers\FileHandler' driver.
INFO - 2025-07-10 08:52:01 --> Session: Class initialized using 'CodeIgniter\Session\Handlers\FileHandler' driver.
INFO - 2025-07-10 08:52:03 --> Session: Class initialized using 'CodeIgniter\Session\Handlers\FileHandler' driver.
INFO - 2025-07-10 08:53:32 --> Session: Class initialized using 'CodeIgniter\Session\Handlers\FileHandler' driver.
INFO - 2025-07-10 08:53:33 --> Session: Class initialized using 'CodeIgniter\Session\Handlers\FileHandler' driver.
INFO - 2025-07-10 08:53:41 --> Session: Class initialized using 'CodeIgniter\Session\Handlers\FileHandler' driver.
INFO - 2025-07-10 08:54:23 --> Session: Class initialized using 'CodeIgniter\Session\Handlers\FileHandler' driver.
INFO - 2025-07-10 08:54:25 --> Session: Class initialized using 'CodeIgniter\Session\Handlers\FileHandler' driver.
INFO - 2025-07-10 08:54:28 --> Session: Class initialized using 'CodeIgniter\Session\Handlers\FileHandler' driver.
INFO - 2025-07-10 08:55:00 --> Session: Class initialized using 'CodeIgniter\Session\Handlers\FileHandler' driver.
INFO - 2025-07-10 08:55:02 --> Session: Class initialized using 'CodeIgniter\Session\Handlers\FileHandler' driver.
INFO - 2025-07-10 08:55:05 --> Session: Class initialized using 'CodeIgniter\Session\Handlers\FileHandler' driver.
INFO - 2025-07-10 08:56:37 --> Session: Class initialized using 'CodeIgniter\Session\Handlers\FileHandler' driver.
INFO - 2025-07-10 08:56:39 --> Session: Class initialized using 'CodeIgniter\Session\Handlers\FileHandler' driver.
INFO - 2025-07-10 08:56:42 --> Session: Class initialized using 'CodeIgniter\Session\Handlers\FileHandler' driver.
INFO - 2025-07-10 08:56:44 --> Session: Class initialized using 'CodeIgniter\Session\Handlers\FileHandler' driver.
INFO - 2025-07-10 08:56:50 --> Session: Class initialized using 'CodeIgniter\Session\Handlers\FileHandler' driver.
INFO - 2025-07-10 08:57:01 --> Session: Class initialized using 'CodeIgniter\Session\Handlers\FileHandler' driver.
INFO - 2025-07-10 08:57:54 --> Session: Class initialized using 'CodeIgniter\Session\Handlers\FileHandler' driver.
INFO - 2025-07-10 08:57:57 --> Session: Class initialized using 'CodeIgniter\Session\Handlers\FileHandler' driver.
INFO - 2025-07-10 08:58:00 --> Session: Class initialized using 'CodeIgniter\Session\Handlers\FileHandler' driver.
INFO - 2025-07-10 08:58:01 --> Session: Class initialized using 'CodeIgniter\Session\Handlers\FileHandler' driver.
INFO - 2025-07-10 08:58:02 --> Session: Class initialized using 'CodeIgniter\Session\Handlers\FileHandler' driver.
INFO - 2025-07-10 08:58:06 --> Session: Class initialized using 'CodeIgniter\Session\Handlers\FileHandler' driver.
INFO - 2025-07-10 08:58:10 --> Session: Class initialized using 'CodeIgniter\Session\Handlers\FileHandler' driver.
INFO - 2025-07-10 08:58:12 --> Session: Class initialized using 'CodeIgniter\Session\Handlers\FileHandler' driver.
INFO - 2025-07-10 08:58:14 --> Session: Class initialized using 'CodeIgniter\Session\Handlers\FileHandler' driver.
INFO - 2025-07-10 08:58:21 --> Session: Class initialized using 'CodeIgniter\Session\Handlers\FileHandler' driver.
INFO - 2025-07-10 08:58:23 --> Session: Class initialized using 'CodeIgniter\Session\Handlers\FileHandler' driver.
INFO - 2025-07-10 09:06:51 --> Session: Class initialized using 'CodeIgniter\Session\Handlers\FileHandler' driver.
INFO - 2025-07-10 09:06:53 --> Session: Class initialized using 'CodeIgniter\Session\Handlers\FileHandler' driver.
INFO - 2025-07-10 09:06:55 --> Session: Class initialized using 'CodeIgniter\Session\Handlers\FileHandler' driver.
INFO - 2025-07-10 09:06:58 --> Session: Class initialized using 'CodeIgniter\Session\Handlers\FileHandler' driver.
INFO - 2025-07-10 09:06:59 --> Session: Class initialized using 'CodeIgniter\Session\Handlers\FileHandler' driver.
INFO - 2025-07-10 09:07:26 --> Session: Class initialized using 'CodeIgniter\Session\Handlers\FileHandler' driver.
INFO - 2025-07-10 09:07:28 --> Session: Class initialized using 'CodeIgniter\Session\Handlers\FileHandler' driver.
INFO - 2025-07-10 09:07:35 --> Session: Class initialized using 'CodeIgniter\Session\Handlers\FileHandler' driver.
INFO - 2025-07-10 09:08:50 --> Session: Class initialized using 'CodeIgniter\Session\Handlers\FileHandler' driver.
INFO - 2025-07-10 09:10:40 --> Session: Class initialized using 'CodeIgniter\Session\Handlers\FileHandler' driver.
INFO - 2025-07-10 09:10:42 --> Session: Class initialized using 'CodeIgniter\Session\Handlers\FileHandler' driver.
INFO - 2025-07-10 09:10:44 --> Session: Class initialized using 'CodeIgniter\Session\Handlers\FileHandler' driver.
INFO - 2025-07-10 09:10:48 --> Session: Class initialized using 'CodeIgniter\Session\Handlers\FileHandler' driver.
INFO - 2025-07-10 09:11:20 --> Session: Class initialized using 'CodeIgniter\Session\Handlers\FileHandler' driver.
INFO - 2025-07-10 09:18:03 --> Session: Class initialized using 'CodeIgniter\Session\Handlers\FileHandler' driver.
INFO - 2025-07-10 09:18:04 --> Session: Class initialized using 'CodeIgniter\Session\Handlers\FileHandler' driver.
ERROR - 2025-07-10 14:48:04 --> mysqli_sql_exception: Unknown column 'u.id' in 'field list' in C:\xampp\htdocs\projects\upbiz-saas\vendor\codeigniter4\framework\system\Database\MySQLi\Connection.php:312
Stack trace:
#0 C:\xampp\htdocs\projects\upbiz-saas\vendor\codeigniter4\framework\system\Database\MySQLi\Connection.php(312): mysqli->query('SELECT `u`.`id`...', 0)
#1 C:\xampp\htdocs\projects\upbiz-saas\vendor\codeigniter4\framework\system\Database\BaseConnection.php(734): CodeIgniter\Database\MySQLi\Connection->execute('SELECT `u`.`id`...')
#2 C:\xampp\htdocs\projects\upbiz-saas\vendor\codeigniter4\framework\system\Database\BaseConnection.php(648): CodeIgniter\Database\BaseConnection->simpleQuery('SELECT `u`.`id`...')
#3 C:\xampp\htdocs\projects\upbiz-saas\vendor\codeigniter4\framework\system\Database\BaseBuilder.php(1644): CodeIgniter\Database\BaseConnection->query('SELECT `u`.`id`...', Array, false)
#4 C:\xampp\htdocs\projects\upbiz-saas\app\Models\Orders_model.php(244): CodeIgniter\Database\BaseBuilder->get()
#5 C:\xampp\htdocs\projects\upbiz-saas\app\Controllers\vendor\Best_Customers.php(60): App\Models\Orders_model->best_customers_table()
#6 C:\xampp\htdocs\projects\upbiz-saas\vendor\codeigniter4\framework\system\CodeIgniter.php(933): App\Controllers\vendor\Best_Customers->best_customers_table()
#7 C:\xampp\htdocs\projects\upbiz-saas\vendor\codeigniter4\framework\system\CodeIgniter.php(509): CodeIgniter\CodeIgniter->runController(Object(App\Controllers\vendor\Best_Customers))
#8 C:\xampp\htdocs\projects\upbiz-saas\vendor\codeigniter4\framework\system\CodeIgniter.php(355): CodeIgniter\CodeIgniter->handleRequest(NULL, Object(Config\Cache), false)
#9 C:\xampp\htdocs\projects\upbiz-saas\vendor\codeigniter4\framework\system\Boot.php(325): CodeIgniter\CodeIgniter->run()
#10 C:\xampp\htdocs\projects\upbiz-saas\vendor\codeigniter4\framework\system\Boot.php(67): CodeIgniter\Boot::runCodeIgniter(Object(CodeIgniter\CodeIgniter))
#11 C:\xampp\htdocs\projects\upbiz-saas\index.php(56): CodeIgniter\Boot::bootWeb(Object(Config\Paths))
#12 {main}
CRITICAL - 2025-07-10 14:48:04 --> CodeIgniter\Database\Exceptions\DatabaseException: Unknown column 'u.id' in 'field list'
[Method: GET, Route: vendor/best_customers/best_customers_table]
in SYSTEMPATH\Database\BaseConnection.php on line 688.
 1 SYSTEMPATH\Database\BaseBuilder.php(1644): CodeIgniter\Database\BaseConnection->query('SELECT `u`.`id`
FROM `orders` as `o`
GROUP BY `u`.`id`', [], false)
 2 APPPATH\Models\Orders_model.php(244): CodeIgniter\Database\BaseBuilder->get()
 3 APPPATH\Controllers\vendor\Best_Customers.php(60): App\Models\Orders_model->best_customers_table()
 4 SYSTEMPATH\CodeIgniter.php(933): App\Controllers\vendor\Best_Customers->best_customers_table()
 5 SYSTEMPATH\CodeIgniter.php(509): CodeIgniter\CodeIgniter->runController(Object(App\Controllers\vendor\Best_Customers))
 6 SYSTEMPATH\CodeIgniter.php(355): CodeIgniter\CodeIgniter->handleRequest(null, Object(Config\Cache), false)
 7 SYSTEMPATH\Boot.php(325): CodeIgniter\CodeIgniter->run()
 8 SYSTEMPATH\Boot.php(67): CodeIgniter\Boot::runCodeIgniter(Object(CodeIgniter\CodeIgniter))
 9 FCPATH\index.php(56): CodeIgniter\Boot::bootWeb(Object(Config\Paths))
CRITICAL - 2025-07-10 14:48:04 --> [Caused by] CodeIgniter\Database\Exceptions\DatabaseException: Unknown column 'u.id' in 'field list'
in SYSTEMPATH\Database\MySQLi\Connection.php on line 317.
 1 SYSTEMPATH\Database\BaseConnection.php(734): CodeIgniter\Database\MySQLi\Connection->execute('SELECT `u`.`id`
FROM `orders` as `o`
GROUP BY `u`.`id`')
 2 SYSTEMPATH\Database\BaseConnection.php(648): CodeIgniter\Database\BaseConnection->simpleQuery('SELECT `u`.`id`
FROM `orders` as `o`
GROUP BY `u`.`id`')
 3 SYSTEMPATH\Database\BaseBuilder.php(1644): CodeIgniter\Database\BaseConnection->query('SELECT `u`.`id`
FROM `orders` as `o`
GROUP BY `u`.`id`', [], false)
 4 APPPATH\Models\Orders_model.php(244): CodeIgniter\Database\BaseBuilder->get()
 5 APPPATH\Controllers\vendor\Best_Customers.php(60): App\Models\Orders_model->best_customers_table()
 6 SYSTEMPATH\CodeIgniter.php(933): App\Controllers\vendor\Best_Customers->best_customers_table()
 7 SYSTEMPATH\CodeIgniter.php(509): CodeIgniter\CodeIgniter->runController(Object(App\Controllers\vendor\Best_Customers))
 8 SYSTEMPATH\CodeIgniter.php(355): CodeIgniter\CodeIgniter->handleRequest(null, Object(Config\Cache), false)
 9 SYSTEMPATH\Boot.php(325): CodeIgniter\CodeIgniter->run()
10 SYSTEMPATH\Boot.php(67): CodeIgniter\Boot::runCodeIgniter(Object(CodeIgniter\CodeIgniter))
11 FCPATH\index.php(56): CodeIgniter\Boot::bootWeb(Object(Config\Paths))
CRITICAL - 2025-07-10 14:48:04 --> [Caused by] mysqli_sql_exception: Unknown column 'u.id' in 'field list'
in SYSTEMPATH\Database\MySQLi\Connection.php on line 312.
 1 SYSTEMPATH\Database\MySQLi\Connection.php(312): mysqli->query('SELECT `u`.`id`
FROM `orders` as `o`
GROUP BY `u`.`id`', 0)
 2 SYSTEMPATH\Database\BaseConnection.php(734): CodeIgniter\Database\MySQLi\Connection->execute('SELECT `u`.`id`
FROM `orders` as `o`
GROUP BY `u`.`id`')
 3 SYSTEMPATH\Database\BaseConnection.php(648): CodeIgniter\Database\BaseConnection->simpleQuery('SELECT `u`.`id`
FROM `orders` as `o`
GROUP BY `u`.`id`')
 4 SYSTEMPATH\Database\BaseBuilder.php(1644): CodeIgniter\Database\BaseConnection->query('SELECT `u`.`id`
FROM `orders` as `o`
GROUP BY `u`.`id`', [], false)
 5 APPPATH\Models\Orders_model.php(244): CodeIgniter\Database\BaseBuilder->get()
 6 APPPATH\Controllers\vendor\Best_Customers.php(60): App\Models\Orders_model->best_customers_table()
 7 SYSTEMPATH\CodeIgniter.php(933): App\Controllers\vendor\Best_Customers->best_customers_table()
 8 SYSTEMPATH\CodeIgniter.php(509): CodeIgniter\CodeIgniter->runController(Object(App\Controllers\vendor\Best_Customers))
 9 SYSTEMPATH\CodeIgniter.php(355): CodeIgniter\CodeIgniter->handleRequest(null, Object(Config\Cache), false)
10 SYSTEMPATH\Boot.php(325): CodeIgniter\CodeIgniter->run()
11 SYSTEMPATH\Boot.php(67): CodeIgniter\Boot::runCodeIgniter(Object(CodeIgniter\CodeIgniter))
12 FCPATH\index.php(56): CodeIgniter\Boot::bootWeb(Object(Config\Paths))
INFO - 2025-07-10 09:18:04 --> Session: Class initialized using 'CodeIgniter\Session\Handlers\FileHandler' driver.
INFO - 2025-07-10 09:18:17 --> Session: Class initialized using 'CodeIgniter\Session\Handlers\FileHandler' driver.
INFO - 2025-07-10 09:18:18 --> Session: Class initialized using 'CodeIgniter\Session\Handlers\FileHandler' driver.
ERROR - 2025-07-10 14:48:18 --> mysqli_sql_exception: Unknown column 'u.id' in 'field list' in C:\xampp\htdocs\projects\upbiz-saas\vendor\codeigniter4\framework\system\Database\MySQLi\Connection.php:312
Stack trace:
#0 C:\xampp\htdocs\projects\upbiz-saas\vendor\codeigniter4\framework\system\Database\MySQLi\Connection.php(312): mysqli->query('SELECT `u`.`id`...', 0)
#1 C:\xampp\htdocs\projects\upbiz-saas\vendor\codeigniter4\framework\system\Database\BaseConnection.php(734): CodeIgniter\Database\MySQLi\Connection->execute('SELECT `u`.`id`...')
#2 C:\xampp\htdocs\projects\upbiz-saas\vendor\codeigniter4\framework\system\Database\BaseConnection.php(648): CodeIgniter\Database\BaseConnection->simpleQuery('SELECT `u`.`id`...')
#3 C:\xampp\htdocs\projects\upbiz-saas\vendor\codeigniter4\framework\system\Database\BaseBuilder.php(1644): CodeIgniter\Database\BaseConnection->query('SELECT `u`.`id`...', Array, false)
#4 C:\xampp\htdocs\projects\upbiz-saas\app\Models\Orders_model.php(244): CodeIgniter\Database\BaseBuilder->get()
#5 C:\xampp\htdocs\projects\upbiz-saas\app\Controllers\vendor\Best_Customers.php(60): App\Models\Orders_model->best_customers_table()
#6 C:\xampp\htdocs\projects\upbiz-saas\vendor\codeigniter4\framework\system\CodeIgniter.php(933): App\Controllers\vendor\Best_Customers->best_customers_table()
#7 C:\xampp\htdocs\projects\upbiz-saas\vendor\codeigniter4\framework\system\CodeIgniter.php(509): CodeIgniter\CodeIgniter->runController(Object(App\Controllers\vendor\Best_Customers))
#8 C:\xampp\htdocs\projects\upbiz-saas\vendor\codeigniter4\framework\system\CodeIgniter.php(355): CodeIgniter\CodeIgniter->handleRequest(NULL, Object(Config\Cache), false)
#9 C:\xampp\htdocs\projects\upbiz-saas\vendor\codeigniter4\framework\system\Boot.php(325): CodeIgniter\CodeIgniter->run()
#10 C:\xampp\htdocs\projects\upbiz-saas\vendor\codeigniter4\framework\system\Boot.php(67): CodeIgniter\Boot::runCodeIgniter(Object(CodeIgniter\CodeIgniter))
#11 C:\xampp\htdocs\projects\upbiz-saas\index.php(56): CodeIgniter\Boot::bootWeb(Object(Config\Paths))
#12 {main}
CRITICAL - 2025-07-10 14:48:18 --> CodeIgniter\Database\Exceptions\DatabaseException: Unknown column 'u.id' in 'field list'
[Method: GET, Route: vendor/best_customers/best_customers_table]
in SYSTEMPATH\Database\BaseConnection.php on line 688.
 1 SYSTEMPATH\Database\BaseBuilder.php(1644): CodeIgniter\Database\BaseConnection->query('SELECT `u`.`id`
FROM `orders` as `o`
GROUP BY `u`.`id`', [], false)
 2 APPPATH\Models\Orders_model.php(244): CodeIgniter\Database\BaseBuilder->get()
 3 APPPATH\Controllers\vendor\Best_Customers.php(60): App\Models\Orders_model->best_customers_table()
 4 SYSTEMPATH\CodeIgniter.php(933): App\Controllers\vendor\Best_Customers->best_customers_table()
 5 SYSTEMPATH\CodeIgniter.php(509): CodeIgniter\CodeIgniter->runController(Object(App\Controllers\vendor\Best_Customers))
 6 SYSTEMPATH\CodeIgniter.php(355): CodeIgniter\CodeIgniter->handleRequest(null, Object(Config\Cache), false)
 7 SYSTEMPATH\Boot.php(325): CodeIgniter\CodeIgniter->run()
 8 SYSTEMPATH\Boot.php(67): CodeIgniter\Boot::runCodeIgniter(Object(CodeIgniter\CodeIgniter))
 9 FCPATH\index.php(56): CodeIgniter\Boot::bootWeb(Object(Config\Paths))
CRITICAL - 2025-07-10 14:48:18 --> [Caused by] CodeIgniter\Database\Exceptions\DatabaseException: Unknown column 'u.id' in 'field list'
in SYSTEMPATH\Database\MySQLi\Connection.php on line 317.
 1 SYSTEMPATH\Database\BaseConnection.php(734): CodeIgniter\Database\MySQLi\Connection->execute('SELECT `u`.`id`
FROM `orders` as `o`
GROUP BY `u`.`id`')
 2 SYSTEMPATH\Database\BaseConnection.php(648): CodeIgniter\Database\BaseConnection->simpleQuery('SELECT `u`.`id`
FROM `orders` as `o`
GROUP BY `u`.`id`')
 3 SYSTEMPATH\Database\BaseBuilder.php(1644): CodeIgniter\Database\BaseConnection->query('SELECT `u`.`id`
FROM `orders` as `o`
GROUP BY `u`.`id`', [], false)
 4 APPPATH\Models\Orders_model.php(244): CodeIgniter\Database\BaseBuilder->get()
 5 APPPATH\Controllers\vendor\Best_Customers.php(60): App\Models\Orders_model->best_customers_table()
 6 SYSTEMPATH\CodeIgniter.php(933): App\Controllers\vendor\Best_Customers->best_customers_table()
 7 SYSTEMPATH\CodeIgniter.php(509): CodeIgniter\CodeIgniter->runController(Object(App\Controllers\vendor\Best_Customers))
 8 SYSTEMPATH\CodeIgniter.php(355): CodeIgniter\CodeIgniter->handleRequest(null, Object(Config\Cache), false)
 9 SYSTEMPATH\Boot.php(325): CodeIgniter\CodeIgniter->run()
10 SYSTEMPATH\Boot.php(67): CodeIgniter\Boot::runCodeIgniter(Object(CodeIgniter\CodeIgniter))
11 FCPATH\index.php(56): CodeIgniter\Boot::bootWeb(Object(Config\Paths))
CRITICAL - 2025-07-10 14:48:18 --> [Caused by] mysqli_sql_exception: Unknown column 'u.id' in 'field list'
in SYSTEMPATH\Database\MySQLi\Connection.php on line 312.
 1 SYSTEMPATH\Database\MySQLi\Connection.php(312): mysqli->query('SELECT `u`.`id`
FROM `orders` as `o`
GROUP BY `u`.`id`', 0)
 2 SYSTEMPATH\Database\BaseConnection.php(734): CodeIgniter\Database\MySQLi\Connection->execute('SELECT `u`.`id`
FROM `orders` as `o`
GROUP BY `u`.`id`')
 3 SYSTEMPATH\Database\BaseConnection.php(648): CodeIgniter\Database\BaseConnection->simpleQuery('SELECT `u`.`id`
FROM `orders` as `o`
GROUP BY `u`.`id`')
 4 SYSTEMPATH\Database\BaseBuilder.php(1644): CodeIgniter\Database\BaseConnection->query('SELECT `u`.`id`
FROM `orders` as `o`
GROUP BY `u`.`id`', [], false)
 5 APPPATH\Models\Orders_model.php(244): CodeIgniter\Database\BaseBuilder->get()
 6 APPPATH\Controllers\vendor\Best_Customers.php(60): App\Models\Orders_model->best_customers_table()
 7 SYSTEMPATH\CodeIgniter.php(933): App\Controllers\vendor\Best_Customers->best_customers_table()
 8 SYSTEMPATH\CodeIgniter.php(509): CodeIgniter\CodeIgniter->runController(Object(App\Controllers\vendor\Best_Customers))
 9 SYSTEMPATH\CodeIgniter.php(355): CodeIgniter\CodeIgniter->handleRequest(null, Object(Config\Cache), false)
10 SYSTEMPATH\Boot.php(325): CodeIgniter\CodeIgniter->run()
11 SYSTEMPATH\Boot.php(67): CodeIgniter\Boot::runCodeIgniter(Object(CodeIgniter\CodeIgniter))
12 FCPATH\index.php(56): CodeIgniter\Boot::bootWeb(Object(Config\Paths))
INFO - 2025-07-10 09:23:41 --> Session: Class initialized using 'CodeIgniter\Session\Handlers\FileHandler' driver.
INFO - 2025-07-10 09:23:44 --> Session: Class initialized using 'CodeIgniter\Session\Handlers\FileHandler' driver.
INFO - 2025-07-10 09:23:47 --> Session: Class initialized using 'CodeIgniter\Session\Handlers\FileHandler' driver.
INFO - 2025-07-10 09:23:47 --> Session: Class initialized using 'CodeIgniter\Session\Handlers\FileHandler' driver.
INFO - 2025-07-10 09:23:52 --> Session: Class initialized using 'CodeIgniter\Session\Handlers\FileHandler' driver.
INFO - 2025-07-10 09:23:53 --> Session: Class initialized using 'CodeIgniter\Session\Handlers\FileHandler' driver.
INFO - 2025-07-10 09:24:13 --> Session: Class initialized using 'CodeIgniter\Session\Handlers\FileHandler' driver.
INFO - 2025-07-10 09:24:17 --> Session: Class initialized using 'CodeIgniter\Session\Handlers\FileHandler' driver.
INFO - 2025-07-10 09:24:21 --> Session: Class initialized using 'CodeIgniter\Session\Handlers\FileHandler' driver.
INFO - 2025-07-10 09:29:23 --> Session: Class initialized using 'CodeIgniter\Session\Handlers\FileHandler' driver.
INFO - 2025-07-10 09:29:31 --> Session: Class initialized using 'CodeIgniter\Session\Handlers\FileHandler' driver.
INFO - 2025-07-10 09:29:37 --> Session: Class initialized using 'CodeIgniter\Session\Handlers\FileHandler' driver.
INFO - 2025-07-10 09:29:45 --> Session: Class initialized using 'CodeIgniter\Session\Handlers\FileHandler' driver.
INFO - 2025-07-10 09:29:47 --> Session: Class initialized using 'CodeIgniter\Session\Handlers\FileHandler' driver.
INFO - 2025-07-10 09:29:50 --> Session: Class initialized using 'CodeIgniter\Session\Handlers\FileHandler' driver.
INFO - 2025-07-10 09:29:51 --> Session: Class initialized using 'CodeIgniter\Session\Handlers\FileHandler' driver.
INFO - 2025-07-10 09:29:57 --> Session: Class initialized using 'CodeIgniter\Session\Handlers\FileHandler' driver.
INFO - 2025-07-10 09:41:12 --> Session: Class initialized using 'CodeIgniter\Session\Handlers\FileHandler' driver.
INFO - 2025-07-10 09:48:38 --> Session: Class initialized using 'CodeIgniter\Session\Handlers\FileHandler' driver.
INFO - 2025-07-10 09:48:40 --> Session: Class initialized using 'CodeIgniter\Session\Handlers\FileHandler' driver.
ERROR - 2025-07-10 15:18:40 --> mysqli_sql_exception: Unknown column 'p.product_name' in 'field list' in C:\xampp\htdocs\projects\upbiz-saas\vendor\codeigniter4\framework\system\Database\MySQLi\Connection.php:312
Stack trace:
#0 C:\xampp\htdocs\projects\upbiz-saas\vendor\codeigniter4\framework\system\Database\MySQLi\Connection.php(312): mysqli->query('SELECT COUNT(*)...', 0)
#1 C:\xampp\htdocs\projects\upbiz-saas\vendor\codeigniter4\framework\system\Database\BaseConnection.php(734): CodeIgniter\Database\MySQLi\Connection->execute('SELECT COUNT(*)...')
#2 C:\xampp\htdocs\projects\upbiz-saas\vendor\codeigniter4\framework\system\Database\BaseConnection.php(648): CodeIgniter\Database\BaseConnection->simpleQuery('SELECT COUNT(*)...')
#3 C:\xampp\htdocs\projects\upbiz-saas\vendor\codeigniter4\framework\system\Database\BaseBuilder.php(1728): CodeIgniter\Database\BaseConnection->query('SELECT COUNT(*)...', Array, false)
#4 C:\xampp\htdocs\projects\upbiz-saas\app\Models\Orders_items_model.php(60): CodeIgniter\Database\BaseBuilder->countAllResults(false)
#5 C:\xampp\htdocs\projects\upbiz-saas\app\Controllers\vendor\Top_Selling_Products.php(61): App\Models\Orders_items_model->top_selling_products()
#6 C:\xampp\htdocs\projects\upbiz-saas\vendor\codeigniter4\framework\system\CodeIgniter.php(933): App\Controllers\vendor\Top_Selling_Products->top_selling_products_table()
#7 C:\xampp\htdocs\projects\upbiz-saas\vendor\codeigniter4\framework\system\CodeIgniter.php(509): CodeIgniter\CodeIgniter->runController(Object(App\Controllers\vendor\Top_Selling_Products))
#8 C:\xampp\htdocs\projects\upbiz-saas\vendor\codeigniter4\framework\system\CodeIgniter.php(355): CodeIgniter\CodeIgniter->handleRequest(NULL, Object(Config\Cache), false)
#9 C:\xampp\htdocs\projects\upbiz-saas\vendor\codeigniter4\framework\system\Boot.php(325): CodeIgniter\CodeIgniter->run()
#10 C:\xampp\htdocs\projects\upbiz-saas\vendor\codeigniter4\framework\system\Boot.php(67): CodeIgniter\Boot::runCodeIgniter(Object(CodeIgniter\CodeIgniter))
#11 C:\xampp\htdocs\projects\upbiz-saas\index.php(56): CodeIgniter\Boot::bootWeb(Object(Config\Paths))
#12 {main}
CRITICAL - 2025-07-10 15:18:40 --> CodeIgniter\Database\Exceptions\DatabaseException: Unknown column 'p.product_name' in 'field list'
[Method: GET, Route: vendor/top_selling_products/top_selling_products_table]
in SYSTEMPATH\Database\BaseConnection.php on line 688.
 1 SYSTEMPATH\Database\BaseBuilder.php(1728): CodeIgniter\Database\BaseConnection->query('SELECT COUNT(*) AS `numrows`
FROM (
SELECT COUNT(ot.order_id) as total_sales, SUM(ot.price) as total_amount, `ot`.`product_id`, `ot`.`price`, `p`.`product_name`, `p`.`stock`
FROM `orders_items` as `ot`
JOIN `orders` `o` ON `o`.`id` = `ot`.`order_id`
JOIN `products` `p` ON `p`.`id` = `ot`.`product_id`
WHERE `p`.`business_id` = :p.business_id:
GROUP BY `ot`.`product_id`
) CI_count_all_results', [...], false)
 2 APPPATH\Models\Orders_items_model.php(60): CodeIgniter\Database\BaseBuilder->countAllResults(false)
 3 APPPATH\Controllers\vendor\Top_Selling_Products.php(61): App\Models\Orders_items_model->top_selling_products()
 4 SYSTEMPATH\CodeIgniter.php(933): App\Controllers\vendor\Top_Selling_Products->top_selling_products_table()
 5 SYSTEMPATH\CodeIgniter.php(509): CodeIgniter\CodeIgniter->runController(Object(App\Controllers\vendor\Top_Selling_Products))
 6 SYSTEMPATH\CodeIgniter.php(355): CodeIgniter\CodeIgniter->handleRequest(null, Object(Config\Cache), false)
 7 SYSTEMPATH\Boot.php(325): CodeIgniter\CodeIgniter->run()
 8 SYSTEMPATH\Boot.php(67): CodeIgniter\Boot::runCodeIgniter(Object(CodeIgniter\CodeIgniter))
 9 FCPATH\index.php(56): CodeIgniter\Boot::bootWeb(Object(Config\Paths))
CRITICAL - 2025-07-10 15:18:40 --> [Caused by] CodeIgniter\Database\Exceptions\DatabaseException: Unknown column 'p.product_name' in 'field list'
in SYSTEMPATH\Database\MySQLi\Connection.php on line 317.
 1 SYSTEMPATH\Database\BaseConnection.php(734): CodeIgniter\Database\MySQLi\Connection->execute('SELECT COUNT(*) AS `numrows`
FROM (
SELECT COUNT(ot.order_id) as total_sales, SUM(ot.price) as total_amount, `ot`.`product_id`, `ot`.`price`, `p`.`product_name`, `p`.`stock`
FROM `orders_items` as `ot`
JOIN `orders` `o` ON `o`.`id` = `ot`.`order_id`
JOIN `products` `p` ON `p`.`id` = `ot`.`product_id`
WHERE `p`.`business_id` = \'2\'
GROUP BY `ot`.`product_id`
) CI_count_all_results')
 2 SYSTEMPATH\Database\BaseConnection.php(648): CodeIgniter\Database\BaseConnection->simpleQuery('SELECT COUNT(*) AS `numrows`
FROM (
SELECT COUNT(ot.order_id) as total_sales, SUM(ot.price) as total_amount, `ot`.`product_id`, `ot`.`price`, `p`.`product_name`, `p`.`stock`
FROM `orders_items` as `ot`
JOIN `orders` `o` ON `o`.`id` = `ot`.`order_id`
JOIN `products` `p` ON `p`.`id` = `ot`.`product_id`
WHERE `p`.`business_id` = \'2\'
GROUP BY `ot`.`product_id`
) CI_count_all_results')
 3 SYSTEMPATH\Database\BaseBuilder.php(1728): CodeIgniter\Database\BaseConnection->query('SELECT COUNT(*) AS `numrows`
FROM (
SELECT COUNT(ot.order_id) as total_sales, SUM(ot.price) as total_amount, `ot`.`product_id`, `ot`.`price`, `p`.`product_name`, `p`.`stock`
FROM `orders_items` as `ot`
JOIN `orders` `o` ON `o`.`id` = `ot`.`order_id`
JOIN `products` `p` ON `p`.`id` = `ot`.`product_id`
WHERE `p`.`business_id` = :p.business_id:
GROUP BY `ot`.`product_id`
) CI_count_all_results', [...], false)
 4 APPPATH\Models\Orders_items_model.php(60): CodeIgniter\Database\BaseBuilder->countAllResults(false)
 5 APPPATH\Controllers\vendor\Top_Selling_Products.php(61): App\Models\Orders_items_model->top_selling_products()
 6 SYSTEMPATH\CodeIgniter.php(933): App\Controllers\vendor\Top_Selling_Products->top_selling_products_table()
 7 SYSTEMPATH\CodeIgniter.php(509): CodeIgniter\CodeIgniter->runController(Object(App\Controllers\vendor\Top_Selling_Products))
 8 SYSTEMPATH\CodeIgniter.php(355): CodeIgniter\CodeIgniter->handleRequest(null, Object(Config\Cache), false)
 9 SYSTEMPATH\Boot.php(325): CodeIgniter\CodeIgniter->run()
10 SYSTEMPATH\Boot.php(67): CodeIgniter\Boot::runCodeIgniter(Object(CodeIgniter\CodeIgniter))
11 FCPATH\index.php(56): CodeIgniter\Boot::bootWeb(Object(Config\Paths))
CRITICAL - 2025-07-10 15:18:40 --> [Caused by] mysqli_sql_exception: Unknown column 'p.product_name' in 'field list'
in SYSTEMPATH\Database\MySQLi\Connection.php on line 312.
 1 SYSTEMPATH\Database\MySQLi\Connection.php(312): mysqli->query('SELECT COUNT(*) AS `numrows`
FROM (
SELECT COUNT(ot.order_id) as total_sales, SUM(ot.price) as total_amount, `ot`.`product_id`, `ot`.`price`, `p`.`product_name`, `p`.`stock`
FROM `orders_items` as `ot`
JOIN `orders` `o` ON `o`.`id` = `ot`.`order_id`
JOIN `products` `p` ON `p`.`id` = `ot`.`product_id`
WHERE `p`.`business_id` = \'2\'
GROUP BY `ot`.`product_id`
) CI_count_all_results', 0)
 2 SYSTEMPATH\Database\BaseConnection.php(734): CodeIgniter\Database\MySQLi\Connection->execute('SELECT COUNT(*) AS `numrows`
FROM (
SELECT COUNT(ot.order_id) as total_sales, SUM(ot.price) as total_amount, `ot`.`product_id`, `ot`.`price`, `p`.`product_name`, `p`.`stock`
FROM `orders_items` as `ot`
JOIN `orders` `o` ON `o`.`id` = `ot`.`order_id`
JOIN `products` `p` ON `p`.`id` = `ot`.`product_id`
WHERE `p`.`business_id` = \'2\'
GROUP BY `ot`.`product_id`
) CI_count_all_results')
 3 SYSTEMPATH\Database\BaseConnection.php(648): CodeIgniter\Database\BaseConnection->simpleQuery('SELECT COUNT(*) AS `numrows`
FROM (
SELECT COUNT(ot.order_id) as total_sales, SUM(ot.price) as total_amount, `ot`.`product_id`, `ot`.`price`, `p`.`product_name`, `p`.`stock`
FROM `orders_items` as `ot`
JOIN `orders` `o` ON `o`.`id` = `ot`.`order_id`
JOIN `products` `p` ON `p`.`id` = `ot`.`product_id`
WHERE `p`.`business_id` = \'2\'
GROUP BY `ot`.`product_id`
) CI_count_all_results')
 4 SYSTEMPATH\Database\BaseBuilder.php(1728): CodeIgniter\Database\BaseConnection->query('SELECT COUNT(*) AS `numrows`
FROM (
SELECT COUNT(ot.order_id) as total_sales, SUM(ot.price) as total_amount, `ot`.`product_id`, `ot`.`price`, `p`.`product_name`, `p`.`stock`
FROM `orders_items` as `ot`
JOIN `orders` `o` ON `o`.`id` = `ot`.`order_id`
JOIN `products` `p` ON `p`.`id` = `ot`.`product_id`
WHERE `p`.`business_id` = :p.business_id:
GROUP BY `ot`.`product_id`
) CI_count_all_results', [...], false)
 5 APPPATH\Models\Orders_items_model.php(60): CodeIgniter\Database\BaseBuilder->countAllResults(false)
 6 APPPATH\Controllers\vendor\Top_Selling_Products.php(61): App\Models\Orders_items_model->top_selling_products()
 7 SYSTEMPATH\CodeIgniter.php(933): App\Controllers\vendor\Top_Selling_Products->top_selling_products_table()
 8 SYSTEMPATH\CodeIgniter.php(509): CodeIgniter\CodeIgniter->runController(Object(App\Controllers\vendor\Top_Selling_Products))
 9 SYSTEMPATH\CodeIgniter.php(355): CodeIgniter\CodeIgniter->handleRequest(null, Object(Config\Cache), false)
10 SYSTEMPATH\Boot.php(325): CodeIgniter\CodeIgniter->run()
11 SYSTEMPATH\Boot.php(67): CodeIgniter\Boot::runCodeIgniter(Object(CodeIgniter\CodeIgniter))
12 FCPATH\index.php(56): CodeIgniter\Boot::bootWeb(Object(Config\Paths))
INFO - 2025-07-10 09:48:44 --> Session: Class initialized using 'CodeIgniter\Session\Handlers\FileHandler' driver.
INFO - 2025-07-10 09:48:45 --> Session: Class initialized using 'CodeIgniter\Session\Handlers\FileHandler' driver.
ERROR - 2025-07-10 15:18:45 --> mysqli_sql_exception: Unknown column 'p.product_name' in 'field list' in C:\xampp\htdocs\projects\upbiz-saas\vendor\codeigniter4\framework\system\Database\MySQLi\Connection.php:312
Stack trace:
#0 C:\xampp\htdocs\projects\upbiz-saas\vendor\codeigniter4\framework\system\Database\MySQLi\Connection.php(312): mysqli->query('SELECT COUNT(*)...', 0)
#1 C:\xampp\htdocs\projects\upbiz-saas\vendor\codeigniter4\framework\system\Database\BaseConnection.php(734): CodeIgniter\Database\MySQLi\Connection->execute('SELECT COUNT(*)...')
#2 C:\xampp\htdocs\projects\upbiz-saas\vendor\codeigniter4\framework\system\Database\BaseConnection.php(648): CodeIgniter\Database\BaseConnection->simpleQuery('SELECT COUNT(*)...')
#3 C:\xampp\htdocs\projects\upbiz-saas\vendor\codeigniter4\framework\system\Database\BaseBuilder.php(1728): CodeIgniter\Database\BaseConnection->query('SELECT COUNT(*)...', Array, false)
#4 C:\xampp\htdocs\projects\upbiz-saas\app\Models\Orders_items_model.php(60): CodeIgniter\Database\BaseBuilder->countAllResults(false)
#5 C:\xampp\htdocs\projects\upbiz-saas\app\Controllers\vendor\Top_Selling_Products.php(61): App\Models\Orders_items_model->top_selling_products()
#6 C:\xampp\htdocs\projects\upbiz-saas\vendor\codeigniter4\framework\system\CodeIgniter.php(933): App\Controllers\vendor\Top_Selling_Products->top_selling_products_table()
#7 C:\xampp\htdocs\projects\upbiz-saas\vendor\codeigniter4\framework\system\CodeIgniter.php(509): CodeIgniter\CodeIgniter->runController(Object(App\Controllers\vendor\Top_Selling_Products))
#8 C:\xampp\htdocs\projects\upbiz-saas\vendor\codeigniter4\framework\system\CodeIgniter.php(355): CodeIgniter\CodeIgniter->handleRequest(NULL, Object(Config\Cache), false)
#9 C:\xampp\htdocs\projects\upbiz-saas\vendor\codeigniter4\framework\system\Boot.php(325): CodeIgniter\CodeIgniter->run()
#10 C:\xampp\htdocs\projects\upbiz-saas\vendor\codeigniter4\framework\system\Boot.php(67): CodeIgniter\Boot::runCodeIgniter(Object(CodeIgniter\CodeIgniter))
#11 C:\xampp\htdocs\projects\upbiz-saas\index.php(56): CodeIgniter\Boot::bootWeb(Object(Config\Paths))
#12 {main}
CRITICAL - 2025-07-10 15:18:45 --> CodeIgniter\Database\Exceptions\DatabaseException: Unknown column 'p.product_name' in 'field list'
[Method: GET, Route: vendor/top_selling_products/top_selling_products_table]
in SYSTEMPATH\Database\BaseConnection.php on line 688.
 1 SYSTEMPATH\Database\BaseBuilder.php(1728): CodeIgniter\Database\BaseConnection->query('SELECT COUNT(*) AS `numrows`
FROM (
SELECT COUNT(ot.order_id) as total_sales, SUM(ot.price) as total_amount, `ot`.`product_id`, `ot`.`price`, `p`.`product_name`, `p`.`stock`
FROM `orders_items` as `ot`
JOIN `orders` `o` ON `o`.`id` = `ot`.`order_id`
JOIN `products` `p` ON `p`.`id` = `ot`.`product_id`
WHERE `p`.`business_id` = :p.business_id:
GROUP BY `ot`.`product_id`
) CI_count_all_results', [...], false)
 2 APPPATH\Models\Orders_items_model.php(60): CodeIgniter\Database\BaseBuilder->countAllResults(false)
 3 APPPATH\Controllers\vendor\Top_Selling_Products.php(61): App\Models\Orders_items_model->top_selling_products()
 4 SYSTEMPATH\CodeIgniter.php(933): App\Controllers\vendor\Top_Selling_Products->top_selling_products_table()
 5 SYSTEMPATH\CodeIgniter.php(509): CodeIgniter\CodeIgniter->runController(Object(App\Controllers\vendor\Top_Selling_Products))
 6 SYSTEMPATH\CodeIgniter.php(355): CodeIgniter\CodeIgniter->handleRequest(null, Object(Config\Cache), false)
 7 SYSTEMPATH\Boot.php(325): CodeIgniter\CodeIgniter->run()
 8 SYSTEMPATH\Boot.php(67): CodeIgniter\Boot::runCodeIgniter(Object(CodeIgniter\CodeIgniter))
 9 FCPATH\index.php(56): CodeIgniter\Boot::bootWeb(Object(Config\Paths))
CRITICAL - 2025-07-10 15:18:45 --> [Caused by] CodeIgniter\Database\Exceptions\DatabaseException: Unknown column 'p.product_name' in 'field list'
in SYSTEMPATH\Database\MySQLi\Connection.php on line 317.
 1 SYSTEMPATH\Database\BaseConnection.php(734): CodeIgniter\Database\MySQLi\Connection->execute('SELECT COUNT(*) AS `numrows`
FROM (
SELECT COUNT(ot.order_id) as total_sales, SUM(ot.price) as total_amount, `ot`.`product_id`, `ot`.`price`, `p`.`product_name`, `p`.`stock`
FROM `orders_items` as `ot`
JOIN `orders` `o` ON `o`.`id` = `ot`.`order_id`
JOIN `products` `p` ON `p`.`id` = `ot`.`product_id`
WHERE `p`.`business_id` = \'2\'
GROUP BY `ot`.`product_id`
) CI_count_all_results')
 2 SYSTEMPATH\Database\BaseConnection.php(648): CodeIgniter\Database\BaseConnection->simpleQuery('SELECT COUNT(*) AS `numrows`
FROM (
SELECT COUNT(ot.order_id) as total_sales, SUM(ot.price) as total_amount, `ot`.`product_id`, `ot`.`price`, `p`.`product_name`, `p`.`stock`
FROM `orders_items` as `ot`
JOIN `orders` `o` ON `o`.`id` = `ot`.`order_id`
JOIN `products` `p` ON `p`.`id` = `ot`.`product_id`
WHERE `p`.`business_id` = \'2\'
GROUP BY `ot`.`product_id`
) CI_count_all_results')
 3 SYSTEMPATH\Database\BaseBuilder.php(1728): CodeIgniter\Database\BaseConnection->query('SELECT COUNT(*) AS `numrows`
FROM (
SELECT COUNT(ot.order_id) as total_sales, SUM(ot.price) as total_amount, `ot`.`product_id`, `ot`.`price`, `p`.`product_name`, `p`.`stock`
FROM `orders_items` as `ot`
JOIN `orders` `o` ON `o`.`id` = `ot`.`order_id`
JOIN `products` `p` ON `p`.`id` = `ot`.`product_id`
WHERE `p`.`business_id` = :p.business_id:
GROUP BY `ot`.`product_id`
) CI_count_all_results', [...], false)
 4 APPPATH\Models\Orders_items_model.php(60): CodeIgniter\Database\BaseBuilder->countAllResults(false)
 5 APPPATH\Controllers\vendor\Top_Selling_Products.php(61): App\Models\Orders_items_model->top_selling_products()
 6 SYSTEMPATH\CodeIgniter.php(933): App\Controllers\vendor\Top_Selling_Products->top_selling_products_table()
 7 SYSTEMPATH\CodeIgniter.php(509): CodeIgniter\CodeIgniter->runController(Object(App\Controllers\vendor\Top_Selling_Products))
 8 SYSTEMPATH\CodeIgniter.php(355): CodeIgniter\CodeIgniter->handleRequest(null, Object(Config\Cache), false)
 9 SYSTEMPATH\Boot.php(325): CodeIgniter\CodeIgniter->run()
10 SYSTEMPATH\Boot.php(67): CodeIgniter\Boot::runCodeIgniter(Object(CodeIgniter\CodeIgniter))
11 FCPATH\index.php(56): CodeIgniter\Boot::bootWeb(Object(Config\Paths))
CRITICAL - 2025-07-10 15:18:45 --> [Caused by] mysqli_sql_exception: Unknown column 'p.product_name' in 'field list'
in SYSTEMPATH\Database\MySQLi\Connection.php on line 312.
 1 SYSTEMPATH\Database\MySQLi\Connection.php(312): mysqli->query('SELECT COUNT(*) AS `numrows`
FROM (
SELECT COUNT(ot.order_id) as total_sales, SUM(ot.price) as total_amount, `ot`.`product_id`, `ot`.`price`, `p`.`product_name`, `p`.`stock`
FROM `orders_items` as `ot`
JOIN `orders` `o` ON `o`.`id` = `ot`.`order_id`
JOIN `products` `p` ON `p`.`id` = `ot`.`product_id`
WHERE `p`.`business_id` = \'2\'
GROUP BY `ot`.`product_id`
) CI_count_all_results', 0)
 2 SYSTEMPATH\Database\BaseConnection.php(734): CodeIgniter\Database\MySQLi\Connection->execute('SELECT COUNT(*) AS `numrows`
FROM (
SELECT COUNT(ot.order_id) as total_sales, SUM(ot.price) as total_amount, `ot`.`product_id`, `ot`.`price`, `p`.`product_name`, `p`.`stock`
FROM `orders_items` as `ot`
JOIN `orders` `o` ON `o`.`id` = `ot`.`order_id`
JOIN `products` `p` ON `p`.`id` = `ot`.`product_id`
WHERE `p`.`business_id` = \'2\'
GROUP BY `ot`.`product_id`
) CI_count_all_results')
 3 SYSTEMPATH\Database\BaseConnection.php(648): CodeIgniter\Database\BaseConnection->simpleQuery('SELECT COUNT(*) AS `numrows`
FROM (
SELECT COUNT(ot.order_id) as total_sales, SUM(ot.price) as total_amount, `ot`.`product_id`, `ot`.`price`, `p`.`product_name`, `p`.`stock`
FROM `orders_items` as `ot`
JOIN `orders` `o` ON `o`.`id` = `ot`.`order_id`
JOIN `products` `p` ON `p`.`id` = `ot`.`product_id`
WHERE `p`.`business_id` = \'2\'
GROUP BY `ot`.`product_id`
) CI_count_all_results')
 4 SYSTEMPATH\Database\BaseBuilder.php(1728): CodeIgniter\Database\BaseConnection->query('SELECT COUNT(*) AS `numrows`
FROM (
SELECT COUNT(ot.order_id) as total_sales, SUM(ot.price) as total_amount, `ot`.`product_id`, `ot`.`price`, `p`.`product_name`, `p`.`stock`
FROM `orders_items` as `ot`
JOIN `orders` `o` ON `o`.`id` = `ot`.`order_id`
JOIN `products` `p` ON `p`.`id` = `ot`.`product_id`
WHERE `p`.`business_id` = :p.business_id:
GROUP BY `ot`.`product_id`
) CI_count_all_results', [...], false)
 5 APPPATH\Models\Orders_items_model.php(60): CodeIgniter\Database\BaseBuilder->countAllResults(false)
 6 APPPATH\Controllers\vendor\Top_Selling_Products.php(61): App\Models\Orders_items_model->top_selling_products()
 7 SYSTEMPATH\CodeIgniter.php(933): App\Controllers\vendor\Top_Selling_Products->top_selling_products_table()
 8 SYSTEMPATH\CodeIgniter.php(509): CodeIgniter\CodeIgniter->runController(Object(App\Controllers\vendor\Top_Selling_Products))
 9 SYSTEMPATH\CodeIgniter.php(355): CodeIgniter\CodeIgniter->handleRequest(null, Object(Config\Cache), false)
10 SYSTEMPATH\Boot.php(325): CodeIgniter\CodeIgniter->run()
11 SYSTEMPATH\Boot.php(67): CodeIgniter\Boot::runCodeIgniter(Object(CodeIgniter\CodeIgniter))
12 FCPATH\index.php(56): CodeIgniter\Boot::bootWeb(Object(Config\Paths))
INFO - 2025-07-10 09:49:54 --> Session: Class initialized using 'CodeIgniter\Session\Handlers\FileHandler' driver.
INFO - 2025-07-10 09:49:55 --> Session: Class initialized using 'CodeIgniter\Session\Handlers\FileHandler' driver.
INFO - 2025-07-10 09:49:55 --> Session: Class initialized using 'CodeIgniter\Session\Handlers\FileHandler' driver.
INFO - 2025-07-10 09:51:28 --> Session: Class initialized using 'CodeIgniter\Session\Handlers\FileHandler' driver.
INFO - 2025-07-10 09:51:41 --> Session: Class initialized using 'CodeIgniter\Session\Handlers\FileHandler' driver.
INFO - 2025-07-10 09:56:51 --> Session: Class initialized using 'CodeIgniter\Session\Handlers\FileHandler' driver.
ERROR - 2025-07-10 15:26:51 --> mysqli_sql_exception: Unknown column 'p.product_name' in 'field list' in C:\xampp\htdocs\projects\upbiz-saas\vendor\codeigniter4\framework\system\Database\MySQLi\Connection.php:312
Stack trace:
#0 C:\xampp\htdocs\projects\upbiz-saas\vendor\codeigniter4\framework\system\Database\MySQLi\Connection.php(312): mysqli->query('SELECT COUNT(*)...', 0)
#1 C:\xampp\htdocs\projects\upbiz-saas\vendor\codeigniter4\framework\system\Database\BaseConnection.php(734): CodeIgniter\Database\MySQLi\Connection->execute('SELECT COUNT(*)...')
#2 C:\xampp\htdocs\projects\upbiz-saas\vendor\codeigniter4\framework\system\Database\BaseConnection.php(648): CodeIgniter\Database\BaseConnection->simpleQuery('SELECT COUNT(*)...')
#3 C:\xampp\htdocs\projects\upbiz-saas\vendor\codeigniter4\framework\system\Database\BaseBuilder.php(1728): CodeIgniter\Database\BaseConnection->query('SELECT COUNT(*)...', Array, false)
#4 C:\xampp\htdocs\projects\upbiz-saas\app\Models\Orders_items_model.php(58): CodeIgniter\Database\BaseBuilder->countAllResults(false)
#5 C:\xampp\htdocs\projects\upbiz-saas\app\Controllers\vendor\Top_Selling_Products.php(61): App\Models\Orders_items_model->top_selling_products()
#6 C:\xampp\htdocs\projects\upbiz-saas\vendor\codeigniter4\framework\system\CodeIgniter.php(933): App\Controllers\vendor\Top_Selling_Products->top_selling_products_table()
#7 C:\xampp\htdocs\projects\upbiz-saas\vendor\codeigniter4\framework\system\CodeIgniter.php(509): CodeIgniter\CodeIgniter->runController(Object(App\Controllers\vendor\Top_Selling_Products))
#8 C:\xampp\htdocs\projects\upbiz-saas\vendor\codeigniter4\framework\system\CodeIgniter.php(355): CodeIgniter\CodeIgniter->handleRequest(NULL, Object(Config\Cache), false)
#9 C:\xampp\htdocs\projects\upbiz-saas\vendor\codeigniter4\framework\system\Boot.php(325): CodeIgniter\CodeIgniter->run()
#10 C:\xampp\htdocs\projects\upbiz-saas\vendor\codeigniter4\framework\system\Boot.php(67): CodeIgniter\Boot::runCodeIgniter(Object(CodeIgniter\CodeIgniter))
#11 C:\xampp\htdocs\projects\upbiz-saas\index.php(56): CodeIgniter\Boot::bootWeb(Object(Config\Paths))
#12 {main}
CRITICAL - 2025-07-10 15:26:51 --> CodeIgniter\Database\Exceptions\DatabaseException: Unknown column 'p.product_name' in 'field list'
[Method: GET, Route: vendor/top_selling_products/top_selling_products_table]
in SYSTEMPATH\Database\BaseConnection.php on line 688.
 1 SYSTEMPATH\Database\BaseBuilder.php(1728): CodeIgniter\Database\BaseConnection->query('SELECT COUNT(*) AS `numrows`
FROM (
SELECT COUNT(ot.order_id) as total_sales, SUM(ot.price) as total_amount, `ot`.`product_id`, `ot`.`price`, `p`.`product_name`, `p`.`stock`
FROM `orders_items` as `ot`
JOIN `orders` `o` ON `o`.`id` = `ot`.`order_id`
JOIN `products` `p` ON `p`.`id` = `ot`.`product_id`
WHERE `p`.`business_id` = :p.business_id:
GROUP BY `ot`.`product_id`
) CI_count_all_results', [...], false)
 2 APPPATH\Models\Orders_items_model.php(58): CodeIgniter\Database\BaseBuilder->countAllResults(false)
 3 APPPATH\Controllers\vendor\Top_Selling_Products.php(61): App\Models\Orders_items_model->top_selling_products()
 4 SYSTEMPATH\CodeIgniter.php(933): App\Controllers\vendor\Top_Selling_Products->top_selling_products_table()
 5 SYSTEMPATH\CodeIgniter.php(509): CodeIgniter\CodeIgniter->runController(Object(App\Controllers\vendor\Top_Selling_Products))
 6 SYSTEMPATH\CodeIgniter.php(355): CodeIgniter\CodeIgniter->handleRequest(null, Object(Config\Cache), false)
 7 SYSTEMPATH\Boot.php(325): CodeIgniter\CodeIgniter->run()
 8 SYSTEMPATH\Boot.php(67): CodeIgniter\Boot::runCodeIgniter(Object(CodeIgniter\CodeIgniter))
 9 FCPATH\index.php(56): CodeIgniter\Boot::bootWeb(Object(Config\Paths))
CRITICAL - 2025-07-10 15:26:51 --> [Caused by] CodeIgniter\Database\Exceptions\DatabaseException: Unknown column 'p.product_name' in 'field list'
in SYSTEMPATH\Database\MySQLi\Connection.php on line 317.
 1 SYSTEMPATH\Database\BaseConnection.php(734): CodeIgniter\Database\MySQLi\Connection->execute('SELECT COUNT(*) AS `numrows`
FROM (
SELECT COUNT(ot.order_id) as total_sales, SUM(ot.price) as total_amount, `ot`.`product_id`, `ot`.`price`, `p`.`product_name`, `p`.`stock`
FROM `orders_items` as `ot`
JOIN `orders` `o` ON `o`.`id` = `ot`.`order_id`
JOIN `products` `p` ON `p`.`id` = `ot`.`product_id`
WHERE `p`.`business_id` = \'2\'
GROUP BY `ot`.`product_id`
) CI_count_all_results')
 2 SYSTEMPATH\Database\BaseConnection.php(648): CodeIgniter\Database\BaseConnection->simpleQuery('SELECT COUNT(*) AS `numrows`
FROM (
SELECT COUNT(ot.order_id) as total_sales, SUM(ot.price) as total_amount, `ot`.`product_id`, `ot`.`price`, `p`.`product_name`, `p`.`stock`
FROM `orders_items` as `ot`
JOIN `orders` `o` ON `o`.`id` = `ot`.`order_id`
JOIN `products` `p` ON `p`.`id` = `ot`.`product_id`
WHERE `p`.`business_id` = \'2\'
GROUP BY `ot`.`product_id`
) CI_count_all_results')
 3 SYSTEMPATH\Database\BaseBuilder.php(1728): CodeIgniter\Database\BaseConnection->query('SELECT COUNT(*) AS `numrows`
FROM (
SELECT COUNT(ot.order_id) as total_sales, SUM(ot.price) as total_amount, `ot`.`product_id`, `ot`.`price`, `p`.`product_name`, `p`.`stock`
FROM `orders_items` as `ot`
JOIN `orders` `o` ON `o`.`id` = `ot`.`order_id`
JOIN `products` `p` ON `p`.`id` = `ot`.`product_id`
WHERE `p`.`business_id` = :p.business_id:
GROUP BY `ot`.`product_id`
) CI_count_all_results', [...], false)
 4 APPPATH\Models\Orders_items_model.php(58): CodeIgniter\Database\BaseBuilder->countAllResults(false)
 5 APPPATH\Controllers\vendor\Top_Selling_Products.php(61): App\Models\Orders_items_model->top_selling_products()
 6 SYSTEMPATH\CodeIgniter.php(933): App\Controllers\vendor\Top_Selling_Products->top_selling_products_table()
 7 SYSTEMPATH\CodeIgniter.php(509): CodeIgniter\CodeIgniter->runController(Object(App\Controllers\vendor\Top_Selling_Products))
 8 SYSTEMPATH\CodeIgniter.php(355): CodeIgniter\CodeIgniter->handleRequest(null, Object(Config\Cache), false)
 9 SYSTEMPATH\Boot.php(325): CodeIgniter\CodeIgniter->run()
10 SYSTEMPATH\Boot.php(67): CodeIgniter\Boot::runCodeIgniter(Object(CodeIgniter\CodeIgniter))
11 FCPATH\index.php(56): CodeIgniter\Boot::bootWeb(Object(Config\Paths))
CRITICAL - 2025-07-10 15:26:51 --> [Caused by] mysqli_sql_exception: Unknown column 'p.product_name' in 'field list'
in SYSTEMPATH\Database\MySQLi\Connection.php on line 312.
 1 SYSTEMPATH\Database\MySQLi\Connection.php(312): mysqli->query('SELECT COUNT(*) AS `numrows`
FROM (
SELECT COUNT(ot.order_id) as total_sales, SUM(ot.price) as total_amount, `ot`.`product_id`, `ot`.`price`, `p`.`product_name`, `p`.`stock`
FROM `orders_items` as `ot`
JOIN `orders` `o` ON `o`.`id` = `ot`.`order_id`
JOIN `products` `p` ON `p`.`id` = `ot`.`product_id`
WHERE `p`.`business_id` = \'2\'
GROUP BY `ot`.`product_id`
) CI_count_all_results', 0)
 2 SYSTEMPATH\Database\BaseConnection.php(734): CodeIgniter\Database\MySQLi\Connection->execute('SELECT COUNT(*) AS `numrows`
FROM (
SELECT COUNT(ot.order_id) as total_sales, SUM(ot.price) as total_amount, `ot`.`product_id`, `ot`.`price`, `p`.`product_name`, `p`.`stock`
FROM `orders_items` as `ot`
JOIN `orders` `o` ON `o`.`id` = `ot`.`order_id`
JOIN `products` `p` ON `p`.`id` = `ot`.`product_id`
WHERE `p`.`business_id` = \'2\'
GROUP BY `ot`.`product_id`
) CI_count_all_results')
 3 SYSTEMPATH\Database\BaseConnection.php(648): CodeIgniter\Database\BaseConnection->simpleQuery('SELECT COUNT(*) AS `numrows`
FROM (
SELECT COUNT(ot.order_id) as total_sales, SUM(ot.price) as total_amount, `ot`.`product_id`, `ot`.`price`, `p`.`product_name`, `p`.`stock`
FROM `orders_items` as `ot`
JOIN `orders` `o` ON `o`.`id` = `ot`.`order_id`
JOIN `products` `p` ON `p`.`id` = `ot`.`product_id`
WHERE `p`.`business_id` = \'2\'
GROUP BY `ot`.`product_id`
) CI_count_all_results')
 4 SYSTEMPATH\Database\BaseBuilder.php(1728): CodeIgniter\Database\BaseConnection->query('SELECT COUNT(*) AS `numrows`
FROM (
SELECT COUNT(ot.order_id) as total_sales, SUM(ot.price) as total_amount, `ot`.`product_id`, `ot`.`price`, `p`.`product_name`, `p`.`stock`
FROM `orders_items` as `ot`
JOIN `orders` `o` ON `o`.`id` = `ot`.`order_id`
JOIN `products` `p` ON `p`.`id` = `ot`.`product_id`
WHERE `p`.`business_id` = :p.business_id:
GROUP BY `ot`.`product_id`
) CI_count_all_results', [...], false)
 5 APPPATH\Models\Orders_items_model.php(58): CodeIgniter\Database\BaseBuilder->countAllResults(false)
 6 APPPATH\Controllers\vendor\Top_Selling_Products.php(61): App\Models\Orders_items_model->top_selling_products()
 7 SYSTEMPATH\CodeIgniter.php(933): App\Controllers\vendor\Top_Selling_Products->top_selling_products_table()
 8 SYSTEMPATH\CodeIgniter.php(509): CodeIgniter\CodeIgniter->runController(Object(App\Controllers\vendor\Top_Selling_Products))
 9 SYSTEMPATH\CodeIgniter.php(355): CodeIgniter\CodeIgniter->handleRequest(null, Object(Config\Cache), false)
10 SYSTEMPATH\Boot.php(325): CodeIgniter\CodeIgniter->run()
11 SYSTEMPATH\Boot.php(67): CodeIgniter\Boot::runCodeIgniter(Object(CodeIgniter\CodeIgniter))
12 FCPATH\index.php(56): CodeIgniter\Boot::bootWeb(Object(Config\Paths))
INFO - 2025-07-10 10:08:09 --> Session: Class initialized using 'CodeIgniter\Session\Handlers\FileHandler' driver.
INFO - 2025-07-10 10:08:19 --> Session: Class initialized using 'CodeIgniter\Session\Handlers\FileHandler' driver.
INFO - 2025-07-10 10:14:42 --> Session: Class initialized using 'CodeIgniter\Session\Handlers\FileHandler' driver.
INFO - 2025-07-10 10:15:17 --> Session: Class initialized using 'CodeIgniter\Session\Handlers\FileHandler' driver.
INFO - 2025-07-10 10:15:19 --> Session: Class initialized using 'CodeIgniter\Session\Handlers\FileHandler' driver.
INFO - 2025-07-10 10:15:23 --> Session: Class initialized using 'CodeIgniter\Session\Handlers\FileHandler' driver.
INFO - 2025-07-10 10:15:26 --> Session: Class initialized using 'CodeIgniter\Session\Handlers\FileHandler' driver.
INFO - 2025-07-10 10:15:45 --> Session: Class initialized using 'CodeIgniter\Session\Handlers\FileHandler' driver.
INFO - 2025-07-10 10:25:19 --> Session: Class initialized using 'CodeIgniter\Session\Handlers\FileHandler' driver.
INFO - 2025-07-10 10:26:00 --> Session: Class initialized using 'CodeIgniter\Session\Handlers\FileHandler' driver.
INFO - 2025-07-10 10:26:02 --> Session: Class initialized using 'CodeIgniter\Session\Handlers\FileHandler' driver.
INFO - 2025-07-10 10:26:05 --> Session: Class initialized using 'CodeIgniter\Session\Handlers\FileHandler' driver.
INFO - 2025-07-10 10:26:07 --> Session: Class initialized using 'CodeIgniter\Session\Handlers\FileHandler' driver.
INFO - 2025-07-10 10:26:20 --> Session: Class initialized using 'CodeIgniter\Session\Handlers\FileHandler' driver.
INFO - 2025-07-10 10:26:22 --> Session: Class initialized using 'CodeIgniter\Session\Handlers\FileHandler' driver.
INFO - 2025-07-10 10:32:41 --> Session: Class initialized using 'CodeIgniter\Session\Handlers\FileHandler' driver.
INFO - 2025-07-10 10:32:44 --> Session: Class initialized using 'CodeIgniter\Session\Handlers\FileHandler' driver.
INFO - 2025-07-10 10:34:22 --> Session: Class initialized using 'CodeIgniter\Session\Handlers\FileHandler' driver.
INFO - 2025-07-10 10:35:38 --> Session: Class initialized using 'CodeIgniter\Session\Handlers\FileHandler' driver.
INFO - 2025-07-10 10:35:40 --> Session: Class initialized using 'CodeIgniter\Session\Handlers\FileHandler' driver.
INFO - 2025-07-10 10:35:42 --> Session: Class initialized using 'CodeIgniter\Session\Handlers\FileHandler' driver.
INFO - 2025-07-10 10:35:44 --> Session: Class initialized using 'CodeIgniter\Session\Handlers\FileHandler' driver.
INFO - 2025-07-10 10:35:45 --> Session: Class initialized using 'CodeIgniter\Session\Handlers\FileHandler' driver.
INFO - 2025-07-10 10:35:48 --> Session: Class initialized using 'CodeIgniter\Session\Handlers\FileHandler' driver.
INFO - 2025-07-10 10:35:52 --> Session: Class initialized using 'CodeIgniter\Session\Handlers\FileHandler' driver.
INFO - 2025-07-10 10:36:14 --> Session: Class initialized using 'CodeIgniter\Session\Handlers\FileHandler' driver.
INFO - 2025-07-10 10:37:40 --> Session: Class initialized using 'CodeIgniter\Session\Handlers\FileHandler' driver.
INFO - 2025-07-10 10:37:40 --> Session: Class initialized using 'CodeIgniter\Session\Handlers\FileHandler' driver.
INFO - 2025-07-10 10:37:44 --> Session: Class initialized using 'CodeIgniter\Session\Handlers\FileHandler' driver.
INFO - 2025-07-10 10:37:46 --> Session: Class initialized using 'CodeIgniter\Session\Handlers\FileHandler' driver.
INFO - 2025-07-10 10:37:48 --> Session: Class initialized using 'CodeIgniter\Session\Handlers\FileHandler' driver.
INFO - 2025-07-10 10:38:12 --> Session: Class initialized using 'CodeIgniter\Session\Handlers\FileHandler' driver.
INFO - 2025-07-10 10:38:14 --> Session: Class initialized using 'CodeIgniter\Session\Handlers\FileHandler' driver.
INFO - 2025-07-10 10:38:17 --> Session: Class initialized using 'CodeIgniter\Session\Handlers\FileHandler' driver.
INFO - 2025-07-10 10:38:17 --> Session: Class initialized using 'CodeIgniter\Session\Handlers\FileHandler' driver.
INFO - 2025-07-10 10:38:17 --> Session: Class initialized using 'CodeIgniter\Session\Handlers\FileHandler' driver.
INFO - 2025-07-10 10:38:20 --> Session: Class initialized using 'CodeIgniter\Session\Handlers\FileHandler' driver.
INFO - 2025-07-10 10:38:21 --> Session: Class initialized using 'CodeIgniter\Session\Handlers\FileHandler' driver.
INFO - 2025-07-10 10:38:23 --> Session: Class initialized using 'CodeIgniter\Session\Handlers\FileHandler' driver.
INFO - 2025-07-10 10:39:46 --> Session: Class initialized using 'CodeIgniter\Session\Handlers\FileHandler' driver.
INFO - 2025-07-10 10:39:48 --> Session: Class initialized using 'CodeIgniter\Session\Handlers\FileHandler' driver.
INFO - 2025-07-10 10:39:50 --> Session: Class initialized using 'CodeIgniter\Session\Handlers\FileHandler' driver.
INFO - 2025-07-10 10:39:56 --> Session: Class initialized using 'CodeIgniter\Session\Handlers\FileHandler' driver.
INFO - 2025-07-10 10:40:55 --> Session: Class initialized using 'CodeIgniter\Session\Handlers\FileHandler' driver.
INFO - 2025-07-10 10:46:17 --> Session: Class initialized using 'CodeIgniter\Session\Handlers\FileHandler' driver.
INFO - 2025-07-10 10:55:22 --> Session: Class initialized using 'CodeIgniter\Session\Handlers\FileHandler' driver.
INFO - 2025-07-10 10:55:27 --> Session: Class initialized using 'CodeIgniter\Session\Handlers\FileHandler' driver.
INFO - 2025-07-10 10:55:27 --> Session: Class initialized using 'CodeIgniter\Session\Handlers\FileHandler' driver.
INFO - 2025-07-10 10:57:52 --> Session: Class initialized using 'CodeIgniter\Session\Handlers\FileHandler' driver.
INFO - 2025-07-10 10:57:57 --> Session: Class initialized using 'CodeIgniter\Session\Handlers\FileHandler' driver.
INFO - 2025-07-10 10:59:54 --> Session: Class initialized using 'CodeIgniter\Session\Handlers\FileHandler' driver.
INFO - 2025-07-10 10:59:56 --> Session: Class initialized using 'CodeIgniter\Session\Handlers\FileHandler' driver.
INFO - 2025-07-10 10:59:58 --> Session: Class initialized using 'CodeIgniter\Session\Handlers\FileHandler' driver.
INFO - 2025-07-10 11:00:00 --> Session: Class initialized using 'CodeIgniter\Session\Handlers\FileHandler' driver.
INFO - 2025-07-10 11:13:51 --> Session: Class initialized using 'CodeIgniter\Session\Handlers\FileHandler' driver.
INFO - 2025-07-10 11:13:54 --> Session: Class initialized using 'CodeIgniter\Session\Handlers\FileHandler' driver.
INFO - 2025-07-10 11:13:58 --> Session: Class initialized using 'CodeIgniter\Session\Handlers\FileHandler' driver.
INFO - 2025-07-10 11:13:58 --> Session: Class initialized using 'CodeIgniter\Session\Handlers\FileHandler' driver.
INFO - 2025-07-10 11:14:03 --> Session: Class initialized using 'CodeIgniter\Session\Handlers\FileHandler' driver.
INFO - 2025-07-10 11:14:20 --> Session: Class initialized using 'CodeIgniter\Session\Handlers\FileHandler' driver.
INFO - 2025-07-10 11:14:22 --> Session: Class initialized using 'CodeIgniter\Session\Handlers\FileHandler' driver.
INFO - 2025-07-10 11:14:23 --> Session: Class initialized using 'CodeIgniter\Session\Handlers\FileHandler' driver.
INFO - 2025-07-10 11:14:29 --> Session: Class initialized using 'CodeIgniter\Session\Handlers\FileHandler' driver.
INFO - 2025-07-10 11:14:31 --> Session: Class initialized using 'CodeIgniter\Session\Handlers\FileHandler' driver.
INFO - 2025-07-10 11:14:32 --> Session: Class initialized using 'CodeIgniter\Session\Handlers\FileHandler' driver.
INFO - 2025-07-10 11:18:14 --> Session: Class initialized using 'CodeIgniter\Session\Handlers\FileHandler' driver.
INFO - 2025-07-10 11:18:16 --> Session: Class initialized using 'CodeIgniter\Session\Handlers\FileHandler' driver.
INFO - 2025-07-10 11:18:18 --> Session: Class initialized using 'CodeIgniter\Session\Handlers\FileHandler' driver.
INFO - 2025-07-10 11:18:23 --> Session: Class initialized using 'CodeIgniter\Session\Handlers\FileHandler' driver.
INFO - 2025-07-10 11:18:24 --> Session: Class initialized using 'CodeIgniter\Session\Handlers\FileHandler' driver.
INFO - 2025-07-10 11:18:24 --> Session: Class initialized using 'CodeIgniter\Session\Handlers\FileHandler' driver.
INFO - 2025-07-10 11:19:07 --> Session: Class initialized using 'CodeIgniter\Session\Handlers\FileHandler' driver.
INFO - 2025-07-10 11:19:08 --> Session: Class initialized using 'CodeIgniter\Session\Handlers\FileHandler' driver.
INFO - 2025-07-10 11:19:09 --> Session: Class initialized using 'CodeIgniter\Session\Handlers\FileHandler' driver.
INFO - 2025-07-10 11:19:09 --> Session: Class initialized using 'CodeIgniter\Session\Handlers\FileHandler' driver.
INFO - 2025-07-10 11:19:11 --> Session: Class initialized using 'CodeIgniter\Session\Handlers\FileHandler' driver.
INFO - 2025-07-10 11:19:12 --> Session: Class initialized using 'CodeIgniter\Session\Handlers\FileHandler' driver.
INFO - 2025-07-10 11:19:17 --> Session: Class initialized using 'CodeIgniter\Session\Handlers\FileHandler' driver.
INFO - 2025-07-10 11:19:18 --> Session: Class initialized using 'CodeIgniter\Session\Handlers\FileHandler' driver.
INFO - 2025-07-10 11:19:18 --> Session: Class initialized using 'CodeIgniter\Session\Handlers\FileHandler' driver.
INFO - 2025-07-10 11:19:34 --> Session: Class initialized using 'CodeIgniter\Session\Handlers\FileHandler' driver.
INFO - 2025-07-10 11:19:34 --> Session: Class initialized using 'CodeIgniter\Session\Handlers\FileHandler' driver.
INFO - 2025-07-10 11:19:35 --> Session: Class initialized using 'CodeIgniter\Session\Handlers\FileHandler' driver.
INFO - 2025-07-10 11:19:35 --> Session: Class initialized using 'CodeIgniter\Session\Handlers\FileHandler' driver.
INFO - 2025-07-10 11:19:39 --> Session: Class initialized using 'CodeIgniter\Session\Handlers\FileHandler' driver.
INFO - 2025-07-10 11:21:25 --> Session: Class initialized using 'CodeIgniter\Session\Handlers\FileHandler' driver.
INFO - 2025-07-10 11:22:12 --> Session: Class initialized using 'CodeIgniter\Session\Handlers\FileHandler' driver.
INFO - 2025-07-10 11:22:13 --> Session: Class initialized using 'CodeIgniter\Session\Handlers\FileHandler' driver.
INFO - 2025-07-10 11:22:14 --> Session: Class initialized using 'CodeIgniter\Session\Handlers\FileHandler' driver.
INFO - 2025-07-10 11:22:15 --> Session: Class initialized using 'CodeIgniter\Session\Handlers\FileHandler' driver.
INFO - 2025-07-10 11:22:17 --> Session: Class initialized using 'CodeIgniter\Session\Handlers\FileHandler' driver.
INFO - 2025-07-10 11:22:18 --> Session: Class initialized using 'CodeIgniter\Session\Handlers\FileHandler' driver.
INFO - 2025-07-10 11:22:18 --> Session: Class initialized using 'CodeIgniter\Session\Handlers\FileHandler' driver.
INFO - 2025-07-10 11:22:19 --> Session: Class initialized using 'CodeIgniter\Session\Handlers\FileHandler' driver.
INFO - 2025-07-10 11:22:20 --> Session: Class initialized using 'CodeIgniter\Session\Handlers\FileHandler' driver.
INFO - 2025-07-10 11:22:20 --> Session: Class initialized using 'CodeIgniter\Session\Handlers\FileHandler' driver.
INFO - 2025-07-10 11:22:21 --> Session: Class initialized using 'CodeIgniter\Session\Handlers\FileHandler' driver.
INFO - 2025-07-10 11:22:40 --> Session: Class initialized using 'CodeIgniter\Session\Handlers\FileHandler' driver.
INFO - 2025-07-10 11:22:41 --> Session: Class initialized using 'CodeIgniter\Session\Handlers\FileHandler' driver.
INFO - 2025-07-10 11:22:41 --> Session: Class initialized using 'CodeIgniter\Session\Handlers\FileHandler' driver.
INFO - 2025-07-10 11:22:50 --> Session: Class initialized using 'CodeIgniter\Session\Handlers\FileHandler' driver.
INFO - 2025-07-10 11:22:51 --> Session: Class initialized using 'CodeIgniter\Session\Handlers\FileHandler' driver.
INFO - 2025-07-10 11:22:51 --> Session: Class initialized using 'CodeIgniter\Session\Handlers\FileHandler' driver.
INFO - 2025-07-10 11:23:10 --> Session: Class initialized using 'CodeIgniter\Session\Handlers\FileHandler' driver.
INFO - 2025-07-10 11:57:37 --> Session: Class initialized using 'CodeIgniter\Session\Handlers\FileHandler' driver.
INFO - 2025-07-10 12:04:01 --> Session: Class initialized using 'CodeIgniter\Session\Handlers\FileHandler' driver.
INFO - 2025-07-10 12:04:03 --> Session: Class initialized using 'CodeIgniter\Session\Handlers\FileHandler' driver.
INFO - 2025-07-10 12:04:05 --> Session: Class initialized using 'CodeIgniter\Session\Handlers\FileHandler' driver.
INFO - 2025-07-10 12:04:09 --> Session: Class initialized using 'CodeIgniter\Session\Handlers\FileHandler' driver.
INFO - 2025-07-10 12:06:47 --> Session: Class initialized using 'CodeIgniter\Session\Handlers\FileHandler' driver.
INFO - 2025-07-10 12:06:59 --> Session: Class initialized using 'CodeIgniter\Session\Handlers\FileHandler' driver.
INFO - 2025-07-10 12:07:01 --> Session: Class initialized using 'CodeIgniter\Session\Handlers\FileHandler' driver.
INFO - 2025-07-10 12:07:03 --> Session: Class initialized using 'CodeIgniter\Session\Handlers\FileHandler' driver.
INFO - 2025-07-10 12:07:26 --> Session: Class initialized using 'CodeIgniter\Session\Handlers\FileHandler' driver.
INFO - 2025-07-10 12:08:14 --> Session: Class initialized using 'CodeIgniter\Session\Handlers\FileHandler' driver.
INFO - 2025-07-10 12:08:16 --> Session: Class initialized using 'CodeIgniter\Session\Handlers\FileHandler' driver.
INFO - 2025-07-10 12:08:18 --> Session: Class initialized using 'CodeIgniter\Session\Handlers\FileHandler' driver.
INFO - 2025-07-10 12:09:11 --> Session: Class initialized using 'CodeIgniter\Session\Handlers\FileHandler' driver.
INFO - 2025-07-10 12:09:14 --> Session: Class initialized using 'CodeIgniter\Session\Handlers\FileHandler' driver.
INFO - 2025-07-10 12:09:15 --> Session: Class initialized using 'CodeIgniter\Session\Handlers\FileHandler' driver.
INFO - 2025-07-10 12:09:32 --> Session: Class initialized using 'CodeIgniter\Session\Handlers\FileHandler' driver.
INFO - 2025-07-10 12:09:35 --> Session: Class initialized using 'CodeIgniter\Session\Handlers\FileHandler' driver.
INFO - 2025-07-10 12:09:37 --> Session: Class initialized using 'CodeIgniter\Session\Handlers\FileHandler' driver.
INFO - 2025-07-10 12:09:44 --> Session: Class initialized using 'CodeIgniter\Session\Handlers\FileHandler' driver.
INFO - 2025-07-10 12:09:46 --> Session: Class initialized using 'CodeIgniter\Session\Handlers\FileHandler' driver.
INFO - 2025-07-10 12:09:47 --> Session: Class initialized using 'CodeIgniter\Session\Handlers\FileHandler' driver.
INFO - 2025-07-10 12:09:48 --> Session: Class initialized using 'CodeIgniter\Session\Handlers\FileHandler' driver.
INFO - 2025-07-10 12:09:52 --> Session: Class initialized using 'CodeIgniter\Session\Handlers\FileHandler' driver.
INFO - 2025-07-10 12:10:10 --> Session: Class initialized using 'CodeIgniter\Session\Handlers\FileHandler' driver.
INFO - 2025-07-10 12:11:51 --> Session: Class initialized using 'CodeIgniter\Session\Handlers\FileHandler' driver.
INFO - 2025-07-10 12:11:56 --> Session: Class initialized using 'CodeIgniter\Session\Handlers\FileHandler' driver.
INFO - 2025-07-10 12:12:01 --> Session: Class initialized using 'CodeIgniter\Session\Handlers\FileHandler' driver.
INFO - 2025-07-10 12:12:02 --> Session: Class initialized using 'CodeIgniter\Session\Handlers\FileHandler' driver.
INFO - 2025-07-10 12:12:04 --> Session: Class initialized using 'CodeIgniter\Session\Handlers\FileHandler' driver.
INFO - 2025-07-10 12:12:13 --> Session: Class initialized using 'CodeIgniter\Session\Handlers\FileHandler' driver.
INFO - 2025-07-10 12:12:16 --> Session: Class initialized using 'CodeIgniter\Session\Handlers\FileHandler' driver.
INFO - 2025-07-10 12:12:33 --> Session: Class initialized using 'CodeIgniter\Session\Handlers\FileHandler' driver.
INFO - 2025-07-10 12:12:37 --> Session: Class initialized using 'CodeIgniter\Session\Handlers\FileHandler' driver.
INFO - 2025-07-10 12:12:39 --> Session: Class initialized using 'CodeIgniter\Session\Handlers\FileHandler' driver.
INFO - 2025-07-10 12:12:42 --> Session: Class initialized using 'CodeIgniter\Session\Handlers\FileHandler' driver.
INFO - 2025-07-10 12:12:43 --> Session: Class initialized using 'CodeIgniter\Session\Handlers\FileHandler' driver.
INFO - 2025-07-10 12:12:51 --> Session: Class initialized using 'CodeIgniter\Session\Handlers\FileHandler' driver.
INFO - 2025-07-10 12:13:24 --> Session: Class initialized using 'CodeIgniter\Session\Handlers\FileHandler' driver.
INFO - 2025-07-10 12:13:26 --> Session: Class initialized using 'CodeIgniter\Session\Handlers\FileHandler' driver.
INFO - 2025-07-10 12:13:27 --> Session: Class initialized using 'CodeIgniter\Session\Handlers\FileHandler' driver.
INFO - 2025-07-10 12:13:48 --> Session: Class initialized using 'CodeIgniter\Session\Handlers\FileHandler' driver.
INFO - 2025-07-10 12:13:49 --> Session: Class initialized using 'CodeIgniter\Session\Handlers\FileHandler' driver.
INFO - 2025-07-10 12:13:55 --> Session: Class initialized using 'CodeIgniter\Session\Handlers\FileHandler' driver.
INFO - 2025-07-10 12:13:57 --> Session: Class initialized using 'CodeIgniter\Session\Handlers\FileHandler' driver.
INFO - 2025-07-10 12:13:59 --> Session: Class initialized using 'CodeIgniter\Session\Handlers\FileHandler' driver.
INFO - 2025-07-10 12:14:04 --> Session: Class initialized using 'CodeIgniter\Session\Handlers\FileHandler' driver.
INFO - 2025-07-10 12:14:05 --> Session: Class initialized using 'CodeIgniter\Session\Handlers\FileHandler' driver.
INFO - 2025-07-10 12:14:07 --> Session: Class initialized using 'CodeIgniter\Session\Handlers\FileHandler' driver.
INFO - 2025-07-10 12:14:11 --> Session: Class initialized using 'CodeIgniter\Session\Handlers\FileHandler' driver.
INFO - 2025-07-10 12:14:14 --> Session: Class initialized using 'CodeIgniter\Session\Handlers\FileHandler' driver.
INFO - 2025-07-10 12:14:31 --> Session: Class initialized using 'CodeIgniter\Session\Handlers\FileHandler' driver.
INFO - 2025-07-10 12:22:06 --> Session: Class initialized using 'CodeIgniter\Session\Handlers\FileHandler' driver.
INFO - 2025-07-10 12:22:39 --> Session: Class initialized using 'CodeIgniter\Session\Handlers\FileHandler' driver.
INFO - 2025-07-10 12:22:41 --> Session: Class initialized using 'CodeIgniter\Session\Handlers\FileHandler' driver.
INFO - 2025-07-10 12:22:45 --> Session: Class initialized using 'CodeIgniter\Session\Handlers\FileHandler' driver.
INFO - 2025-07-10 12:25:14 --> Session: Class initialized using 'CodeIgniter\Session\Handlers\FileHandler' driver.
INFO - 2025-07-10 12:25:16 --> Session: Class initialized using 'CodeIgniter\Session\Handlers\FileHandler' driver.
INFO - 2025-07-10 12:25:19 --> Session: Class initialized using 'CodeIgniter\Session\Handlers\FileHandler' driver.
INFO - 2025-07-10 12:25:28 --> Session: Class initialized using 'CodeIgniter\Session\Handlers\FileHandler' driver.
INFO - 2025-07-10 12:25:30 --> Session: Class initialized using 'CodeIgniter\Session\Handlers\FileHandler' driver.
INFO - 2025-07-10 12:25:35 --> Session: Class initialized using 'CodeIgniter\Session\Handlers\FileHandler' driver.
INFO - 2025-07-10 12:25:36 --> Session: Class initialized using 'CodeIgniter\Session\Handlers\FileHandler' driver.
INFO - 2025-07-10 12:25:37 --> Session: Class initialized using 'CodeIgniter\Session\Handlers\FileHandler' driver.
INFO - 2025-07-10 12:25:39 --> Session: Class initialized using 'CodeIgniter\Session\Handlers\FileHandler' driver.
INFO - 2025-07-10 12:25:43 --> Session: Class initialized using 'CodeIgniter\Session\Handlers\FileHandler' driver.
INFO - 2025-07-10 12:28:33 --> Session: Class initialized using 'CodeIgniter\Session\Handlers\FileHandler' driver.
INFO - 2025-07-10 12:28:39 --> Session: Class initialized using 'CodeIgniter\Session\Handlers\FileHandler' driver.
INFO - 2025-07-10 12:28:41 --> Session: Class initialized using 'CodeIgniter\Session\Handlers\FileHandler' driver.
INFO - 2025-07-10 12:28:42 --> Session: Class initialized using 'CodeIgniter\Session\Handlers\FileHandler' driver.
INFO - 2025-07-10 12:28:44 --> Session: Class initialized using 'CodeIgniter\Session\Handlers\FileHandler' driver.
INFO - 2025-07-10 12:28:46 --> Session: Class initialized using 'CodeIgniter\Session\Handlers\FileHandler' driver.
INFO - 2025-07-10 12:31:54 --> Session: Class initialized using 'CodeIgniter\Session\Handlers\FileHandler' driver.
INFO - 2025-07-10 12:31:56 --> Session: Class initialized using 'CodeIgniter\Session\Handlers\FileHandler' driver.
ERROR - 2025-07-10 18:01:56 --> mysqli_sql_exception: Table 'upbiz_saas.taxes' doesn't exist in C:\xampp\htdocs\projects\upbiz-saas\vendor\codeigniter4\framework\system\Database\MySQLi\Connection.php:312
Stack trace:
#0 C:\xampp\htdocs\projects\upbiz-saas\vendor\codeigniter4\framework\system\Database\MySQLi\Connection.php(312): mysqli->query('SELECT COUNT(*)...', 0)
#1 C:\xampp\htdocs\projects\upbiz-saas\vendor\codeigniter4\framework\system\Database\BaseConnection.php(734): CodeIgniter\Database\MySQLi\Connection->execute('SELECT COUNT(*)...')
#2 C:\xampp\htdocs\projects\upbiz-saas\vendor\codeigniter4\framework\system\Database\BaseConnection.php(648): CodeIgniter\Database\BaseConnection->simpleQuery('SELECT COUNT(*)...')
#3 C:\xampp\htdocs\projects\upbiz-saas\vendor\codeigniter4\framework\system\Database\BaseBuilder.php(1728): CodeIgniter\Database\BaseConnection->query('SELECT COUNT(*)...', Array, false)
#4 C:\xampp\htdocs\projects\upbiz-saas\app\Controllers\vendor\Tax.php(87): CodeIgniter\Database\BaseBuilder->countAllResults(false)
#5 C:\xampp\htdocs\projects\upbiz-saas\vendor\codeigniter4\framework\system\CodeIgniter.php(933): App\Controllers\Vendor\Tax->taxTable()
#6 C:\xampp\htdocs\projects\upbiz-saas\vendor\codeigniter4\framework\system\CodeIgniter.php(509): CodeIgniter\CodeIgniter->runController(Object(App\Controllers\Vendor\Tax))
#7 C:\xampp\htdocs\projects\upbiz-saas\vendor\codeigniter4\framework\system\CodeIgniter.php(355): CodeIgniter\CodeIgniter->handleRequest(NULL, Object(Config\Cache), false)
#8 C:\xampp\htdocs\projects\upbiz-saas\vendor\codeigniter4\framework\system\Boot.php(325): CodeIgniter\CodeIgniter->run()
#9 C:\xampp\htdocs\projects\upbiz-saas\vendor\codeigniter4\framework\system\Boot.php(67): CodeIgniter\Boot::runCodeIgniter(Object(CodeIgniter\CodeIgniter))
#10 C:\xampp\htdocs\projects\upbiz-saas\index.php(56): CodeIgniter\Boot::bootWeb(Object(Config\Paths))
#11 {main}
CRITICAL - 2025-07-10 18:01:56 --> CodeIgniter\Database\Exceptions\DatabaseException: Table 'upbiz_saas.taxes' doesn't exist
[Method: GET, Route: vendor/tax-tale]
in SYSTEMPATH\Database\BaseConnection.php on line 688.
 1 SYSTEMPATH\Database\BaseBuilder.php(1728): CodeIgniter\Database\BaseConnection->query('SELECT COUNT(*) AS `numrows`
FROM `taxes`', [], false)
 2 APPPATH\Controllers\vendor\Tax.php(87): CodeIgniter\Database\BaseBuilder->countAllResults(false)
 3 SYSTEMPATH\CodeIgniter.php(933): App\Controllers\Vendor\Tax->taxTable()
 4 SYSTEMPATH\CodeIgniter.php(509): CodeIgniter\CodeIgniter->runController(Object(App\Controllers\Vendor\Tax))
 5 SYSTEMPATH\CodeIgniter.php(355): CodeIgniter\CodeIgniter->handleRequest(null, Object(Config\Cache), false)
 6 SYSTEMPATH\Boot.php(325): CodeIgniter\CodeIgniter->run()
 7 SYSTEMPATH\Boot.php(67): CodeIgniter\Boot::runCodeIgniter(Object(CodeIgniter\CodeIgniter))
 8 FCPATH\index.php(56): CodeIgniter\Boot::bootWeb(Object(Config\Paths))
CRITICAL - 2025-07-10 18:01:56 --> [Caused by] CodeIgniter\Database\Exceptions\DatabaseException: Table 'upbiz_saas.taxes' doesn't exist
in SYSTEMPATH\Database\MySQLi\Connection.php on line 317.
 1 SYSTEMPATH\Database\BaseConnection.php(734): CodeIgniter\Database\MySQLi\Connection->execute('SELECT COUNT(*) AS `numrows`
FROM `taxes`')
 2 SYSTEMPATH\Database\BaseConnection.php(648): CodeIgniter\Database\BaseConnection->simpleQuery('SELECT COUNT(*) AS `numrows`
FROM `taxes`')
 3 SYSTEMPATH\Database\BaseBuilder.php(1728): CodeIgniter\Database\BaseConnection->query('SELECT COUNT(*) AS `numrows`
FROM `taxes`', [], false)
 4 APPPATH\Controllers\vendor\Tax.php(87): CodeIgniter\Database\BaseBuilder->countAllResults(false)
 5 SYSTEMPATH\CodeIgniter.php(933): App\Controllers\Vendor\Tax->taxTable()
 6 SYSTEMPATH\CodeIgniter.php(509): CodeIgniter\CodeIgniter->runController(Object(App\Controllers\Vendor\Tax))
 7 SYSTEMPATH\CodeIgniter.php(355): CodeIgniter\CodeIgniter->handleRequest(null, Object(Config\Cache), false)
 8 SYSTEMPATH\Boot.php(325): CodeIgniter\CodeIgniter->run()
 9 SYSTEMPATH\Boot.php(67): CodeIgniter\Boot::runCodeIgniter(Object(CodeIgniter\CodeIgniter))
10 FCPATH\index.php(56): CodeIgniter\Boot::bootWeb(Object(Config\Paths))
CRITICAL - 2025-07-10 18:01:56 --> [Caused by] mysqli_sql_exception: Table 'upbiz_saas.taxes' doesn't exist
in SYSTEMPATH\Database\MySQLi\Connection.php on line 312.
 1 SYSTEMPATH\Database\MySQLi\Connection.php(312): mysqli->query('SELECT COUNT(*) AS `numrows`
FROM `taxes`', 0)
 2 SYSTEMPATH\Database\BaseConnection.php(734): CodeIgniter\Database\MySQLi\Connection->execute('SELECT COUNT(*) AS `numrows`
FROM `taxes`')
 3 SYSTEMPATH\Database\BaseConnection.php(648): CodeIgniter\Database\BaseConnection->simpleQuery('SELECT COUNT(*) AS `numrows`
FROM `taxes`')
 4 SYSTEMPATH\Database\BaseBuilder.php(1728): CodeIgniter\Database\BaseConnection->query('SELECT COUNT(*) AS `numrows`
FROM `taxes`', [], false)
 5 APPPATH\Controllers\vendor\Tax.php(87): CodeIgniter\Database\BaseBuilder->countAllResults(false)
 6 SYSTEMPATH\CodeIgniter.php(933): App\Controllers\Vendor\Tax->taxTable()
 7 SYSTEMPATH\CodeIgniter.php(509): CodeIgniter\CodeIgniter->runController(Object(App\Controllers\Vendor\Tax))
 8 SYSTEMPATH\CodeIgniter.php(355): CodeIgniter\CodeIgniter->handleRequest(null, Object(Config\Cache), false)
 9 SYSTEMPATH\Boot.php(325): CodeIgniter\CodeIgniter->run()
10 SYSTEMPATH\Boot.php(67): CodeIgniter\Boot::runCodeIgniter(Object(CodeIgniter\CodeIgniter))
11 FCPATH\index.php(56): CodeIgniter\Boot::bootWeb(Object(Config\Paths))
INFO - 2025-07-10 12:32:00 --> Session: Class initialized using 'CodeIgniter\Session\Handlers\FileHandler' driver.
INFO - 2025-07-10 12:32:22 --> Session: Class initialized using 'CodeIgniter\Session\Handlers\FileHandler' driver.
INFO - 2025-07-10 12:32:29 --> Session: Class initialized using 'CodeIgniter\Session\Handlers\FileHandler' driver.
INFO - 2025-07-10 12:32:31 --> Session: Class initialized using 'CodeIgniter\Session\Handlers\FileHandler' driver.
INFO - 2025-07-10 12:32:33 --> Session: Class initialized using 'CodeIgniter\Session\Handlers\FileHandler' driver.
INFO - 2025-07-10 12:32:39 --> Session: Class initialized using 'CodeIgniter\Session\Handlers\FileHandler' driver.
INFO - 2025-07-10 12:32:41 --> Session: Class initialized using 'CodeIgniter\Session\Handlers\FileHandler' driver.
INFO - 2025-07-10 12:32:42 --> Session: Class initialized using 'CodeIgniter\Session\Handlers\FileHandler' driver.
INFO - 2025-07-10 12:32:48 --> Session: Class initialized using 'CodeIgniter\Session\Handlers\FileHandler' driver.
INFO - 2025-07-10 12:34:20 --> Session: Class initialized using 'CodeIgniter\Session\Handlers\FileHandler' driver.
INFO - 2025-07-10 12:34:22 --> Session: Class initialized using 'CodeIgniter\Session\Handlers\FileHandler' driver.
INFO - 2025-07-10 12:34:24 --> Session: Class initialized using 'CodeIgniter\Session\Handlers\FileHandler' driver.
INFO - 2025-07-10 12:34:26 --> Session: Class initialized using 'CodeIgniter\Session\Handlers\FileHandler' driver.
INFO - 2025-07-10 12:34:27 --> Session: Class initialized using 'CodeIgniter\Session\Handlers\FileHandler' driver.
INFO - 2025-07-10 12:34:29 --> Session: Class initialized using 'CodeIgniter\Session\Handlers\FileHandler' driver.
INFO - 2025-07-10 12:35:00 --> Session: Class initialized using 'CodeIgniter\Session\Handlers\FileHandler' driver.
INFO - 2025-07-10 12:35:02 --> Session: Class initialized using 'CodeIgniter\Session\Handlers\FileHandler' driver.
INFO - 2025-07-10 12:35:04 --> Session: Class initialized using 'CodeIgniter\Session\Handlers\FileHandler' driver.
INFO - 2025-07-10 12:35:41 --> Session: Class initialized using 'CodeIgniter\Session\Handlers\FileHandler' driver.
INFO - 2025-07-10 12:35:45 --> Session: Class initialized using 'CodeIgniter\Session\Handlers\FileHandler' driver.
INFO - 2025-07-10 12:35:48 --> Session: Class initialized using 'CodeIgniter\Session\Handlers\FileHandler' driver.
INFO - 2025-07-10 12:36:05 --> Session: Class initialized using 'CodeIgniter\Session\Handlers\FileHandler' driver.
INFO - 2025-07-10 12:36:08 --> Session: Class initialized using 'CodeIgniter\Session\Handlers\FileHandler' driver.
INFO - 2025-07-10 12:36:10 --> Session: Class initialized using 'CodeIgniter\Session\Handlers\FileHandler' driver.
INFO - 2025-07-10 12:36:21 --> Session: Class initialized using 'CodeIgniter\Session\Handlers\FileHandler' driver.
INFO - 2025-07-10 12:36:22 --> Session: Class initialized using 'CodeIgniter\Session\Handlers\FileHandler' driver.
INFO - 2025-07-10 12:36:23 --> Session: Class initialized using 'CodeIgniter\Session\Handlers\FileHandler' driver.
INFO - 2025-07-10 12:36:23 --> Session: Class initialized using 'CodeIgniter\Session\Handlers\FileHandler' driver.
WARNING - 2025-07-10 18:06:23 --> [DEPRECATED] number_format(): Passing null to parameter #1 ($num) of type float is deprecated in APPPATH\Controllers\vendor\Home.php on line 388.
 1 APPPATH\Controllers\vendor\Home.php(388): number_format(null, 2)
 2 SYSTEMPATH\CodeIgniter.php(933): App\Controllers\vendor\Home->todays_total_sales()
 3 SYSTEMPATH\CodeIgniter.php(509): CodeIgniter\CodeIgniter->runController(Object(App\Controllers\vendor\Home))
 4 SYSTEMPATH\CodeIgniter.php(355): CodeIgniter\CodeIgniter->handleRequest(null, Object(Config\Cache), false)
 5 SYSTEMPATH\Boot.php(325): CodeIgniter\CodeIgniter->run()
 6 SYSTEMPATH\Boot.php(67): CodeIgniter\Boot::runCodeIgniter(Object(CodeIgniter\CodeIgniter))
 7 FCPATH\index.php(56): CodeIgniter\Boot::bootWeb(Object(Config\Paths))
INFO - 2025-07-10 12:36:23 --> Session: Class initialized using 'CodeIgniter\Session\Handlers\FileHandler' driver.
WARNING - 2025-07-10 18:06:23 --> [DEPRECATED] number_format(): Passing null to parameter #1 ($num) of type float is deprecated in APPPATH\Controllers\vendor\Home.php on line 416.
 1 APPPATH\Controllers\vendor\Home.php(416): number_format(null, 2)
 2 SYSTEMPATH\CodeIgniter.php(933): App\Controllers\vendor\Home->todays_total_purchase()
 3 SYSTEMPATH\CodeIgniter.php(509): CodeIgniter\CodeIgniter->runController(Object(App\Controllers\vendor\Home))
 4 SYSTEMPATH\CodeIgniter.php(355): CodeIgniter\CodeIgniter->handleRequest(null, Object(Config\Cache), false)
 5 SYSTEMPATH\Boot.php(325): CodeIgniter\CodeIgniter->run()
 6 SYSTEMPATH\Boot.php(67): CodeIgniter\Boot::runCodeIgniter(Object(CodeIgniter\CodeIgniter))
 7 FCPATH\index.php(56): CodeIgniter\Boot::bootWeb(Object(Config\Paths))
INFO - 2025-07-10 12:36:23 --> Session: Class initialized using 'CodeIgniter\Session\Handlers\FileHandler' driver.
WARNING - 2025-07-10 18:06:23 --> [DEPRECATED] number_format(): Passing null to parameter #1 ($num) of type float is deprecated in APPPATH\Controllers\vendor\Home.php on line 475.
 1 APPPATH\Controllers\vendor\Home.php(475): number_format(null, 2)
 2 SYSTEMPATH\CodeIgniter.php(933): App\Controllers\vendor\Home->todays_total_payment_remaining_form_orders()
 3 SYSTEMPATH\CodeIgniter.php(509): CodeIgniter\CodeIgniter->runController(Object(App\Controllers\vendor\Home))
 4 SYSTEMPATH\CodeIgniter.php(355): CodeIgniter\CodeIgniter->handleRequest(null, Object(Config\Cache), false)
 5 SYSTEMPATH\Boot.php(325): CodeIgniter\CodeIgniter->run()
 6 SYSTEMPATH\Boot.php(67): CodeIgniter\Boot::runCodeIgniter(Object(CodeIgniter\CodeIgniter))
 7 FCPATH\index.php(56): CodeIgniter\Boot::bootWeb(Object(Config\Paths))
WARNING - 2025-07-10 18:06:23 --> [DEPRECATED] number_format(): Passing null to parameter #1 ($num) of type float is deprecated in APPPATH\Controllers\vendor\Home.php on line 476.
 1 APPPATH\Controllers\vendor\Home.php(476): number_format(null, 2)
 2 SYSTEMPATH\CodeIgniter.php(933): App\Controllers\vendor\Home->todays_total_payment_remaining_form_orders()
 3 SYSTEMPATH\CodeIgniter.php(509): CodeIgniter\CodeIgniter->runController(Object(App\Controllers\vendor\Home))
 4 SYSTEMPATH\CodeIgniter.php(355): CodeIgniter\CodeIgniter->handleRequest(null, Object(Config\Cache), false)
 5 SYSTEMPATH\Boot.php(325): CodeIgniter\CodeIgniter->run()
 6 SYSTEMPATH\Boot.php(67): CodeIgniter\Boot::runCodeIgniter(Object(CodeIgniter\CodeIgniter))
 7 FCPATH\index.php(56): CodeIgniter\Boot::bootWeb(Object(Config\Paths))
INFO - 2025-07-10 12:36:23 --> Session: Class initialized using 'CodeIgniter\Session\Handlers\FileHandler' driver.
WARNING - 2025-07-10 18:06:23 --> [DEPRECATED] number_format(): Passing null to parameter #1 ($num) of type float is deprecated in APPPATH\Controllers\vendor\Home.php on line 444.
 1 APPPATH\Controllers\vendor\Home.php(444): number_format(null, 2)
 2 SYSTEMPATH\CodeIgniter.php(933): App\Controllers\vendor\Home->todays_total_payment_resived_form_orders()
 3 SYSTEMPATH\CodeIgniter.php(509): CodeIgniter\CodeIgniter->runController(Object(App\Controllers\vendor\Home))
 4 SYSTEMPATH\CodeIgniter.php(355): CodeIgniter\CodeIgniter->handleRequest(null, Object(Config\Cache), false)
 5 SYSTEMPATH\Boot.php(325): CodeIgniter\CodeIgniter->run()
 6 SYSTEMPATH\Boot.php(67): CodeIgniter\Boot::runCodeIgniter(Object(CodeIgniter\CodeIgniter))
 7 FCPATH\index.php(56): CodeIgniter\Boot::bootWeb(Object(Config\Paths))
INFO - 2025-07-10 12:36:23 --> Session: Class initialized using 'CodeIgniter\Session\Handlers\FileHandler' driver.
WARNING - 2025-07-10 18:06:23 --> [DEPRECATED] number_format(): Passing null to parameter #1 ($num) of type float is deprecated in APPPATH\Controllers\vendor\Home.php on line 506.
 1 APPPATH\Controllers\vendor\Home.php(506): number_format(null, 2)
 2 SYSTEMPATH\CodeIgniter.php(933): App\Controllers\vendor\Home->todays_total_paids_resived_form_purchase()
 3 SYSTEMPATH\CodeIgniter.php(509): CodeIgniter\CodeIgniter->runController(Object(App\Controllers\vendor\Home))
 4 SYSTEMPATH\CodeIgniter.php(355): CodeIgniter\CodeIgniter->handleRequest(null, Object(Config\Cache), false)
 5 SYSTEMPATH\Boot.php(325): CodeIgniter\CodeIgniter->run()
 6 SYSTEMPATH\Boot.php(67): CodeIgniter\Boot::runCodeIgniter(Object(CodeIgniter\CodeIgniter))
 7 FCPATH\index.php(56): CodeIgniter\Boot::bootWeb(Object(Config\Paths))
INFO - 2025-07-10 12:36:23 --> Session: Class initialized using 'CodeIgniter\Session\Handlers\FileHandler' driver.
INFO - 2025-07-10 12:36:23 --> Session: Class initialized using 'CodeIgniter\Session\Handlers\FileHandler' driver.
INFO - 2025-07-10 12:36:24 --> Session: Class initialized using 'CodeIgniter\Session\Handlers\FileHandler' driver.
WARNING - 2025-07-10 18:06:24 --> [DEPRECATED] number_format(): Passing null to parameter #1 ($num) of type float is deprecated in APPPATH\Controllers\vendor\Home.php on line 536.
 1 APPPATH\Controllers\vendor\Home.php(536): number_format(null, 2)
 2 SYSTEMPATH\CodeIgniter.php(933): App\Controllers\vendor\Home->todays_total_remaining_form_purchase()
 3 SYSTEMPATH\CodeIgniter.php(509): CodeIgniter\CodeIgniter->runController(Object(App\Controllers\vendor\Home))
 4 SYSTEMPATH\CodeIgniter.php(355): CodeIgniter\CodeIgniter->handleRequest(null, Object(Config\Cache), false)
 5 SYSTEMPATH\Boot.php(325): CodeIgniter\CodeIgniter->run()
 6 SYSTEMPATH\Boot.php(67): CodeIgniter\Boot::runCodeIgniter(Object(CodeIgniter\CodeIgniter))
 7 FCPATH\index.php(56): CodeIgniter\Boot::bootWeb(Object(Config\Paths))
WARNING - 2025-07-10 18:06:24 --> [DEPRECATED] number_format(): Passing null to parameter #1 ($num) of type float is deprecated in APPPATH\Controllers\vendor\Home.php on line 537.
 1 APPPATH\Controllers\vendor\Home.php(537): number_format(null, 2)
 2 SYSTEMPATH\CodeIgniter.php(933): App\Controllers\vendor\Home->todays_total_remaining_form_purchase()
 3 SYSTEMPATH\CodeIgniter.php(509): CodeIgniter\CodeIgniter->runController(Object(App\Controllers\vendor\Home))
 4 SYSTEMPATH\CodeIgniter.php(355): CodeIgniter\CodeIgniter->handleRequest(null, Object(Config\Cache), false)
 5 SYSTEMPATH\Boot.php(325): CodeIgniter\CodeIgniter->run()
 6 SYSTEMPATH\Boot.php(67): CodeIgniter\Boot::runCodeIgniter(Object(CodeIgniter\CodeIgniter))
 7 FCPATH\index.php(56): CodeIgniter\Boot::bootWeb(Object(Config\Paths))
INFO - 2025-07-10 12:36:24 --> Session: Class initialized using 'CodeIgniter\Session\Handlers\FileHandler' driver.
INFO - 2025-07-10 12:37:55 --> Session: Class initialized using 'CodeIgniter\Session\Handlers\FileHandler' driver.
INFO - 2025-07-10 12:37:57 --> Session: Class initialized using 'CodeIgniter\Session\Handlers\FileHandler' driver.
INFO - 2025-07-10 12:38:00 --> Session: Class initialized using 'CodeIgniter\Session\Handlers\FileHandler' driver.
INFO - 2025-07-10 12:38:03 --> Session: Class initialized using 'CodeIgniter\Session\Handlers\FileHandler' driver.
