INFO - 2024-11-22 04:14:32 --> Session: Class initialized using 'CodeIgniter\Session\Handlers\FileHandler' driver.
WARNING - 2024-11-22 04:14:32 --> [DEPRECATED] Creation of dynamic property IonAuth\Models\IonAuthModel::$join is deprecated in FCPATH\vendor\benedmunds\codeigniter-ion-auth\Models\IonAuthModel.php on line 231.
 1 APPPATH\Libraries\IonAuth.php(71): IonAuth\Models\IonAuthModel->__construct()
 2 APPPATH\Controllers\Home.php(12): App\Libraries\IonAuth->__construct()
 3 SYSTEMPATH\CodeIgniter.php(903): App\Controllers\Home->__construct()
 4 SYSTEMPATH\CodeIgniter.php(500): CodeIgniter\CodeIgniter->createController()
 5 SYSTEMPATH\CodeIgniter.php(355): CodeIgniter\CodeIgniter->handleRequest(null, Object(Config\Cache), false)
 6 SYSTEMPATH\Boot.php(325): CodeIgniter\CodeIgniter->run()
 7 SYSTEMPATH\Boot.php(67): CodeIgniter\Boot::runCodeIgniter(Object(CodeIgniter\CodeIgniter))
 8 FCPATH\index.php(56): CodeIgniter\Boot::bootWeb(Object(Config\Paths))
WARNING - 2024-11-22 04:14:32 --> [DEPRECATED] Creation of dynamic property IonAuth\Models\IonAuthModel::$hashMethod is deprecated in FCPATH\vendor\benedmunds\codeigniter-ion-auth\Models\IonAuthModel.php on line 234.
 1 APPPATH\Libraries\IonAuth.php(71): IonAuth\Models\IonAuthModel->__construct()
 2 APPPATH\Controllers\Home.php(12): App\Libraries\IonAuth->__construct()
 3 SYSTEMPATH\CodeIgniter.php(903): App\Controllers\Home->__construct()
 4 SYSTEMPATH\CodeIgniter.php(500): CodeIgniter\CodeIgniter->createController()
 5 SYSTEMPATH\CodeIgniter.php(355): CodeIgniter\CodeIgniter->handleRequest(null, Object(Config\Cache), false)
 6 SYSTEMPATH\Boot.php(325): CodeIgniter\CodeIgniter->run()
 7 SYSTEMPATH\Boot.php(67): CodeIgniter\Boot::runCodeIgniter(Object(CodeIgniter\CodeIgniter))
 8 FCPATH\index.php(56): CodeIgniter\Boot::bootWeb(Object(Config\Paths))
WARNING - 2024-11-22 04:14:32 --> [DEPRECATED] Creation of dynamic property IonAuth\Models\IonAuthModel::$messagesTemplates is deprecated in FCPATH\vendor\benedmunds\codeigniter-ion-auth\Models\IonAuthModel.php on line 237.
 1 APPPATH\Libraries\IonAuth.php(71): IonAuth\Models\IonAuthModel->__construct()
 2 APPPATH\Controllers\Home.php(12): App\Libraries\IonAuth->__construct()
 3 SYSTEMPATH\CodeIgniter.php(903): App\Controllers\Home->__construct()
 4 SYSTEMPATH\CodeIgniter.php(500): CodeIgniter\CodeIgniter->createController()
 5 SYSTEMPATH\CodeIgniter.php(355): CodeIgniter\CodeIgniter->handleRequest(null, Object(Config\Cache), false)
 6 SYSTEMPATH\Boot.php(325): CodeIgniter\CodeIgniter->run()
 7 SYSTEMPATH\Boot.php(67): CodeIgniter\Boot::runCodeIgniter(Object(CodeIgniter\CodeIgniter))
 8 FCPATH\index.php(56): CodeIgniter\Boot::bootWeb(Object(Config\Paths))
INFO - 2024-11-22 04:14:38 --> Session: Class initialized using 'CodeIgniter\Session\Handlers\FileHandler' driver.
WARNING - 2024-11-22 04:14:38 --> [DEPRECATED] Creation of dynamic property IonAuth\Libraries\IonAuth::$session is deprecated in FCPATH\vendor\benedmunds\codeigniter-ion-auth\Libraries\IonAuth.php on line 65.
 1 APPPATH\Controllers\Login.php(13): IonAuth\Libraries\IonAuth->__construct()
 2 SYSTEMPATH\CodeIgniter.php(903): App\Controllers\Login->__construct()
 3 SYSTEMPATH\CodeIgniter.php(500): CodeIgniter\CodeIgniter->createController()
 4 SYSTEMPATH\CodeIgniter.php(355): CodeIgniter\CodeIgniter->handleRequest(null, Object(Config\Cache), false)
 5 SYSTEMPATH\Boot.php(325): CodeIgniter\CodeIgniter->run()
 6 SYSTEMPATH\Boot.php(67): CodeIgniter\Boot::runCodeIgniter(Object(CodeIgniter\CodeIgniter))
 7 FCPATH\index.php(56): CodeIgniter\Boot::bootWeb(Object(Config\Paths))
WARNING - 2024-11-22 04:14:38 --> [DEPRECATED] Creation of dynamic property IonAuth\Models\IonAuthModel::$join is deprecated in FCPATH\vendor\benedmunds\codeigniter-ion-auth\Models\IonAuthModel.php on line 231.
 1 FCPATH\vendor\benedmunds\codeigniter-ion-auth\Libraries\IonAuth.php(67): IonAuth\Models\IonAuthModel->__construct()
 2 APPPATH\Controllers\Login.php(13): IonAuth\Libraries\IonAuth->__construct()
 3 SYSTEMPATH\CodeIgniter.php(903): App\Controllers\Login->__construct()
 4 SYSTEMPATH\CodeIgniter.php(500): CodeIgniter\CodeIgniter->createController()
 5 SYSTEMPATH\CodeIgniter.php(355): CodeIgniter\CodeIgniter->handleRequest(null, Object(Config\Cache), false)
 6 SYSTEMPATH\Boot.php(325): CodeIgniter\CodeIgniter->run()
 7 SYSTEMPATH\Boot.php(67): CodeIgniter\Boot::runCodeIgniter(Object(CodeIgniter\CodeIgniter))
 8 FCPATH\index.php(56): CodeIgniter\Boot::bootWeb(Object(Config\Paths))
WARNING - 2024-11-22 04:14:38 --> [DEPRECATED] Creation of dynamic property IonAuth\Models\IonAuthModel::$hashMethod is deprecated in FCPATH\vendor\benedmunds\codeigniter-ion-auth\Models\IonAuthModel.php on line 234.
 1 FCPATH\vendor\benedmunds\codeigniter-ion-auth\Libraries\IonAuth.php(67): IonAuth\Models\IonAuthModel->__construct()
 2 APPPATH\Controllers\Login.php(13): IonAuth\Libraries\IonAuth->__construct()
 3 SYSTEMPATH\CodeIgniter.php(903): App\Controllers\Login->__construct()
 4 SYSTEMPATH\CodeIgniter.php(500): CodeIgniter\CodeIgniter->createController()
 5 SYSTEMPATH\CodeIgniter.php(355): CodeIgniter\CodeIgniter->handleRequest(null, Object(Config\Cache), false)
 6 SYSTEMPATH\Boot.php(325): CodeIgniter\CodeIgniter->run()
 7 SYSTEMPATH\Boot.php(67): CodeIgniter\Boot::runCodeIgniter(Object(CodeIgniter\CodeIgniter))
 8 FCPATH\index.php(56): CodeIgniter\Boot::bootWeb(Object(Config\Paths))
WARNING - 2024-11-22 04:14:38 --> [DEPRECATED] Creation of dynamic property IonAuth\Models\IonAuthModel::$messagesTemplates is deprecated in FCPATH\vendor\benedmunds\codeigniter-ion-auth\Models\IonAuthModel.php on line 237.
 1 FCPATH\vendor\benedmunds\codeigniter-ion-auth\Libraries\IonAuth.php(67): IonAuth\Models\IonAuthModel->__construct()
 2 APPPATH\Controllers\Login.php(13): IonAuth\Libraries\IonAuth->__construct()
 3 SYSTEMPATH\CodeIgniter.php(903): App\Controllers\Login->__construct()
 4 SYSTEMPATH\CodeIgniter.php(500): CodeIgniter\CodeIgniter->createController()
 5 SYSTEMPATH\CodeIgniter.php(355): CodeIgniter\CodeIgniter->handleRequest(null, Object(Config\Cache), false)
 6 SYSTEMPATH\Boot.php(325): CodeIgniter\CodeIgniter->run()
 7 SYSTEMPATH\Boot.php(67): CodeIgniter\Boot::runCodeIgniter(Object(CodeIgniter\CodeIgniter))
 8 FCPATH\index.php(56): CodeIgniter\Boot::bootWeb(Object(Config\Paths))
INFO - 2024-11-22 04:14:42 --> Session: Class initialized using 'CodeIgniter\Session\Handlers\FileHandler' driver.
WARNING - 2024-11-22 04:14:42 --> [DEPRECATED] Creation of dynamic property IonAuth\Models\IonAuthModel::$join is deprecated in FCPATH\vendor\benedmunds\codeigniter-ion-auth\Models\IonAuthModel.php on line 231.
 1 APPPATH\Libraries\IonAuth.php(71): IonAuth\Models\IonAuthModel->__construct()
 2 APPPATH\Controllers\Auth.php(77): App\Libraries\IonAuth->__construct()
 3 SYSTEMPATH\CodeIgniter.php(903): App\Controllers\Auth->__construct()
 4 SYSTEMPATH\CodeIgniter.php(500): CodeIgniter\CodeIgniter->createController()
 5 SYSTEMPATH\CodeIgniter.php(355): CodeIgniter\CodeIgniter->handleRequest(null, Object(Config\Cache), false)
 6 SYSTEMPATH\Boot.php(325): CodeIgniter\CodeIgniter->run()
 7 SYSTEMPATH\Boot.php(67): CodeIgniter\Boot::runCodeIgniter(Object(CodeIgniter\CodeIgniter))
 8 FCPATH\index.php(56): CodeIgniter\Boot::bootWeb(Object(Config\Paths))
WARNING - 2024-11-22 04:14:42 --> [DEPRECATED] Creation of dynamic property IonAuth\Models\IonAuthModel::$hashMethod is deprecated in FCPATH\vendor\benedmunds\codeigniter-ion-auth\Models\IonAuthModel.php on line 234.
 1 APPPATH\Libraries\IonAuth.php(71): IonAuth\Models\IonAuthModel->__construct()
 2 APPPATH\Controllers\Auth.php(77): App\Libraries\IonAuth->__construct()
 3 SYSTEMPATH\CodeIgniter.php(903): App\Controllers\Auth->__construct()
 4 SYSTEMPATH\CodeIgniter.php(500): CodeIgniter\CodeIgniter->createController()
 5 SYSTEMPATH\CodeIgniter.php(355): CodeIgniter\CodeIgniter->handleRequest(null, Object(Config\Cache), false)
 6 SYSTEMPATH\Boot.php(325): CodeIgniter\CodeIgniter->run()
 7 SYSTEMPATH\Boot.php(67): CodeIgniter\Boot::runCodeIgniter(Object(CodeIgniter\CodeIgniter))
 8 FCPATH\index.php(56): CodeIgniter\Boot::bootWeb(Object(Config\Paths))
WARNING - 2024-11-22 04:14:42 --> [DEPRECATED] Creation of dynamic property IonAuth\Models\IonAuthModel::$messagesTemplates is deprecated in FCPATH\vendor\benedmunds\codeigniter-ion-auth\Models\IonAuthModel.php on line 237.
 1 APPPATH\Libraries\IonAuth.php(71): IonAuth\Models\IonAuthModel->__construct()
 2 APPPATH\Controllers\Auth.php(77): App\Libraries\IonAuth->__construct()
 3 SYSTEMPATH\CodeIgniter.php(903): App\Controllers\Auth->__construct()
 4 SYSTEMPATH\CodeIgniter.php(500): CodeIgniter\CodeIgniter->createController()
 5 SYSTEMPATH\CodeIgniter.php(355): CodeIgniter\CodeIgniter->handleRequest(null, Object(Config\Cache), false)
 6 SYSTEMPATH\Boot.php(325): CodeIgniter\CodeIgniter->run()
 7 SYSTEMPATH\Boot.php(67): CodeIgniter\Boot::runCodeIgniter(Object(CodeIgniter\CodeIgniter))
 8 FCPATH\index.php(56): CodeIgniter\Boot::bootWeb(Object(Config\Paths))
INFO - 2024-11-22 04:14:43 --> Session: Class initialized using 'CodeIgniter\Session\Handlers\FileHandler' driver.
WARNING - 2024-11-22 04:14:43 --> [DEPRECATED] Creation of dynamic property IonAuth\Models\IonAuthModel::$join is deprecated in FCPATH\vendor\benedmunds\codeigniter-ion-auth\Models\IonAuthModel.php on line 231.
 1 APPPATH\Libraries\IonAuth.php(71): IonAuth\Models\IonAuthModel->__construct()
 2 APPPATH\Controllers\vendor\Home.php(17): App\Libraries\IonAuth->__construct()
 3 SYSTEMPATH\CodeIgniter.php(903): App\Controllers\vendor\Home->__construct()
 4 SYSTEMPATH\CodeIgniter.php(500): CodeIgniter\CodeIgniter->createController()
 5 SYSTEMPATH\CodeIgniter.php(355): CodeIgniter\CodeIgniter->handleRequest(null, Object(Config\Cache), false)
 6 SYSTEMPATH\Boot.php(325): CodeIgniter\CodeIgniter->run()
 7 SYSTEMPATH\Boot.php(67): CodeIgniter\Boot::runCodeIgniter(Object(CodeIgniter\CodeIgniter))
 8 FCPATH\index.php(56): CodeIgniter\Boot::bootWeb(Object(Config\Paths))
WARNING - 2024-11-22 04:14:43 --> [DEPRECATED] Creation of dynamic property IonAuth\Models\IonAuthModel::$hashMethod is deprecated in FCPATH\vendor\benedmunds\codeigniter-ion-auth\Models\IonAuthModel.php on line 234.
 1 APPPATH\Libraries\IonAuth.php(71): IonAuth\Models\IonAuthModel->__construct()
 2 APPPATH\Controllers\vendor\Home.php(17): App\Libraries\IonAuth->__construct()
 3 SYSTEMPATH\CodeIgniter.php(903): App\Controllers\vendor\Home->__construct()
 4 SYSTEMPATH\CodeIgniter.php(500): CodeIgniter\CodeIgniter->createController()
 5 SYSTEMPATH\CodeIgniter.php(355): CodeIgniter\CodeIgniter->handleRequest(null, Object(Config\Cache), false)
 6 SYSTEMPATH\Boot.php(325): CodeIgniter\CodeIgniter->run()
 7 SYSTEMPATH\Boot.php(67): CodeIgniter\Boot::runCodeIgniter(Object(CodeIgniter\CodeIgniter))
 8 FCPATH\index.php(56): CodeIgniter\Boot::bootWeb(Object(Config\Paths))
WARNING - 2024-11-22 04:14:43 --> [DEPRECATED] Creation of dynamic property IonAuth\Models\IonAuthModel::$messagesTemplates is deprecated in FCPATH\vendor\benedmunds\codeigniter-ion-auth\Models\IonAuthModel.php on line 237.
 1 APPPATH\Libraries\IonAuth.php(71): IonAuth\Models\IonAuthModel->__construct()
 2 APPPATH\Controllers\vendor\Home.php(17): App\Libraries\IonAuth->__construct()
 3 SYSTEMPATH\CodeIgniter.php(903): App\Controllers\vendor\Home->__construct()
 4 SYSTEMPATH\CodeIgniter.php(500): CodeIgniter\CodeIgniter->createController()
 5 SYSTEMPATH\CodeIgniter.php(355): CodeIgniter\CodeIgniter->handleRequest(null, Object(Config\Cache), false)
 6 SYSTEMPATH\Boot.php(325): CodeIgniter\CodeIgniter->run()
 7 SYSTEMPATH\Boot.php(67): CodeIgniter\Boot::runCodeIgniter(Object(CodeIgniter\CodeIgniter))
 8 FCPATH\index.php(56): CodeIgniter\Boot::bootWeb(Object(Config\Paths))
INFO - 2024-11-22 04:14:43 --> Session: Class initialized using 'CodeIgniter\Session\Handlers\FileHandler' driver.
WARNING - 2024-11-22 04:14:43 --> [DEPRECATED] Creation of dynamic property IonAuth\Models\IonAuthModel::$join is deprecated in FCPATH\vendor\benedmunds\codeigniter-ion-auth\Models\IonAuthModel.php on line 231.
 1 APPPATH\Libraries\IonAuth.php(71): IonAuth\Models\IonAuthModel->__construct()
 2 APPPATH\Filters\CheckRoles.php(17): App\Libraries\IonAuth->__construct()
 3 SYSTEMPATH\Filters\Filters.php(197): App\Filters\CheckRoles->__construct()
 4 SYSTEMPATH\Filters\Filters.php(184): CodeIgniter\Filters\Filters->runBefore([...])
 5 SYSTEMPATH\CodeIgniter.php(481): CodeIgniter\Filters\Filters->run('vendor/businesses', 'before')
 6 SYSTEMPATH\CodeIgniter.php(355): CodeIgniter\CodeIgniter->handleRequest(null, Object(Config\Cache), false)
 7 SYSTEMPATH\Boot.php(325): CodeIgniter\CodeIgniter->run()
 8 SYSTEMPATH\Boot.php(67): CodeIgniter\Boot::runCodeIgniter(Object(CodeIgniter\CodeIgniter))
 9 FCPATH\index.php(56): CodeIgniter\Boot::bootWeb(Object(Config\Paths))
WARNING - 2024-11-22 04:14:43 --> [DEPRECATED] Creation of dynamic property IonAuth\Models\IonAuthModel::$hashMethod is deprecated in FCPATH\vendor\benedmunds\codeigniter-ion-auth\Models\IonAuthModel.php on line 234.
 1 APPPATH\Libraries\IonAuth.php(71): IonAuth\Models\IonAuthModel->__construct()
 2 APPPATH\Filters\CheckRoles.php(17): App\Libraries\IonAuth->__construct()
 3 SYSTEMPATH\Filters\Filters.php(197): App\Filters\CheckRoles->__construct()
 4 SYSTEMPATH\Filters\Filters.php(184): CodeIgniter\Filters\Filters->runBefore([...])
 5 SYSTEMPATH\CodeIgniter.php(481): CodeIgniter\Filters\Filters->run('vendor/businesses', 'before')
 6 SYSTEMPATH\CodeIgniter.php(355): CodeIgniter\CodeIgniter->handleRequest(null, Object(Config\Cache), false)
 7 SYSTEMPATH\Boot.php(325): CodeIgniter\CodeIgniter->run()
 8 SYSTEMPATH\Boot.php(67): CodeIgniter\Boot::runCodeIgniter(Object(CodeIgniter\CodeIgniter))
 9 FCPATH\index.php(56): CodeIgniter\Boot::bootWeb(Object(Config\Paths))
WARNING - 2024-11-22 04:14:43 --> [DEPRECATED] Creation of dynamic property IonAuth\Models\IonAuthModel::$messagesTemplates is deprecated in FCPATH\vendor\benedmunds\codeigniter-ion-auth\Models\IonAuthModel.php on line 237.
 1 APPPATH\Libraries\IonAuth.php(71): IonAuth\Models\IonAuthModel->__construct()
 2 APPPATH\Filters\CheckRoles.php(17): App\Libraries\IonAuth->__construct()
 3 SYSTEMPATH\Filters\Filters.php(197): App\Filters\CheckRoles->__construct()
 4 SYSTEMPATH\Filters\Filters.php(184): CodeIgniter\Filters\Filters->runBefore([...])
 5 SYSTEMPATH\CodeIgniter.php(481): CodeIgniter\Filters\Filters->run('vendor/businesses', 'before')
 6 SYSTEMPATH\CodeIgniter.php(355): CodeIgniter\CodeIgniter->handleRequest(null, Object(Config\Cache), false)
 7 SYSTEMPATH\Boot.php(325): CodeIgniter\CodeIgniter->run()
 8 SYSTEMPATH\Boot.php(67): CodeIgniter\Boot::runCodeIgniter(Object(CodeIgniter\CodeIgniter))
 9 FCPATH\index.php(56): CodeIgniter\Boot::bootWeb(Object(Config\Paths))
WARNING - 2024-11-22 04:14:43 --> [DEPRECATED] Creation of dynamic property IonAuth\Models\IonAuthModel::$join is deprecated in FCPATH\vendor\benedmunds\codeigniter-ion-auth\Models\IonAuthModel.php on line 231.
 1 APPPATH\Libraries\IonAuth.php(71): IonAuth\Models\IonAuthModel->__construct()
 2 APPPATH\Controllers\vendor\Businesses.php(19): App\Libraries\IonAuth->__construct()
 3 SYSTEMPATH\CodeIgniter.php(903): App\Controllers\vendor\Businesses->__construct()
 4 SYSTEMPATH\CodeIgniter.php(500): CodeIgniter\CodeIgniter->createController()
 5 SYSTEMPATH\CodeIgniter.php(355): CodeIgniter\CodeIgniter->handleRequest(null, Object(Config\Cache), false)
 6 SYSTEMPATH\Boot.php(325): CodeIgniter\CodeIgniter->run()
 7 SYSTEMPATH\Boot.php(67): CodeIgniter\Boot::runCodeIgniter(Object(CodeIgniter\CodeIgniter))
 8 FCPATH\index.php(56): CodeIgniter\Boot::bootWeb(Object(Config\Paths))
WARNING - 2024-11-22 04:14:43 --> [DEPRECATED] Creation of dynamic property IonAuth\Models\IonAuthModel::$hashMethod is deprecated in FCPATH\vendor\benedmunds\codeigniter-ion-auth\Models\IonAuthModel.php on line 234.
 1 APPPATH\Libraries\IonAuth.php(71): IonAuth\Models\IonAuthModel->__construct()
 2 APPPATH\Controllers\vendor\Businesses.php(19): App\Libraries\IonAuth->__construct()
 3 SYSTEMPATH\CodeIgniter.php(903): App\Controllers\vendor\Businesses->__construct()
 4 SYSTEMPATH\CodeIgniter.php(500): CodeIgniter\CodeIgniter->createController()
 5 SYSTEMPATH\CodeIgniter.php(355): CodeIgniter\CodeIgniter->handleRequest(null, Object(Config\Cache), false)
 6 SYSTEMPATH\Boot.php(325): CodeIgniter\CodeIgniter->run()
 7 SYSTEMPATH\Boot.php(67): CodeIgniter\Boot::runCodeIgniter(Object(CodeIgniter\CodeIgniter))
 8 FCPATH\index.php(56): CodeIgniter\Boot::bootWeb(Object(Config\Paths))
WARNING - 2024-11-22 04:14:43 --> [DEPRECATED] Creation of dynamic property IonAuth\Models\IonAuthModel::$messagesTemplates is deprecated in FCPATH\vendor\benedmunds\codeigniter-ion-auth\Models\IonAuthModel.php on line 237.
 1 APPPATH\Libraries\IonAuth.php(71): IonAuth\Models\IonAuthModel->__construct()
 2 APPPATH\Controllers\vendor\Businesses.php(19): App\Libraries\IonAuth->__construct()
 3 SYSTEMPATH\CodeIgniter.php(903): App\Controllers\vendor\Businesses->__construct()
 4 SYSTEMPATH\CodeIgniter.php(500): CodeIgniter\CodeIgniter->createController()
 5 SYSTEMPATH\CodeIgniter.php(355): CodeIgniter\CodeIgniter->handleRequest(null, Object(Config\Cache), false)
 6 SYSTEMPATH\Boot.php(325): CodeIgniter\CodeIgniter->run()
 7 SYSTEMPATH\Boot.php(67): CodeIgniter\Boot::runCodeIgniter(Object(CodeIgniter\CodeIgniter))
 8 FCPATH\index.php(56): CodeIgniter\Boot::bootWeb(Object(Config\Paths))
WARNING - 2024-11-22 09:44:44 --> [DEPRECATED] Creation of dynamic property IonAuth\Models\IonAuthModel::$join is deprecated in FCPATH\vendor\benedmunds\codeigniter-ion-auth\Models\IonAuthModel.php on line 231.
 1 APPPATH\Libraries\IonAuth.php(71): IonAuth\Models\IonAuthModel->__construct()
 2 APPPATH\Filters\CheckRoles.php(17): App\Libraries\IonAuth->__construct()
 3 SYSTEMPATH\Filters\Filters.php(235): App\Filters\CheckRoles->__construct()
 4 SYSTEMPATH\Filters\Filters.php(188): CodeIgniter\Filters\Filters->runAfter([...])
 5 SYSTEMPATH\CodeIgniter.php(527): CodeIgniter\Filters\Filters->run('vendor/businesses', 'after')
 6 SYSTEMPATH\CodeIgniter.php(355): CodeIgniter\CodeIgniter->handleRequest(null, Object(Config\Cache), false)
 7 SYSTEMPATH\Boot.php(325): CodeIgniter\CodeIgniter->run()
 8 SYSTEMPATH\Boot.php(67): CodeIgniter\Boot::runCodeIgniter(Object(CodeIgniter\CodeIgniter))
 9 FCPATH\index.php(56): CodeIgniter\Boot::bootWeb(Object(Config\Paths))
WARNING - 2024-11-22 09:44:44 --> [DEPRECATED] Creation of dynamic property IonAuth\Models\IonAuthModel::$hashMethod is deprecated in FCPATH\vendor\benedmunds\codeigniter-ion-auth\Models\IonAuthModel.php on line 234.
 1 APPPATH\Libraries\IonAuth.php(71): IonAuth\Models\IonAuthModel->__construct()
 2 APPPATH\Filters\CheckRoles.php(17): App\Libraries\IonAuth->__construct()
 3 SYSTEMPATH\Filters\Filters.php(235): App\Filters\CheckRoles->__construct()
 4 SYSTEMPATH\Filters\Filters.php(188): CodeIgniter\Filters\Filters->runAfter([...])
 5 SYSTEMPATH\CodeIgniter.php(527): CodeIgniter\Filters\Filters->run('vendor/businesses', 'after')
 6 SYSTEMPATH\CodeIgniter.php(355): CodeIgniter\CodeIgniter->handleRequest(null, Object(Config\Cache), false)
 7 SYSTEMPATH\Boot.php(325): CodeIgniter\CodeIgniter->run()
 8 SYSTEMPATH\Boot.php(67): CodeIgniter\Boot::runCodeIgniter(Object(CodeIgniter\CodeIgniter))
 9 FCPATH\index.php(56): CodeIgniter\Boot::bootWeb(Object(Config\Paths))
WARNING - 2024-11-22 09:44:44 --> [DEPRECATED] Creation of dynamic property IonAuth\Models\IonAuthModel::$messagesTemplates is deprecated in FCPATH\vendor\benedmunds\codeigniter-ion-auth\Models\IonAuthModel.php on line 237.
 1 APPPATH\Libraries\IonAuth.php(71): IonAuth\Models\IonAuthModel->__construct()
 2 APPPATH\Filters\CheckRoles.php(17): App\Libraries\IonAuth->__construct()
 3 SYSTEMPATH\Filters\Filters.php(235): App\Filters\CheckRoles->__construct()
 4 SYSTEMPATH\Filters\Filters.php(188): CodeIgniter\Filters\Filters->runAfter([...])
 5 SYSTEMPATH\CodeIgniter.php(527): CodeIgniter\Filters\Filters->run('vendor/businesses', 'after')
 6 SYSTEMPATH\CodeIgniter.php(355): CodeIgniter\CodeIgniter->handleRequest(null, Object(Config\Cache), false)
 7 SYSTEMPATH\Boot.php(325): CodeIgniter\CodeIgniter->run()
 8 SYSTEMPATH\Boot.php(67): CodeIgniter\Boot::runCodeIgniter(Object(CodeIgniter\CodeIgniter))
 9 FCPATH\index.php(56): CodeIgniter\Boot::bootWeb(Object(Config\Paths))
INFO - 2024-11-22 04:14:46 --> Session: Class initialized using 'CodeIgniter\Session\Handlers\FileHandler' driver.
WARNING - 2024-11-22 04:14:46 --> [DEPRECATED] Creation of dynamic property IonAuth\Models\IonAuthModel::$join is deprecated in FCPATH\vendor\benedmunds\codeigniter-ion-auth\Models\IonAuthModel.php on line 231.
 1 APPPATH\Libraries\IonAuth.php(71): IonAuth\Models\IonAuthModel->__construct()
 2 APPPATH\Filters\CheckRoles.php(17): App\Libraries\IonAuth->__construct()
 3 SYSTEMPATH\Filters\Filters.php(197): App\Filters\CheckRoles->__construct()
 4 SYSTEMPATH\Filters\Filters.php(184): CodeIgniter\Filters\Filters->runBefore([...])
 5 SYSTEMPATH\CodeIgniter.php(481): CodeIgniter\Filters\Filters->run('vendor/businesses/business_table', 'before')
 6 SYSTEMPATH\CodeIgniter.php(355): CodeIgniter\CodeIgniter->handleRequest(null, Object(Config\Cache), false)
 7 SYSTEMPATH\Boot.php(325): CodeIgniter\CodeIgniter->run()
 8 SYSTEMPATH\Boot.php(67): CodeIgniter\Boot::runCodeIgniter(Object(CodeIgniter\CodeIgniter))
 9 FCPATH\index.php(56): CodeIgniter\Boot::bootWeb(Object(Config\Paths))
WARNING - 2024-11-22 04:14:46 --> [DEPRECATED] Creation of dynamic property IonAuth\Models\IonAuthModel::$hashMethod is deprecated in FCPATH\vendor\benedmunds\codeigniter-ion-auth\Models\IonAuthModel.php on line 234.
 1 APPPATH\Libraries\IonAuth.php(71): IonAuth\Models\IonAuthModel->__construct()
 2 APPPATH\Filters\CheckRoles.php(17): App\Libraries\IonAuth->__construct()
 3 SYSTEMPATH\Filters\Filters.php(197): App\Filters\CheckRoles->__construct()
 4 SYSTEMPATH\Filters\Filters.php(184): CodeIgniter\Filters\Filters->runBefore([...])
 5 SYSTEMPATH\CodeIgniter.php(481): CodeIgniter\Filters\Filters->run('vendor/businesses/business_table', 'before')
 6 SYSTEMPATH\CodeIgniter.php(355): CodeIgniter\CodeIgniter->handleRequest(null, Object(Config\Cache), false)
 7 SYSTEMPATH\Boot.php(325): CodeIgniter\CodeIgniter->run()
 8 SYSTEMPATH\Boot.php(67): CodeIgniter\Boot::runCodeIgniter(Object(CodeIgniter\CodeIgniter))
 9 FCPATH\index.php(56): CodeIgniter\Boot::bootWeb(Object(Config\Paths))
WARNING - 2024-11-22 04:14:46 --> [DEPRECATED] Creation of dynamic property IonAuth\Models\IonAuthModel::$messagesTemplates is deprecated in FCPATH\vendor\benedmunds\codeigniter-ion-auth\Models\IonAuthModel.php on line 237.
 1 APPPATH\Libraries\IonAuth.php(71): IonAuth\Models\IonAuthModel->__construct()
 2 APPPATH\Filters\CheckRoles.php(17): App\Libraries\IonAuth->__construct()
 3 SYSTEMPATH\Filters\Filters.php(197): App\Filters\CheckRoles->__construct()
 4 SYSTEMPATH\Filters\Filters.php(184): CodeIgniter\Filters\Filters->runBefore([...])
 5 SYSTEMPATH\CodeIgniter.php(481): CodeIgniter\Filters\Filters->run('vendor/businesses/business_table', 'before')
 6 SYSTEMPATH\CodeIgniter.php(355): CodeIgniter\CodeIgniter->handleRequest(null, Object(Config\Cache), false)
 7 SYSTEMPATH\Boot.php(325): CodeIgniter\CodeIgniter->run()
 8 SYSTEMPATH\Boot.php(67): CodeIgniter\Boot::runCodeIgniter(Object(CodeIgniter\CodeIgniter))
 9 FCPATH\index.php(56): CodeIgniter\Boot::bootWeb(Object(Config\Paths))
WARNING - 2024-11-22 04:14:46 --> [DEPRECATED] Creation of dynamic property IonAuth\Models\IonAuthModel::$join is deprecated in FCPATH\vendor\benedmunds\codeigniter-ion-auth\Models\IonAuthModel.php on line 231.
 1 APPPATH\Libraries\IonAuth.php(71): IonAuth\Models\IonAuthModel->__construct()
 2 APPPATH\Controllers\vendor\Businesses.php(19): App\Libraries\IonAuth->__construct()
 3 SYSTEMPATH\CodeIgniter.php(903): App\Controllers\vendor\Businesses->__construct()
 4 SYSTEMPATH\CodeIgniter.php(500): CodeIgniter\CodeIgniter->createController()
 5 SYSTEMPATH\CodeIgniter.php(355): CodeIgniter\CodeIgniter->handleRequest(null, Object(Config\Cache), false)
 6 SYSTEMPATH\Boot.php(325): CodeIgniter\CodeIgniter->run()
 7 SYSTEMPATH\Boot.php(67): CodeIgniter\Boot::runCodeIgniter(Object(CodeIgniter\CodeIgniter))
 8 FCPATH\index.php(56): CodeIgniter\Boot::bootWeb(Object(Config\Paths))
WARNING - 2024-11-22 04:14:46 --> [DEPRECATED] Creation of dynamic property IonAuth\Models\IonAuthModel::$hashMethod is deprecated in FCPATH\vendor\benedmunds\codeigniter-ion-auth\Models\IonAuthModel.php on line 234.
 1 APPPATH\Libraries\IonAuth.php(71): IonAuth\Models\IonAuthModel->__construct()
 2 APPPATH\Controllers\vendor\Businesses.php(19): App\Libraries\IonAuth->__construct()
 3 SYSTEMPATH\CodeIgniter.php(903): App\Controllers\vendor\Businesses->__construct()
 4 SYSTEMPATH\CodeIgniter.php(500): CodeIgniter\CodeIgniter->createController()
 5 SYSTEMPATH\CodeIgniter.php(355): CodeIgniter\CodeIgniter->handleRequest(null, Object(Config\Cache), false)
 6 SYSTEMPATH\Boot.php(325): CodeIgniter\CodeIgniter->run()
 7 SYSTEMPATH\Boot.php(67): CodeIgniter\Boot::runCodeIgniter(Object(CodeIgniter\CodeIgniter))
 8 FCPATH\index.php(56): CodeIgniter\Boot::bootWeb(Object(Config\Paths))
WARNING - 2024-11-22 04:14:46 --> [DEPRECATED] Creation of dynamic property IonAuth\Models\IonAuthModel::$messagesTemplates is deprecated in FCPATH\vendor\benedmunds\codeigniter-ion-auth\Models\IonAuthModel.php on line 237.
 1 APPPATH\Libraries\IonAuth.php(71): IonAuth\Models\IonAuthModel->__construct()
 2 APPPATH\Controllers\vendor\Businesses.php(19): App\Libraries\IonAuth->__construct()
 3 SYSTEMPATH\CodeIgniter.php(903): App\Controllers\vendor\Businesses->__construct()
 4 SYSTEMPATH\CodeIgniter.php(500): CodeIgniter\CodeIgniter->createController()
 5 SYSTEMPATH\CodeIgniter.php(355): CodeIgniter\CodeIgniter->handleRequest(null, Object(Config\Cache), false)
 6 SYSTEMPATH\Boot.php(325): CodeIgniter\CodeIgniter->run()
 7 SYSTEMPATH\Boot.php(67): CodeIgniter\Boot::runCodeIgniter(Object(CodeIgniter\CodeIgniter))
 8 FCPATH\index.php(56): CodeIgniter\Boot::bootWeb(Object(Config\Paths))
WARNING - 2024-11-22 09:44:46 --> [DEPRECATED] Creation of dynamic property IonAuth\Models\IonAuthModel::$join is deprecated in FCPATH\vendor\benedmunds\codeigniter-ion-auth\Models\IonAuthModel.php on line 231.
 1 APPPATH\Libraries\IonAuth.php(71): IonAuth\Models\IonAuthModel->__construct()
 2 APPPATH\Filters\CheckRoles.php(17): App\Libraries\IonAuth->__construct()
 3 SYSTEMPATH\Filters\Filters.php(235): App\Filters\CheckRoles->__construct()
 4 SYSTEMPATH\Filters\Filters.php(188): CodeIgniter\Filters\Filters->runAfter([...])
 5 SYSTEMPATH\CodeIgniter.php(527): CodeIgniter\Filters\Filters->run('vendor/businesses/business_table', 'after')
 6 SYSTEMPATH\CodeIgniter.php(355): CodeIgniter\CodeIgniter->handleRequest(null, Object(Config\Cache), false)
 7 SYSTEMPATH\Boot.php(325): CodeIgniter\CodeIgniter->run()
 8 SYSTEMPATH\Boot.php(67): CodeIgniter\Boot::runCodeIgniter(Object(CodeIgniter\CodeIgniter))
 9 FCPATH\index.php(56): CodeIgniter\Boot::bootWeb(Object(Config\Paths))
WARNING - 2024-11-22 09:44:46 --> [DEPRECATED] Creation of dynamic property IonAuth\Models\IonAuthModel::$hashMethod is deprecated in FCPATH\vendor\benedmunds\codeigniter-ion-auth\Models\IonAuthModel.php on line 234.
 1 APPPATH\Libraries\IonAuth.php(71): IonAuth\Models\IonAuthModel->__construct()
 2 APPPATH\Filters\CheckRoles.php(17): App\Libraries\IonAuth->__construct()
 3 SYSTEMPATH\Filters\Filters.php(235): App\Filters\CheckRoles->__construct()
 4 SYSTEMPATH\Filters\Filters.php(188): CodeIgniter\Filters\Filters->runAfter([...])
 5 SYSTEMPATH\CodeIgniter.php(527): CodeIgniter\Filters\Filters->run('vendor/businesses/business_table', 'after')
 6 SYSTEMPATH\CodeIgniter.php(355): CodeIgniter\CodeIgniter->handleRequest(null, Object(Config\Cache), false)
 7 SYSTEMPATH\Boot.php(325): CodeIgniter\CodeIgniter->run()
 8 SYSTEMPATH\Boot.php(67): CodeIgniter\Boot::runCodeIgniter(Object(CodeIgniter\CodeIgniter))
 9 FCPATH\index.php(56): CodeIgniter\Boot::bootWeb(Object(Config\Paths))
WARNING - 2024-11-22 09:44:46 --> [DEPRECATED] Creation of dynamic property IonAuth\Models\IonAuthModel::$messagesTemplates is deprecated in FCPATH\vendor\benedmunds\codeigniter-ion-auth\Models\IonAuthModel.php on line 237.
 1 APPPATH\Libraries\IonAuth.php(71): IonAuth\Models\IonAuthModel->__construct()
 2 APPPATH\Filters\CheckRoles.php(17): App\Libraries\IonAuth->__construct()
 3 SYSTEMPATH\Filters\Filters.php(235): App\Filters\CheckRoles->__construct()
 4 SYSTEMPATH\Filters\Filters.php(188): CodeIgniter\Filters\Filters->runAfter([...])
 5 SYSTEMPATH\CodeIgniter.php(527): CodeIgniter\Filters\Filters->run('vendor/businesses/business_table', 'after')
 6 SYSTEMPATH\CodeIgniter.php(355): CodeIgniter\CodeIgniter->handleRequest(null, Object(Config\Cache), false)
 7 SYSTEMPATH\Boot.php(325): CodeIgniter\CodeIgniter->run()
 8 SYSTEMPATH\Boot.php(67): CodeIgniter\Boot::runCodeIgniter(Object(CodeIgniter\CodeIgniter))
 9 FCPATH\index.php(56): CodeIgniter\Boot::bootWeb(Object(Config\Paths))
INFO - 2024-11-22 04:14:47 --> Session: Class initialized using 'CodeIgniter\Session\Handlers\FileHandler' driver.
WARNING - 2024-11-22 04:14:47 --> [DEPRECATED] Creation of dynamic property IonAuth\Models\IonAuthModel::$join is deprecated in FCPATH\vendor\benedmunds\codeigniter-ion-auth\Models\IonAuthModel.php on line 231.
 1 APPPATH\Libraries\IonAuth.php(71): IonAuth\Models\IonAuthModel->__construct()
 2 APPPATH\Filters\CheckPermissions.php(16): App\Libraries\IonAuth->__construct()
 3 SYSTEMPATH\Filters\Filters.php(197): App\Filters\CheckPermissions->__construct()
 4 SYSTEMPATH\Filters\Filters.php(184): CodeIgniter\Filters\Filters->runBefore([...])
 5 SYSTEMPATH\CodeIgniter.php(481): CodeIgniter\Filters\Filters->run('vendor/products/stock_alert', 'before')
 6 SYSTEMPATH\CodeIgniter.php(355): CodeIgniter\CodeIgniter->handleRequest(null, Object(Config\Cache), false)
 7 SYSTEMPATH\Boot.php(325): CodeIgniter\CodeIgniter->run()
 8 SYSTEMPATH\Boot.php(67): CodeIgniter\Boot::runCodeIgniter(Object(CodeIgniter\CodeIgniter))
 9 FCPATH\index.php(56): CodeIgniter\Boot::bootWeb(Object(Config\Paths))
WARNING - 2024-11-22 04:14:47 --> [DEPRECATED] Creation of dynamic property IonAuth\Models\IonAuthModel::$hashMethod is deprecated in FCPATH\vendor\benedmunds\codeigniter-ion-auth\Models\IonAuthModel.php on line 234.
 1 APPPATH\Libraries\IonAuth.php(71): IonAuth\Models\IonAuthModel->__construct()
 2 APPPATH\Filters\CheckPermissions.php(16): App\Libraries\IonAuth->__construct()
 3 SYSTEMPATH\Filters\Filters.php(197): App\Filters\CheckPermissions->__construct()
 4 SYSTEMPATH\Filters\Filters.php(184): CodeIgniter\Filters\Filters->runBefore([...])
 5 SYSTEMPATH\CodeIgniter.php(481): CodeIgniter\Filters\Filters->run('vendor/products/stock_alert', 'before')
 6 SYSTEMPATH\CodeIgniter.php(355): CodeIgniter\CodeIgniter->handleRequest(null, Object(Config\Cache), false)
 7 SYSTEMPATH\Boot.php(325): CodeIgniter\CodeIgniter->run()
 8 SYSTEMPATH\Boot.php(67): CodeIgniter\Boot::runCodeIgniter(Object(CodeIgniter\CodeIgniter))
 9 FCPATH\index.php(56): CodeIgniter\Boot::bootWeb(Object(Config\Paths))
WARNING - 2024-11-22 04:14:47 --> [DEPRECATED] Creation of dynamic property IonAuth\Models\IonAuthModel::$messagesTemplates is deprecated in FCPATH\vendor\benedmunds\codeigniter-ion-auth\Models\IonAuthModel.php on line 237.
 1 APPPATH\Libraries\IonAuth.php(71): IonAuth\Models\IonAuthModel->__construct()
 2 APPPATH\Filters\CheckPermissions.php(16): App\Libraries\IonAuth->__construct()
 3 SYSTEMPATH\Filters\Filters.php(197): App\Filters\CheckPermissions->__construct()
 4 SYSTEMPATH\Filters\Filters.php(184): CodeIgniter\Filters\Filters->runBefore([...])
 5 SYSTEMPATH\CodeIgniter.php(481): CodeIgniter\Filters\Filters->run('vendor/products/stock_alert', 'before')
 6 SYSTEMPATH\CodeIgniter.php(355): CodeIgniter\CodeIgniter->handleRequest(null, Object(Config\Cache), false)
 7 SYSTEMPATH\Boot.php(325): CodeIgniter\CodeIgniter->run()
 8 SYSTEMPATH\Boot.php(67): CodeIgniter\Boot::runCodeIgniter(Object(CodeIgniter\CodeIgniter))
 9 FCPATH\index.php(56): CodeIgniter\Boot::bootWeb(Object(Config\Paths))
WARNING - 2024-11-22 04:14:47 --> [DEPRECATED] Creation of dynamic property IonAuth\Models\IonAuthModel::$join is deprecated in FCPATH\vendor\benedmunds\codeigniter-ion-auth\Models\IonAuthModel.php on line 231.
 1 APPPATH\Libraries\IonAuth.php(71): IonAuth\Models\IonAuthModel->__construct()
 2 APPPATH\Controllers\vendor\Products.php(25): App\Libraries\IonAuth->__construct()
 3 SYSTEMPATH\CodeIgniter.php(903): App\Controllers\vendor\Products->__construct()
 4 SYSTEMPATH\CodeIgniter.php(500): CodeIgniter\CodeIgniter->createController()
 5 SYSTEMPATH\CodeIgniter.php(355): CodeIgniter\CodeIgniter->handleRequest(null, Object(Config\Cache), false)
 6 SYSTEMPATH\Boot.php(325): CodeIgniter\CodeIgniter->run()
 7 SYSTEMPATH\Boot.php(67): CodeIgniter\Boot::runCodeIgniter(Object(CodeIgniter\CodeIgniter))
 8 FCPATH\index.php(56): CodeIgniter\Boot::bootWeb(Object(Config\Paths))
WARNING - 2024-11-22 04:14:47 --> [DEPRECATED] Creation of dynamic property IonAuth\Models\IonAuthModel::$hashMethod is deprecated in FCPATH\vendor\benedmunds\codeigniter-ion-auth\Models\IonAuthModel.php on line 234.
 1 APPPATH\Libraries\IonAuth.php(71): IonAuth\Models\IonAuthModel->__construct()
 2 APPPATH\Controllers\vendor\Products.php(25): App\Libraries\IonAuth->__construct()
 3 SYSTEMPATH\CodeIgniter.php(903): App\Controllers\vendor\Products->__construct()
 4 SYSTEMPATH\CodeIgniter.php(500): CodeIgniter\CodeIgniter->createController()
 5 SYSTEMPATH\CodeIgniter.php(355): CodeIgniter\CodeIgniter->handleRequest(null, Object(Config\Cache), false)
 6 SYSTEMPATH\Boot.php(325): CodeIgniter\CodeIgniter->run()
 7 SYSTEMPATH\Boot.php(67): CodeIgniter\Boot::runCodeIgniter(Object(CodeIgniter\CodeIgniter))
 8 FCPATH\index.php(56): CodeIgniter\Boot::bootWeb(Object(Config\Paths))
WARNING - 2024-11-22 04:14:47 --> [DEPRECATED] Creation of dynamic property IonAuth\Models\IonAuthModel::$messagesTemplates is deprecated in FCPATH\vendor\benedmunds\codeigniter-ion-auth\Models\IonAuthModel.php on line 237.
 1 APPPATH\Libraries\IonAuth.php(71): IonAuth\Models\IonAuthModel->__construct()
 2 APPPATH\Controllers\vendor\Products.php(25): App\Libraries\IonAuth->__construct()
 3 SYSTEMPATH\CodeIgniter.php(903): App\Controllers\vendor\Products->__construct()
 4 SYSTEMPATH\CodeIgniter.php(500): CodeIgniter\CodeIgniter->createController()
 5 SYSTEMPATH\CodeIgniter.php(355): CodeIgniter\CodeIgniter->handleRequest(null, Object(Config\Cache), false)
 6 SYSTEMPATH\Boot.php(325): CodeIgniter\CodeIgniter->run()
 7 SYSTEMPATH\Boot.php(67): CodeIgniter\Boot::runCodeIgniter(Object(CodeIgniter\CodeIgniter))
 8 FCPATH\index.php(56): CodeIgniter\Boot::bootWeb(Object(Config\Paths))
CRITICAL - 2024-11-22 09:44:47 --> ErrorException: Undefined variable $array
[Method: GET, Route: vendor/products/stock_alert]
in APPPATH\Controllers\vendor\Products.php on line 1324.
 1 APPPATH\Controllers\vendor\Products.php(1324): CodeIgniter\Debug\Exceptions->errorHandler(2, 'Undefined variable $array', 'C:\\xampp1\\htdocs\\Maareeye-sass-git\\app\\Controllers\\vendor\\Products.php', 1324)
 2 SYSTEMPATH\CodeIgniter.php(933): App\Controllers\vendor\Products->stock_alert()
 3 SYSTEMPATH\CodeIgniter.php(509): CodeIgniter\CodeIgniter->runController(Object(App\Controllers\vendor\Products))
 4 SYSTEMPATH\CodeIgniter.php(355): CodeIgniter\CodeIgniter->handleRequest(null, Object(Config\Cache), false)
 5 SYSTEMPATH\Boot.php(325): CodeIgniter\CodeIgniter->run()
 6 SYSTEMPATH\Boot.php(67): CodeIgniter\Boot::runCodeIgniter(Object(CodeIgniter\CodeIgniter))
 7 FCPATH\index.php(56): CodeIgniter\Boot::bootWeb(Object(Config\Paths))
INFO - 2024-11-22 04:14:47 --> Session: Class initialized using 'CodeIgniter\Session\Handlers\FileHandler' driver.
WARNING - 2024-11-22 04:14:47 --> [DEPRECATED] Creation of dynamic property IonAuth\Models\IonAuthModel::$join is deprecated in FCPATH\vendor\benedmunds\codeigniter-ion-auth\Models\IonAuthModel.php on line 231.
 1 APPPATH\Libraries\IonAuth.php(71): IonAuth\Models\IonAuthModel->__construct()
 2 APPPATH\Filters\CheckPermissions.php(16): App\Libraries\IonAuth->__construct()
 3 SYSTEMPATH\Filters\Filters.php(197): App\Filters\CheckPermissions->__construct()
 4 SYSTEMPATH\Filters\Filters.php(184): CodeIgniter\Filters\Filters->runBefore([...])
 5 SYSTEMPATH\CodeIgniter.php(481): CodeIgniter\Filters\Filters->run('vendor/home/switch_businesses/5', 'before')
 6 SYSTEMPATH\CodeIgniter.php(355): CodeIgniter\CodeIgniter->handleRequest(null, Object(Config\Cache), false)
 7 SYSTEMPATH\Boot.php(325): CodeIgniter\CodeIgniter->run()
 8 SYSTEMPATH\Boot.php(67): CodeIgniter\Boot::runCodeIgniter(Object(CodeIgniter\CodeIgniter))
 9 FCPATH\index.php(56): CodeIgniter\Boot::bootWeb(Object(Config\Paths))
WARNING - 2024-11-22 04:14:47 --> [DEPRECATED] Creation of dynamic property IonAuth\Models\IonAuthModel::$hashMethod is deprecated in FCPATH\vendor\benedmunds\codeigniter-ion-auth\Models\IonAuthModel.php on line 234.
 1 APPPATH\Libraries\IonAuth.php(71): IonAuth\Models\IonAuthModel->__construct()
 2 APPPATH\Filters\CheckPermissions.php(16): App\Libraries\IonAuth->__construct()
 3 SYSTEMPATH\Filters\Filters.php(197): App\Filters\CheckPermissions->__construct()
 4 SYSTEMPATH\Filters\Filters.php(184): CodeIgniter\Filters\Filters->runBefore([...])
 5 SYSTEMPATH\CodeIgniter.php(481): CodeIgniter\Filters\Filters->run('vendor/home/switch_businesses/5', 'before')
 6 SYSTEMPATH\CodeIgniter.php(355): CodeIgniter\CodeIgniter->handleRequest(null, Object(Config\Cache), false)
 7 SYSTEMPATH\Boot.php(325): CodeIgniter\CodeIgniter->run()
 8 SYSTEMPATH\Boot.php(67): CodeIgniter\Boot::runCodeIgniter(Object(CodeIgniter\CodeIgniter))
 9 FCPATH\index.php(56): CodeIgniter\Boot::bootWeb(Object(Config\Paths))
WARNING - 2024-11-22 04:14:47 --> [DEPRECATED] Creation of dynamic property IonAuth\Models\IonAuthModel::$messagesTemplates is deprecated in FCPATH\vendor\benedmunds\codeigniter-ion-auth\Models\IonAuthModel.php on line 237.
 1 APPPATH\Libraries\IonAuth.php(71): IonAuth\Models\IonAuthModel->__construct()
 2 APPPATH\Filters\CheckPermissions.php(16): App\Libraries\IonAuth->__construct()
 3 SYSTEMPATH\Filters\Filters.php(197): App\Filters\CheckPermissions->__construct()
 4 SYSTEMPATH\Filters\Filters.php(184): CodeIgniter\Filters\Filters->runBefore([...])
 5 SYSTEMPATH\CodeIgniter.php(481): CodeIgniter\Filters\Filters->run('vendor/home/switch_businesses/5', 'before')
 6 SYSTEMPATH\CodeIgniter.php(355): CodeIgniter\CodeIgniter->handleRequest(null, Object(Config\Cache), false)
 7 SYSTEMPATH\Boot.php(325): CodeIgniter\CodeIgniter->run()
 8 SYSTEMPATH\Boot.php(67): CodeIgniter\Boot::runCodeIgniter(Object(CodeIgniter\CodeIgniter))
 9 FCPATH\index.php(56): CodeIgniter\Boot::bootWeb(Object(Config\Paths))
WARNING - 2024-11-22 04:14:48 --> [DEPRECATED] Creation of dynamic property IonAuth\Models\IonAuthModel::$join is deprecated in FCPATH\vendor\benedmunds\codeigniter-ion-auth\Models\IonAuthModel.php on line 231.
 1 APPPATH\Libraries\IonAuth.php(71): IonAuth\Models\IonAuthModel->__construct()
 2 APPPATH\Controllers\vendor\Home.php(17): App\Libraries\IonAuth->__construct()
 3 SYSTEMPATH\CodeIgniter.php(903): App\Controllers\vendor\Home->__construct()
 4 SYSTEMPATH\CodeIgniter.php(500): CodeIgniter\CodeIgniter->createController()
 5 SYSTEMPATH\CodeIgniter.php(355): CodeIgniter\CodeIgniter->handleRequest(null, Object(Config\Cache), false)
 6 SYSTEMPATH\Boot.php(325): CodeIgniter\CodeIgniter->run()
 7 SYSTEMPATH\Boot.php(67): CodeIgniter\Boot::runCodeIgniter(Object(CodeIgniter\CodeIgniter))
 8 FCPATH\index.php(56): CodeIgniter\Boot::bootWeb(Object(Config\Paths))
WARNING - 2024-11-22 04:14:48 --> [DEPRECATED] Creation of dynamic property IonAuth\Models\IonAuthModel::$hashMethod is deprecated in FCPATH\vendor\benedmunds\codeigniter-ion-auth\Models\IonAuthModel.php on line 234.
 1 APPPATH\Libraries\IonAuth.php(71): IonAuth\Models\IonAuthModel->__construct()
 2 APPPATH\Controllers\vendor\Home.php(17): App\Libraries\IonAuth->__construct()
 3 SYSTEMPATH\CodeIgniter.php(903): App\Controllers\vendor\Home->__construct()
 4 SYSTEMPATH\CodeIgniter.php(500): CodeIgniter\CodeIgniter->createController()
 5 SYSTEMPATH\CodeIgniter.php(355): CodeIgniter\CodeIgniter->handleRequest(null, Object(Config\Cache), false)
 6 SYSTEMPATH\Boot.php(325): CodeIgniter\CodeIgniter->run()
 7 SYSTEMPATH\Boot.php(67): CodeIgniter\Boot::runCodeIgniter(Object(CodeIgniter\CodeIgniter))
 8 FCPATH\index.php(56): CodeIgniter\Boot::bootWeb(Object(Config\Paths))
WARNING - 2024-11-22 04:14:48 --> [DEPRECATED] Creation of dynamic property IonAuth\Models\IonAuthModel::$messagesTemplates is deprecated in FCPATH\vendor\benedmunds\codeigniter-ion-auth\Models\IonAuthModel.php on line 237.
 1 APPPATH\Libraries\IonAuth.php(71): IonAuth\Models\IonAuthModel->__construct()
 2 APPPATH\Controllers\vendor\Home.php(17): App\Libraries\IonAuth->__construct()
 3 SYSTEMPATH\CodeIgniter.php(903): App\Controllers\vendor\Home->__construct()
 4 SYSTEMPATH\CodeIgniter.php(500): CodeIgniter\CodeIgniter->createController()
 5 SYSTEMPATH\CodeIgniter.php(355): CodeIgniter\CodeIgniter->handleRequest(null, Object(Config\Cache), false)
 6 SYSTEMPATH\Boot.php(325): CodeIgniter\CodeIgniter->run()
 7 SYSTEMPATH\Boot.php(67): CodeIgniter\Boot::runCodeIgniter(Object(CodeIgniter\CodeIgniter))
 8 FCPATH\index.php(56): CodeIgniter\Boot::bootWeb(Object(Config\Paths))
WARNING - 2024-11-22 09:44:48 --> [DEPRECATED] Creation of dynamic property IonAuth\Models\IonAuthModel::$join is deprecated in FCPATH\vendor\benedmunds\codeigniter-ion-auth\Models\IonAuthModel.php on line 231.
 1 APPPATH\Libraries\IonAuth.php(71): IonAuth\Models\IonAuthModel->__construct()
 2 APPPATH\Filters\CheckPermissions.php(16): App\Libraries\IonAuth->__construct()
 3 SYSTEMPATH\Filters\Filters.php(235): App\Filters\CheckPermissions->__construct()
 4 SYSTEMPATH\Filters\Filters.php(188): CodeIgniter\Filters\Filters->runAfter([...])
 5 SYSTEMPATH\CodeIgniter.php(527): CodeIgniter\Filters\Filters->run('vendor/home/switch_businesses/5', 'after')
 6 SYSTEMPATH\CodeIgniter.php(355): CodeIgniter\CodeIgniter->handleRequest(null, Object(Config\Cache), false)
 7 SYSTEMPATH\Boot.php(325): CodeIgniter\CodeIgniter->run()
 8 SYSTEMPATH\Boot.php(67): CodeIgniter\Boot::runCodeIgniter(Object(CodeIgniter\CodeIgniter))
 9 FCPATH\index.php(56): CodeIgniter\Boot::bootWeb(Object(Config\Paths))
WARNING - 2024-11-22 09:44:48 --> [DEPRECATED] Creation of dynamic property IonAuth\Models\IonAuthModel::$hashMethod is deprecated in FCPATH\vendor\benedmunds\codeigniter-ion-auth\Models\IonAuthModel.php on line 234.
 1 APPPATH\Libraries\IonAuth.php(71): IonAuth\Models\IonAuthModel->__construct()
 2 APPPATH\Filters\CheckPermissions.php(16): App\Libraries\IonAuth->__construct()
 3 SYSTEMPATH\Filters\Filters.php(235): App\Filters\CheckPermissions->__construct()
 4 SYSTEMPATH\Filters\Filters.php(188): CodeIgniter\Filters\Filters->runAfter([...])
 5 SYSTEMPATH\CodeIgniter.php(527): CodeIgniter\Filters\Filters->run('vendor/home/switch_businesses/5', 'after')
 6 SYSTEMPATH\CodeIgniter.php(355): CodeIgniter\CodeIgniter->handleRequest(null, Object(Config\Cache), false)
 7 SYSTEMPATH\Boot.php(325): CodeIgniter\CodeIgniter->run()
 8 SYSTEMPATH\Boot.php(67): CodeIgniter\Boot::runCodeIgniter(Object(CodeIgniter\CodeIgniter))
 9 FCPATH\index.php(56): CodeIgniter\Boot::bootWeb(Object(Config\Paths))
WARNING - 2024-11-22 09:44:48 --> [DEPRECATED] Creation of dynamic property IonAuth\Models\IonAuthModel::$messagesTemplates is deprecated in FCPATH\vendor\benedmunds\codeigniter-ion-auth\Models\IonAuthModel.php on line 237.
 1 APPPATH\Libraries\IonAuth.php(71): IonAuth\Models\IonAuthModel->__construct()
 2 APPPATH\Filters\CheckPermissions.php(16): App\Libraries\IonAuth->__construct()
 3 SYSTEMPATH\Filters\Filters.php(235): App\Filters\CheckPermissions->__construct()
 4 SYSTEMPATH\Filters\Filters.php(188): CodeIgniter\Filters\Filters->runAfter([...])
 5 SYSTEMPATH\CodeIgniter.php(527): CodeIgniter\Filters\Filters->run('vendor/home/switch_businesses/5', 'after')
 6 SYSTEMPATH\CodeIgniter.php(355): CodeIgniter\CodeIgniter->handleRequest(null, Object(Config\Cache), false)
 7 SYSTEMPATH\Boot.php(325): CodeIgniter\CodeIgniter->run()
 8 SYSTEMPATH\Boot.php(67): CodeIgniter\Boot::runCodeIgniter(Object(CodeIgniter\CodeIgniter))
 9 FCPATH\index.php(56): CodeIgniter\Boot::bootWeb(Object(Config\Paths))
INFO - 2024-11-22 04:14:48 --> Session: Class initialized using 'CodeIgniter\Session\Handlers\FileHandler' driver.
WARNING - 2024-11-22 04:14:48 --> [DEPRECATED] Creation of dynamic property IonAuth\Models\IonAuthModel::$join is deprecated in FCPATH\vendor\benedmunds\codeigniter-ion-auth\Models\IonAuthModel.php on line 231.
 1 APPPATH\Libraries\IonAuth.php(71): IonAuth\Models\IonAuthModel->__construct()
 2 APPPATH\Controllers\vendor\Home.php(17): App\Libraries\IonAuth->__construct()
 3 SYSTEMPATH\CodeIgniter.php(903): App\Controllers\vendor\Home->__construct()
 4 SYSTEMPATH\CodeIgniter.php(500): CodeIgniter\CodeIgniter->createController()
 5 SYSTEMPATH\CodeIgniter.php(355): CodeIgniter\CodeIgniter->handleRequest(null, Object(Config\Cache), false)
 6 SYSTEMPATH\Boot.php(325): CodeIgniter\CodeIgniter->run()
 7 SYSTEMPATH\Boot.php(67): CodeIgniter\Boot::runCodeIgniter(Object(CodeIgniter\CodeIgniter))
 8 FCPATH\index.php(56): CodeIgniter\Boot::bootWeb(Object(Config\Paths))
WARNING - 2024-11-22 04:14:48 --> [DEPRECATED] Creation of dynamic property IonAuth\Models\IonAuthModel::$hashMethod is deprecated in FCPATH\vendor\benedmunds\codeigniter-ion-auth\Models\IonAuthModel.php on line 234.
 1 APPPATH\Libraries\IonAuth.php(71): IonAuth\Models\IonAuthModel->__construct()
 2 APPPATH\Controllers\vendor\Home.php(17): App\Libraries\IonAuth->__construct()
 3 SYSTEMPATH\CodeIgniter.php(903): App\Controllers\vendor\Home->__construct()
 4 SYSTEMPATH\CodeIgniter.php(500): CodeIgniter\CodeIgniter->createController()
 5 SYSTEMPATH\CodeIgniter.php(355): CodeIgniter\CodeIgniter->handleRequest(null, Object(Config\Cache), false)
 6 SYSTEMPATH\Boot.php(325): CodeIgniter\CodeIgniter->run()
 7 SYSTEMPATH\Boot.php(67): CodeIgniter\Boot::runCodeIgniter(Object(CodeIgniter\CodeIgniter))
 8 FCPATH\index.php(56): CodeIgniter\Boot::bootWeb(Object(Config\Paths))
WARNING - 2024-11-22 04:14:48 --> [DEPRECATED] Creation of dynamic property IonAuth\Models\IonAuthModel::$messagesTemplates is deprecated in FCPATH\vendor\benedmunds\codeigniter-ion-auth\Models\IonAuthModel.php on line 237.
 1 APPPATH\Libraries\IonAuth.php(71): IonAuth\Models\IonAuthModel->__construct()
 2 APPPATH\Controllers\vendor\Home.php(17): App\Libraries\IonAuth->__construct()
 3 SYSTEMPATH\CodeIgniter.php(903): App\Controllers\vendor\Home->__construct()
 4 SYSTEMPATH\CodeIgniter.php(500): CodeIgniter\CodeIgniter->createController()
 5 SYSTEMPATH\CodeIgniter.php(355): CodeIgniter\CodeIgniter->handleRequest(null, Object(Config\Cache), false)
 6 SYSTEMPATH\Boot.php(325): CodeIgniter\CodeIgniter->run()
 7 SYSTEMPATH\Boot.php(67): CodeIgniter\Boot::runCodeIgniter(Object(CodeIgniter\CodeIgniter))
 8 FCPATH\index.php(56): CodeIgniter\Boot::bootWeb(Object(Config\Paths))
INFO - 2024-11-22 04:14:50 --> Session: Class initialized using 'CodeIgniter\Session\Handlers\FileHandler' driver.
WARNING - 2024-11-22 04:14:50 --> [DEPRECATED] Creation of dynamic property IonAuth\Models\IonAuthModel::$join is deprecated in FCPATH\vendor\benedmunds\codeigniter-ion-auth\Models\IonAuthModel.php on line 231.
 1 APPPATH\Libraries\IonAuth.php(71): IonAuth\Models\IonAuthModel->__construct()
 2 APPPATH\Filters\CheckPermissions.php(16): App\Libraries\IonAuth->__construct()
 3 SYSTEMPATH\Filters\Filters.php(197): App\Filters\CheckPermissions->__construct()
 4 SYSTEMPATH\Filters\Filters.php(184): CodeIgniter\Filters\Filters->runBefore([...])
 5 SYSTEMPATH\CodeIgniter.php(481): CodeIgniter\Filters\Filters->run('vendor/home/fetch_sales', 'before')
 6 SYSTEMPATH\CodeIgniter.php(355): CodeIgniter\CodeIgniter->handleRequest(null, Object(Config\Cache), false)
 7 SYSTEMPATH\Boot.php(325): CodeIgniter\CodeIgniter->run()
 8 SYSTEMPATH\Boot.php(67): CodeIgniter\Boot::runCodeIgniter(Object(CodeIgniter\CodeIgniter))
 9 FCPATH\index.php(56): CodeIgniter\Boot::bootWeb(Object(Config\Paths))
WARNING - 2024-11-22 04:14:50 --> [DEPRECATED] Creation of dynamic property IonAuth\Models\IonAuthModel::$hashMethod is deprecated in FCPATH\vendor\benedmunds\codeigniter-ion-auth\Models\IonAuthModel.php on line 234.
 1 APPPATH\Libraries\IonAuth.php(71): IonAuth\Models\IonAuthModel->__construct()
 2 APPPATH\Filters\CheckPermissions.php(16): App\Libraries\IonAuth->__construct()
 3 SYSTEMPATH\Filters\Filters.php(197): App\Filters\CheckPermissions->__construct()
 4 SYSTEMPATH\Filters\Filters.php(184): CodeIgniter\Filters\Filters->runBefore([...])
 5 SYSTEMPATH\CodeIgniter.php(481): CodeIgniter\Filters\Filters->run('vendor/home/fetch_sales', 'before')
 6 SYSTEMPATH\CodeIgniter.php(355): CodeIgniter\CodeIgniter->handleRequest(null, Object(Config\Cache), false)
 7 SYSTEMPATH\Boot.php(325): CodeIgniter\CodeIgniter->run()
 8 SYSTEMPATH\Boot.php(67): CodeIgniter\Boot::runCodeIgniter(Object(CodeIgniter\CodeIgniter))
 9 FCPATH\index.php(56): CodeIgniter\Boot::bootWeb(Object(Config\Paths))
WARNING - 2024-11-22 04:14:50 --> [DEPRECATED] Creation of dynamic property IonAuth\Models\IonAuthModel::$messagesTemplates is deprecated in FCPATH\vendor\benedmunds\codeigniter-ion-auth\Models\IonAuthModel.php on line 237.
 1 APPPATH\Libraries\IonAuth.php(71): IonAuth\Models\IonAuthModel->__construct()
 2 APPPATH\Filters\CheckPermissions.php(16): App\Libraries\IonAuth->__construct()
 3 SYSTEMPATH\Filters\Filters.php(197): App\Filters\CheckPermissions->__construct()
 4 SYSTEMPATH\Filters\Filters.php(184): CodeIgniter\Filters\Filters->runBefore([...])
 5 SYSTEMPATH\CodeIgniter.php(481): CodeIgniter\Filters\Filters->run('vendor/home/fetch_sales', 'before')
 6 SYSTEMPATH\CodeIgniter.php(355): CodeIgniter\CodeIgniter->handleRequest(null, Object(Config\Cache), false)
 7 SYSTEMPATH\Boot.php(325): CodeIgniter\CodeIgniter->run()
 8 SYSTEMPATH\Boot.php(67): CodeIgniter\Boot::runCodeIgniter(Object(CodeIgniter\CodeIgniter))
 9 FCPATH\index.php(56): CodeIgniter\Boot::bootWeb(Object(Config\Paths))
WARNING - 2024-11-22 04:14:50 --> [DEPRECATED] Creation of dynamic property IonAuth\Models\IonAuthModel::$join is deprecated in FCPATH\vendor\benedmunds\codeigniter-ion-auth\Models\IonAuthModel.php on line 231.
 1 APPPATH\Libraries\IonAuth.php(71): IonAuth\Models\IonAuthModel->__construct()
 2 APPPATH\Controllers\vendor\Home.php(17): App\Libraries\IonAuth->__construct()
 3 SYSTEMPATH\CodeIgniter.php(903): App\Controllers\vendor\Home->__construct()
 4 SYSTEMPATH\CodeIgniter.php(500): CodeIgniter\CodeIgniter->createController()
 5 SYSTEMPATH\CodeIgniter.php(355): CodeIgniter\CodeIgniter->handleRequest(null, Object(Config\Cache), false)
 6 SYSTEMPATH\Boot.php(325): CodeIgniter\CodeIgniter->run()
 7 SYSTEMPATH\Boot.php(67): CodeIgniter\Boot::runCodeIgniter(Object(CodeIgniter\CodeIgniter))
 8 FCPATH\index.php(56): CodeIgniter\Boot::bootWeb(Object(Config\Paths))
WARNING - 2024-11-22 04:14:50 --> [DEPRECATED] Creation of dynamic property IonAuth\Models\IonAuthModel::$hashMethod is deprecated in FCPATH\vendor\benedmunds\codeigniter-ion-auth\Models\IonAuthModel.php on line 234.
 1 APPPATH\Libraries\IonAuth.php(71): IonAuth\Models\IonAuthModel->__construct()
 2 APPPATH\Controllers\vendor\Home.php(17): App\Libraries\IonAuth->__construct()
 3 SYSTEMPATH\CodeIgniter.php(903): App\Controllers\vendor\Home->__construct()
 4 SYSTEMPATH\CodeIgniter.php(500): CodeIgniter\CodeIgniter->createController()
 5 SYSTEMPATH\CodeIgniter.php(355): CodeIgniter\CodeIgniter->handleRequest(null, Object(Config\Cache), false)
 6 SYSTEMPATH\Boot.php(325): CodeIgniter\CodeIgniter->run()
 7 SYSTEMPATH\Boot.php(67): CodeIgniter\Boot::runCodeIgniter(Object(CodeIgniter\CodeIgniter))
 8 FCPATH\index.php(56): CodeIgniter\Boot::bootWeb(Object(Config\Paths))
WARNING - 2024-11-22 04:14:50 --> [DEPRECATED] Creation of dynamic property IonAuth\Models\IonAuthModel::$messagesTemplates is deprecated in FCPATH\vendor\benedmunds\codeigniter-ion-auth\Models\IonAuthModel.php on line 237.
 1 APPPATH\Libraries\IonAuth.php(71): IonAuth\Models\IonAuthModel->__construct()
 2 APPPATH\Controllers\vendor\Home.php(17): App\Libraries\IonAuth->__construct()
 3 SYSTEMPATH\CodeIgniter.php(903): App\Controllers\vendor\Home->__construct()
 4 SYSTEMPATH\CodeIgniter.php(500): CodeIgniter\CodeIgniter->createController()
 5 SYSTEMPATH\CodeIgniter.php(355): CodeIgniter\CodeIgniter->handleRequest(null, Object(Config\Cache), false)
 6 SYSTEMPATH\Boot.php(325): CodeIgniter\CodeIgniter->run()
 7 SYSTEMPATH\Boot.php(67): CodeIgniter\Boot::runCodeIgniter(Object(CodeIgniter\CodeIgniter))
 8 FCPATH\index.php(56): CodeIgniter\Boot::bootWeb(Object(Config\Paths))
WARNING - 2024-11-22 09:44:50 --> [DEPRECATED] Creation of dynamic property IonAuth\Models\IonAuthModel::$join is deprecated in FCPATH\vendor\benedmunds\codeigniter-ion-auth\Models\IonAuthModel.php on line 231.
 1 APPPATH\Libraries\IonAuth.php(71): IonAuth\Models\IonAuthModel->__construct()
 2 APPPATH\Filters\CheckPermissions.php(16): App\Libraries\IonAuth->__construct()
 3 SYSTEMPATH\Filters\Filters.php(235): App\Filters\CheckPermissions->__construct()
 4 SYSTEMPATH\Filters\Filters.php(188): CodeIgniter\Filters\Filters->runAfter([...])
 5 SYSTEMPATH\CodeIgniter.php(527): CodeIgniter\Filters\Filters->run('vendor/home/fetch_sales', 'after')
 6 SYSTEMPATH\CodeIgniter.php(355): CodeIgniter\CodeIgniter->handleRequest(null, Object(Config\Cache), false)
 7 SYSTEMPATH\Boot.php(325): CodeIgniter\CodeIgniter->run()
 8 SYSTEMPATH\Boot.php(67): CodeIgniter\Boot::runCodeIgniter(Object(CodeIgniter\CodeIgniter))
 9 FCPATH\index.php(56): CodeIgniter\Boot::bootWeb(Object(Config\Paths))
WARNING - 2024-11-22 09:44:50 --> [DEPRECATED] Creation of dynamic property IonAuth\Models\IonAuthModel::$hashMethod is deprecated in FCPATH\vendor\benedmunds\codeigniter-ion-auth\Models\IonAuthModel.php on line 234.
 1 APPPATH\Libraries\IonAuth.php(71): IonAuth\Models\IonAuthModel->__construct()
 2 APPPATH\Filters\CheckPermissions.php(16): App\Libraries\IonAuth->__construct()
 3 SYSTEMPATH\Filters\Filters.php(235): App\Filters\CheckPermissions->__construct()
 4 SYSTEMPATH\Filters\Filters.php(188): CodeIgniter\Filters\Filters->runAfter([...])
 5 SYSTEMPATH\CodeIgniter.php(527): CodeIgniter\Filters\Filters->run('vendor/home/fetch_sales', 'after')
 6 SYSTEMPATH\CodeIgniter.php(355): CodeIgniter\CodeIgniter->handleRequest(null, Object(Config\Cache), false)
 7 SYSTEMPATH\Boot.php(325): CodeIgniter\CodeIgniter->run()
 8 SYSTEMPATH\Boot.php(67): CodeIgniter\Boot::runCodeIgniter(Object(CodeIgniter\CodeIgniter))
 9 FCPATH\index.php(56): CodeIgniter\Boot::bootWeb(Object(Config\Paths))
WARNING - 2024-11-22 09:44:50 --> [DEPRECATED] Creation of dynamic property IonAuth\Models\IonAuthModel::$messagesTemplates is deprecated in FCPATH\vendor\benedmunds\codeigniter-ion-auth\Models\IonAuthModel.php on line 237.
 1 APPPATH\Libraries\IonAuth.php(71): IonAuth\Models\IonAuthModel->__construct()
 2 APPPATH\Filters\CheckPermissions.php(16): App\Libraries\IonAuth->__construct()
 3 SYSTEMPATH\Filters\Filters.php(235): App\Filters\CheckPermissions->__construct()
 4 SYSTEMPATH\Filters\Filters.php(188): CodeIgniter\Filters\Filters->runAfter([...])
 5 SYSTEMPATH\CodeIgniter.php(527): CodeIgniter\Filters\Filters->run('vendor/home/fetch_sales', 'after')
 6 SYSTEMPATH\CodeIgniter.php(355): CodeIgniter\CodeIgniter->handleRequest(null, Object(Config\Cache), false)
 7 SYSTEMPATH\Boot.php(325): CodeIgniter\CodeIgniter->run()
 8 SYSTEMPATH\Boot.php(67): CodeIgniter\Boot::runCodeIgniter(Object(CodeIgniter\CodeIgniter))
 9 FCPATH\index.php(56): CodeIgniter\Boot::bootWeb(Object(Config\Paths))
INFO - 2024-11-22 04:14:50 --> Session: Class initialized using 'CodeIgniter\Session\Handlers\FileHandler' driver.
WARNING - 2024-11-22 04:14:50 --> [DEPRECATED] Creation of dynamic property IonAuth\Models\IonAuthModel::$join is deprecated in FCPATH\vendor\benedmunds\codeigniter-ion-auth\Models\IonAuthModel.php on line 231.
 1 APPPATH\Libraries\IonAuth.php(71): IonAuth\Models\IonAuthModel->__construct()
 2 APPPATH\Filters\CheckPermissions.php(16): App\Libraries\IonAuth->__construct()
 3 SYSTEMPATH\Filters\Filters.php(197): App\Filters\CheckPermissions->__construct()
 4 SYSTEMPATH\Filters\Filters.php(184): CodeIgniter\Filters\Filters->runBefore([...])
 5 SYSTEMPATH\CodeIgniter.php(481): CodeIgniter\Filters\Filters->run('vendor/home/fetch_data', 'before')
 6 SYSTEMPATH\CodeIgniter.php(355): CodeIgniter\CodeIgniter->handleRequest(null, Object(Config\Cache), false)
 7 SYSTEMPATH\Boot.php(325): CodeIgniter\CodeIgniter->run()
 8 SYSTEMPATH\Boot.php(67): CodeIgniter\Boot::runCodeIgniter(Object(CodeIgniter\CodeIgniter))
 9 FCPATH\index.php(56): CodeIgniter\Boot::bootWeb(Object(Config\Paths))
WARNING - 2024-11-22 04:14:50 --> [DEPRECATED] Creation of dynamic property IonAuth\Models\IonAuthModel::$hashMethod is deprecated in FCPATH\vendor\benedmunds\codeigniter-ion-auth\Models\IonAuthModel.php on line 234.
 1 APPPATH\Libraries\IonAuth.php(71): IonAuth\Models\IonAuthModel->__construct()
 2 APPPATH\Filters\CheckPermissions.php(16): App\Libraries\IonAuth->__construct()
 3 SYSTEMPATH\Filters\Filters.php(197): App\Filters\CheckPermissions->__construct()
 4 SYSTEMPATH\Filters\Filters.php(184): CodeIgniter\Filters\Filters->runBefore([...])
 5 SYSTEMPATH\CodeIgniter.php(481): CodeIgniter\Filters\Filters->run('vendor/home/fetch_data', 'before')
 6 SYSTEMPATH\CodeIgniter.php(355): CodeIgniter\CodeIgniter->handleRequest(null, Object(Config\Cache), false)
 7 SYSTEMPATH\Boot.php(325): CodeIgniter\CodeIgniter->run()
 8 SYSTEMPATH\Boot.php(67): CodeIgniter\Boot::runCodeIgniter(Object(CodeIgniter\CodeIgniter))
 9 FCPATH\index.php(56): CodeIgniter\Boot::bootWeb(Object(Config\Paths))
WARNING - 2024-11-22 04:14:50 --> [DEPRECATED] Creation of dynamic property IonAuth\Models\IonAuthModel::$messagesTemplates is deprecated in FCPATH\vendor\benedmunds\codeigniter-ion-auth\Models\IonAuthModel.php on line 237.
 1 APPPATH\Libraries\IonAuth.php(71): IonAuth\Models\IonAuthModel->__construct()
 2 APPPATH\Filters\CheckPermissions.php(16): App\Libraries\IonAuth->__construct()
 3 SYSTEMPATH\Filters\Filters.php(197): App\Filters\CheckPermissions->__construct()
 4 SYSTEMPATH\Filters\Filters.php(184): CodeIgniter\Filters\Filters->runBefore([...])
 5 SYSTEMPATH\CodeIgniter.php(481): CodeIgniter\Filters\Filters->run('vendor/home/fetch_data', 'before')
 6 SYSTEMPATH\CodeIgniter.php(355): CodeIgniter\CodeIgniter->handleRequest(null, Object(Config\Cache), false)
 7 SYSTEMPATH\Boot.php(325): CodeIgniter\CodeIgniter->run()
 8 SYSTEMPATH\Boot.php(67): CodeIgniter\Boot::runCodeIgniter(Object(CodeIgniter\CodeIgniter))
 9 FCPATH\index.php(56): CodeIgniter\Boot::bootWeb(Object(Config\Paths))
WARNING - 2024-11-22 04:14:50 --> [DEPRECATED] Creation of dynamic property IonAuth\Models\IonAuthModel::$join is deprecated in FCPATH\vendor\benedmunds\codeigniter-ion-auth\Models\IonAuthModel.php on line 231.
 1 APPPATH\Libraries\IonAuth.php(71): IonAuth\Models\IonAuthModel->__construct()
 2 APPPATH\Controllers\vendor\Home.php(17): App\Libraries\IonAuth->__construct()
 3 SYSTEMPATH\CodeIgniter.php(903): App\Controllers\vendor\Home->__construct()
 4 SYSTEMPATH\CodeIgniter.php(500): CodeIgniter\CodeIgniter->createController()
 5 SYSTEMPATH\CodeIgniter.php(355): CodeIgniter\CodeIgniter->handleRequest(null, Object(Config\Cache), false)
 6 SYSTEMPATH\Boot.php(325): CodeIgniter\CodeIgniter->run()
 7 SYSTEMPATH\Boot.php(67): CodeIgniter\Boot::runCodeIgniter(Object(CodeIgniter\CodeIgniter))
 8 FCPATH\index.php(56): CodeIgniter\Boot::bootWeb(Object(Config\Paths))
WARNING - 2024-11-22 04:14:50 --> [DEPRECATED] Creation of dynamic property IonAuth\Models\IonAuthModel::$hashMethod is deprecated in FCPATH\vendor\benedmunds\codeigniter-ion-auth\Models\IonAuthModel.php on line 234.
 1 APPPATH\Libraries\IonAuth.php(71): IonAuth\Models\IonAuthModel->__construct()
 2 APPPATH\Controllers\vendor\Home.php(17): App\Libraries\IonAuth->__construct()
 3 SYSTEMPATH\CodeIgniter.php(903): App\Controllers\vendor\Home->__construct()
 4 SYSTEMPATH\CodeIgniter.php(500): CodeIgniter\CodeIgniter->createController()
 5 SYSTEMPATH\CodeIgniter.php(355): CodeIgniter\CodeIgniter->handleRequest(null, Object(Config\Cache), false)
 6 SYSTEMPATH\Boot.php(325): CodeIgniter\CodeIgniter->run()
 7 SYSTEMPATH\Boot.php(67): CodeIgniter\Boot::runCodeIgniter(Object(CodeIgniter\CodeIgniter))
 8 FCPATH\index.php(56): CodeIgniter\Boot::bootWeb(Object(Config\Paths))
WARNING - 2024-11-22 04:14:50 --> [DEPRECATED] Creation of dynamic property IonAuth\Models\IonAuthModel::$messagesTemplates is deprecated in FCPATH\vendor\benedmunds\codeigniter-ion-auth\Models\IonAuthModel.php on line 237.
 1 APPPATH\Libraries\IonAuth.php(71): IonAuth\Models\IonAuthModel->__construct()
 2 APPPATH\Controllers\vendor\Home.php(17): App\Libraries\IonAuth->__construct()
 3 SYSTEMPATH\CodeIgniter.php(903): App\Controllers\vendor\Home->__construct()
 4 SYSTEMPATH\CodeIgniter.php(500): CodeIgniter\CodeIgniter->createController()
 5 SYSTEMPATH\CodeIgniter.php(355): CodeIgniter\CodeIgniter->handleRequest(null, Object(Config\Cache), false)
 6 SYSTEMPATH\Boot.php(325): CodeIgniter\CodeIgniter->run()
 7 SYSTEMPATH\Boot.php(67): CodeIgniter\Boot::runCodeIgniter(Object(CodeIgniter\CodeIgniter))
 8 FCPATH\index.php(56): CodeIgniter\Boot::bootWeb(Object(Config\Paths))
WARNING - 2024-11-22 09:44:50 --> [DEPRECATED] Creation of dynamic property IonAuth\Models\IonAuthModel::$join is deprecated in FCPATH\vendor\benedmunds\codeigniter-ion-auth\Models\IonAuthModel.php on line 231.
 1 APPPATH\Libraries\IonAuth.php(71): IonAuth\Models\IonAuthModel->__construct()
 2 APPPATH\Filters\CheckPermissions.php(16): App\Libraries\IonAuth->__construct()
 3 SYSTEMPATH\Filters\Filters.php(235): App\Filters\CheckPermissions->__construct()
 4 SYSTEMPATH\Filters\Filters.php(188): CodeIgniter\Filters\Filters->runAfter([...])
 5 SYSTEMPATH\CodeIgniter.php(527): CodeIgniter\Filters\Filters->run('vendor/home/fetch_data', 'after')
 6 SYSTEMPATH\CodeIgniter.php(355): CodeIgniter\CodeIgniter->handleRequest(null, Object(Config\Cache), false)
 7 SYSTEMPATH\Boot.php(325): CodeIgniter\CodeIgniter->run()
 8 SYSTEMPATH\Boot.php(67): CodeIgniter\Boot::runCodeIgniter(Object(CodeIgniter\CodeIgniter))
 9 FCPATH\index.php(56): CodeIgniter\Boot::bootWeb(Object(Config\Paths))
WARNING - 2024-11-22 09:44:50 --> [DEPRECATED] Creation of dynamic property IonAuth\Models\IonAuthModel::$hashMethod is deprecated in FCPATH\vendor\benedmunds\codeigniter-ion-auth\Models\IonAuthModel.php on line 234.
 1 APPPATH\Libraries\IonAuth.php(71): IonAuth\Models\IonAuthModel->__construct()
 2 APPPATH\Filters\CheckPermissions.php(16): App\Libraries\IonAuth->__construct()
 3 SYSTEMPATH\Filters\Filters.php(235): App\Filters\CheckPermissions->__construct()
 4 SYSTEMPATH\Filters\Filters.php(188): CodeIgniter\Filters\Filters->runAfter([...])
 5 SYSTEMPATH\CodeIgniter.php(527): CodeIgniter\Filters\Filters->run('vendor/home/fetch_data', 'after')
 6 SYSTEMPATH\CodeIgniter.php(355): CodeIgniter\CodeIgniter->handleRequest(null, Object(Config\Cache), false)
 7 SYSTEMPATH\Boot.php(325): CodeIgniter\CodeIgniter->run()
 8 SYSTEMPATH\Boot.php(67): CodeIgniter\Boot::runCodeIgniter(Object(CodeIgniter\CodeIgniter))
 9 FCPATH\index.php(56): CodeIgniter\Boot::bootWeb(Object(Config\Paths))
WARNING - 2024-11-22 09:44:50 --> [DEPRECATED] Creation of dynamic property IonAuth\Models\IonAuthModel::$messagesTemplates is deprecated in FCPATH\vendor\benedmunds\codeigniter-ion-auth\Models\IonAuthModel.php on line 237.
 1 APPPATH\Libraries\IonAuth.php(71): IonAuth\Models\IonAuthModel->__construct()
 2 APPPATH\Filters\CheckPermissions.php(16): App\Libraries\IonAuth->__construct()
 3 SYSTEMPATH\Filters\Filters.php(235): App\Filters\CheckPermissions->__construct()
 4 SYSTEMPATH\Filters\Filters.php(188): CodeIgniter\Filters\Filters->runAfter([...])
 5 SYSTEMPATH\CodeIgniter.php(527): CodeIgniter\Filters\Filters->run('vendor/home/fetch_data', 'after')
 6 SYSTEMPATH\CodeIgniter.php(355): CodeIgniter\CodeIgniter->handleRequest(null, Object(Config\Cache), false)
 7 SYSTEMPATH\Boot.php(325): CodeIgniter\CodeIgniter->run()
 8 SYSTEMPATH\Boot.php(67): CodeIgniter\Boot::runCodeIgniter(Object(CodeIgniter\CodeIgniter))
 9 FCPATH\index.php(56): CodeIgniter\Boot::bootWeb(Object(Config\Paths))
INFO - 2024-11-22 04:14:50 --> Session: Class initialized using 'CodeIgniter\Session\Handlers\FileHandler' driver.
WARNING - 2024-11-22 04:14:50 --> [DEPRECATED] Creation of dynamic property IonAuth\Models\IonAuthModel::$join is deprecated in FCPATH\vendor\benedmunds\codeigniter-ion-auth\Models\IonAuthModel.php on line 231.
 1 APPPATH\Libraries\IonAuth.php(71): IonAuth\Models\IonAuthModel->__construct()
 2 APPPATH\Controllers\vendor\Home.php(17): App\Libraries\IonAuth->__construct()
 3 SYSTEMPATH\CodeIgniter.php(903): App\Controllers\vendor\Home->__construct()
 4 SYSTEMPATH\CodeIgniter.php(500): CodeIgniter\CodeIgniter->createController()
 5 SYSTEMPATH\CodeIgniter.php(355): CodeIgniter\CodeIgniter->handleRequest(null, Object(Config\Cache), false)
 6 SYSTEMPATH\Boot.php(325): CodeIgniter\CodeIgniter->run()
 7 SYSTEMPATH\Boot.php(67): CodeIgniter\Boot::runCodeIgniter(Object(CodeIgniter\CodeIgniter))
 8 FCPATH\index.php(56): CodeIgniter\Boot::bootWeb(Object(Config\Paths))
WARNING - 2024-11-22 04:14:50 --> [DEPRECATED] Creation of dynamic property IonAuth\Models\IonAuthModel::$hashMethod is deprecated in FCPATH\vendor\benedmunds\codeigniter-ion-auth\Models\IonAuthModel.php on line 234.
 1 APPPATH\Libraries\IonAuth.php(71): IonAuth\Models\IonAuthModel->__construct()
 2 APPPATH\Controllers\vendor\Home.php(17): App\Libraries\IonAuth->__construct()
 3 SYSTEMPATH\CodeIgniter.php(903): App\Controllers\vendor\Home->__construct()
 4 SYSTEMPATH\CodeIgniter.php(500): CodeIgniter\CodeIgniter->createController()
 5 SYSTEMPATH\CodeIgniter.php(355): CodeIgniter\CodeIgniter->handleRequest(null, Object(Config\Cache), false)
 6 SYSTEMPATH\Boot.php(325): CodeIgniter\CodeIgniter->run()
 7 SYSTEMPATH\Boot.php(67): CodeIgniter\Boot::runCodeIgniter(Object(CodeIgniter\CodeIgniter))
 8 FCPATH\index.php(56): CodeIgniter\Boot::bootWeb(Object(Config\Paths))
WARNING - 2024-11-22 04:14:50 --> [DEPRECATED] Creation of dynamic property IonAuth\Models\IonAuthModel::$messagesTemplates is deprecated in FCPATH\vendor\benedmunds\codeigniter-ion-auth\Models\IonAuthModel.php on line 237.
 1 APPPATH\Libraries\IonAuth.php(71): IonAuth\Models\IonAuthModel->__construct()
 2 APPPATH\Controllers\vendor\Home.php(17): App\Libraries\IonAuth->__construct()
 3 SYSTEMPATH\CodeIgniter.php(903): App\Controllers\vendor\Home->__construct()
 4 SYSTEMPATH\CodeIgniter.php(500): CodeIgniter\CodeIgniter->createController()
 5 SYSTEMPATH\CodeIgniter.php(355): CodeIgniter\CodeIgniter->handleRequest(null, Object(Config\Cache), false)
 6 SYSTEMPATH\Boot.php(325): CodeIgniter\CodeIgniter->run()
 7 SYSTEMPATH\Boot.php(67): CodeIgniter\Boot::runCodeIgniter(Object(CodeIgniter\CodeIgniter))
 8 FCPATH\index.php(56): CodeIgniter\Boot::bootWeb(Object(Config\Paths))
INFO - 2024-11-22 04:14:50 --> Session: Class initialized using 'CodeIgniter\Session\Handlers\FileHandler' driver.
WARNING - 2024-11-22 04:14:50 --> [DEPRECATED] Creation of dynamic property IonAuth\Models\IonAuthModel::$join is deprecated in FCPATH\vendor\benedmunds\codeigniter-ion-auth\Models\IonAuthModel.php on line 231.
 1 APPPATH\Libraries\IonAuth.php(71): IonAuth\Models\IonAuthModel->__construct()
 2 APPPATH\Filters\CheckPermissions.php(16): App\Libraries\IonAuth->__construct()
 3 SYSTEMPATH\Filters\Filters.php(197): App\Filters\CheckPermissions->__construct()
 4 SYSTEMPATH\Filters\Filters.php(184): CodeIgniter\Filters\Filters->runBefore([...])
 5 SYSTEMPATH\CodeIgniter.php(481): CodeIgniter\Filters\Filters->run('vendor/home/fetch_purchases', 'before')
 6 SYSTEMPATH\CodeIgniter.php(355): CodeIgniter\CodeIgniter->handleRequest(null, Object(Config\Cache), false)
 7 SYSTEMPATH\Boot.php(325): CodeIgniter\CodeIgniter->run()
 8 SYSTEMPATH\Boot.php(67): CodeIgniter\Boot::runCodeIgniter(Object(CodeIgniter\CodeIgniter))
 9 FCPATH\index.php(56): CodeIgniter\Boot::bootWeb(Object(Config\Paths))
WARNING - 2024-11-22 04:14:50 --> [DEPRECATED] Creation of dynamic property IonAuth\Models\IonAuthModel::$hashMethod is deprecated in FCPATH\vendor\benedmunds\codeigniter-ion-auth\Models\IonAuthModel.php on line 234.
 1 APPPATH\Libraries\IonAuth.php(71): IonAuth\Models\IonAuthModel->__construct()
 2 APPPATH\Filters\CheckPermissions.php(16): App\Libraries\IonAuth->__construct()
 3 SYSTEMPATH\Filters\Filters.php(197): App\Filters\CheckPermissions->__construct()
 4 SYSTEMPATH\Filters\Filters.php(184): CodeIgniter\Filters\Filters->runBefore([...])
 5 SYSTEMPATH\CodeIgniter.php(481): CodeIgniter\Filters\Filters->run('vendor/home/fetch_purchases', 'before')
 6 SYSTEMPATH\CodeIgniter.php(355): CodeIgniter\CodeIgniter->handleRequest(null, Object(Config\Cache), false)
 7 SYSTEMPATH\Boot.php(325): CodeIgniter\CodeIgniter->run()
 8 SYSTEMPATH\Boot.php(67): CodeIgniter\Boot::runCodeIgniter(Object(CodeIgniter\CodeIgniter))
 9 FCPATH\index.php(56): CodeIgniter\Boot::bootWeb(Object(Config\Paths))
WARNING - 2024-11-22 04:14:50 --> [DEPRECATED] Creation of dynamic property IonAuth\Models\IonAuthModel::$messagesTemplates is deprecated in FCPATH\vendor\benedmunds\codeigniter-ion-auth\Models\IonAuthModel.php on line 237.
 1 APPPATH\Libraries\IonAuth.php(71): IonAuth\Models\IonAuthModel->__construct()
 2 APPPATH\Filters\CheckPermissions.php(16): App\Libraries\IonAuth->__construct()
 3 SYSTEMPATH\Filters\Filters.php(197): App\Filters\CheckPermissions->__construct()
 4 SYSTEMPATH\Filters\Filters.php(184): CodeIgniter\Filters\Filters->runBefore([...])
 5 SYSTEMPATH\CodeIgniter.php(481): CodeIgniter\Filters\Filters->run('vendor/home/fetch_purchases', 'before')
 6 SYSTEMPATH\CodeIgniter.php(355): CodeIgniter\CodeIgniter->handleRequest(null, Object(Config\Cache), false)
 7 SYSTEMPATH\Boot.php(325): CodeIgniter\CodeIgniter->run()
 8 SYSTEMPATH\Boot.php(67): CodeIgniter\Boot::runCodeIgniter(Object(CodeIgniter\CodeIgniter))
 9 FCPATH\index.php(56): CodeIgniter\Boot::bootWeb(Object(Config\Paths))
WARNING - 2024-11-22 04:14:50 --> [DEPRECATED] Creation of dynamic property IonAuth\Models\IonAuthModel::$join is deprecated in FCPATH\vendor\benedmunds\codeigniter-ion-auth\Models\IonAuthModel.php on line 231.
 1 APPPATH\Libraries\IonAuth.php(71): IonAuth\Models\IonAuthModel->__construct()
 2 APPPATH\Controllers\vendor\Home.php(17): App\Libraries\IonAuth->__construct()
 3 SYSTEMPATH\CodeIgniter.php(903): App\Controllers\vendor\Home->__construct()
 4 SYSTEMPATH\CodeIgniter.php(500): CodeIgniter\CodeIgniter->createController()
 5 SYSTEMPATH\CodeIgniter.php(355): CodeIgniter\CodeIgniter->handleRequest(null, Object(Config\Cache), false)
 6 SYSTEMPATH\Boot.php(325): CodeIgniter\CodeIgniter->run()
 7 SYSTEMPATH\Boot.php(67): CodeIgniter\Boot::runCodeIgniter(Object(CodeIgniter\CodeIgniter))
 8 FCPATH\index.php(56): CodeIgniter\Boot::bootWeb(Object(Config\Paths))
WARNING - 2024-11-22 04:14:50 --> [DEPRECATED] Creation of dynamic property IonAuth\Models\IonAuthModel::$hashMethod is deprecated in FCPATH\vendor\benedmunds\codeigniter-ion-auth\Models\IonAuthModel.php on line 234.
 1 APPPATH\Libraries\IonAuth.php(71): IonAuth\Models\IonAuthModel->__construct()
 2 APPPATH\Controllers\vendor\Home.php(17): App\Libraries\IonAuth->__construct()
 3 SYSTEMPATH\CodeIgniter.php(903): App\Controllers\vendor\Home->__construct()
 4 SYSTEMPATH\CodeIgniter.php(500): CodeIgniter\CodeIgniter->createController()
 5 SYSTEMPATH\CodeIgniter.php(355): CodeIgniter\CodeIgniter->handleRequest(null, Object(Config\Cache), false)
 6 SYSTEMPATH\Boot.php(325): CodeIgniter\CodeIgniter->run()
 7 SYSTEMPATH\Boot.php(67): CodeIgniter\Boot::runCodeIgniter(Object(CodeIgniter\CodeIgniter))
 8 FCPATH\index.php(56): CodeIgniter\Boot::bootWeb(Object(Config\Paths))
WARNING - 2024-11-22 04:14:50 --> [DEPRECATED] Creation of dynamic property IonAuth\Models\IonAuthModel::$messagesTemplates is deprecated in FCPATH\vendor\benedmunds\codeigniter-ion-auth\Models\IonAuthModel.php on line 237.
 1 APPPATH\Libraries\IonAuth.php(71): IonAuth\Models\IonAuthModel->__construct()
 2 APPPATH\Controllers\vendor\Home.php(17): App\Libraries\IonAuth->__construct()
 3 SYSTEMPATH\CodeIgniter.php(903): App\Controllers\vendor\Home->__construct()
 4 SYSTEMPATH\CodeIgniter.php(500): CodeIgniter\CodeIgniter->createController()
 5 SYSTEMPATH\CodeIgniter.php(355): CodeIgniter\CodeIgniter->handleRequest(null, Object(Config\Cache), false)
 6 SYSTEMPATH\Boot.php(325): CodeIgniter\CodeIgniter->run()
 7 SYSTEMPATH\Boot.php(67): CodeIgniter\Boot::runCodeIgniter(Object(CodeIgniter\CodeIgniter))
 8 FCPATH\index.php(56): CodeIgniter\Boot::bootWeb(Object(Config\Paths))
WARNING - 2024-11-22 09:44:50 --> [DEPRECATED] Creation of dynamic property IonAuth\Models\IonAuthModel::$join is deprecated in FCPATH\vendor\benedmunds\codeigniter-ion-auth\Models\IonAuthModel.php on line 231.
 1 APPPATH\Libraries\IonAuth.php(71): IonAuth\Models\IonAuthModel->__construct()
 2 APPPATH\Filters\CheckPermissions.php(16): App\Libraries\IonAuth->__construct()
 3 SYSTEMPATH\Filters\Filters.php(235): App\Filters\CheckPermissions->__construct()
 4 SYSTEMPATH\Filters\Filters.php(188): CodeIgniter\Filters\Filters->runAfter([...])
 5 SYSTEMPATH\CodeIgniter.php(527): CodeIgniter\Filters\Filters->run('vendor/home/fetch_purchases', 'after')
 6 SYSTEMPATH\CodeIgniter.php(355): CodeIgniter\CodeIgniter->handleRequest(null, Object(Config\Cache), false)
 7 SYSTEMPATH\Boot.php(325): CodeIgniter\CodeIgniter->run()
 8 SYSTEMPATH\Boot.php(67): CodeIgniter\Boot::runCodeIgniter(Object(CodeIgniter\CodeIgniter))
 9 FCPATH\index.php(56): CodeIgniter\Boot::bootWeb(Object(Config\Paths))
WARNING - 2024-11-22 09:44:50 --> [DEPRECATED] Creation of dynamic property IonAuth\Models\IonAuthModel::$hashMethod is deprecated in FCPATH\vendor\benedmunds\codeigniter-ion-auth\Models\IonAuthModel.php on line 234.
 1 APPPATH\Libraries\IonAuth.php(71): IonAuth\Models\IonAuthModel->__construct()
 2 APPPATH\Filters\CheckPermissions.php(16): App\Libraries\IonAuth->__construct()
 3 SYSTEMPATH\Filters\Filters.php(235): App\Filters\CheckPermissions->__construct()
 4 SYSTEMPATH\Filters\Filters.php(188): CodeIgniter\Filters\Filters->runAfter([...])
 5 SYSTEMPATH\CodeIgniter.php(527): CodeIgniter\Filters\Filters->run('vendor/home/fetch_purchases', 'after')
 6 SYSTEMPATH\CodeIgniter.php(355): CodeIgniter\CodeIgniter->handleRequest(null, Object(Config\Cache), false)
 7 SYSTEMPATH\Boot.php(325): CodeIgniter\CodeIgniter->run()
 8 SYSTEMPATH\Boot.php(67): CodeIgniter\Boot::runCodeIgniter(Object(CodeIgniter\CodeIgniter))
 9 FCPATH\index.php(56): CodeIgniter\Boot::bootWeb(Object(Config\Paths))
WARNING - 2024-11-22 09:44:50 --> [DEPRECATED] Creation of dynamic property IonAuth\Models\IonAuthModel::$messagesTemplates is deprecated in FCPATH\vendor\benedmunds\codeigniter-ion-auth\Models\IonAuthModel.php on line 237.
 1 APPPATH\Libraries\IonAuth.php(71): IonAuth\Models\IonAuthModel->__construct()
 2 APPPATH\Filters\CheckPermissions.php(16): App\Libraries\IonAuth->__construct()
 3 SYSTEMPATH\Filters\Filters.php(235): App\Filters\CheckPermissions->__construct()
 4 SYSTEMPATH\Filters\Filters.php(188): CodeIgniter\Filters\Filters->runAfter([...])
 5 SYSTEMPATH\CodeIgniter.php(527): CodeIgniter\Filters\Filters->run('vendor/home/fetch_purchases', 'after')
 6 SYSTEMPATH\CodeIgniter.php(355): CodeIgniter\CodeIgniter->handleRequest(null, Object(Config\Cache), false)
 7 SYSTEMPATH\Boot.php(325): CodeIgniter\CodeIgniter->run()
 8 SYSTEMPATH\Boot.php(67): CodeIgniter\Boot::runCodeIgniter(Object(CodeIgniter\CodeIgniter))
 9 FCPATH\index.php(56): CodeIgniter\Boot::bootWeb(Object(Config\Paths))
INFO - 2024-11-22 04:14:50 --> Session: Class initialized using 'CodeIgniter\Session\Handlers\FileHandler' driver.
WARNING - 2024-11-22 04:14:50 --> [DEPRECATED] Creation of dynamic property IonAuth\Models\IonAuthModel::$join is deprecated in FCPATH\vendor\benedmunds\codeigniter-ion-auth\Models\IonAuthModel.php on line 231.
 1 APPPATH\Libraries\IonAuth.php(71): IonAuth\Models\IonAuthModel->__construct()
 2 APPPATH\Filters\CheckPermissions.php(16): App\Libraries\IonAuth->__construct()
 3 SYSTEMPATH\Filters\Filters.php(197): App\Filters\CheckPermissions->__construct()
 4 SYSTEMPATH\Filters\Filters.php(184): CodeIgniter\Filters\Filters->runBefore([...])
 5 SYSTEMPATH\CodeIgniter.php(481): CodeIgniter\Filters\Filters->run('vendor/products/stock_alert', 'before')
 6 SYSTEMPATH\CodeIgniter.php(355): CodeIgniter\CodeIgniter->handleRequest(null, Object(Config\Cache), false)
 7 SYSTEMPATH\Boot.php(325): CodeIgniter\CodeIgniter->run()
 8 SYSTEMPATH\Boot.php(67): CodeIgniter\Boot::runCodeIgniter(Object(CodeIgniter\CodeIgniter))
 9 FCPATH\index.php(56): CodeIgniter\Boot::bootWeb(Object(Config\Paths))
WARNING - 2024-11-22 04:14:50 --> [DEPRECATED] Creation of dynamic property IonAuth\Models\IonAuthModel::$hashMethod is deprecated in FCPATH\vendor\benedmunds\codeigniter-ion-auth\Models\IonAuthModel.php on line 234.
 1 APPPATH\Libraries\IonAuth.php(71): IonAuth\Models\IonAuthModel->__construct()
 2 APPPATH\Filters\CheckPermissions.php(16): App\Libraries\IonAuth->__construct()
 3 SYSTEMPATH\Filters\Filters.php(197): App\Filters\CheckPermissions->__construct()
 4 SYSTEMPATH\Filters\Filters.php(184): CodeIgniter\Filters\Filters->runBefore([...])
 5 SYSTEMPATH\CodeIgniter.php(481): CodeIgniter\Filters\Filters->run('vendor/products/stock_alert', 'before')
 6 SYSTEMPATH\CodeIgniter.php(355): CodeIgniter\CodeIgniter->handleRequest(null, Object(Config\Cache), false)
 7 SYSTEMPATH\Boot.php(325): CodeIgniter\CodeIgniter->run()
 8 SYSTEMPATH\Boot.php(67): CodeIgniter\Boot::runCodeIgniter(Object(CodeIgniter\CodeIgniter))
 9 FCPATH\index.php(56): CodeIgniter\Boot::bootWeb(Object(Config\Paths))
WARNING - 2024-11-22 04:14:50 --> [DEPRECATED] Creation of dynamic property IonAuth\Models\IonAuthModel::$messagesTemplates is deprecated in FCPATH\vendor\benedmunds\codeigniter-ion-auth\Models\IonAuthModel.php on line 237.
 1 APPPATH\Libraries\IonAuth.php(71): IonAuth\Models\IonAuthModel->__construct()
 2 APPPATH\Filters\CheckPermissions.php(16): App\Libraries\IonAuth->__construct()
 3 SYSTEMPATH\Filters\Filters.php(197): App\Filters\CheckPermissions->__construct()
 4 SYSTEMPATH\Filters\Filters.php(184): CodeIgniter\Filters\Filters->runBefore([...])
 5 SYSTEMPATH\CodeIgniter.php(481): CodeIgniter\Filters\Filters->run('vendor/products/stock_alert', 'before')
 6 SYSTEMPATH\CodeIgniter.php(355): CodeIgniter\CodeIgniter->handleRequest(null, Object(Config\Cache), false)
 7 SYSTEMPATH\Boot.php(325): CodeIgniter\CodeIgniter->run()
 8 SYSTEMPATH\Boot.php(67): CodeIgniter\Boot::runCodeIgniter(Object(CodeIgniter\CodeIgniter))
 9 FCPATH\index.php(56): CodeIgniter\Boot::bootWeb(Object(Config\Paths))
WARNING - 2024-11-22 04:14:50 --> [DEPRECATED] Creation of dynamic property IonAuth\Models\IonAuthModel::$join is deprecated in FCPATH\vendor\benedmunds\codeigniter-ion-auth\Models\IonAuthModel.php on line 231.
 1 APPPATH\Libraries\IonAuth.php(71): IonAuth\Models\IonAuthModel->__construct()
 2 APPPATH\Controllers\vendor\Products.php(25): App\Libraries\IonAuth->__construct()
 3 SYSTEMPATH\CodeIgniter.php(903): App\Controllers\vendor\Products->__construct()
 4 SYSTEMPATH\CodeIgniter.php(500): CodeIgniter\CodeIgniter->createController()
 5 SYSTEMPATH\CodeIgniter.php(355): CodeIgniter\CodeIgniter->handleRequest(null, Object(Config\Cache), false)
 6 SYSTEMPATH\Boot.php(325): CodeIgniter\CodeIgniter->run()
 7 SYSTEMPATH\Boot.php(67): CodeIgniter\Boot::runCodeIgniter(Object(CodeIgniter\CodeIgniter))
 8 FCPATH\index.php(56): CodeIgniter\Boot::bootWeb(Object(Config\Paths))
WARNING - 2024-11-22 04:14:50 --> [DEPRECATED] Creation of dynamic property IonAuth\Models\IonAuthModel::$hashMethod is deprecated in FCPATH\vendor\benedmunds\codeigniter-ion-auth\Models\IonAuthModel.php on line 234.
 1 APPPATH\Libraries\IonAuth.php(71): IonAuth\Models\IonAuthModel->__construct()
 2 APPPATH\Controllers\vendor\Products.php(25): App\Libraries\IonAuth->__construct()
 3 SYSTEMPATH\CodeIgniter.php(903): App\Controllers\vendor\Products->__construct()
 4 SYSTEMPATH\CodeIgniter.php(500): CodeIgniter\CodeIgniter->createController()
 5 SYSTEMPATH\CodeIgniter.php(355): CodeIgniter\CodeIgniter->handleRequest(null, Object(Config\Cache), false)
 6 SYSTEMPATH\Boot.php(325): CodeIgniter\CodeIgniter->run()
 7 SYSTEMPATH\Boot.php(67): CodeIgniter\Boot::runCodeIgniter(Object(CodeIgniter\CodeIgniter))
 8 FCPATH\index.php(56): CodeIgniter\Boot::bootWeb(Object(Config\Paths))
WARNING - 2024-11-22 04:14:50 --> [DEPRECATED] Creation of dynamic property IonAuth\Models\IonAuthModel::$messagesTemplates is deprecated in FCPATH\vendor\benedmunds\codeigniter-ion-auth\Models\IonAuthModel.php on line 237.
 1 APPPATH\Libraries\IonAuth.php(71): IonAuth\Models\IonAuthModel->__construct()
 2 APPPATH\Controllers\vendor\Products.php(25): App\Libraries\IonAuth->__construct()
 3 SYSTEMPATH\CodeIgniter.php(903): App\Controllers\vendor\Products->__construct()
 4 SYSTEMPATH\CodeIgniter.php(500): CodeIgniter\CodeIgniter->createController()
 5 SYSTEMPATH\CodeIgniter.php(355): CodeIgniter\CodeIgniter->handleRequest(null, Object(Config\Cache), false)
 6 SYSTEMPATH\Boot.php(325): CodeIgniter\CodeIgniter->run()
 7 SYSTEMPATH\Boot.php(67): CodeIgniter\Boot::runCodeIgniter(Object(CodeIgniter\CodeIgniter))
 8 FCPATH\index.php(56): CodeIgniter\Boot::bootWeb(Object(Config\Paths))
WARNING - 2024-11-22 09:44:50 --> [DEPRECATED] Creation of dynamic property IonAuth\Models\IonAuthModel::$join is deprecated in FCPATH\vendor\benedmunds\codeigniter-ion-auth\Models\IonAuthModel.php on line 231.
 1 APPPATH\Libraries\IonAuth.php(71): IonAuth\Models\IonAuthModel->__construct()
 2 APPPATH\Filters\CheckPermissions.php(16): App\Libraries\IonAuth->__construct()
 3 SYSTEMPATH\Filters\Filters.php(235): App\Filters\CheckPermissions->__construct()
 4 SYSTEMPATH\Filters\Filters.php(188): CodeIgniter\Filters\Filters->runAfter([...])
 5 SYSTEMPATH\CodeIgniter.php(527): CodeIgniter\Filters\Filters->run('vendor/products/stock_alert', 'after')
 6 SYSTEMPATH\CodeIgniter.php(355): CodeIgniter\CodeIgniter->handleRequest(null, Object(Config\Cache), false)
 7 SYSTEMPATH\Boot.php(325): CodeIgniter\CodeIgniter->run()
 8 SYSTEMPATH\Boot.php(67): CodeIgniter\Boot::runCodeIgniter(Object(CodeIgniter\CodeIgniter))
 9 FCPATH\index.php(56): CodeIgniter\Boot::bootWeb(Object(Config\Paths))
WARNING - 2024-11-22 09:44:50 --> [DEPRECATED] Creation of dynamic property IonAuth\Models\IonAuthModel::$hashMethod is deprecated in FCPATH\vendor\benedmunds\codeigniter-ion-auth\Models\IonAuthModel.php on line 234.
 1 APPPATH\Libraries\IonAuth.php(71): IonAuth\Models\IonAuthModel->__construct()
 2 APPPATH\Filters\CheckPermissions.php(16): App\Libraries\IonAuth->__construct()
 3 SYSTEMPATH\Filters\Filters.php(235): App\Filters\CheckPermissions->__construct()
 4 SYSTEMPATH\Filters\Filters.php(188): CodeIgniter\Filters\Filters->runAfter([...])
 5 SYSTEMPATH\CodeIgniter.php(527): CodeIgniter\Filters\Filters->run('vendor/products/stock_alert', 'after')
 6 SYSTEMPATH\CodeIgniter.php(355): CodeIgniter\CodeIgniter->handleRequest(null, Object(Config\Cache), false)
 7 SYSTEMPATH\Boot.php(325): CodeIgniter\CodeIgniter->run()
 8 SYSTEMPATH\Boot.php(67): CodeIgniter\Boot::runCodeIgniter(Object(CodeIgniter\CodeIgniter))
 9 FCPATH\index.php(56): CodeIgniter\Boot::bootWeb(Object(Config\Paths))
WARNING - 2024-11-22 09:44:50 --> [DEPRECATED] Creation of dynamic property IonAuth\Models\IonAuthModel::$messagesTemplates is deprecated in FCPATH\vendor\benedmunds\codeigniter-ion-auth\Models\IonAuthModel.php on line 237.
 1 APPPATH\Libraries\IonAuth.php(71): IonAuth\Models\IonAuthModel->__construct()
 2 APPPATH\Filters\CheckPermissions.php(16): App\Libraries\IonAuth->__construct()
 3 SYSTEMPATH\Filters\Filters.php(235): App\Filters\CheckPermissions->__construct()
 4 SYSTEMPATH\Filters\Filters.php(188): CodeIgniter\Filters\Filters->runAfter([...])
 5 SYSTEMPATH\CodeIgniter.php(527): CodeIgniter\Filters\Filters->run('vendor/products/stock_alert', 'after')
 6 SYSTEMPATH\CodeIgniter.php(355): CodeIgniter\CodeIgniter->handleRequest(null, Object(Config\Cache), false)
 7 SYSTEMPATH\Boot.php(325): CodeIgniter\CodeIgniter->run()
 8 SYSTEMPATH\Boot.php(67): CodeIgniter\Boot::runCodeIgniter(Object(CodeIgniter\CodeIgniter))
 9 FCPATH\index.php(56): CodeIgniter\Boot::bootWeb(Object(Config\Paths))
INFO - 2024-11-22 04:14:51 --> Session: Class initialized using 'CodeIgniter\Session\Handlers\FileHandler' driver.
WARNING - 2024-11-22 04:14:51 --> [DEPRECATED] Creation of dynamic property IonAuth\Models\IonAuthModel::$join is deprecated in FCPATH\vendor\benedmunds\codeigniter-ion-auth\Models\IonAuthModel.php on line 231.
 1 APPPATH\Libraries\IonAuth.php(71): IonAuth\Models\IonAuthModel->__construct()
 2 APPPATH\Filters\CheckPermissions.php(16): App\Libraries\IonAuth->__construct()
 3 SYSTEMPATH\Filters\Filters.php(197): App\Filters\CheckPermissions->__construct()
 4 SYSTEMPATH\Filters\Filters.php(184): CodeIgniter\Filters\Filters->runBefore([...])
 5 SYSTEMPATH\CodeIgniter.php(481): CodeIgniter\Filters\Filters->run('vendor/products/products_table', 'before')
 6 SYSTEMPATH\CodeIgniter.php(355): CodeIgniter\CodeIgniter->handleRequest(null, Object(Config\Cache), false)
 7 SYSTEMPATH\Boot.php(325): CodeIgniter\CodeIgniter->run()
 8 SYSTEMPATH\Boot.php(67): CodeIgniter\Boot::runCodeIgniter(Object(CodeIgniter\CodeIgniter))
 9 FCPATH\index.php(56): CodeIgniter\Boot::bootWeb(Object(Config\Paths))
WARNING - 2024-11-22 04:14:51 --> [DEPRECATED] Creation of dynamic property IonAuth\Models\IonAuthModel::$hashMethod is deprecated in FCPATH\vendor\benedmunds\codeigniter-ion-auth\Models\IonAuthModel.php on line 234.
 1 APPPATH\Libraries\IonAuth.php(71): IonAuth\Models\IonAuthModel->__construct()
 2 APPPATH\Filters\CheckPermissions.php(16): App\Libraries\IonAuth->__construct()
 3 SYSTEMPATH\Filters\Filters.php(197): App\Filters\CheckPermissions->__construct()
 4 SYSTEMPATH\Filters\Filters.php(184): CodeIgniter\Filters\Filters->runBefore([...])
 5 SYSTEMPATH\CodeIgniter.php(481): CodeIgniter\Filters\Filters->run('vendor/products/products_table', 'before')
 6 SYSTEMPATH\CodeIgniter.php(355): CodeIgniter\CodeIgniter->handleRequest(null, Object(Config\Cache), false)
 7 SYSTEMPATH\Boot.php(325): CodeIgniter\CodeIgniter->run()
 8 SYSTEMPATH\Boot.php(67): CodeIgniter\Boot::runCodeIgniter(Object(CodeIgniter\CodeIgniter))
 9 FCPATH\index.php(56): CodeIgniter\Boot::bootWeb(Object(Config\Paths))
WARNING - 2024-11-22 04:14:51 --> [DEPRECATED] Creation of dynamic property IonAuth\Models\IonAuthModel::$messagesTemplates is deprecated in FCPATH\vendor\benedmunds\codeigniter-ion-auth\Models\IonAuthModel.php on line 237.
 1 APPPATH\Libraries\IonAuth.php(71): IonAuth\Models\IonAuthModel->__construct()
 2 APPPATH\Filters\CheckPermissions.php(16): App\Libraries\IonAuth->__construct()
 3 SYSTEMPATH\Filters\Filters.php(197): App\Filters\CheckPermissions->__construct()
 4 SYSTEMPATH\Filters\Filters.php(184): CodeIgniter\Filters\Filters->runBefore([...])
 5 SYSTEMPATH\CodeIgniter.php(481): CodeIgniter\Filters\Filters->run('vendor/products/products_table', 'before')
 6 SYSTEMPATH\CodeIgniter.php(355): CodeIgniter\CodeIgniter->handleRequest(null, Object(Config\Cache), false)
 7 SYSTEMPATH\Boot.php(325): CodeIgniter\CodeIgniter->run()
 8 SYSTEMPATH\Boot.php(67): CodeIgniter\Boot::runCodeIgniter(Object(CodeIgniter\CodeIgniter))
 9 FCPATH\index.php(56): CodeIgniter\Boot::bootWeb(Object(Config\Paths))
WARNING - 2024-11-22 04:14:51 --> [DEPRECATED] Creation of dynamic property IonAuth\Models\IonAuthModel::$join is deprecated in FCPATH\vendor\benedmunds\codeigniter-ion-auth\Models\IonAuthModel.php on line 231.
 1 APPPATH\Libraries\IonAuth.php(71): IonAuth\Models\IonAuthModel->__construct()
 2 APPPATH\Controllers\vendor\Products.php(25): App\Libraries\IonAuth->__construct()
 3 SYSTEMPATH\CodeIgniter.php(903): App\Controllers\vendor\Products->__construct()
 4 SYSTEMPATH\CodeIgniter.php(500): CodeIgniter\CodeIgniter->createController()
 5 SYSTEMPATH\CodeIgniter.php(355): CodeIgniter\CodeIgniter->handleRequest(null, Object(Config\Cache), false)
 6 SYSTEMPATH\Boot.php(325): CodeIgniter\CodeIgniter->run()
 7 SYSTEMPATH\Boot.php(67): CodeIgniter\Boot::runCodeIgniter(Object(CodeIgniter\CodeIgniter))
 8 FCPATH\index.php(56): CodeIgniter\Boot::bootWeb(Object(Config\Paths))
WARNING - 2024-11-22 04:14:51 --> [DEPRECATED] Creation of dynamic property IonAuth\Models\IonAuthModel::$hashMethod is deprecated in FCPATH\vendor\benedmunds\codeigniter-ion-auth\Models\IonAuthModel.php on line 234.
 1 APPPATH\Libraries\IonAuth.php(71): IonAuth\Models\IonAuthModel->__construct()
 2 APPPATH\Controllers\vendor\Products.php(25): App\Libraries\IonAuth->__construct()
 3 SYSTEMPATH\CodeIgniter.php(903): App\Controllers\vendor\Products->__construct()
 4 SYSTEMPATH\CodeIgniter.php(500): CodeIgniter\CodeIgniter->createController()
 5 SYSTEMPATH\CodeIgniter.php(355): CodeIgniter\CodeIgniter->handleRequest(null, Object(Config\Cache), false)
 6 SYSTEMPATH\Boot.php(325): CodeIgniter\CodeIgniter->run()
 7 SYSTEMPATH\Boot.php(67): CodeIgniter\Boot::runCodeIgniter(Object(CodeIgniter\CodeIgniter))
 8 FCPATH\index.php(56): CodeIgniter\Boot::bootWeb(Object(Config\Paths))
WARNING - 2024-11-22 04:14:51 --> [DEPRECATED] Creation of dynamic property IonAuth\Models\IonAuthModel::$messagesTemplates is deprecated in FCPATH\vendor\benedmunds\codeigniter-ion-auth\Models\IonAuthModel.php on line 237.
 1 APPPATH\Libraries\IonAuth.php(71): IonAuth\Models\IonAuthModel->__construct()
 2 APPPATH\Controllers\vendor\Products.php(25): App\Libraries\IonAuth->__construct()
 3 SYSTEMPATH\CodeIgniter.php(903): App\Controllers\vendor\Products->__construct()
 4 SYSTEMPATH\CodeIgniter.php(500): CodeIgniter\CodeIgniter->createController()
 5 SYSTEMPATH\CodeIgniter.php(355): CodeIgniter\CodeIgniter->handleRequest(null, Object(Config\Cache), false)
 6 SYSTEMPATH\Boot.php(325): CodeIgniter\CodeIgniter->run()
 7 SYSTEMPATH\Boot.php(67): CodeIgniter\Boot::runCodeIgniter(Object(CodeIgniter\CodeIgniter))
 8 FCPATH\index.php(56): CodeIgniter\Boot::bootWeb(Object(Config\Paths))
WARNING - 2024-11-22 09:44:51 --> [DEPRECATED] Creation of dynamic property IonAuth\Models\IonAuthModel::$join is deprecated in FCPATH\vendor\benedmunds\codeigniter-ion-auth\Models\IonAuthModel.php on line 231.
 1 APPPATH\Libraries\IonAuth.php(71): IonAuth\Models\IonAuthModel->__construct()
 2 APPPATH\Filters\CheckPermissions.php(16): App\Libraries\IonAuth->__construct()
 3 SYSTEMPATH\Filters\Filters.php(235): App\Filters\CheckPermissions->__construct()
 4 SYSTEMPATH\Filters\Filters.php(188): CodeIgniter\Filters\Filters->runAfter([...])
 5 SYSTEMPATH\CodeIgniter.php(527): CodeIgniter\Filters\Filters->run('vendor/products/products_table', 'after')
 6 SYSTEMPATH\CodeIgniter.php(355): CodeIgniter\CodeIgniter->handleRequest(null, Object(Config\Cache), false)
 7 SYSTEMPATH\Boot.php(325): CodeIgniter\CodeIgniter->run()
 8 SYSTEMPATH\Boot.php(67): CodeIgniter\Boot::runCodeIgniter(Object(CodeIgniter\CodeIgniter))
 9 FCPATH\index.php(56): CodeIgniter\Boot::bootWeb(Object(Config\Paths))
WARNING - 2024-11-22 09:44:51 --> [DEPRECATED] Creation of dynamic property IonAuth\Models\IonAuthModel::$hashMethod is deprecated in FCPATH\vendor\benedmunds\codeigniter-ion-auth\Models\IonAuthModel.php on line 234.
 1 APPPATH\Libraries\IonAuth.php(71): IonAuth\Models\IonAuthModel->__construct()
 2 APPPATH\Filters\CheckPermissions.php(16): App\Libraries\IonAuth->__construct()
 3 SYSTEMPATH\Filters\Filters.php(235): App\Filters\CheckPermissions->__construct()
 4 SYSTEMPATH\Filters\Filters.php(188): CodeIgniter\Filters\Filters->runAfter([...])
 5 SYSTEMPATH\CodeIgniter.php(527): CodeIgniter\Filters\Filters->run('vendor/products/products_table', 'after')
 6 SYSTEMPATH\CodeIgniter.php(355): CodeIgniter\CodeIgniter->handleRequest(null, Object(Config\Cache), false)
 7 SYSTEMPATH\Boot.php(325): CodeIgniter\CodeIgniter->run()
 8 SYSTEMPATH\Boot.php(67): CodeIgniter\Boot::runCodeIgniter(Object(CodeIgniter\CodeIgniter))
 9 FCPATH\index.php(56): CodeIgniter\Boot::bootWeb(Object(Config\Paths))
WARNING - 2024-11-22 09:44:51 --> [DEPRECATED] Creation of dynamic property IonAuth\Models\IonAuthModel::$messagesTemplates is deprecated in FCPATH\vendor\benedmunds\codeigniter-ion-auth\Models\IonAuthModel.php on line 237.
 1 APPPATH\Libraries\IonAuth.php(71): IonAuth\Models\IonAuthModel->__construct()
 2 APPPATH\Filters\CheckPermissions.php(16): App\Libraries\IonAuth->__construct()
 3 SYSTEMPATH\Filters\Filters.php(235): App\Filters\CheckPermissions->__construct()
 4 SYSTEMPATH\Filters\Filters.php(188): CodeIgniter\Filters\Filters->runAfter([...])
 5 SYSTEMPATH\CodeIgniter.php(527): CodeIgniter\Filters\Filters->run('vendor/products/products_table', 'after')
 6 SYSTEMPATH\CodeIgniter.php(355): CodeIgniter\CodeIgniter->handleRequest(null, Object(Config\Cache), false)
 7 SYSTEMPATH\Boot.php(325): CodeIgniter\CodeIgniter->run()
 8 SYSTEMPATH\Boot.php(67): CodeIgniter\Boot::runCodeIgniter(Object(CodeIgniter\CodeIgniter))
 9 FCPATH\index.php(56): CodeIgniter\Boot::bootWeb(Object(Config\Paths))
INFO - 2024-11-22 04:15:11 --> Session: Class initialized using 'CodeIgniter\Session\Handlers\FileHandler' driver.
WARNING - 2024-11-22 04:15:11 --> [DEPRECATED] Creation of dynamic property IonAuth\Models\IonAuthModel::$join is deprecated in FCPATH\vendor\benedmunds\codeigniter-ion-auth\Models\IonAuthModel.php on line 231.
 1 APPPATH\Libraries\IonAuth.php(71): IonAuth\Models\IonAuthModel->__construct()
 2 APPPATH\Filters\CheckPermissions.php(16): App\Libraries\IonAuth->__construct()
 3 SYSTEMPATH\Filters\Filters.php(197): App\Filters\CheckPermissions->__construct()
 4 SYSTEMPATH\Filters\Filters.php(184): CodeIgniter\Filters\Filters->runBefore([...])
 5 SYSTEMPATH\CodeIgniter.php(481): CodeIgniter\Filters\Filters->run('vendor/orders/orders', 'before')
 6 SYSTEMPATH\CodeIgniter.php(355): CodeIgniter\CodeIgniter->handleRequest(null, Object(Config\Cache), false)
 7 SYSTEMPATH\Boot.php(325): CodeIgniter\CodeIgniter->run()
 8 SYSTEMPATH\Boot.php(67): CodeIgniter\Boot::runCodeIgniter(Object(CodeIgniter\CodeIgniter))
 9 FCPATH\index.php(56): CodeIgniter\Boot::bootWeb(Object(Config\Paths))
WARNING - 2024-11-22 04:15:11 --> [DEPRECATED] Creation of dynamic property IonAuth\Models\IonAuthModel::$hashMethod is deprecated in FCPATH\vendor\benedmunds\codeigniter-ion-auth\Models\IonAuthModel.php on line 234.
 1 APPPATH\Libraries\IonAuth.php(71): IonAuth\Models\IonAuthModel->__construct()
 2 APPPATH\Filters\CheckPermissions.php(16): App\Libraries\IonAuth->__construct()
 3 SYSTEMPATH\Filters\Filters.php(197): App\Filters\CheckPermissions->__construct()
 4 SYSTEMPATH\Filters\Filters.php(184): CodeIgniter\Filters\Filters->runBefore([...])
 5 SYSTEMPATH\CodeIgniter.php(481): CodeIgniter\Filters\Filters->run('vendor/orders/orders', 'before')
 6 SYSTEMPATH\CodeIgniter.php(355): CodeIgniter\CodeIgniter->handleRequest(null, Object(Config\Cache), false)
 7 SYSTEMPATH\Boot.php(325): CodeIgniter\CodeIgniter->run()
 8 SYSTEMPATH\Boot.php(67): CodeIgniter\Boot::runCodeIgniter(Object(CodeIgniter\CodeIgniter))
 9 FCPATH\index.php(56): CodeIgniter\Boot::bootWeb(Object(Config\Paths))
WARNING - 2024-11-22 04:15:11 --> [DEPRECATED] Creation of dynamic property IonAuth\Models\IonAuthModel::$messagesTemplates is deprecated in FCPATH\vendor\benedmunds\codeigniter-ion-auth\Models\IonAuthModel.php on line 237.
 1 APPPATH\Libraries\IonAuth.php(71): IonAuth\Models\IonAuthModel->__construct()
 2 APPPATH\Filters\CheckPermissions.php(16): App\Libraries\IonAuth->__construct()
 3 SYSTEMPATH\Filters\Filters.php(197): App\Filters\CheckPermissions->__construct()
 4 SYSTEMPATH\Filters\Filters.php(184): CodeIgniter\Filters\Filters->runBefore([...])
 5 SYSTEMPATH\CodeIgniter.php(481): CodeIgniter\Filters\Filters->run('vendor/orders/orders', 'before')
 6 SYSTEMPATH\CodeIgniter.php(355): CodeIgniter\CodeIgniter->handleRequest(null, Object(Config\Cache), false)
 7 SYSTEMPATH\Boot.php(325): CodeIgniter\CodeIgniter->run()
 8 SYSTEMPATH\Boot.php(67): CodeIgniter\Boot::runCodeIgniter(Object(CodeIgniter\CodeIgniter))
 9 FCPATH\index.php(56): CodeIgniter\Boot::bootWeb(Object(Config\Paths))
WARNING - 2024-11-22 04:15:11 --> [DEPRECATED] Creation of dynamic property IonAuth\Models\IonAuthModel::$join is deprecated in FCPATH\vendor\benedmunds\codeigniter-ion-auth\Models\IonAuthModel.php on line 231.
 1 APPPATH\Libraries\IonAuth.php(71): IonAuth\Models\IonAuthModel->__construct()
 2 APPPATH\Controllers\vendor\Orders.php(28): App\Libraries\IonAuth->__construct()
 3 SYSTEMPATH\CodeIgniter.php(903): App\Controllers\vendor\Orders->__construct()
 4 SYSTEMPATH\CodeIgniter.php(500): CodeIgniter\CodeIgniter->createController()
 5 SYSTEMPATH\CodeIgniter.php(355): CodeIgniter\CodeIgniter->handleRequest(null, Object(Config\Cache), false)
 6 SYSTEMPATH\Boot.php(325): CodeIgniter\CodeIgniter->run()
 7 SYSTEMPATH\Boot.php(67): CodeIgniter\Boot::runCodeIgniter(Object(CodeIgniter\CodeIgniter))
 8 FCPATH\index.php(56): CodeIgniter\Boot::bootWeb(Object(Config\Paths))
WARNING - 2024-11-22 04:15:11 --> [DEPRECATED] Creation of dynamic property IonAuth\Models\IonAuthModel::$hashMethod is deprecated in FCPATH\vendor\benedmunds\codeigniter-ion-auth\Models\IonAuthModel.php on line 234.
 1 APPPATH\Libraries\IonAuth.php(71): IonAuth\Models\IonAuthModel->__construct()
 2 APPPATH\Controllers\vendor\Orders.php(28): App\Libraries\IonAuth->__construct()
 3 SYSTEMPATH\CodeIgniter.php(903): App\Controllers\vendor\Orders->__construct()
 4 SYSTEMPATH\CodeIgniter.php(500): CodeIgniter\CodeIgniter->createController()
 5 SYSTEMPATH\CodeIgniter.php(355): CodeIgniter\CodeIgniter->handleRequest(null, Object(Config\Cache), false)
 6 SYSTEMPATH\Boot.php(325): CodeIgniter\CodeIgniter->run()
 7 SYSTEMPATH\Boot.php(67): CodeIgniter\Boot::runCodeIgniter(Object(CodeIgniter\CodeIgniter))
 8 FCPATH\index.php(56): CodeIgniter\Boot::bootWeb(Object(Config\Paths))
WARNING - 2024-11-22 04:15:11 --> [DEPRECATED] Creation of dynamic property IonAuth\Models\IonAuthModel::$messagesTemplates is deprecated in FCPATH\vendor\benedmunds\codeigniter-ion-auth\Models\IonAuthModel.php on line 237.
 1 APPPATH\Libraries\IonAuth.php(71): IonAuth\Models\IonAuthModel->__construct()
 2 APPPATH\Controllers\vendor\Orders.php(28): App\Libraries\IonAuth->__construct()
 3 SYSTEMPATH\CodeIgniter.php(903): App\Controllers\vendor\Orders->__construct()
 4 SYSTEMPATH\CodeIgniter.php(500): CodeIgniter\CodeIgniter->createController()
 5 SYSTEMPATH\CodeIgniter.php(355): CodeIgniter\CodeIgniter->handleRequest(null, Object(Config\Cache), false)
 6 SYSTEMPATH\Boot.php(325): CodeIgniter\CodeIgniter->run()
 7 SYSTEMPATH\Boot.php(67): CodeIgniter\Boot::runCodeIgniter(Object(CodeIgniter\CodeIgniter))
 8 FCPATH\index.php(56): CodeIgniter\Boot::bootWeb(Object(Config\Paths))
WARNING - 2024-11-22 09:45:12 --> [DEPRECATED] Creation of dynamic property App\Controllers\vendor\Orders::$data is deprecated in APPPATH\Controllers\vendor\Orders.php on line 148.
 1 SYSTEMPATH\CodeIgniter.php(933): App\Controllers\vendor\Orders->orders()
 2 SYSTEMPATH\CodeIgniter.php(509): CodeIgniter\CodeIgniter->runController(Object(App\Controllers\vendor\Orders))
 3 SYSTEMPATH\CodeIgniter.php(355): CodeIgniter\CodeIgniter->handleRequest(null, Object(Config\Cache), false)
 4 SYSTEMPATH\Boot.php(325): CodeIgniter\CodeIgniter->run()
 5 SYSTEMPATH\Boot.php(67): CodeIgniter\Boot::runCodeIgniter(Object(CodeIgniter\CodeIgniter))
 6 FCPATH\index.php(56): CodeIgniter\Boot::bootWeb(Object(Config\Paths))
WARNING - 2024-11-22 09:45:12 --> [DEPRECATED] Creation of dynamic property IonAuth\Models\IonAuthModel::$join is deprecated in FCPATH\vendor\benedmunds\codeigniter-ion-auth\Models\IonAuthModel.php on line 231.
 1 APPPATH\Libraries\IonAuth.php(71): IonAuth\Models\IonAuthModel->__construct()
 2 APPPATH\Filters\CheckPermissions.php(16): App\Libraries\IonAuth->__construct()
 3 SYSTEMPATH\Filters\Filters.php(235): App\Filters\CheckPermissions->__construct()
 4 SYSTEMPATH\Filters\Filters.php(188): CodeIgniter\Filters\Filters->runAfter([...])
 5 SYSTEMPATH\CodeIgniter.php(527): CodeIgniter\Filters\Filters->run('vendor/orders/orders', 'after')
 6 SYSTEMPATH\CodeIgniter.php(355): CodeIgniter\CodeIgniter->handleRequest(null, Object(Config\Cache), false)
 7 SYSTEMPATH\Boot.php(325): CodeIgniter\CodeIgniter->run()
 8 SYSTEMPATH\Boot.php(67): CodeIgniter\Boot::runCodeIgniter(Object(CodeIgniter\CodeIgniter))
 9 FCPATH\index.php(56): CodeIgniter\Boot::bootWeb(Object(Config\Paths))
WARNING - 2024-11-22 09:45:12 --> [DEPRECATED] Creation of dynamic property IonAuth\Models\IonAuthModel::$hashMethod is deprecated in FCPATH\vendor\benedmunds\codeigniter-ion-auth\Models\IonAuthModel.php on line 234.
 1 APPPATH\Libraries\IonAuth.php(71): IonAuth\Models\IonAuthModel->__construct()
 2 APPPATH\Filters\CheckPermissions.php(16): App\Libraries\IonAuth->__construct()
 3 SYSTEMPATH\Filters\Filters.php(235): App\Filters\CheckPermissions->__construct()
 4 SYSTEMPATH\Filters\Filters.php(188): CodeIgniter\Filters\Filters->runAfter([...])
 5 SYSTEMPATH\CodeIgniter.php(527): CodeIgniter\Filters\Filters->run('vendor/orders/orders', 'after')
 6 SYSTEMPATH\CodeIgniter.php(355): CodeIgniter\CodeIgniter->handleRequest(null, Object(Config\Cache), false)
 7 SYSTEMPATH\Boot.php(325): CodeIgniter\CodeIgniter->run()
 8 SYSTEMPATH\Boot.php(67): CodeIgniter\Boot::runCodeIgniter(Object(CodeIgniter\CodeIgniter))
 9 FCPATH\index.php(56): CodeIgniter\Boot::bootWeb(Object(Config\Paths))
WARNING - 2024-11-22 09:45:12 --> [DEPRECATED] Creation of dynamic property IonAuth\Models\IonAuthModel::$messagesTemplates is deprecated in FCPATH\vendor\benedmunds\codeigniter-ion-auth\Models\IonAuthModel.php on line 237.
 1 APPPATH\Libraries\IonAuth.php(71): IonAuth\Models\IonAuthModel->__construct()
 2 APPPATH\Filters\CheckPermissions.php(16): App\Libraries\IonAuth->__construct()
 3 SYSTEMPATH\Filters\Filters.php(235): App\Filters\CheckPermissions->__construct()
 4 SYSTEMPATH\Filters\Filters.php(188): CodeIgniter\Filters\Filters->runAfter([...])
 5 SYSTEMPATH\CodeIgniter.php(527): CodeIgniter\Filters\Filters->run('vendor/orders/orders', 'after')
 6 SYSTEMPATH\CodeIgniter.php(355): CodeIgniter\CodeIgniter->handleRequest(null, Object(Config\Cache), false)
 7 SYSTEMPATH\Boot.php(325): CodeIgniter\CodeIgniter->run()
 8 SYSTEMPATH\Boot.php(67): CodeIgniter\Boot::runCodeIgniter(Object(CodeIgniter\CodeIgniter))
 9 FCPATH\index.php(56): CodeIgniter\Boot::bootWeb(Object(Config\Paths))
INFO - 2024-11-22 04:15:13 --> Session: Class initialized using 'CodeIgniter\Session\Handlers\FileHandler' driver.
WARNING - 2024-11-22 04:15:13 --> [DEPRECATED] Creation of dynamic property IonAuth\Models\IonAuthModel::$join is deprecated in FCPATH\vendor\benedmunds\codeigniter-ion-auth\Models\IonAuthModel.php on line 231.
 1 APPPATH\Libraries\IonAuth.php(71): IonAuth\Models\IonAuthModel->__construct()
 2 APPPATH\Filters\CheckPermissions.php(16): App\Libraries\IonAuth->__construct()
 3 SYSTEMPATH\Filters\Filters.php(197): App\Filters\CheckPermissions->__construct()
 4 SYSTEMPATH\Filters\Filters.php(184): CodeIgniter\Filters\Filters->runBefore([...])
 5 SYSTEMPATH\CodeIgniter.php(481): CodeIgniter\Filters\Filters->run('vendor/orders/orders_table', 'before')
 6 SYSTEMPATH\CodeIgniter.php(355): CodeIgniter\CodeIgniter->handleRequest(null, Object(Config\Cache), false)
 7 SYSTEMPATH\Boot.php(325): CodeIgniter\CodeIgniter->run()
 8 SYSTEMPATH\Boot.php(67): CodeIgniter\Boot::runCodeIgniter(Object(CodeIgniter\CodeIgniter))
 9 FCPATH\index.php(56): CodeIgniter\Boot::bootWeb(Object(Config\Paths))
WARNING - 2024-11-22 04:15:13 --> [DEPRECATED] Creation of dynamic property IonAuth\Models\IonAuthModel::$hashMethod is deprecated in FCPATH\vendor\benedmunds\codeigniter-ion-auth\Models\IonAuthModel.php on line 234.
 1 APPPATH\Libraries\IonAuth.php(71): IonAuth\Models\IonAuthModel->__construct()
 2 APPPATH\Filters\CheckPermissions.php(16): App\Libraries\IonAuth->__construct()
 3 SYSTEMPATH\Filters\Filters.php(197): App\Filters\CheckPermissions->__construct()
 4 SYSTEMPATH\Filters\Filters.php(184): CodeIgniter\Filters\Filters->runBefore([...])
 5 SYSTEMPATH\CodeIgniter.php(481): CodeIgniter\Filters\Filters->run('vendor/orders/orders_table', 'before')
 6 SYSTEMPATH\CodeIgniter.php(355): CodeIgniter\CodeIgniter->handleRequest(null, Object(Config\Cache), false)
 7 SYSTEMPATH\Boot.php(325): CodeIgniter\CodeIgniter->run()
 8 SYSTEMPATH\Boot.php(67): CodeIgniter\Boot::runCodeIgniter(Object(CodeIgniter\CodeIgniter))
 9 FCPATH\index.php(56): CodeIgniter\Boot::bootWeb(Object(Config\Paths))
WARNING - 2024-11-22 04:15:13 --> [DEPRECATED] Creation of dynamic property IonAuth\Models\IonAuthModel::$messagesTemplates is deprecated in FCPATH\vendor\benedmunds\codeigniter-ion-auth\Models\IonAuthModel.php on line 237.
 1 APPPATH\Libraries\IonAuth.php(71): IonAuth\Models\IonAuthModel->__construct()
 2 APPPATH\Filters\CheckPermissions.php(16): App\Libraries\IonAuth->__construct()
 3 SYSTEMPATH\Filters\Filters.php(197): App\Filters\CheckPermissions->__construct()
 4 SYSTEMPATH\Filters\Filters.php(184): CodeIgniter\Filters\Filters->runBefore([...])
 5 SYSTEMPATH\CodeIgniter.php(481): CodeIgniter\Filters\Filters->run('vendor/orders/orders_table', 'before')
 6 SYSTEMPATH\CodeIgniter.php(355): CodeIgniter\CodeIgniter->handleRequest(null, Object(Config\Cache), false)
 7 SYSTEMPATH\Boot.php(325): CodeIgniter\CodeIgniter->run()
 8 SYSTEMPATH\Boot.php(67): CodeIgniter\Boot::runCodeIgniter(Object(CodeIgniter\CodeIgniter))
 9 FCPATH\index.php(56): CodeIgniter\Boot::bootWeb(Object(Config\Paths))
WARNING - 2024-11-22 04:15:13 --> [DEPRECATED] Creation of dynamic property IonAuth\Models\IonAuthModel::$join is deprecated in FCPATH\vendor\benedmunds\codeigniter-ion-auth\Models\IonAuthModel.php on line 231.
 1 APPPATH\Libraries\IonAuth.php(71): IonAuth\Models\IonAuthModel->__construct()
 2 APPPATH\Controllers\vendor\Orders.php(28): App\Libraries\IonAuth->__construct()
 3 SYSTEMPATH\CodeIgniter.php(903): App\Controllers\vendor\Orders->__construct()
 4 SYSTEMPATH\CodeIgniter.php(500): CodeIgniter\CodeIgniter->createController()
 5 SYSTEMPATH\CodeIgniter.php(355): CodeIgniter\CodeIgniter->handleRequest(null, Object(Config\Cache), false)
 6 SYSTEMPATH\Boot.php(325): CodeIgniter\CodeIgniter->run()
 7 SYSTEMPATH\Boot.php(67): CodeIgniter\Boot::runCodeIgniter(Object(CodeIgniter\CodeIgniter))
 8 FCPATH\index.php(56): CodeIgniter\Boot::bootWeb(Object(Config\Paths))
WARNING - 2024-11-22 04:15:13 --> [DEPRECATED] Creation of dynamic property IonAuth\Models\IonAuthModel::$hashMethod is deprecated in FCPATH\vendor\benedmunds\codeigniter-ion-auth\Models\IonAuthModel.php on line 234.
 1 APPPATH\Libraries\IonAuth.php(71): IonAuth\Models\IonAuthModel->__construct()
 2 APPPATH\Controllers\vendor\Orders.php(28): App\Libraries\IonAuth->__construct()
 3 SYSTEMPATH\CodeIgniter.php(903): App\Controllers\vendor\Orders->__construct()
 4 SYSTEMPATH\CodeIgniter.php(500): CodeIgniter\CodeIgniter->createController()
 5 SYSTEMPATH\CodeIgniter.php(355): CodeIgniter\CodeIgniter->handleRequest(null, Object(Config\Cache), false)
 6 SYSTEMPATH\Boot.php(325): CodeIgniter\CodeIgniter->run()
 7 SYSTEMPATH\Boot.php(67): CodeIgniter\Boot::runCodeIgniter(Object(CodeIgniter\CodeIgniter))
 8 FCPATH\index.php(56): CodeIgniter\Boot::bootWeb(Object(Config\Paths))
WARNING - 2024-11-22 04:15:13 --> [DEPRECATED] Creation of dynamic property IonAuth\Models\IonAuthModel::$messagesTemplates is deprecated in FCPATH\vendor\benedmunds\codeigniter-ion-auth\Models\IonAuthModel.php on line 237.
 1 APPPATH\Libraries\IonAuth.php(71): IonAuth\Models\IonAuthModel->__construct()
 2 APPPATH\Controllers\vendor\Orders.php(28): App\Libraries\IonAuth->__construct()
 3 SYSTEMPATH\CodeIgniter.php(903): App\Controllers\vendor\Orders->__construct()
 4 SYSTEMPATH\CodeIgniter.php(500): CodeIgniter\CodeIgniter->createController()
 5 SYSTEMPATH\CodeIgniter.php(355): CodeIgniter\CodeIgniter->handleRequest(null, Object(Config\Cache), false)
 6 SYSTEMPATH\Boot.php(325): CodeIgniter\CodeIgniter->run()
 7 SYSTEMPATH\Boot.php(67): CodeIgniter\Boot::runCodeIgniter(Object(CodeIgniter\CodeIgniter))
 8 FCPATH\index.php(56): CodeIgniter\Boot::bootWeb(Object(Config\Paths))
WARNING - 2024-11-22 09:45:13 --> [DEPRECATED] Creation of dynamic property IonAuth\Models\IonAuthModel::$join is deprecated in FCPATH\vendor\benedmunds\codeigniter-ion-auth\Models\IonAuthModel.php on line 231.
 1 APPPATH\Libraries\IonAuth.php(71): IonAuth\Models\IonAuthModel->__construct()
 2 APPPATH\Filters\CheckPermissions.php(16): App\Libraries\IonAuth->__construct()
 3 SYSTEMPATH\Filters\Filters.php(235): App\Filters\CheckPermissions->__construct()
 4 SYSTEMPATH\Filters\Filters.php(188): CodeIgniter\Filters\Filters->runAfter([...])
 5 SYSTEMPATH\CodeIgniter.php(527): CodeIgniter\Filters\Filters->run('vendor/orders/orders_table', 'after')
 6 SYSTEMPATH\CodeIgniter.php(355): CodeIgniter\CodeIgniter->handleRequest(null, Object(Config\Cache), false)
 7 SYSTEMPATH\Boot.php(325): CodeIgniter\CodeIgniter->run()
 8 SYSTEMPATH\Boot.php(67): CodeIgniter\Boot::runCodeIgniter(Object(CodeIgniter\CodeIgniter))
 9 FCPATH\index.php(56): CodeIgniter\Boot::bootWeb(Object(Config\Paths))
WARNING - 2024-11-22 09:45:13 --> [DEPRECATED] Creation of dynamic property IonAuth\Models\IonAuthModel::$hashMethod is deprecated in FCPATH\vendor\benedmunds\codeigniter-ion-auth\Models\IonAuthModel.php on line 234.
 1 APPPATH\Libraries\IonAuth.php(71): IonAuth\Models\IonAuthModel->__construct()
 2 APPPATH\Filters\CheckPermissions.php(16): App\Libraries\IonAuth->__construct()
 3 SYSTEMPATH\Filters\Filters.php(235): App\Filters\CheckPermissions->__construct()
 4 SYSTEMPATH\Filters\Filters.php(188): CodeIgniter\Filters\Filters->runAfter([...])
 5 SYSTEMPATH\CodeIgniter.php(527): CodeIgniter\Filters\Filters->run('vendor/orders/orders_table', 'after')
 6 SYSTEMPATH\CodeIgniter.php(355): CodeIgniter\CodeIgniter->handleRequest(null, Object(Config\Cache), false)
 7 SYSTEMPATH\Boot.php(325): CodeIgniter\CodeIgniter->run()
 8 SYSTEMPATH\Boot.php(67): CodeIgniter\Boot::runCodeIgniter(Object(CodeIgniter\CodeIgniter))
 9 FCPATH\index.php(56): CodeIgniter\Boot::bootWeb(Object(Config\Paths))
WARNING - 2024-11-22 09:45:13 --> [DEPRECATED] Creation of dynamic property IonAuth\Models\IonAuthModel::$messagesTemplates is deprecated in FCPATH\vendor\benedmunds\codeigniter-ion-auth\Models\IonAuthModel.php on line 237.
 1 APPPATH\Libraries\IonAuth.php(71): IonAuth\Models\IonAuthModel->__construct()
 2 APPPATH\Filters\CheckPermissions.php(16): App\Libraries\IonAuth->__construct()
 3 SYSTEMPATH\Filters\Filters.php(235): App\Filters\CheckPermissions->__construct()
 4 SYSTEMPATH\Filters\Filters.php(188): CodeIgniter\Filters\Filters->runAfter([...])
 5 SYSTEMPATH\CodeIgniter.php(527): CodeIgniter\Filters\Filters->run('vendor/orders/orders_table', 'after')
 6 SYSTEMPATH\CodeIgniter.php(355): CodeIgniter\CodeIgniter->handleRequest(null, Object(Config\Cache), false)
 7 SYSTEMPATH\Boot.php(325): CodeIgniter\CodeIgniter->run()
 8 SYSTEMPATH\Boot.php(67): CodeIgniter\Boot::runCodeIgniter(Object(CodeIgniter\CodeIgniter))
 9 FCPATH\index.php(56): CodeIgniter\Boot::bootWeb(Object(Config\Paths))
INFO - 2024-11-22 04:15:13 --> Session: Class initialized using 'CodeIgniter\Session\Handlers\FileHandler' driver.
WARNING - 2024-11-22 04:15:13 --> [DEPRECATED] Creation of dynamic property IonAuth\Models\IonAuthModel::$join is deprecated in FCPATH\vendor\benedmunds\codeigniter-ion-auth\Models\IonAuthModel.php on line 231.
 1 APPPATH\Libraries\IonAuth.php(71): IonAuth\Models\IonAuthModel->__construct()
 2 APPPATH\Filters\CheckPermissions.php(16): App\Libraries\IonAuth->__construct()
 3 SYSTEMPATH\Filters\Filters.php(197): App\Filters\CheckPermissions->__construct()
 4 SYSTEMPATH\Filters\Filters.php(184): CodeIgniter\Filters\Filters->runBefore([...])
 5 SYSTEMPATH\CodeIgniter.php(481): CodeIgniter\Filters\Filters->run('vendor/products/stock_alert', 'before')
 6 SYSTEMPATH\CodeIgniter.php(355): CodeIgniter\CodeIgniter->handleRequest(null, Object(Config\Cache), false)
 7 SYSTEMPATH\Boot.php(325): CodeIgniter\CodeIgniter->run()
 8 SYSTEMPATH\Boot.php(67): CodeIgniter\Boot::runCodeIgniter(Object(CodeIgniter\CodeIgniter))
 9 FCPATH\index.php(56): CodeIgniter\Boot::bootWeb(Object(Config\Paths))
WARNING - 2024-11-22 04:15:13 --> [DEPRECATED] Creation of dynamic property IonAuth\Models\IonAuthModel::$hashMethod is deprecated in FCPATH\vendor\benedmunds\codeigniter-ion-auth\Models\IonAuthModel.php on line 234.
 1 APPPATH\Libraries\IonAuth.php(71): IonAuth\Models\IonAuthModel->__construct()
 2 APPPATH\Filters\CheckPermissions.php(16): App\Libraries\IonAuth->__construct()
 3 SYSTEMPATH\Filters\Filters.php(197): App\Filters\CheckPermissions->__construct()
 4 SYSTEMPATH\Filters\Filters.php(184): CodeIgniter\Filters\Filters->runBefore([...])
 5 SYSTEMPATH\CodeIgniter.php(481): CodeIgniter\Filters\Filters->run('vendor/products/stock_alert', 'before')
 6 SYSTEMPATH\CodeIgniter.php(355): CodeIgniter\CodeIgniter->handleRequest(null, Object(Config\Cache), false)
 7 SYSTEMPATH\Boot.php(325): CodeIgniter\CodeIgniter->run()
 8 SYSTEMPATH\Boot.php(67): CodeIgniter\Boot::runCodeIgniter(Object(CodeIgniter\CodeIgniter))
 9 FCPATH\index.php(56): CodeIgniter\Boot::bootWeb(Object(Config\Paths))
WARNING - 2024-11-22 04:15:13 --> [DEPRECATED] Creation of dynamic property IonAuth\Models\IonAuthModel::$messagesTemplates is deprecated in FCPATH\vendor\benedmunds\codeigniter-ion-auth\Models\IonAuthModel.php on line 237.
 1 APPPATH\Libraries\IonAuth.php(71): IonAuth\Models\IonAuthModel->__construct()
 2 APPPATH\Filters\CheckPermissions.php(16): App\Libraries\IonAuth->__construct()
 3 SYSTEMPATH\Filters\Filters.php(197): App\Filters\CheckPermissions->__construct()
 4 SYSTEMPATH\Filters\Filters.php(184): CodeIgniter\Filters\Filters->runBefore([...])
 5 SYSTEMPATH\CodeIgniter.php(481): CodeIgniter\Filters\Filters->run('vendor/products/stock_alert', 'before')
 6 SYSTEMPATH\CodeIgniter.php(355): CodeIgniter\CodeIgniter->handleRequest(null, Object(Config\Cache), false)
 7 SYSTEMPATH\Boot.php(325): CodeIgniter\CodeIgniter->run()
 8 SYSTEMPATH\Boot.php(67): CodeIgniter\Boot::runCodeIgniter(Object(CodeIgniter\CodeIgniter))
 9 FCPATH\index.php(56): CodeIgniter\Boot::bootWeb(Object(Config\Paths))
WARNING - 2024-11-22 04:15:13 --> [DEPRECATED] Creation of dynamic property IonAuth\Models\IonAuthModel::$join is deprecated in FCPATH\vendor\benedmunds\codeigniter-ion-auth\Models\IonAuthModel.php on line 231.
 1 APPPATH\Libraries\IonAuth.php(71): IonAuth\Models\IonAuthModel->__construct()
 2 APPPATH\Controllers\vendor\Products.php(25): App\Libraries\IonAuth->__construct()
 3 SYSTEMPATH\CodeIgniter.php(903): App\Controllers\vendor\Products->__construct()
 4 SYSTEMPATH\CodeIgniter.php(500): CodeIgniter\CodeIgniter->createController()
 5 SYSTEMPATH\CodeIgniter.php(355): CodeIgniter\CodeIgniter->handleRequest(null, Object(Config\Cache), false)
 6 SYSTEMPATH\Boot.php(325): CodeIgniter\CodeIgniter->run()
 7 SYSTEMPATH\Boot.php(67): CodeIgniter\Boot::runCodeIgniter(Object(CodeIgniter\CodeIgniter))
 8 FCPATH\index.php(56): CodeIgniter\Boot::bootWeb(Object(Config\Paths))
WARNING - 2024-11-22 04:15:13 --> [DEPRECATED] Creation of dynamic property IonAuth\Models\IonAuthModel::$hashMethod is deprecated in FCPATH\vendor\benedmunds\codeigniter-ion-auth\Models\IonAuthModel.php on line 234.
 1 APPPATH\Libraries\IonAuth.php(71): IonAuth\Models\IonAuthModel->__construct()
 2 APPPATH\Controllers\vendor\Products.php(25): App\Libraries\IonAuth->__construct()
 3 SYSTEMPATH\CodeIgniter.php(903): App\Controllers\vendor\Products->__construct()
 4 SYSTEMPATH\CodeIgniter.php(500): CodeIgniter\CodeIgniter->createController()
 5 SYSTEMPATH\CodeIgniter.php(355): CodeIgniter\CodeIgniter->handleRequest(null, Object(Config\Cache), false)
 6 SYSTEMPATH\Boot.php(325): CodeIgniter\CodeIgniter->run()
 7 SYSTEMPATH\Boot.php(67): CodeIgniter\Boot::runCodeIgniter(Object(CodeIgniter\CodeIgniter))
 8 FCPATH\index.php(56): CodeIgniter\Boot::bootWeb(Object(Config\Paths))
WARNING - 2024-11-22 04:15:13 --> [DEPRECATED] Creation of dynamic property IonAuth\Models\IonAuthModel::$messagesTemplates is deprecated in FCPATH\vendor\benedmunds\codeigniter-ion-auth\Models\IonAuthModel.php on line 237.
 1 APPPATH\Libraries\IonAuth.php(71): IonAuth\Models\IonAuthModel->__construct()
 2 APPPATH\Controllers\vendor\Products.php(25): App\Libraries\IonAuth->__construct()
 3 SYSTEMPATH\CodeIgniter.php(903): App\Controllers\vendor\Products->__construct()
 4 SYSTEMPATH\CodeIgniter.php(500): CodeIgniter\CodeIgniter->createController()
 5 SYSTEMPATH\CodeIgniter.php(355): CodeIgniter\CodeIgniter->handleRequest(null, Object(Config\Cache), false)
 6 SYSTEMPATH\Boot.php(325): CodeIgniter\CodeIgniter->run()
 7 SYSTEMPATH\Boot.php(67): CodeIgniter\Boot::runCodeIgniter(Object(CodeIgniter\CodeIgniter))
 8 FCPATH\index.php(56): CodeIgniter\Boot::bootWeb(Object(Config\Paths))
WARNING - 2024-11-22 09:45:13 --> [DEPRECATED] Creation of dynamic property IonAuth\Models\IonAuthModel::$join is deprecated in FCPATH\vendor\benedmunds\codeigniter-ion-auth\Models\IonAuthModel.php on line 231.
 1 APPPATH\Libraries\IonAuth.php(71): IonAuth\Models\IonAuthModel->__construct()
 2 APPPATH\Filters\CheckPermissions.php(16): App\Libraries\IonAuth->__construct()
 3 SYSTEMPATH\Filters\Filters.php(235): App\Filters\CheckPermissions->__construct()
 4 SYSTEMPATH\Filters\Filters.php(188): CodeIgniter\Filters\Filters->runAfter([...])
 5 SYSTEMPATH\CodeIgniter.php(527): CodeIgniter\Filters\Filters->run('vendor/products/stock_alert', 'after')
 6 SYSTEMPATH\CodeIgniter.php(355): CodeIgniter\CodeIgniter->handleRequest(null, Object(Config\Cache), false)
 7 SYSTEMPATH\Boot.php(325): CodeIgniter\CodeIgniter->run()
 8 SYSTEMPATH\Boot.php(67): CodeIgniter\Boot::runCodeIgniter(Object(CodeIgniter\CodeIgniter))
 9 FCPATH\index.php(56): CodeIgniter\Boot::bootWeb(Object(Config\Paths))
WARNING - 2024-11-22 09:45:13 --> [DEPRECATED] Creation of dynamic property IonAuth\Models\IonAuthModel::$hashMethod is deprecated in FCPATH\vendor\benedmunds\codeigniter-ion-auth\Models\IonAuthModel.php on line 234.
 1 APPPATH\Libraries\IonAuth.php(71): IonAuth\Models\IonAuthModel->__construct()
 2 APPPATH\Filters\CheckPermissions.php(16): App\Libraries\IonAuth->__construct()
 3 SYSTEMPATH\Filters\Filters.php(235): App\Filters\CheckPermissions->__construct()
 4 SYSTEMPATH\Filters\Filters.php(188): CodeIgniter\Filters\Filters->runAfter([...])
 5 SYSTEMPATH\CodeIgniter.php(527): CodeIgniter\Filters\Filters->run('vendor/products/stock_alert', 'after')
 6 SYSTEMPATH\CodeIgniter.php(355): CodeIgniter\CodeIgniter->handleRequest(null, Object(Config\Cache), false)
 7 SYSTEMPATH\Boot.php(325): CodeIgniter\CodeIgniter->run()
 8 SYSTEMPATH\Boot.php(67): CodeIgniter\Boot::runCodeIgniter(Object(CodeIgniter\CodeIgniter))
 9 FCPATH\index.php(56): CodeIgniter\Boot::bootWeb(Object(Config\Paths))
WARNING - 2024-11-22 09:45:13 --> [DEPRECATED] Creation of dynamic property IonAuth\Models\IonAuthModel::$messagesTemplates is deprecated in FCPATH\vendor\benedmunds\codeigniter-ion-auth\Models\IonAuthModel.php on line 237.
 1 APPPATH\Libraries\IonAuth.php(71): IonAuth\Models\IonAuthModel->__construct()
 2 APPPATH\Filters\CheckPermissions.php(16): App\Libraries\IonAuth->__construct()
 3 SYSTEMPATH\Filters\Filters.php(235): App\Filters\CheckPermissions->__construct()
 4 SYSTEMPATH\Filters\Filters.php(188): CodeIgniter\Filters\Filters->runAfter([...])
 5 SYSTEMPATH\CodeIgniter.php(527): CodeIgniter\Filters\Filters->run('vendor/products/stock_alert', 'after')
 6 SYSTEMPATH\CodeIgniter.php(355): CodeIgniter\CodeIgniter->handleRequest(null, Object(Config\Cache), false)
 7 SYSTEMPATH\Boot.php(325): CodeIgniter\CodeIgniter->run()
 8 SYSTEMPATH\Boot.php(67): CodeIgniter\Boot::runCodeIgniter(Object(CodeIgniter\CodeIgniter))
 9 FCPATH\index.php(56): CodeIgniter\Boot::bootWeb(Object(Config\Paths))
INFO - 2024-11-22 04:15:15 --> Session: Class initialized using 'CodeIgniter\Session\Handlers\FileHandler' driver.
WARNING - 2024-11-22 04:15:16 --> [DEPRECATED] Creation of dynamic property IonAuth\Models\IonAuthModel::$join is deprecated in FCPATH\vendor\benedmunds\codeigniter-ion-auth\Models\IonAuthModel.php on line 231.
 1 APPPATH\Libraries\IonAuth.php(71): IonAuth\Models\IonAuthModel->__construct()
 2 APPPATH\Filters\CheckPermissions.php(16): App\Libraries\IonAuth->__construct()
 3 SYSTEMPATH\Filters\Filters.php(197): App\Filters\CheckPermissions->__construct()
 4 SYSTEMPATH\Filters\Filters.php(184): CodeIgniter\Filters\Filters->runBefore([...])
 5 SYSTEMPATH\CodeIgniter.php(481): CodeIgniter\Filters\Filters->run('vendor/orders/view_orders/33', 'before')
 6 SYSTEMPATH\CodeIgniter.php(355): CodeIgniter\CodeIgniter->handleRequest(null, Object(Config\Cache), false)
 7 SYSTEMPATH\Boot.php(325): CodeIgniter\CodeIgniter->run()
 8 SYSTEMPATH\Boot.php(67): CodeIgniter\Boot::runCodeIgniter(Object(CodeIgniter\CodeIgniter))
 9 FCPATH\index.php(56): CodeIgniter\Boot::bootWeb(Object(Config\Paths))
WARNING - 2024-11-22 04:15:16 --> [DEPRECATED] Creation of dynamic property IonAuth\Models\IonAuthModel::$hashMethod is deprecated in FCPATH\vendor\benedmunds\codeigniter-ion-auth\Models\IonAuthModel.php on line 234.
 1 APPPATH\Libraries\IonAuth.php(71): IonAuth\Models\IonAuthModel->__construct()
 2 APPPATH\Filters\CheckPermissions.php(16): App\Libraries\IonAuth->__construct()
 3 SYSTEMPATH\Filters\Filters.php(197): App\Filters\CheckPermissions->__construct()
 4 SYSTEMPATH\Filters\Filters.php(184): CodeIgniter\Filters\Filters->runBefore([...])
 5 SYSTEMPATH\CodeIgniter.php(481): CodeIgniter\Filters\Filters->run('vendor/orders/view_orders/33', 'before')
 6 SYSTEMPATH\CodeIgniter.php(355): CodeIgniter\CodeIgniter->handleRequest(null, Object(Config\Cache), false)
 7 SYSTEMPATH\Boot.php(325): CodeIgniter\CodeIgniter->run()
 8 SYSTEMPATH\Boot.php(67): CodeIgniter\Boot::runCodeIgniter(Object(CodeIgniter\CodeIgniter))
 9 FCPATH\index.php(56): CodeIgniter\Boot::bootWeb(Object(Config\Paths))
WARNING - 2024-11-22 04:15:16 --> [DEPRECATED] Creation of dynamic property IonAuth\Models\IonAuthModel::$messagesTemplates is deprecated in FCPATH\vendor\benedmunds\codeigniter-ion-auth\Models\IonAuthModel.php on line 237.
 1 APPPATH\Libraries\IonAuth.php(71): IonAuth\Models\IonAuthModel->__construct()
 2 APPPATH\Filters\CheckPermissions.php(16): App\Libraries\IonAuth->__construct()
 3 SYSTEMPATH\Filters\Filters.php(197): App\Filters\CheckPermissions->__construct()
 4 SYSTEMPATH\Filters\Filters.php(184): CodeIgniter\Filters\Filters->runBefore([...])
 5 SYSTEMPATH\CodeIgniter.php(481): CodeIgniter\Filters\Filters->run('vendor/orders/view_orders/33', 'before')
 6 SYSTEMPATH\CodeIgniter.php(355): CodeIgniter\CodeIgniter->handleRequest(null, Object(Config\Cache), false)
 7 SYSTEMPATH\Boot.php(325): CodeIgniter\CodeIgniter->run()
 8 SYSTEMPATH\Boot.php(67): CodeIgniter\Boot::runCodeIgniter(Object(CodeIgniter\CodeIgniter))
 9 FCPATH\index.php(56): CodeIgniter\Boot::bootWeb(Object(Config\Paths))
WARNING - 2024-11-22 04:15:16 --> [DEPRECATED] Creation of dynamic property IonAuth\Models\IonAuthModel::$join is deprecated in FCPATH\vendor\benedmunds\codeigniter-ion-auth\Models\IonAuthModel.php on line 231.
 1 APPPATH\Libraries\IonAuth.php(71): IonAuth\Models\IonAuthModel->__construct()
 2 APPPATH\Controllers\vendor\Orders.php(28): App\Libraries\IonAuth->__construct()
 3 SYSTEMPATH\CodeIgniter.php(903): App\Controllers\vendor\Orders->__construct()
 4 SYSTEMPATH\CodeIgniter.php(500): CodeIgniter\CodeIgniter->createController()
 5 SYSTEMPATH\CodeIgniter.php(355): CodeIgniter\CodeIgniter->handleRequest(null, Object(Config\Cache), false)
 6 SYSTEMPATH\Boot.php(325): CodeIgniter\CodeIgniter->run()
 7 SYSTEMPATH\Boot.php(67): CodeIgniter\Boot::runCodeIgniter(Object(CodeIgniter\CodeIgniter))
 8 FCPATH\index.php(56): CodeIgniter\Boot::bootWeb(Object(Config\Paths))
WARNING - 2024-11-22 04:15:16 --> [DEPRECATED] Creation of dynamic property IonAuth\Models\IonAuthModel::$hashMethod is deprecated in FCPATH\vendor\benedmunds\codeigniter-ion-auth\Models\IonAuthModel.php on line 234.
 1 APPPATH\Libraries\IonAuth.php(71): IonAuth\Models\IonAuthModel->__construct()
 2 APPPATH\Controllers\vendor\Orders.php(28): App\Libraries\IonAuth->__construct()
 3 SYSTEMPATH\CodeIgniter.php(903): App\Controllers\vendor\Orders->__construct()
 4 SYSTEMPATH\CodeIgniter.php(500): CodeIgniter\CodeIgniter->createController()
 5 SYSTEMPATH\CodeIgniter.php(355): CodeIgniter\CodeIgniter->handleRequest(null, Object(Config\Cache), false)
 6 SYSTEMPATH\Boot.php(325): CodeIgniter\CodeIgniter->run()
 7 SYSTEMPATH\Boot.php(67): CodeIgniter\Boot::runCodeIgniter(Object(CodeIgniter\CodeIgniter))
 8 FCPATH\index.php(56): CodeIgniter\Boot::bootWeb(Object(Config\Paths))
WARNING - 2024-11-22 04:15:16 --> [DEPRECATED] Creation of dynamic property IonAuth\Models\IonAuthModel::$messagesTemplates is deprecated in FCPATH\vendor\benedmunds\codeigniter-ion-auth\Models\IonAuthModel.php on line 237.
 1 APPPATH\Libraries\IonAuth.php(71): IonAuth\Models\IonAuthModel->__construct()
 2 APPPATH\Controllers\vendor\Orders.php(28): App\Libraries\IonAuth->__construct()
 3 SYSTEMPATH\CodeIgniter.php(903): App\Controllers\vendor\Orders->__construct()
 4 SYSTEMPATH\CodeIgniter.php(500): CodeIgniter\CodeIgniter->createController()
 5 SYSTEMPATH\CodeIgniter.php(355): CodeIgniter\CodeIgniter->handleRequest(null, Object(Config\Cache), false)
 6 SYSTEMPATH\Boot.php(325): CodeIgniter\CodeIgniter->run()
 7 SYSTEMPATH\Boot.php(67): CodeIgniter\Boot::runCodeIgniter(Object(CodeIgniter\CodeIgniter))
 8 FCPATH\index.php(56): CodeIgniter\Boot::bootWeb(Object(Config\Paths))
WARNING - 2024-11-22 09:45:16 --> [DEPRECATED] Creation of dynamic property App\Controllers\vendor\Orders::$data is deprecated in APPPATH\Controllers\vendor\Orders.php on line 296.
 1 SYSTEMPATH\CodeIgniter.php(933): App\Controllers\vendor\Orders->view_orders('33')
 2 SYSTEMPATH\CodeIgniter.php(509): CodeIgniter\CodeIgniter->runController(Object(App\Controllers\vendor\Orders))
 3 SYSTEMPATH\CodeIgniter.php(355): CodeIgniter\CodeIgniter->handleRequest(null, Object(Config\Cache), false)
 4 SYSTEMPATH\Boot.php(325): CodeIgniter\CodeIgniter->run()
 5 SYSTEMPATH\Boot.php(67): CodeIgniter\Boot::runCodeIgniter(Object(CodeIgniter\CodeIgniter))
 6 FCPATH\index.php(56): CodeIgniter\Boot::bootWeb(Object(Config\Paths))
WARNING - 2024-11-22 09:45:16 --> [DEPRECATED] Creation of dynamic property IonAuth\Models\IonAuthModel::$join is deprecated in FCPATH\vendor\benedmunds\codeigniter-ion-auth\Models\IonAuthModel.php on line 231.
 1 APPPATH\Libraries\IonAuth.php(71): IonAuth\Models\IonAuthModel->__construct()
 2 APPPATH\Filters\CheckPermissions.php(16): App\Libraries\IonAuth->__construct()
 3 SYSTEMPATH\Filters\Filters.php(235): App\Filters\CheckPermissions->__construct()
 4 SYSTEMPATH\Filters\Filters.php(188): CodeIgniter\Filters\Filters->runAfter([...])
 5 SYSTEMPATH\CodeIgniter.php(527): CodeIgniter\Filters\Filters->run('vendor/orders/view_orders/33', 'after')
 6 SYSTEMPATH\CodeIgniter.php(355): CodeIgniter\CodeIgniter->handleRequest(null, Object(Config\Cache), false)
 7 SYSTEMPATH\Boot.php(325): CodeIgniter\CodeIgniter->run()
 8 SYSTEMPATH\Boot.php(67): CodeIgniter\Boot::runCodeIgniter(Object(CodeIgniter\CodeIgniter))
 9 FCPATH\index.php(56): CodeIgniter\Boot::bootWeb(Object(Config\Paths))
WARNING - 2024-11-22 09:45:16 --> [DEPRECATED] Creation of dynamic property IonAuth\Models\IonAuthModel::$hashMethod is deprecated in FCPATH\vendor\benedmunds\codeigniter-ion-auth\Models\IonAuthModel.php on line 234.
 1 APPPATH\Libraries\IonAuth.php(71): IonAuth\Models\IonAuthModel->__construct()
 2 APPPATH\Filters\CheckPermissions.php(16): App\Libraries\IonAuth->__construct()
 3 SYSTEMPATH\Filters\Filters.php(235): App\Filters\CheckPermissions->__construct()
 4 SYSTEMPATH\Filters\Filters.php(188): CodeIgniter\Filters\Filters->runAfter([...])
 5 SYSTEMPATH\CodeIgniter.php(527): CodeIgniter\Filters\Filters->run('vendor/orders/view_orders/33', 'after')
 6 SYSTEMPATH\CodeIgniter.php(355): CodeIgniter\CodeIgniter->handleRequest(null, Object(Config\Cache), false)
 7 SYSTEMPATH\Boot.php(325): CodeIgniter\CodeIgniter->run()
 8 SYSTEMPATH\Boot.php(67): CodeIgniter\Boot::runCodeIgniter(Object(CodeIgniter\CodeIgniter))
 9 FCPATH\index.php(56): CodeIgniter\Boot::bootWeb(Object(Config\Paths))
WARNING - 2024-11-22 09:45:16 --> [DEPRECATED] Creation of dynamic property IonAuth\Models\IonAuthModel::$messagesTemplates is deprecated in FCPATH\vendor\benedmunds\codeigniter-ion-auth\Models\IonAuthModel.php on line 237.
 1 APPPATH\Libraries\IonAuth.php(71): IonAuth\Models\IonAuthModel->__construct()
 2 APPPATH\Filters\CheckPermissions.php(16): App\Libraries\IonAuth->__construct()
 3 SYSTEMPATH\Filters\Filters.php(235): App\Filters\CheckPermissions->__construct()
 4 SYSTEMPATH\Filters\Filters.php(188): CodeIgniter\Filters\Filters->runAfter([...])
 5 SYSTEMPATH\CodeIgniter.php(527): CodeIgniter\Filters\Filters->run('vendor/orders/view_orders/33', 'after')
 6 SYSTEMPATH\CodeIgniter.php(355): CodeIgniter\CodeIgniter->handleRequest(null, Object(Config\Cache), false)
 7 SYSTEMPATH\Boot.php(325): CodeIgniter\CodeIgniter->run()
 8 SYSTEMPATH\Boot.php(67): CodeIgniter\Boot::runCodeIgniter(Object(CodeIgniter\CodeIgniter))
 9 FCPATH\index.php(56): CodeIgniter\Boot::bootWeb(Object(Config\Paths))
INFO - 2024-11-22 04:15:17 --> Session: Class initialized using 'CodeIgniter\Session\Handlers\FileHandler' driver.
WARNING - 2024-11-22 04:15:17 --> [DEPRECATED] Creation of dynamic property IonAuth\Models\IonAuthModel::$join is deprecated in FCPATH\vendor\benedmunds\codeigniter-ion-auth\Models\IonAuthModel.php on line 231.
 1 APPPATH\Libraries\IonAuth.php(71): IonAuth\Models\IonAuthModel->__construct()
 2 APPPATH\Filters\CheckPermissions.php(16): App\Libraries\IonAuth->__construct()
 3 SYSTEMPATH\Filters\Filters.php(197): App\Filters\CheckPermissions->__construct()
 4 SYSTEMPATH\Filters\Filters.php(184): CodeIgniter\Filters\Filters->runBefore([...])
 5 SYSTEMPATH\CodeIgniter.php(481): CodeIgniter\Filters\Filters->run('vendor/transactions/customer_transaction_table/33/3', 'before')
 6 SYSTEMPATH\CodeIgniter.php(355): CodeIgniter\CodeIgniter->handleRequest(null, Object(Config\Cache), false)
 7 SYSTEMPATH\Boot.php(325): CodeIgniter\CodeIgniter->run()
 8 SYSTEMPATH\Boot.php(67): CodeIgniter\Boot::runCodeIgniter(Object(CodeIgniter\CodeIgniter))
 9 FCPATH\index.php(56): CodeIgniter\Boot::bootWeb(Object(Config\Paths))
WARNING - 2024-11-22 04:15:17 --> [DEPRECATED] Creation of dynamic property IonAuth\Models\IonAuthModel::$hashMethod is deprecated in FCPATH\vendor\benedmunds\codeigniter-ion-auth\Models\IonAuthModel.php on line 234.
 1 APPPATH\Libraries\IonAuth.php(71): IonAuth\Models\IonAuthModel->__construct()
 2 APPPATH\Filters\CheckPermissions.php(16): App\Libraries\IonAuth->__construct()
 3 SYSTEMPATH\Filters\Filters.php(197): App\Filters\CheckPermissions->__construct()
 4 SYSTEMPATH\Filters\Filters.php(184): CodeIgniter\Filters\Filters->runBefore([...])
 5 SYSTEMPATH\CodeIgniter.php(481): CodeIgniter\Filters\Filters->run('vendor/transactions/customer_transaction_table/33/3', 'before')
 6 SYSTEMPATH\CodeIgniter.php(355): CodeIgniter\CodeIgniter->handleRequest(null, Object(Config\Cache), false)
 7 SYSTEMPATH\Boot.php(325): CodeIgniter\CodeIgniter->run()
 8 SYSTEMPATH\Boot.php(67): CodeIgniter\Boot::runCodeIgniter(Object(CodeIgniter\CodeIgniter))
 9 FCPATH\index.php(56): CodeIgniter\Boot::bootWeb(Object(Config\Paths))
WARNING - 2024-11-22 04:15:17 --> [DEPRECATED] Creation of dynamic property IonAuth\Models\IonAuthModel::$messagesTemplates is deprecated in FCPATH\vendor\benedmunds\codeigniter-ion-auth\Models\IonAuthModel.php on line 237.
 1 APPPATH\Libraries\IonAuth.php(71): IonAuth\Models\IonAuthModel->__construct()
 2 APPPATH\Filters\CheckPermissions.php(16): App\Libraries\IonAuth->__construct()
 3 SYSTEMPATH\Filters\Filters.php(197): App\Filters\CheckPermissions->__construct()
 4 SYSTEMPATH\Filters\Filters.php(184): CodeIgniter\Filters\Filters->runBefore([...])
 5 SYSTEMPATH\CodeIgniter.php(481): CodeIgniter\Filters\Filters->run('vendor/transactions/customer_transaction_table/33/3', 'before')
 6 SYSTEMPATH\CodeIgniter.php(355): CodeIgniter\CodeIgniter->handleRequest(null, Object(Config\Cache), false)
 7 SYSTEMPATH\Boot.php(325): CodeIgniter\CodeIgniter->run()
 8 SYSTEMPATH\Boot.php(67): CodeIgniter\Boot::runCodeIgniter(Object(CodeIgniter\CodeIgniter))
 9 FCPATH\index.php(56): CodeIgniter\Boot::bootWeb(Object(Config\Paths))
WARNING - 2024-11-22 04:15:17 --> [DEPRECATED] Creation of dynamic property IonAuth\Models\IonAuthModel::$join is deprecated in FCPATH\vendor\benedmunds\codeigniter-ion-auth\Models\IonAuthModel.php on line 231.
 1 APPPATH\Libraries\IonAuth.php(71): IonAuth\Models\IonAuthModel->__construct()
 2 APPPATH\Controllers\vendor\Transactions.php(18): App\Libraries\IonAuth->__construct()
 3 SYSTEMPATH\CodeIgniter.php(903): App\Controllers\vendor\Transactions->__construct()
 4 SYSTEMPATH\CodeIgniter.php(500): CodeIgniter\CodeIgniter->createController()
 5 SYSTEMPATH\CodeIgniter.php(355): CodeIgniter\CodeIgniter->handleRequest(null, Object(Config\Cache), false)
 6 SYSTEMPATH\Boot.php(325): CodeIgniter\CodeIgniter->run()
 7 SYSTEMPATH\Boot.php(67): CodeIgniter\Boot::runCodeIgniter(Object(CodeIgniter\CodeIgniter))
 8 FCPATH\index.php(56): CodeIgniter\Boot::bootWeb(Object(Config\Paths))
WARNING - 2024-11-22 04:15:17 --> [DEPRECATED] Creation of dynamic property IonAuth\Models\IonAuthModel::$hashMethod is deprecated in FCPATH\vendor\benedmunds\codeigniter-ion-auth\Models\IonAuthModel.php on line 234.
 1 APPPATH\Libraries\IonAuth.php(71): IonAuth\Models\IonAuthModel->__construct()
 2 APPPATH\Controllers\vendor\Transactions.php(18): App\Libraries\IonAuth->__construct()
 3 SYSTEMPATH\CodeIgniter.php(903): App\Controllers\vendor\Transactions->__construct()
 4 SYSTEMPATH\CodeIgniter.php(500): CodeIgniter\CodeIgniter->createController()
 5 SYSTEMPATH\CodeIgniter.php(355): CodeIgniter\CodeIgniter->handleRequest(null, Object(Config\Cache), false)
 6 SYSTEMPATH\Boot.php(325): CodeIgniter\CodeIgniter->run()
 7 SYSTEMPATH\Boot.php(67): CodeIgniter\Boot::runCodeIgniter(Object(CodeIgniter\CodeIgniter))
 8 FCPATH\index.php(56): CodeIgniter\Boot::bootWeb(Object(Config\Paths))
WARNING - 2024-11-22 04:15:17 --> [DEPRECATED] Creation of dynamic property IonAuth\Models\IonAuthModel::$messagesTemplates is deprecated in FCPATH\vendor\benedmunds\codeigniter-ion-auth\Models\IonAuthModel.php on line 237.
 1 APPPATH\Libraries\IonAuth.php(71): IonAuth\Models\IonAuthModel->__construct()
 2 APPPATH\Controllers\vendor\Transactions.php(18): App\Libraries\IonAuth->__construct()
 3 SYSTEMPATH\CodeIgniter.php(903): App\Controllers\vendor\Transactions->__construct()
 4 SYSTEMPATH\CodeIgniter.php(500): CodeIgniter\CodeIgniter->createController()
 5 SYSTEMPATH\CodeIgniter.php(355): CodeIgniter\CodeIgniter->handleRequest(null, Object(Config\Cache), false)
 6 SYSTEMPATH\Boot.php(325): CodeIgniter\CodeIgniter->run()
 7 SYSTEMPATH\Boot.php(67): CodeIgniter\Boot::runCodeIgniter(Object(CodeIgniter\CodeIgniter))
 8 FCPATH\index.php(56): CodeIgniter\Boot::bootWeb(Object(Config\Paths))
WARNING - 2024-11-22 09:45:17 --> [DEPRECATED] Creation of dynamic property IonAuth\Models\IonAuthModel::$join is deprecated in FCPATH\vendor\benedmunds\codeigniter-ion-auth\Models\IonAuthModel.php on line 231.
 1 APPPATH\Libraries\IonAuth.php(71): IonAuth\Models\IonAuthModel->__construct()
 2 APPPATH\Filters\CheckPermissions.php(16): App\Libraries\IonAuth->__construct()
 3 SYSTEMPATH\Filters\Filters.php(235): App\Filters\CheckPermissions->__construct()
 4 SYSTEMPATH\Filters\Filters.php(188): CodeIgniter\Filters\Filters->runAfter([...])
 5 SYSTEMPATH\CodeIgniter.php(527): CodeIgniter\Filters\Filters->run('vendor/transactions/customer_transaction_table/33/3', 'after')
 6 SYSTEMPATH\CodeIgniter.php(355): CodeIgniter\CodeIgniter->handleRequest(null, Object(Config\Cache), false)
 7 SYSTEMPATH\Boot.php(325): CodeIgniter\CodeIgniter->run()
 8 SYSTEMPATH\Boot.php(67): CodeIgniter\Boot::runCodeIgniter(Object(CodeIgniter\CodeIgniter))
 9 FCPATH\index.php(56): CodeIgniter\Boot::bootWeb(Object(Config\Paths))
WARNING - 2024-11-22 09:45:17 --> [DEPRECATED] Creation of dynamic property IonAuth\Models\IonAuthModel::$hashMethod is deprecated in FCPATH\vendor\benedmunds\codeigniter-ion-auth\Models\IonAuthModel.php on line 234.
 1 APPPATH\Libraries\IonAuth.php(71): IonAuth\Models\IonAuthModel->__construct()
 2 APPPATH\Filters\CheckPermissions.php(16): App\Libraries\IonAuth->__construct()
 3 SYSTEMPATH\Filters\Filters.php(235): App\Filters\CheckPermissions->__construct()
 4 SYSTEMPATH\Filters\Filters.php(188): CodeIgniter\Filters\Filters->runAfter([...])
 5 SYSTEMPATH\CodeIgniter.php(527): CodeIgniter\Filters\Filters->run('vendor/transactions/customer_transaction_table/33/3', 'after')
 6 SYSTEMPATH\CodeIgniter.php(355): CodeIgniter\CodeIgniter->handleRequest(null, Object(Config\Cache), false)
 7 SYSTEMPATH\Boot.php(325): CodeIgniter\CodeIgniter->run()
 8 SYSTEMPATH\Boot.php(67): CodeIgniter\Boot::runCodeIgniter(Object(CodeIgniter\CodeIgniter))
 9 FCPATH\index.php(56): CodeIgniter\Boot::bootWeb(Object(Config\Paths))
WARNING - 2024-11-22 09:45:17 --> [DEPRECATED] Creation of dynamic property IonAuth\Models\IonAuthModel::$messagesTemplates is deprecated in FCPATH\vendor\benedmunds\codeigniter-ion-auth\Models\IonAuthModel.php on line 237.
 1 APPPATH\Libraries\IonAuth.php(71): IonAuth\Models\IonAuthModel->__construct()
 2 APPPATH\Filters\CheckPermissions.php(16): App\Libraries\IonAuth->__construct()
 3 SYSTEMPATH\Filters\Filters.php(235): App\Filters\CheckPermissions->__construct()
 4 SYSTEMPATH\Filters\Filters.php(188): CodeIgniter\Filters\Filters->runAfter([...])
 5 SYSTEMPATH\CodeIgniter.php(527): CodeIgniter\Filters\Filters->run('vendor/transactions/customer_transaction_table/33/3', 'after')
 6 SYSTEMPATH\CodeIgniter.php(355): CodeIgniter\CodeIgniter->handleRequest(null, Object(Config\Cache), false)
 7 SYSTEMPATH\Boot.php(325): CodeIgniter\CodeIgniter->run()
 8 SYSTEMPATH\Boot.php(67): CodeIgniter\Boot::runCodeIgniter(Object(CodeIgniter\CodeIgniter))
 9 FCPATH\index.php(56): CodeIgniter\Boot::bootWeb(Object(Config\Paths))
INFO - 2024-11-22 04:15:17 --> Session: Class initialized using 'CodeIgniter\Session\Handlers\FileHandler' driver.
WARNING - 2024-11-22 04:15:17 --> [DEPRECATED] Creation of dynamic property IonAuth\Models\IonAuthModel::$join is deprecated in FCPATH\vendor\benedmunds\codeigniter-ion-auth\Models\IonAuthModel.php on line 231.
 1 APPPATH\Libraries\IonAuth.php(71): IonAuth\Models\IonAuthModel->__construct()
 2 APPPATH\Filters\CheckPermissions.php(16): App\Libraries\IonAuth->__construct()
 3 SYSTEMPATH\Filters\Filters.php(197): App\Filters\CheckPermissions->__construct()
 4 SYSTEMPATH\Filters\Filters.php(184): CodeIgniter\Filters\Filters->runBefore([...])
 5 SYSTEMPATH\CodeIgniter.php(481): CodeIgniter\Filters\Filters->run('vendor/products/stock_alert', 'before')
 6 SYSTEMPATH\CodeIgniter.php(355): CodeIgniter\CodeIgniter->handleRequest(null, Object(Config\Cache), false)
 7 SYSTEMPATH\Boot.php(325): CodeIgniter\CodeIgniter->run()
 8 SYSTEMPATH\Boot.php(67): CodeIgniter\Boot::runCodeIgniter(Object(CodeIgniter\CodeIgniter))
 9 FCPATH\index.php(56): CodeIgniter\Boot::bootWeb(Object(Config\Paths))
WARNING - 2024-11-22 04:15:17 --> [DEPRECATED] Creation of dynamic property IonAuth\Models\IonAuthModel::$hashMethod is deprecated in FCPATH\vendor\benedmunds\codeigniter-ion-auth\Models\IonAuthModel.php on line 234.
 1 APPPATH\Libraries\IonAuth.php(71): IonAuth\Models\IonAuthModel->__construct()
 2 APPPATH\Filters\CheckPermissions.php(16): App\Libraries\IonAuth->__construct()
 3 SYSTEMPATH\Filters\Filters.php(197): App\Filters\CheckPermissions->__construct()
 4 SYSTEMPATH\Filters\Filters.php(184): CodeIgniter\Filters\Filters->runBefore([...])
 5 SYSTEMPATH\CodeIgniter.php(481): CodeIgniter\Filters\Filters->run('vendor/products/stock_alert', 'before')
 6 SYSTEMPATH\CodeIgniter.php(355): CodeIgniter\CodeIgniter->handleRequest(null, Object(Config\Cache), false)
 7 SYSTEMPATH\Boot.php(325): CodeIgniter\CodeIgniter->run()
 8 SYSTEMPATH\Boot.php(67): CodeIgniter\Boot::runCodeIgniter(Object(CodeIgniter\CodeIgniter))
 9 FCPATH\index.php(56): CodeIgniter\Boot::bootWeb(Object(Config\Paths))
WARNING - 2024-11-22 04:15:17 --> [DEPRECATED] Creation of dynamic property IonAuth\Models\IonAuthModel::$messagesTemplates is deprecated in FCPATH\vendor\benedmunds\codeigniter-ion-auth\Models\IonAuthModel.php on line 237.
 1 APPPATH\Libraries\IonAuth.php(71): IonAuth\Models\IonAuthModel->__construct()
 2 APPPATH\Filters\CheckPermissions.php(16): App\Libraries\IonAuth->__construct()
 3 SYSTEMPATH\Filters\Filters.php(197): App\Filters\CheckPermissions->__construct()
 4 SYSTEMPATH\Filters\Filters.php(184): CodeIgniter\Filters\Filters->runBefore([...])
 5 SYSTEMPATH\CodeIgniter.php(481): CodeIgniter\Filters\Filters->run('vendor/products/stock_alert', 'before')
 6 SYSTEMPATH\CodeIgniter.php(355): CodeIgniter\CodeIgniter->handleRequest(null, Object(Config\Cache), false)
 7 SYSTEMPATH\Boot.php(325): CodeIgniter\CodeIgniter->run()
 8 SYSTEMPATH\Boot.php(67): CodeIgniter\Boot::runCodeIgniter(Object(CodeIgniter\CodeIgniter))
 9 FCPATH\index.php(56): CodeIgniter\Boot::bootWeb(Object(Config\Paths))
WARNING - 2024-11-22 04:15:17 --> [DEPRECATED] Creation of dynamic property IonAuth\Models\IonAuthModel::$join is deprecated in FCPATH\vendor\benedmunds\codeigniter-ion-auth\Models\IonAuthModel.php on line 231.
 1 APPPATH\Libraries\IonAuth.php(71): IonAuth\Models\IonAuthModel->__construct()
 2 APPPATH\Controllers\vendor\Products.php(25): App\Libraries\IonAuth->__construct()
 3 SYSTEMPATH\CodeIgniter.php(903): App\Controllers\vendor\Products->__construct()
 4 SYSTEMPATH\CodeIgniter.php(500): CodeIgniter\CodeIgniter->createController()
 5 SYSTEMPATH\CodeIgniter.php(355): CodeIgniter\CodeIgniter->handleRequest(null, Object(Config\Cache), false)
 6 SYSTEMPATH\Boot.php(325): CodeIgniter\CodeIgniter->run()
 7 SYSTEMPATH\Boot.php(67): CodeIgniter\Boot::runCodeIgniter(Object(CodeIgniter\CodeIgniter))
 8 FCPATH\index.php(56): CodeIgniter\Boot::bootWeb(Object(Config\Paths))
WARNING - 2024-11-22 04:15:17 --> [DEPRECATED] Creation of dynamic property IonAuth\Models\IonAuthModel::$hashMethod is deprecated in FCPATH\vendor\benedmunds\codeigniter-ion-auth\Models\IonAuthModel.php on line 234.
 1 APPPATH\Libraries\IonAuth.php(71): IonAuth\Models\IonAuthModel->__construct()
 2 APPPATH\Controllers\vendor\Products.php(25): App\Libraries\IonAuth->__construct()
 3 SYSTEMPATH\CodeIgniter.php(903): App\Controllers\vendor\Products->__construct()
 4 SYSTEMPATH\CodeIgniter.php(500): CodeIgniter\CodeIgniter->createController()
 5 SYSTEMPATH\CodeIgniter.php(355): CodeIgniter\CodeIgniter->handleRequest(null, Object(Config\Cache), false)
 6 SYSTEMPATH\Boot.php(325): CodeIgniter\CodeIgniter->run()
 7 SYSTEMPATH\Boot.php(67): CodeIgniter\Boot::runCodeIgniter(Object(CodeIgniter\CodeIgniter))
 8 FCPATH\index.php(56): CodeIgniter\Boot::bootWeb(Object(Config\Paths))
WARNING - 2024-11-22 04:15:17 --> [DEPRECATED] Creation of dynamic property IonAuth\Models\IonAuthModel::$messagesTemplates is deprecated in FCPATH\vendor\benedmunds\codeigniter-ion-auth\Models\IonAuthModel.php on line 237.
 1 APPPATH\Libraries\IonAuth.php(71): IonAuth\Models\IonAuthModel->__construct()
 2 APPPATH\Controllers\vendor\Products.php(25): App\Libraries\IonAuth->__construct()
 3 SYSTEMPATH\CodeIgniter.php(903): App\Controllers\vendor\Products->__construct()
 4 SYSTEMPATH\CodeIgniter.php(500): CodeIgniter\CodeIgniter->createController()
 5 SYSTEMPATH\CodeIgniter.php(355): CodeIgniter\CodeIgniter->handleRequest(null, Object(Config\Cache), false)
 6 SYSTEMPATH\Boot.php(325): CodeIgniter\CodeIgniter->run()
 7 SYSTEMPATH\Boot.php(67): CodeIgniter\Boot::runCodeIgniter(Object(CodeIgniter\CodeIgniter))
 8 FCPATH\index.php(56): CodeIgniter\Boot::bootWeb(Object(Config\Paths))
WARNING - 2024-11-22 09:45:17 --> [DEPRECATED] Creation of dynamic property IonAuth\Models\IonAuthModel::$join is deprecated in FCPATH\vendor\benedmunds\codeigniter-ion-auth\Models\IonAuthModel.php on line 231.
 1 APPPATH\Libraries\IonAuth.php(71): IonAuth\Models\IonAuthModel->__construct()
 2 APPPATH\Filters\CheckPermissions.php(16): App\Libraries\IonAuth->__construct()
 3 SYSTEMPATH\Filters\Filters.php(235): App\Filters\CheckPermissions->__construct()
 4 SYSTEMPATH\Filters\Filters.php(188): CodeIgniter\Filters\Filters->runAfter([...])
 5 SYSTEMPATH\CodeIgniter.php(527): CodeIgniter\Filters\Filters->run('vendor/products/stock_alert', 'after')
 6 SYSTEMPATH\CodeIgniter.php(355): CodeIgniter\CodeIgniter->handleRequest(null, Object(Config\Cache), false)
 7 SYSTEMPATH\Boot.php(325): CodeIgniter\CodeIgniter->run()
 8 SYSTEMPATH\Boot.php(67): CodeIgniter\Boot::runCodeIgniter(Object(CodeIgniter\CodeIgniter))
 9 FCPATH\index.php(56): CodeIgniter\Boot::bootWeb(Object(Config\Paths))
WARNING - 2024-11-22 09:45:17 --> [DEPRECATED] Creation of dynamic property IonAuth\Models\IonAuthModel::$hashMethod is deprecated in FCPATH\vendor\benedmunds\codeigniter-ion-auth\Models\IonAuthModel.php on line 234.
 1 APPPATH\Libraries\IonAuth.php(71): IonAuth\Models\IonAuthModel->__construct()
 2 APPPATH\Filters\CheckPermissions.php(16): App\Libraries\IonAuth->__construct()
 3 SYSTEMPATH\Filters\Filters.php(235): App\Filters\CheckPermissions->__construct()
 4 SYSTEMPATH\Filters\Filters.php(188): CodeIgniter\Filters\Filters->runAfter([...])
 5 SYSTEMPATH\CodeIgniter.php(527): CodeIgniter\Filters\Filters->run('vendor/products/stock_alert', 'after')
 6 SYSTEMPATH\CodeIgniter.php(355): CodeIgniter\CodeIgniter->handleRequest(null, Object(Config\Cache), false)
 7 SYSTEMPATH\Boot.php(325): CodeIgniter\CodeIgniter->run()
 8 SYSTEMPATH\Boot.php(67): CodeIgniter\Boot::runCodeIgniter(Object(CodeIgniter\CodeIgniter))
 9 FCPATH\index.php(56): CodeIgniter\Boot::bootWeb(Object(Config\Paths))
WARNING - 2024-11-22 09:45:17 --> [DEPRECATED] Creation of dynamic property IonAuth\Models\IonAuthModel::$messagesTemplates is deprecated in FCPATH\vendor\benedmunds\codeigniter-ion-auth\Models\IonAuthModel.php on line 237.
 1 APPPATH\Libraries\IonAuth.php(71): IonAuth\Models\IonAuthModel->__construct()
 2 APPPATH\Filters\CheckPermissions.php(16): App\Libraries\IonAuth->__construct()
 3 SYSTEMPATH\Filters\Filters.php(235): App\Filters\CheckPermissions->__construct()
 4 SYSTEMPATH\Filters\Filters.php(188): CodeIgniter\Filters\Filters->runAfter([...])
 5 SYSTEMPATH\CodeIgniter.php(527): CodeIgniter\Filters\Filters->run('vendor/products/stock_alert', 'after')
 6 SYSTEMPATH\CodeIgniter.php(355): CodeIgniter\CodeIgniter->handleRequest(null, Object(Config\Cache), false)
 7 SYSTEMPATH\Boot.php(325): CodeIgniter\CodeIgniter->run()
 8 SYSTEMPATH\Boot.php(67): CodeIgniter\Boot::runCodeIgniter(Object(CodeIgniter\CodeIgniter))
 9 FCPATH\index.php(56): CodeIgniter\Boot::bootWeb(Object(Config\Paths))
INFO - 2024-11-22 04:15:22 --> Session: Class initialized using 'CodeIgniter\Session\Handlers\FileHandler' driver.
WARNING - 2024-11-22 04:15:22 --> [DEPRECATED] Creation of dynamic property IonAuth\Models\IonAuthModel::$join is deprecated in FCPATH\vendor\benedmunds\codeigniter-ion-auth\Models\IonAuthModel.php on line 231.
 1 APPPATH\Libraries\IonAuth.php(71): IonAuth\Models\IonAuthModel->__construct()
 2 APPPATH\Filters\CheckPermissions.php(16): App\Libraries\IonAuth->__construct()
 3 SYSTEMPATH\Filters\Filters.php(197): App\Filters\CheckPermissions->__construct()
 4 SYSTEMPATH\Filters\Filters.php(184): CodeIgniter\Filters\Filters->runBefore([...])
 5 SYSTEMPATH\CodeIgniter.php(481): CodeIgniter\Filters\Filters->run('vendor/transactions/customer_transaction_table/33/3', 'before')
 6 SYSTEMPATH\CodeIgniter.php(355): CodeIgniter\CodeIgniter->handleRequest(null, Object(Config\Cache), false)
 7 SYSTEMPATH\Boot.php(325): CodeIgniter\CodeIgniter->run()
 8 SYSTEMPATH\Boot.php(67): CodeIgniter\Boot::runCodeIgniter(Object(CodeIgniter\CodeIgniter))
 9 FCPATH\index.php(56): CodeIgniter\Boot::bootWeb(Object(Config\Paths))
WARNING - 2024-11-22 04:15:22 --> [DEPRECATED] Creation of dynamic property IonAuth\Models\IonAuthModel::$hashMethod is deprecated in FCPATH\vendor\benedmunds\codeigniter-ion-auth\Models\IonAuthModel.php on line 234.
 1 APPPATH\Libraries\IonAuth.php(71): IonAuth\Models\IonAuthModel->__construct()
 2 APPPATH\Filters\CheckPermissions.php(16): App\Libraries\IonAuth->__construct()
 3 SYSTEMPATH\Filters\Filters.php(197): App\Filters\CheckPermissions->__construct()
 4 SYSTEMPATH\Filters\Filters.php(184): CodeIgniter\Filters\Filters->runBefore([...])
 5 SYSTEMPATH\CodeIgniter.php(481): CodeIgniter\Filters\Filters->run('vendor/transactions/customer_transaction_table/33/3', 'before')
 6 SYSTEMPATH\CodeIgniter.php(355): CodeIgniter\CodeIgniter->handleRequest(null, Object(Config\Cache), false)
 7 SYSTEMPATH\Boot.php(325): CodeIgniter\CodeIgniter->run()
 8 SYSTEMPATH\Boot.php(67): CodeIgniter\Boot::runCodeIgniter(Object(CodeIgniter\CodeIgniter))
 9 FCPATH\index.php(56): CodeIgniter\Boot::bootWeb(Object(Config\Paths))
WARNING - 2024-11-22 04:15:22 --> [DEPRECATED] Creation of dynamic property IonAuth\Models\IonAuthModel::$messagesTemplates is deprecated in FCPATH\vendor\benedmunds\codeigniter-ion-auth\Models\IonAuthModel.php on line 237.
 1 APPPATH\Libraries\IonAuth.php(71): IonAuth\Models\IonAuthModel->__construct()
 2 APPPATH\Filters\CheckPermissions.php(16): App\Libraries\IonAuth->__construct()
 3 SYSTEMPATH\Filters\Filters.php(197): App\Filters\CheckPermissions->__construct()
 4 SYSTEMPATH\Filters\Filters.php(184): CodeIgniter\Filters\Filters->runBefore([...])
 5 SYSTEMPATH\CodeIgniter.php(481): CodeIgniter\Filters\Filters->run('vendor/transactions/customer_transaction_table/33/3', 'before')
 6 SYSTEMPATH\CodeIgniter.php(355): CodeIgniter\CodeIgniter->handleRequest(null, Object(Config\Cache), false)
 7 SYSTEMPATH\Boot.php(325): CodeIgniter\CodeIgniter->run()
 8 SYSTEMPATH\Boot.php(67): CodeIgniter\Boot::runCodeIgniter(Object(CodeIgniter\CodeIgniter))
 9 FCPATH\index.php(56): CodeIgniter\Boot::bootWeb(Object(Config\Paths))
WARNING - 2024-11-22 04:15:22 --> [DEPRECATED] Creation of dynamic property IonAuth\Models\IonAuthModel::$join is deprecated in FCPATH\vendor\benedmunds\codeigniter-ion-auth\Models\IonAuthModel.php on line 231.
 1 APPPATH\Libraries\IonAuth.php(71): IonAuth\Models\IonAuthModel->__construct()
 2 APPPATH\Controllers\vendor\Transactions.php(18): App\Libraries\IonAuth->__construct()
 3 SYSTEMPATH\CodeIgniter.php(903): App\Controllers\vendor\Transactions->__construct()
 4 SYSTEMPATH\CodeIgniter.php(500): CodeIgniter\CodeIgniter->createController()
 5 SYSTEMPATH\CodeIgniter.php(355): CodeIgniter\CodeIgniter->handleRequest(null, Object(Config\Cache), false)
 6 SYSTEMPATH\Boot.php(325): CodeIgniter\CodeIgniter->run()
 7 SYSTEMPATH\Boot.php(67): CodeIgniter\Boot::runCodeIgniter(Object(CodeIgniter\CodeIgniter))
 8 FCPATH\index.php(56): CodeIgniter\Boot::bootWeb(Object(Config\Paths))
WARNING - 2024-11-22 04:15:22 --> [DEPRECATED] Creation of dynamic property IonAuth\Models\IonAuthModel::$hashMethod is deprecated in FCPATH\vendor\benedmunds\codeigniter-ion-auth\Models\IonAuthModel.php on line 234.
 1 APPPATH\Libraries\IonAuth.php(71): IonAuth\Models\IonAuthModel->__construct()
 2 APPPATH\Controllers\vendor\Transactions.php(18): App\Libraries\IonAuth->__construct()
 3 SYSTEMPATH\CodeIgniter.php(903): App\Controllers\vendor\Transactions->__construct()
 4 SYSTEMPATH\CodeIgniter.php(500): CodeIgniter\CodeIgniter->createController()
 5 SYSTEMPATH\CodeIgniter.php(355): CodeIgniter\CodeIgniter->handleRequest(null, Object(Config\Cache), false)
 6 SYSTEMPATH\Boot.php(325): CodeIgniter\CodeIgniter->run()
 7 SYSTEMPATH\Boot.php(67): CodeIgniter\Boot::runCodeIgniter(Object(CodeIgniter\CodeIgniter))
 8 FCPATH\index.php(56): CodeIgniter\Boot::bootWeb(Object(Config\Paths))
WARNING - 2024-11-22 04:15:22 --> [DEPRECATED] Creation of dynamic property IonAuth\Models\IonAuthModel::$messagesTemplates is deprecated in FCPATH\vendor\benedmunds\codeigniter-ion-auth\Models\IonAuthModel.php on line 237.
 1 APPPATH\Libraries\IonAuth.php(71): IonAuth\Models\IonAuthModel->__construct()
 2 APPPATH\Controllers\vendor\Transactions.php(18): App\Libraries\IonAuth->__construct()
 3 SYSTEMPATH\CodeIgniter.php(903): App\Controllers\vendor\Transactions->__construct()
 4 SYSTEMPATH\CodeIgniter.php(500): CodeIgniter\CodeIgniter->createController()
 5 SYSTEMPATH\CodeIgniter.php(355): CodeIgniter\CodeIgniter->handleRequest(null, Object(Config\Cache), false)
 6 SYSTEMPATH\Boot.php(325): CodeIgniter\CodeIgniter->run()
 7 SYSTEMPATH\Boot.php(67): CodeIgniter\Boot::runCodeIgniter(Object(CodeIgniter\CodeIgniter))
 8 FCPATH\index.php(56): CodeIgniter\Boot::bootWeb(Object(Config\Paths))
WARNING - 2024-11-22 09:45:22 --> [DEPRECATED] Creation of dynamic property IonAuth\Models\IonAuthModel::$join is deprecated in FCPATH\vendor\benedmunds\codeigniter-ion-auth\Models\IonAuthModel.php on line 231.
 1 APPPATH\Libraries\IonAuth.php(71): IonAuth\Models\IonAuthModel->__construct()
 2 APPPATH\Filters\CheckPermissions.php(16): App\Libraries\IonAuth->__construct()
 3 SYSTEMPATH\Filters\Filters.php(235): App\Filters\CheckPermissions->__construct()
 4 SYSTEMPATH\Filters\Filters.php(188): CodeIgniter\Filters\Filters->runAfter([...])
 5 SYSTEMPATH\CodeIgniter.php(527): CodeIgniter\Filters\Filters->run('vendor/transactions/customer_transaction_table/33/3', 'after')
 6 SYSTEMPATH\CodeIgniter.php(355): CodeIgniter\CodeIgniter->handleRequest(null, Object(Config\Cache), false)
 7 SYSTEMPATH\Boot.php(325): CodeIgniter\CodeIgniter->run()
 8 SYSTEMPATH\Boot.php(67): CodeIgniter\Boot::runCodeIgniter(Object(CodeIgniter\CodeIgniter))
 9 FCPATH\index.php(56): CodeIgniter\Boot::bootWeb(Object(Config\Paths))
WARNING - 2024-11-22 09:45:22 --> [DEPRECATED] Creation of dynamic property IonAuth\Models\IonAuthModel::$hashMethod is deprecated in FCPATH\vendor\benedmunds\codeigniter-ion-auth\Models\IonAuthModel.php on line 234.
 1 APPPATH\Libraries\IonAuth.php(71): IonAuth\Models\IonAuthModel->__construct()
 2 APPPATH\Filters\CheckPermissions.php(16): App\Libraries\IonAuth->__construct()
 3 SYSTEMPATH\Filters\Filters.php(235): App\Filters\CheckPermissions->__construct()
 4 SYSTEMPATH\Filters\Filters.php(188): CodeIgniter\Filters\Filters->runAfter([...])
 5 SYSTEMPATH\CodeIgniter.php(527): CodeIgniter\Filters\Filters->run('vendor/transactions/customer_transaction_table/33/3', 'after')
 6 SYSTEMPATH\CodeIgniter.php(355): CodeIgniter\CodeIgniter->handleRequest(null, Object(Config\Cache), false)
 7 SYSTEMPATH\Boot.php(325): CodeIgniter\CodeIgniter->run()
 8 SYSTEMPATH\Boot.php(67): CodeIgniter\Boot::runCodeIgniter(Object(CodeIgniter\CodeIgniter))
 9 FCPATH\index.php(56): CodeIgniter\Boot::bootWeb(Object(Config\Paths))
WARNING - 2024-11-22 09:45:22 --> [DEPRECATED] Creation of dynamic property IonAuth\Models\IonAuthModel::$messagesTemplates is deprecated in FCPATH\vendor\benedmunds\codeigniter-ion-auth\Models\IonAuthModel.php on line 237.
 1 APPPATH\Libraries\IonAuth.php(71): IonAuth\Models\IonAuthModel->__construct()
 2 APPPATH\Filters\CheckPermissions.php(16): App\Libraries\IonAuth->__construct()
 3 SYSTEMPATH\Filters\Filters.php(235): App\Filters\CheckPermissions->__construct()
 4 SYSTEMPATH\Filters\Filters.php(188): CodeIgniter\Filters\Filters->runAfter([...])
 5 SYSTEMPATH\CodeIgniter.php(527): CodeIgniter\Filters\Filters->run('vendor/transactions/customer_transaction_table/33/3', 'after')
 6 SYSTEMPATH\CodeIgniter.php(355): CodeIgniter\CodeIgniter->handleRequest(null, Object(Config\Cache), false)
 7 SYSTEMPATH\Boot.php(325): CodeIgniter\CodeIgniter->run()
 8 SYSTEMPATH\Boot.php(67): CodeIgniter\Boot::runCodeIgniter(Object(CodeIgniter\CodeIgniter))
 9 FCPATH\index.php(56): CodeIgniter\Boot::bootWeb(Object(Config\Paths))
INFO - 2024-11-22 07:13:02 --> Session: Class initialized using 'CodeIgniter\Session\Handlers\FileHandler' driver.
WARNING - 2024-11-22 07:13:02 --> [DEPRECATED] Creation of dynamic property IonAuth\Models\IonAuthModel::$join is deprecated in FCPATH\vendor\benedmunds\codeigniter-ion-auth\Models\IonAuthModel.php on line 231.
 1 APPPATH\Libraries\IonAuth.php(71): IonAuth\Models\IonAuthModel->__construct()
 2 APPPATH\Filters\CheckPermissions.php(16): App\Libraries\IonAuth->__construct()
 3 SYSTEMPATH\Filters\Filters.php(197): App\Filters\CheckPermissions->__construct()
 4 SYSTEMPATH\Filters\Filters.php(184): CodeIgniter\Filters\Filters->runBefore([...])
 5 SYSTEMPATH\CodeIgniter.php(481): CodeIgniter\Filters\Filters->run('vendor/orders/view_orders/33', 'before')
 6 SYSTEMPATH\CodeIgniter.php(355): CodeIgniter\CodeIgniter->handleRequest(null, Object(Config\Cache), false)
 7 SYSTEMPATH\Boot.php(325): CodeIgniter\CodeIgniter->run()
 8 SYSTEMPATH\Boot.php(67): CodeIgniter\Boot::runCodeIgniter(Object(CodeIgniter\CodeIgniter))
 9 FCPATH\index.php(56): CodeIgniter\Boot::bootWeb(Object(Config\Paths))
WARNING - 2024-11-22 07:13:02 --> [DEPRECATED] Creation of dynamic property IonAuth\Models\IonAuthModel::$hashMethod is deprecated in FCPATH\vendor\benedmunds\codeigniter-ion-auth\Models\IonAuthModel.php on line 234.
 1 APPPATH\Libraries\IonAuth.php(71): IonAuth\Models\IonAuthModel->__construct()
 2 APPPATH\Filters\CheckPermissions.php(16): App\Libraries\IonAuth->__construct()
 3 SYSTEMPATH\Filters\Filters.php(197): App\Filters\CheckPermissions->__construct()
 4 SYSTEMPATH\Filters\Filters.php(184): CodeIgniter\Filters\Filters->runBefore([...])
 5 SYSTEMPATH\CodeIgniter.php(481): CodeIgniter\Filters\Filters->run('vendor/orders/view_orders/33', 'before')
 6 SYSTEMPATH\CodeIgniter.php(355): CodeIgniter\CodeIgniter->handleRequest(null, Object(Config\Cache), false)
 7 SYSTEMPATH\Boot.php(325): CodeIgniter\CodeIgniter->run()
 8 SYSTEMPATH\Boot.php(67): CodeIgniter\Boot::runCodeIgniter(Object(CodeIgniter\CodeIgniter))
 9 FCPATH\index.php(56): CodeIgniter\Boot::bootWeb(Object(Config\Paths))
WARNING - 2024-11-22 07:13:02 --> [DEPRECATED] Creation of dynamic property IonAuth\Models\IonAuthModel::$messagesTemplates is deprecated in FCPATH\vendor\benedmunds\codeigniter-ion-auth\Models\IonAuthModel.php on line 237.
 1 APPPATH\Libraries\IonAuth.php(71): IonAuth\Models\IonAuthModel->__construct()
 2 APPPATH\Filters\CheckPermissions.php(16): App\Libraries\IonAuth->__construct()
 3 SYSTEMPATH\Filters\Filters.php(197): App\Filters\CheckPermissions->__construct()
 4 SYSTEMPATH\Filters\Filters.php(184): CodeIgniter\Filters\Filters->runBefore([...])
 5 SYSTEMPATH\CodeIgniter.php(481): CodeIgniter\Filters\Filters->run('vendor/orders/view_orders/33', 'before')
 6 SYSTEMPATH\CodeIgniter.php(355): CodeIgniter\CodeIgniter->handleRequest(null, Object(Config\Cache), false)
 7 SYSTEMPATH\Boot.php(325): CodeIgniter\CodeIgniter->run()
 8 SYSTEMPATH\Boot.php(67): CodeIgniter\Boot::runCodeIgniter(Object(CodeIgniter\CodeIgniter))
 9 FCPATH\index.php(56): CodeIgniter\Boot::bootWeb(Object(Config\Paths))
INFO - 2024-11-22 07:13:04 --> Session: Class initialized using 'CodeIgniter\Session\Handlers\FileHandler' driver.
WARNING - 2024-11-22 07:13:04 --> [DEPRECATED] Creation of dynamic property IonAuth\Models\IonAuthModel::$join is deprecated in FCPATH\vendor\benedmunds\codeigniter-ion-auth\Models\IonAuthModel.php on line 231.
 1 APPPATH\Libraries\IonAuth.php(71): IonAuth\Models\IonAuthModel->__construct()
 2 APPPATH\Controllers\vendor\Home.php(17): App\Libraries\IonAuth->__construct()
 3 SYSTEMPATH\CodeIgniter.php(903): App\Controllers\vendor\Home->__construct()
 4 SYSTEMPATH\CodeIgniter.php(500): CodeIgniter\CodeIgniter->createController()
 5 SYSTEMPATH\CodeIgniter.php(355): CodeIgniter\CodeIgniter->handleRequest(null, Object(Config\Cache), false)
 6 SYSTEMPATH\Boot.php(325): CodeIgniter\CodeIgniter->run()
 7 SYSTEMPATH\Boot.php(67): CodeIgniter\Boot::runCodeIgniter(Object(CodeIgniter\CodeIgniter))
 8 FCPATH\index.php(56): CodeIgniter\Boot::bootWeb(Object(Config\Paths))
WARNING - 2024-11-22 07:13:04 --> [DEPRECATED] Creation of dynamic property IonAuth\Models\IonAuthModel::$hashMethod is deprecated in FCPATH\vendor\benedmunds\codeigniter-ion-auth\Models\IonAuthModel.php on line 234.
 1 APPPATH\Libraries\IonAuth.php(71): IonAuth\Models\IonAuthModel->__construct()
 2 APPPATH\Controllers\vendor\Home.php(17): App\Libraries\IonAuth->__construct()
 3 SYSTEMPATH\CodeIgniter.php(903): App\Controllers\vendor\Home->__construct()
 4 SYSTEMPATH\CodeIgniter.php(500): CodeIgniter\CodeIgniter->createController()
 5 SYSTEMPATH\CodeIgniter.php(355): CodeIgniter\CodeIgniter->handleRequest(null, Object(Config\Cache), false)
 6 SYSTEMPATH\Boot.php(325): CodeIgniter\CodeIgniter->run()
 7 SYSTEMPATH\Boot.php(67): CodeIgniter\Boot::runCodeIgniter(Object(CodeIgniter\CodeIgniter))
 8 FCPATH\index.php(56): CodeIgniter\Boot::bootWeb(Object(Config\Paths))
WARNING - 2024-11-22 07:13:04 --> [DEPRECATED] Creation of dynamic property IonAuth\Models\IonAuthModel::$messagesTemplates is deprecated in FCPATH\vendor\benedmunds\codeigniter-ion-auth\Models\IonAuthModel.php on line 237.
 1 APPPATH\Libraries\IonAuth.php(71): IonAuth\Models\IonAuthModel->__construct()
 2 APPPATH\Controllers\vendor\Home.php(17): App\Libraries\IonAuth->__construct()
 3 SYSTEMPATH\CodeIgniter.php(903): App\Controllers\vendor\Home->__construct()
 4 SYSTEMPATH\CodeIgniter.php(500): CodeIgniter\CodeIgniter->createController()
 5 SYSTEMPATH\CodeIgniter.php(355): CodeIgniter\CodeIgniter->handleRequest(null, Object(Config\Cache), false)
 6 SYSTEMPATH\Boot.php(325): CodeIgniter\CodeIgniter->run()
 7 SYSTEMPATH\Boot.php(67): CodeIgniter\Boot::runCodeIgniter(Object(CodeIgniter\CodeIgniter))
 8 FCPATH\index.php(56): CodeIgniter\Boot::bootWeb(Object(Config\Paths))
INFO - 2024-11-22 07:13:04 --> Session: Class initialized using 'CodeIgniter\Session\Handlers\FileHandler' driver.
WARNING - 2024-11-22 07:13:04 --> [DEPRECATED] Creation of dynamic property IonAuth\Libraries\IonAuth::$session is deprecated in FCPATH\vendor\benedmunds\codeigniter-ion-auth\Libraries\IonAuth.php on line 65.
 1 APPPATH\Controllers\Login.php(13): IonAuth\Libraries\IonAuth->__construct()
 2 SYSTEMPATH\CodeIgniter.php(903): App\Controllers\Login->__construct()
 3 SYSTEMPATH\CodeIgniter.php(500): CodeIgniter\CodeIgniter->createController()
 4 SYSTEMPATH\CodeIgniter.php(355): CodeIgniter\CodeIgniter->handleRequest(null, Object(Config\Cache), false)
 5 SYSTEMPATH\Boot.php(325): CodeIgniter\CodeIgniter->run()
 6 SYSTEMPATH\Boot.php(67): CodeIgniter\Boot::runCodeIgniter(Object(CodeIgniter\CodeIgniter))
 7 FCPATH\index.php(56): CodeIgniter\Boot::bootWeb(Object(Config\Paths))
WARNING - 2024-11-22 07:13:04 --> [DEPRECATED] Creation of dynamic property IonAuth\Models\IonAuthModel::$join is deprecated in FCPATH\vendor\benedmunds\codeigniter-ion-auth\Models\IonAuthModel.php on line 231.
 1 FCPATH\vendor\benedmunds\codeigniter-ion-auth\Libraries\IonAuth.php(67): IonAuth\Models\IonAuthModel->__construct()
 2 APPPATH\Controllers\Login.php(13): IonAuth\Libraries\IonAuth->__construct()
 3 SYSTEMPATH\CodeIgniter.php(903): App\Controllers\Login->__construct()
 4 SYSTEMPATH\CodeIgniter.php(500): CodeIgniter\CodeIgniter->createController()
 5 SYSTEMPATH\CodeIgniter.php(355): CodeIgniter\CodeIgniter->handleRequest(null, Object(Config\Cache), false)
 6 SYSTEMPATH\Boot.php(325): CodeIgniter\CodeIgniter->run()
 7 SYSTEMPATH\Boot.php(67): CodeIgniter\Boot::runCodeIgniter(Object(CodeIgniter\CodeIgniter))
 8 FCPATH\index.php(56): CodeIgniter\Boot::bootWeb(Object(Config\Paths))
WARNING - 2024-11-22 07:13:04 --> [DEPRECATED] Creation of dynamic property IonAuth\Models\IonAuthModel::$hashMethod is deprecated in FCPATH\vendor\benedmunds\codeigniter-ion-auth\Models\IonAuthModel.php on line 234.
 1 FCPATH\vendor\benedmunds\codeigniter-ion-auth\Libraries\IonAuth.php(67): IonAuth\Models\IonAuthModel->__construct()
 2 APPPATH\Controllers\Login.php(13): IonAuth\Libraries\IonAuth->__construct()
 3 SYSTEMPATH\CodeIgniter.php(903): App\Controllers\Login->__construct()
 4 SYSTEMPATH\CodeIgniter.php(500): CodeIgniter\CodeIgniter->createController()
 5 SYSTEMPATH\CodeIgniter.php(355): CodeIgniter\CodeIgniter->handleRequest(null, Object(Config\Cache), false)
 6 SYSTEMPATH\Boot.php(325): CodeIgniter\CodeIgniter->run()
 7 SYSTEMPATH\Boot.php(67): CodeIgniter\Boot::runCodeIgniter(Object(CodeIgniter\CodeIgniter))
 8 FCPATH\index.php(56): CodeIgniter\Boot::bootWeb(Object(Config\Paths))
WARNING - 2024-11-22 07:13:04 --> [DEPRECATED] Creation of dynamic property IonAuth\Models\IonAuthModel::$messagesTemplates is deprecated in FCPATH\vendor\benedmunds\codeigniter-ion-auth\Models\IonAuthModel.php on line 237.
 1 FCPATH\vendor\benedmunds\codeigniter-ion-auth\Libraries\IonAuth.php(67): IonAuth\Models\IonAuthModel->__construct()
 2 APPPATH\Controllers\Login.php(13): IonAuth\Libraries\IonAuth->__construct()
 3 SYSTEMPATH\CodeIgniter.php(903): App\Controllers\Login->__construct()
 4 SYSTEMPATH\CodeIgniter.php(500): CodeIgniter\CodeIgniter->createController()
 5 SYSTEMPATH\CodeIgniter.php(355): CodeIgniter\CodeIgniter->handleRequest(null, Object(Config\Cache), false)
 6 SYSTEMPATH\Boot.php(325): CodeIgniter\CodeIgniter->run()
 7 SYSTEMPATH\Boot.php(67): CodeIgniter\Boot::runCodeIgniter(Object(CodeIgniter\CodeIgniter))
 8 FCPATH\index.php(56): CodeIgniter\Boot::bootWeb(Object(Config\Paths))
INFO - 2024-11-22 07:28:12 --> Session: Class initialized using 'CodeIgniter\Session\Handlers\FileHandler' driver.
WARNING - 2024-11-22 07:28:12 --> [DEPRECATED] Creation of dynamic property IonAuth\Models\IonAuthModel::$join is deprecated in FCPATH\vendor\benedmunds\codeigniter-ion-auth\Models\IonAuthModel.php on line 231.
 1 APPPATH\Libraries\IonAuth.php(71): IonAuth\Models\IonAuthModel->__construct()
 2 APPPATH\Controllers\Auth.php(77): App\Libraries\IonAuth->__construct()
 3 SYSTEMPATH\CodeIgniter.php(903): App\Controllers\Auth->__construct()
 4 SYSTEMPATH\CodeIgniter.php(500): CodeIgniter\CodeIgniter->createController()
 5 SYSTEMPATH\CodeIgniter.php(355): CodeIgniter\CodeIgniter->handleRequest(null, Object(Config\Cache), false)
 6 SYSTEMPATH\Boot.php(325): CodeIgniter\CodeIgniter->run()
 7 SYSTEMPATH\Boot.php(67): CodeIgniter\Boot::runCodeIgniter(Object(CodeIgniter\CodeIgniter))
 8 FCPATH\index.php(56): CodeIgniter\Boot::bootWeb(Object(Config\Paths))
WARNING - 2024-11-22 07:28:12 --> [DEPRECATED] Creation of dynamic property IonAuth\Models\IonAuthModel::$hashMethod is deprecated in FCPATH\vendor\benedmunds\codeigniter-ion-auth\Models\IonAuthModel.php on line 234.
 1 APPPATH\Libraries\IonAuth.php(71): IonAuth\Models\IonAuthModel->__construct()
 2 APPPATH\Controllers\Auth.php(77): App\Libraries\IonAuth->__construct()
 3 SYSTEMPATH\CodeIgniter.php(903): App\Controllers\Auth->__construct()
 4 SYSTEMPATH\CodeIgniter.php(500): CodeIgniter\CodeIgniter->createController()
 5 SYSTEMPATH\CodeIgniter.php(355): CodeIgniter\CodeIgniter->handleRequest(null, Object(Config\Cache), false)
 6 SYSTEMPATH\Boot.php(325): CodeIgniter\CodeIgniter->run()
 7 SYSTEMPATH\Boot.php(67): CodeIgniter\Boot::runCodeIgniter(Object(CodeIgniter\CodeIgniter))
 8 FCPATH\index.php(56): CodeIgniter\Boot::bootWeb(Object(Config\Paths))
WARNING - 2024-11-22 07:28:12 --> [DEPRECATED] Creation of dynamic property IonAuth\Models\IonAuthModel::$messagesTemplates is deprecated in FCPATH\vendor\benedmunds\codeigniter-ion-auth\Models\IonAuthModel.php on line 237.
 1 APPPATH\Libraries\IonAuth.php(71): IonAuth\Models\IonAuthModel->__construct()
 2 APPPATH\Controllers\Auth.php(77): App\Libraries\IonAuth->__construct()
 3 SYSTEMPATH\CodeIgniter.php(903): App\Controllers\Auth->__construct()
 4 SYSTEMPATH\CodeIgniter.php(500): CodeIgniter\CodeIgniter->createController()
 5 SYSTEMPATH\CodeIgniter.php(355): CodeIgniter\CodeIgniter->handleRequest(null, Object(Config\Cache), false)
 6 SYSTEMPATH\Boot.php(325): CodeIgniter\CodeIgniter->run()
 7 SYSTEMPATH\Boot.php(67): CodeIgniter\Boot::runCodeIgniter(Object(CodeIgniter\CodeIgniter))
 8 FCPATH\index.php(56): CodeIgniter\Boot::bootWeb(Object(Config\Paths))
INFO - 2024-11-22 07:28:13 --> Session: Class initialized using 'CodeIgniter\Session\Handlers\FileHandler' driver.
WARNING - 2024-11-22 07:28:13 --> [DEPRECATED] Creation of dynamic property IonAuth\Models\IonAuthModel::$join is deprecated in FCPATH\vendor\benedmunds\codeigniter-ion-auth\Models\IonAuthModel.php on line 231.
 1 APPPATH\Libraries\IonAuth.php(71): IonAuth\Models\IonAuthModel->__construct()
 2 APPPATH\Controllers\vendor\Home.php(17): App\Libraries\IonAuth->__construct()
 3 SYSTEMPATH\CodeIgniter.php(903): App\Controllers\vendor\Home->__construct()
 4 SYSTEMPATH\CodeIgniter.php(500): CodeIgniter\CodeIgniter->createController()
 5 SYSTEMPATH\CodeIgniter.php(355): CodeIgniter\CodeIgniter->handleRequest(null, Object(Config\Cache), false)
 6 SYSTEMPATH\Boot.php(325): CodeIgniter\CodeIgniter->run()
 7 SYSTEMPATH\Boot.php(67): CodeIgniter\Boot::runCodeIgniter(Object(CodeIgniter\CodeIgniter))
 8 FCPATH\index.php(56): CodeIgniter\Boot::bootWeb(Object(Config\Paths))
WARNING - 2024-11-22 07:28:13 --> [DEPRECATED] Creation of dynamic property IonAuth\Models\IonAuthModel::$hashMethod is deprecated in FCPATH\vendor\benedmunds\codeigniter-ion-auth\Models\IonAuthModel.php on line 234.
 1 APPPATH\Libraries\IonAuth.php(71): IonAuth\Models\IonAuthModel->__construct()
 2 APPPATH\Controllers\vendor\Home.php(17): App\Libraries\IonAuth->__construct()
 3 SYSTEMPATH\CodeIgniter.php(903): App\Controllers\vendor\Home->__construct()
 4 SYSTEMPATH\CodeIgniter.php(500): CodeIgniter\CodeIgniter->createController()
 5 SYSTEMPATH\CodeIgniter.php(355): CodeIgniter\CodeIgniter->handleRequest(null, Object(Config\Cache), false)
 6 SYSTEMPATH\Boot.php(325): CodeIgniter\CodeIgniter->run()
 7 SYSTEMPATH\Boot.php(67): CodeIgniter\Boot::runCodeIgniter(Object(CodeIgniter\CodeIgniter))
 8 FCPATH\index.php(56): CodeIgniter\Boot::bootWeb(Object(Config\Paths))
WARNING - 2024-11-22 07:28:13 --> [DEPRECATED] Creation of dynamic property IonAuth\Models\IonAuthModel::$messagesTemplates is deprecated in FCPATH\vendor\benedmunds\codeigniter-ion-auth\Models\IonAuthModel.php on line 237.
 1 APPPATH\Libraries\IonAuth.php(71): IonAuth\Models\IonAuthModel->__construct()
 2 APPPATH\Controllers\vendor\Home.php(17): App\Libraries\IonAuth->__construct()
 3 SYSTEMPATH\CodeIgniter.php(903): App\Controllers\vendor\Home->__construct()
 4 SYSTEMPATH\CodeIgniter.php(500): CodeIgniter\CodeIgniter->createController()
 5 SYSTEMPATH\CodeIgniter.php(355): CodeIgniter\CodeIgniter->handleRequest(null, Object(Config\Cache), false)
 6 SYSTEMPATH\Boot.php(325): CodeIgniter\CodeIgniter->run()
 7 SYSTEMPATH\Boot.php(67): CodeIgniter\Boot::runCodeIgniter(Object(CodeIgniter\CodeIgniter))
 8 FCPATH\index.php(56): CodeIgniter\Boot::bootWeb(Object(Config\Paths))
INFO - 2024-11-22 07:28:13 --> Session: Class initialized using 'CodeIgniter\Session\Handlers\FileHandler' driver.
WARNING - 2024-11-22 07:28:13 --> [DEPRECATED] Creation of dynamic property IonAuth\Models\IonAuthModel::$join is deprecated in FCPATH\vendor\benedmunds\codeigniter-ion-auth\Models\IonAuthModel.php on line 231.
 1 APPPATH\Libraries\IonAuth.php(71): IonAuth\Models\IonAuthModel->__construct()
 2 APPPATH\Filters\CheckRoles.php(17): App\Libraries\IonAuth->__construct()
 3 SYSTEMPATH\Filters\Filters.php(197): App\Filters\CheckRoles->__construct()
 4 SYSTEMPATH\Filters\Filters.php(184): CodeIgniter\Filters\Filters->runBefore([...])
 5 SYSTEMPATH\CodeIgniter.php(481): CodeIgniter\Filters\Filters->run('vendor/businesses', 'before')
 6 SYSTEMPATH\CodeIgniter.php(355): CodeIgniter\CodeIgniter->handleRequest(null, Object(Config\Cache), false)
 7 SYSTEMPATH\Boot.php(325): CodeIgniter\CodeIgniter->run()
 8 SYSTEMPATH\Boot.php(67): CodeIgniter\Boot::runCodeIgniter(Object(CodeIgniter\CodeIgniter))
 9 FCPATH\index.php(56): CodeIgniter\Boot::bootWeb(Object(Config\Paths))
WARNING - 2024-11-22 07:28:13 --> [DEPRECATED] Creation of dynamic property IonAuth\Models\IonAuthModel::$hashMethod is deprecated in FCPATH\vendor\benedmunds\codeigniter-ion-auth\Models\IonAuthModel.php on line 234.
 1 APPPATH\Libraries\IonAuth.php(71): IonAuth\Models\IonAuthModel->__construct()
 2 APPPATH\Filters\CheckRoles.php(17): App\Libraries\IonAuth->__construct()
 3 SYSTEMPATH\Filters\Filters.php(197): App\Filters\CheckRoles->__construct()
 4 SYSTEMPATH\Filters\Filters.php(184): CodeIgniter\Filters\Filters->runBefore([...])
 5 SYSTEMPATH\CodeIgniter.php(481): CodeIgniter\Filters\Filters->run('vendor/businesses', 'before')
 6 SYSTEMPATH\CodeIgniter.php(355): CodeIgniter\CodeIgniter->handleRequest(null, Object(Config\Cache), false)
 7 SYSTEMPATH\Boot.php(325): CodeIgniter\CodeIgniter->run()
 8 SYSTEMPATH\Boot.php(67): CodeIgniter\Boot::runCodeIgniter(Object(CodeIgniter\CodeIgniter))
 9 FCPATH\index.php(56): CodeIgniter\Boot::bootWeb(Object(Config\Paths))
WARNING - 2024-11-22 07:28:13 --> [DEPRECATED] Creation of dynamic property IonAuth\Models\IonAuthModel::$messagesTemplates is deprecated in FCPATH\vendor\benedmunds\codeigniter-ion-auth\Models\IonAuthModel.php on line 237.
 1 APPPATH\Libraries\IonAuth.php(71): IonAuth\Models\IonAuthModel->__construct()
 2 APPPATH\Filters\CheckRoles.php(17): App\Libraries\IonAuth->__construct()
 3 SYSTEMPATH\Filters\Filters.php(197): App\Filters\CheckRoles->__construct()
 4 SYSTEMPATH\Filters\Filters.php(184): CodeIgniter\Filters\Filters->runBefore([...])
 5 SYSTEMPATH\CodeIgniter.php(481): CodeIgniter\Filters\Filters->run('vendor/businesses', 'before')
 6 SYSTEMPATH\CodeIgniter.php(355): CodeIgniter\CodeIgniter->handleRequest(null, Object(Config\Cache), false)
 7 SYSTEMPATH\Boot.php(325): CodeIgniter\CodeIgniter->run()
 8 SYSTEMPATH\Boot.php(67): CodeIgniter\Boot::runCodeIgniter(Object(CodeIgniter\CodeIgniter))
 9 FCPATH\index.php(56): CodeIgniter\Boot::bootWeb(Object(Config\Paths))
WARNING - 2024-11-22 07:28:13 --> [DEPRECATED] Creation of dynamic property IonAuth\Models\IonAuthModel::$join is deprecated in FCPATH\vendor\benedmunds\codeigniter-ion-auth\Models\IonAuthModel.php on line 231.
 1 APPPATH\Libraries\IonAuth.php(71): IonAuth\Models\IonAuthModel->__construct()
 2 APPPATH\Controllers\vendor\Businesses.php(19): App\Libraries\IonAuth->__construct()
 3 SYSTEMPATH\CodeIgniter.php(903): App\Controllers\vendor\Businesses->__construct()
 4 SYSTEMPATH\CodeIgniter.php(500): CodeIgniter\CodeIgniter->createController()
 5 SYSTEMPATH\CodeIgniter.php(355): CodeIgniter\CodeIgniter->handleRequest(null, Object(Config\Cache), false)
 6 SYSTEMPATH\Boot.php(325): CodeIgniter\CodeIgniter->run()
 7 SYSTEMPATH\Boot.php(67): CodeIgniter\Boot::runCodeIgniter(Object(CodeIgniter\CodeIgniter))
 8 FCPATH\index.php(56): CodeIgniter\Boot::bootWeb(Object(Config\Paths))
WARNING - 2024-11-22 07:28:13 --> [DEPRECATED] Creation of dynamic property IonAuth\Models\IonAuthModel::$hashMethod is deprecated in FCPATH\vendor\benedmunds\codeigniter-ion-auth\Models\IonAuthModel.php on line 234.
 1 APPPATH\Libraries\IonAuth.php(71): IonAuth\Models\IonAuthModel->__construct()
 2 APPPATH\Controllers\vendor\Businesses.php(19): App\Libraries\IonAuth->__construct()
 3 SYSTEMPATH\CodeIgniter.php(903): App\Controllers\vendor\Businesses->__construct()
 4 SYSTEMPATH\CodeIgniter.php(500): CodeIgniter\CodeIgniter->createController()
 5 SYSTEMPATH\CodeIgniter.php(355): CodeIgniter\CodeIgniter->handleRequest(null, Object(Config\Cache), false)
 6 SYSTEMPATH\Boot.php(325): CodeIgniter\CodeIgniter->run()
 7 SYSTEMPATH\Boot.php(67): CodeIgniter\Boot::runCodeIgniter(Object(CodeIgniter\CodeIgniter))
 8 FCPATH\index.php(56): CodeIgniter\Boot::bootWeb(Object(Config\Paths))
WARNING - 2024-11-22 07:28:13 --> [DEPRECATED] Creation of dynamic property IonAuth\Models\IonAuthModel::$messagesTemplates is deprecated in FCPATH\vendor\benedmunds\codeigniter-ion-auth\Models\IonAuthModel.php on line 237.
 1 APPPATH\Libraries\IonAuth.php(71): IonAuth\Models\IonAuthModel->__construct()
 2 APPPATH\Controllers\vendor\Businesses.php(19): App\Libraries\IonAuth->__construct()
 3 SYSTEMPATH\CodeIgniter.php(903): App\Controllers\vendor\Businesses->__construct()
 4 SYSTEMPATH\CodeIgniter.php(500): CodeIgniter\CodeIgniter->createController()
 5 SYSTEMPATH\CodeIgniter.php(355): CodeIgniter\CodeIgniter->handleRequest(null, Object(Config\Cache), false)
 6 SYSTEMPATH\Boot.php(325): CodeIgniter\CodeIgniter->run()
 7 SYSTEMPATH\Boot.php(67): CodeIgniter\Boot::runCodeIgniter(Object(CodeIgniter\CodeIgniter))
 8 FCPATH\index.php(56): CodeIgniter\Boot::bootWeb(Object(Config\Paths))
WARNING - 2024-11-22 12:58:13 --> [DEPRECATED] Creation of dynamic property IonAuth\Models\IonAuthModel::$join is deprecated in FCPATH\vendor\benedmunds\codeigniter-ion-auth\Models\IonAuthModel.php on line 231.
 1 APPPATH\Libraries\IonAuth.php(71): IonAuth\Models\IonAuthModel->__construct()
 2 APPPATH\Filters\CheckRoles.php(17): App\Libraries\IonAuth->__construct()
 3 SYSTEMPATH\Filters\Filters.php(235): App\Filters\CheckRoles->__construct()
 4 SYSTEMPATH\Filters\Filters.php(188): CodeIgniter\Filters\Filters->runAfter([...])
 5 SYSTEMPATH\CodeIgniter.php(527): CodeIgniter\Filters\Filters->run('vendor/businesses', 'after')
 6 SYSTEMPATH\CodeIgniter.php(355): CodeIgniter\CodeIgniter->handleRequest(null, Object(Config\Cache), false)
 7 SYSTEMPATH\Boot.php(325): CodeIgniter\CodeIgniter->run()
 8 SYSTEMPATH\Boot.php(67): CodeIgniter\Boot::runCodeIgniter(Object(CodeIgniter\CodeIgniter))
 9 FCPATH\index.php(56): CodeIgniter\Boot::bootWeb(Object(Config\Paths))
WARNING - 2024-11-22 12:58:13 --> [DEPRECATED] Creation of dynamic property IonAuth\Models\IonAuthModel::$hashMethod is deprecated in FCPATH\vendor\benedmunds\codeigniter-ion-auth\Models\IonAuthModel.php on line 234.
 1 APPPATH\Libraries\IonAuth.php(71): IonAuth\Models\IonAuthModel->__construct()
 2 APPPATH\Filters\CheckRoles.php(17): App\Libraries\IonAuth->__construct()
 3 SYSTEMPATH\Filters\Filters.php(235): App\Filters\CheckRoles->__construct()
 4 SYSTEMPATH\Filters\Filters.php(188): CodeIgniter\Filters\Filters->runAfter([...])
 5 SYSTEMPATH\CodeIgniter.php(527): CodeIgniter\Filters\Filters->run('vendor/businesses', 'after')
 6 SYSTEMPATH\CodeIgniter.php(355): CodeIgniter\CodeIgniter->handleRequest(null, Object(Config\Cache), false)
 7 SYSTEMPATH\Boot.php(325): CodeIgniter\CodeIgniter->run()
 8 SYSTEMPATH\Boot.php(67): CodeIgniter\Boot::runCodeIgniter(Object(CodeIgniter\CodeIgniter))
 9 FCPATH\index.php(56): CodeIgniter\Boot::bootWeb(Object(Config\Paths))
WARNING - 2024-11-22 12:58:13 --> [DEPRECATED] Creation of dynamic property IonAuth\Models\IonAuthModel::$messagesTemplates is deprecated in FCPATH\vendor\benedmunds\codeigniter-ion-auth\Models\IonAuthModel.php on line 237.
 1 APPPATH\Libraries\IonAuth.php(71): IonAuth\Models\IonAuthModel->__construct()
 2 APPPATH\Filters\CheckRoles.php(17): App\Libraries\IonAuth->__construct()
 3 SYSTEMPATH\Filters\Filters.php(235): App\Filters\CheckRoles->__construct()
 4 SYSTEMPATH\Filters\Filters.php(188): CodeIgniter\Filters\Filters->runAfter([...])
 5 SYSTEMPATH\CodeIgniter.php(527): CodeIgniter\Filters\Filters->run('vendor/businesses', 'after')
 6 SYSTEMPATH\CodeIgniter.php(355): CodeIgniter\CodeIgniter->handleRequest(null, Object(Config\Cache), false)
 7 SYSTEMPATH\Boot.php(325): CodeIgniter\CodeIgniter->run()
 8 SYSTEMPATH\Boot.php(67): CodeIgniter\Boot::runCodeIgniter(Object(CodeIgniter\CodeIgniter))
 9 FCPATH\index.php(56): CodeIgniter\Boot::bootWeb(Object(Config\Paths))
INFO - 2024-11-22 07:28:15 --> Session: Class initialized using 'CodeIgniter\Session\Handlers\FileHandler' driver.
WARNING - 2024-11-22 07:28:15 --> [DEPRECATED] Creation of dynamic property IonAuth\Models\IonAuthModel::$join is deprecated in FCPATH\vendor\benedmunds\codeigniter-ion-auth\Models\IonAuthModel.php on line 231.
 1 APPPATH\Libraries\IonAuth.php(71): IonAuth\Models\IonAuthModel->__construct()
 2 APPPATH\Filters\CheckRoles.php(17): App\Libraries\IonAuth->__construct()
 3 SYSTEMPATH\Filters\Filters.php(197): App\Filters\CheckRoles->__construct()
 4 SYSTEMPATH\Filters\Filters.php(184): CodeIgniter\Filters\Filters->runBefore([...])
 5 SYSTEMPATH\CodeIgniter.php(481): CodeIgniter\Filters\Filters->run('vendor/businesses/business_table', 'before')
 6 SYSTEMPATH\CodeIgniter.php(355): CodeIgniter\CodeIgniter->handleRequest(null, Object(Config\Cache), false)
 7 SYSTEMPATH\Boot.php(325): CodeIgniter\CodeIgniter->run()
 8 SYSTEMPATH\Boot.php(67): CodeIgniter\Boot::runCodeIgniter(Object(CodeIgniter\CodeIgniter))
 9 FCPATH\index.php(56): CodeIgniter\Boot::bootWeb(Object(Config\Paths))
WARNING - 2024-11-22 07:28:15 --> [DEPRECATED] Creation of dynamic property IonAuth\Models\IonAuthModel::$hashMethod is deprecated in FCPATH\vendor\benedmunds\codeigniter-ion-auth\Models\IonAuthModel.php on line 234.
 1 APPPATH\Libraries\IonAuth.php(71): IonAuth\Models\IonAuthModel->__construct()
 2 APPPATH\Filters\CheckRoles.php(17): App\Libraries\IonAuth->__construct()
 3 SYSTEMPATH\Filters\Filters.php(197): App\Filters\CheckRoles->__construct()
 4 SYSTEMPATH\Filters\Filters.php(184): CodeIgniter\Filters\Filters->runBefore([...])
 5 SYSTEMPATH\CodeIgniter.php(481): CodeIgniter\Filters\Filters->run('vendor/businesses/business_table', 'before')
 6 SYSTEMPATH\CodeIgniter.php(355): CodeIgniter\CodeIgniter->handleRequest(null, Object(Config\Cache), false)
 7 SYSTEMPATH\Boot.php(325): CodeIgniter\CodeIgniter->run()
 8 SYSTEMPATH\Boot.php(67): CodeIgniter\Boot::runCodeIgniter(Object(CodeIgniter\CodeIgniter))
 9 FCPATH\index.php(56): CodeIgniter\Boot::bootWeb(Object(Config\Paths))
WARNING - 2024-11-22 07:28:15 --> [DEPRECATED] Creation of dynamic property IonAuth\Models\IonAuthModel::$messagesTemplates is deprecated in FCPATH\vendor\benedmunds\codeigniter-ion-auth\Models\IonAuthModel.php on line 237.
 1 APPPATH\Libraries\IonAuth.php(71): IonAuth\Models\IonAuthModel->__construct()
 2 APPPATH\Filters\CheckRoles.php(17): App\Libraries\IonAuth->__construct()
 3 SYSTEMPATH\Filters\Filters.php(197): App\Filters\CheckRoles->__construct()
 4 SYSTEMPATH\Filters\Filters.php(184): CodeIgniter\Filters\Filters->runBefore([...])
 5 SYSTEMPATH\CodeIgniter.php(481): CodeIgniter\Filters\Filters->run('vendor/businesses/business_table', 'before')
 6 SYSTEMPATH\CodeIgniter.php(355): CodeIgniter\CodeIgniter->handleRequest(null, Object(Config\Cache), false)
 7 SYSTEMPATH\Boot.php(325): CodeIgniter\CodeIgniter->run()
 8 SYSTEMPATH\Boot.php(67): CodeIgniter\Boot::runCodeIgniter(Object(CodeIgniter\CodeIgniter))
 9 FCPATH\index.php(56): CodeIgniter\Boot::bootWeb(Object(Config\Paths))
WARNING - 2024-11-22 07:28:15 --> [DEPRECATED] Creation of dynamic property IonAuth\Models\IonAuthModel::$join is deprecated in FCPATH\vendor\benedmunds\codeigniter-ion-auth\Models\IonAuthModel.php on line 231.
 1 APPPATH\Libraries\IonAuth.php(71): IonAuth\Models\IonAuthModel->__construct()
 2 APPPATH\Controllers\vendor\Businesses.php(19): App\Libraries\IonAuth->__construct()
 3 SYSTEMPATH\CodeIgniter.php(903): App\Controllers\vendor\Businesses->__construct()
 4 SYSTEMPATH\CodeIgniter.php(500): CodeIgniter\CodeIgniter->createController()
 5 SYSTEMPATH\CodeIgniter.php(355): CodeIgniter\CodeIgniter->handleRequest(null, Object(Config\Cache), false)
 6 SYSTEMPATH\Boot.php(325): CodeIgniter\CodeIgniter->run()
 7 SYSTEMPATH\Boot.php(67): CodeIgniter\Boot::runCodeIgniter(Object(CodeIgniter\CodeIgniter))
 8 FCPATH\index.php(56): CodeIgniter\Boot::bootWeb(Object(Config\Paths))
WARNING - 2024-11-22 07:28:15 --> [DEPRECATED] Creation of dynamic property IonAuth\Models\IonAuthModel::$hashMethod is deprecated in FCPATH\vendor\benedmunds\codeigniter-ion-auth\Models\IonAuthModel.php on line 234.
 1 APPPATH\Libraries\IonAuth.php(71): IonAuth\Models\IonAuthModel->__construct()
 2 APPPATH\Controllers\vendor\Businesses.php(19): App\Libraries\IonAuth->__construct()
 3 SYSTEMPATH\CodeIgniter.php(903): App\Controllers\vendor\Businesses->__construct()
 4 SYSTEMPATH\CodeIgniter.php(500): CodeIgniter\CodeIgniter->createController()
 5 SYSTEMPATH\CodeIgniter.php(355): CodeIgniter\CodeIgniter->handleRequest(null, Object(Config\Cache), false)
 6 SYSTEMPATH\Boot.php(325): CodeIgniter\CodeIgniter->run()
 7 SYSTEMPATH\Boot.php(67): CodeIgniter\Boot::runCodeIgniter(Object(CodeIgniter\CodeIgniter))
 8 FCPATH\index.php(56): CodeIgniter\Boot::bootWeb(Object(Config\Paths))
WARNING - 2024-11-22 07:28:15 --> [DEPRECATED] Creation of dynamic property IonAuth\Models\IonAuthModel::$messagesTemplates is deprecated in FCPATH\vendor\benedmunds\codeigniter-ion-auth\Models\IonAuthModel.php on line 237.
 1 APPPATH\Libraries\IonAuth.php(71): IonAuth\Models\IonAuthModel->__construct()
 2 APPPATH\Controllers\vendor\Businesses.php(19): App\Libraries\IonAuth->__construct()
 3 SYSTEMPATH\CodeIgniter.php(903): App\Controllers\vendor\Businesses->__construct()
 4 SYSTEMPATH\CodeIgniter.php(500): CodeIgniter\CodeIgniter->createController()
 5 SYSTEMPATH\CodeIgniter.php(355): CodeIgniter\CodeIgniter->handleRequest(null, Object(Config\Cache), false)
 6 SYSTEMPATH\Boot.php(325): CodeIgniter\CodeIgniter->run()
 7 SYSTEMPATH\Boot.php(67): CodeIgniter\Boot::runCodeIgniter(Object(CodeIgniter\CodeIgniter))
 8 FCPATH\index.php(56): CodeIgniter\Boot::bootWeb(Object(Config\Paths))
WARNING - 2024-11-22 12:58:16 --> [DEPRECATED] Creation of dynamic property IonAuth\Models\IonAuthModel::$join is deprecated in FCPATH\vendor\benedmunds\codeigniter-ion-auth\Models\IonAuthModel.php on line 231.
 1 APPPATH\Libraries\IonAuth.php(71): IonAuth\Models\IonAuthModel->__construct()
 2 APPPATH\Filters\CheckRoles.php(17): App\Libraries\IonAuth->__construct()
 3 SYSTEMPATH\Filters\Filters.php(235): App\Filters\CheckRoles->__construct()
 4 SYSTEMPATH\Filters\Filters.php(188): CodeIgniter\Filters\Filters->runAfter([...])
 5 SYSTEMPATH\CodeIgniter.php(527): CodeIgniter\Filters\Filters->run('vendor/businesses/business_table', 'after')
 6 SYSTEMPATH\CodeIgniter.php(355): CodeIgniter\CodeIgniter->handleRequest(null, Object(Config\Cache), false)
 7 SYSTEMPATH\Boot.php(325): CodeIgniter\CodeIgniter->run()
 8 SYSTEMPATH\Boot.php(67): CodeIgniter\Boot::runCodeIgniter(Object(CodeIgniter\CodeIgniter))
 9 FCPATH\index.php(56): CodeIgniter\Boot::bootWeb(Object(Config\Paths))
WARNING - 2024-11-22 12:58:16 --> [DEPRECATED] Creation of dynamic property IonAuth\Models\IonAuthModel::$hashMethod is deprecated in FCPATH\vendor\benedmunds\codeigniter-ion-auth\Models\IonAuthModel.php on line 234.
 1 APPPATH\Libraries\IonAuth.php(71): IonAuth\Models\IonAuthModel->__construct()
 2 APPPATH\Filters\CheckRoles.php(17): App\Libraries\IonAuth->__construct()
 3 SYSTEMPATH\Filters\Filters.php(235): App\Filters\CheckRoles->__construct()
 4 SYSTEMPATH\Filters\Filters.php(188): CodeIgniter\Filters\Filters->runAfter([...])
 5 SYSTEMPATH\CodeIgniter.php(527): CodeIgniter\Filters\Filters->run('vendor/businesses/business_table', 'after')
 6 SYSTEMPATH\CodeIgniter.php(355): CodeIgniter\CodeIgniter->handleRequest(null, Object(Config\Cache), false)
 7 SYSTEMPATH\Boot.php(325): CodeIgniter\CodeIgniter->run()
 8 SYSTEMPATH\Boot.php(67): CodeIgniter\Boot::runCodeIgniter(Object(CodeIgniter\CodeIgniter))
 9 FCPATH\index.php(56): CodeIgniter\Boot::bootWeb(Object(Config\Paths))
WARNING - 2024-11-22 12:58:16 --> [DEPRECATED] Creation of dynamic property IonAuth\Models\IonAuthModel::$messagesTemplates is deprecated in FCPATH\vendor\benedmunds\codeigniter-ion-auth\Models\IonAuthModel.php on line 237.
 1 APPPATH\Libraries\IonAuth.php(71): IonAuth\Models\IonAuthModel->__construct()
 2 APPPATH\Filters\CheckRoles.php(17): App\Libraries\IonAuth->__construct()
 3 SYSTEMPATH\Filters\Filters.php(235): App\Filters\CheckRoles->__construct()
 4 SYSTEMPATH\Filters\Filters.php(188): CodeIgniter\Filters\Filters->runAfter([...])
 5 SYSTEMPATH\CodeIgniter.php(527): CodeIgniter\Filters\Filters->run('vendor/businesses/business_table', 'after')
 6 SYSTEMPATH\CodeIgniter.php(355): CodeIgniter\CodeIgniter->handleRequest(null, Object(Config\Cache), false)
 7 SYSTEMPATH\Boot.php(325): CodeIgniter\CodeIgniter->run()
 8 SYSTEMPATH\Boot.php(67): CodeIgniter\Boot::runCodeIgniter(Object(CodeIgniter\CodeIgniter))
 9 FCPATH\index.php(56): CodeIgniter\Boot::bootWeb(Object(Config\Paths))
INFO - 2024-11-22 07:28:16 --> Session: Class initialized using 'CodeIgniter\Session\Handlers\FileHandler' driver.
WARNING - 2024-11-22 07:28:16 --> [DEPRECATED] Creation of dynamic property IonAuth\Models\IonAuthModel::$join is deprecated in FCPATH\vendor\benedmunds\codeigniter-ion-auth\Models\IonAuthModel.php on line 231.
 1 APPPATH\Libraries\IonAuth.php(71): IonAuth\Models\IonAuthModel->__construct()
 2 APPPATH\Filters\CheckPermissions.php(16): App\Libraries\IonAuth->__construct()
 3 SYSTEMPATH\Filters\Filters.php(197): App\Filters\CheckPermissions->__construct()
 4 SYSTEMPATH\Filters\Filters.php(184): CodeIgniter\Filters\Filters->runBefore([...])
 5 SYSTEMPATH\CodeIgniter.php(481): CodeIgniter\Filters\Filters->run('vendor/products/stock_alert', 'before')
 6 SYSTEMPATH\CodeIgniter.php(355): CodeIgniter\CodeIgniter->handleRequest(null, Object(Config\Cache), false)
 7 SYSTEMPATH\Boot.php(325): CodeIgniter\CodeIgniter->run()
 8 SYSTEMPATH\Boot.php(67): CodeIgniter\Boot::runCodeIgniter(Object(CodeIgniter\CodeIgniter))
 9 FCPATH\index.php(56): CodeIgniter\Boot::bootWeb(Object(Config\Paths))
WARNING - 2024-11-22 07:28:16 --> [DEPRECATED] Creation of dynamic property IonAuth\Models\IonAuthModel::$hashMethod is deprecated in FCPATH\vendor\benedmunds\codeigniter-ion-auth\Models\IonAuthModel.php on line 234.
 1 APPPATH\Libraries\IonAuth.php(71): IonAuth\Models\IonAuthModel->__construct()
 2 APPPATH\Filters\CheckPermissions.php(16): App\Libraries\IonAuth->__construct()
 3 SYSTEMPATH\Filters\Filters.php(197): App\Filters\CheckPermissions->__construct()
 4 SYSTEMPATH\Filters\Filters.php(184): CodeIgniter\Filters\Filters->runBefore([...])
 5 SYSTEMPATH\CodeIgniter.php(481): CodeIgniter\Filters\Filters->run('vendor/products/stock_alert', 'before')
 6 SYSTEMPATH\CodeIgniter.php(355): CodeIgniter\CodeIgniter->handleRequest(null, Object(Config\Cache), false)
 7 SYSTEMPATH\Boot.php(325): CodeIgniter\CodeIgniter->run()
 8 SYSTEMPATH\Boot.php(67): CodeIgniter\Boot::runCodeIgniter(Object(CodeIgniter\CodeIgniter))
 9 FCPATH\index.php(56): CodeIgniter\Boot::bootWeb(Object(Config\Paths))
WARNING - 2024-11-22 07:28:16 --> [DEPRECATED] Creation of dynamic property IonAuth\Models\IonAuthModel::$messagesTemplates is deprecated in FCPATH\vendor\benedmunds\codeigniter-ion-auth\Models\IonAuthModel.php on line 237.
 1 APPPATH\Libraries\IonAuth.php(71): IonAuth\Models\IonAuthModel->__construct()
 2 APPPATH\Filters\CheckPermissions.php(16): App\Libraries\IonAuth->__construct()
 3 SYSTEMPATH\Filters\Filters.php(197): App\Filters\CheckPermissions->__construct()
 4 SYSTEMPATH\Filters\Filters.php(184): CodeIgniter\Filters\Filters->runBefore([...])
 5 SYSTEMPATH\CodeIgniter.php(481): CodeIgniter\Filters\Filters->run('vendor/products/stock_alert', 'before')
 6 SYSTEMPATH\CodeIgniter.php(355): CodeIgniter\CodeIgniter->handleRequest(null, Object(Config\Cache), false)
 7 SYSTEMPATH\Boot.php(325): CodeIgniter\CodeIgniter->run()
 8 SYSTEMPATH\Boot.php(67): CodeIgniter\Boot::runCodeIgniter(Object(CodeIgniter\CodeIgniter))
 9 FCPATH\index.php(56): CodeIgniter\Boot::bootWeb(Object(Config\Paths))
WARNING - 2024-11-22 07:28:16 --> [DEPRECATED] Creation of dynamic property IonAuth\Models\IonAuthModel::$join is deprecated in FCPATH\vendor\benedmunds\codeigniter-ion-auth\Models\IonAuthModel.php on line 231.
 1 APPPATH\Libraries\IonAuth.php(71): IonAuth\Models\IonAuthModel->__construct()
 2 APPPATH\Controllers\vendor\Products.php(25): App\Libraries\IonAuth->__construct()
 3 SYSTEMPATH\CodeIgniter.php(903): App\Controllers\vendor\Products->__construct()
 4 SYSTEMPATH\CodeIgniter.php(500): CodeIgniter\CodeIgniter->createController()
 5 SYSTEMPATH\CodeIgniter.php(355): CodeIgniter\CodeIgniter->handleRequest(null, Object(Config\Cache), false)
 6 SYSTEMPATH\Boot.php(325): CodeIgniter\CodeIgniter->run()
 7 SYSTEMPATH\Boot.php(67): CodeIgniter\Boot::runCodeIgniter(Object(CodeIgniter\CodeIgniter))
 8 FCPATH\index.php(56): CodeIgniter\Boot::bootWeb(Object(Config\Paths))
WARNING - 2024-11-22 07:28:16 --> [DEPRECATED] Creation of dynamic property IonAuth\Models\IonAuthModel::$hashMethod is deprecated in FCPATH\vendor\benedmunds\codeigniter-ion-auth\Models\IonAuthModel.php on line 234.
 1 APPPATH\Libraries\IonAuth.php(71): IonAuth\Models\IonAuthModel->__construct()
 2 APPPATH\Controllers\vendor\Products.php(25): App\Libraries\IonAuth->__construct()
 3 SYSTEMPATH\CodeIgniter.php(903): App\Controllers\vendor\Products->__construct()
 4 SYSTEMPATH\CodeIgniter.php(500): CodeIgniter\CodeIgniter->createController()
 5 SYSTEMPATH\CodeIgniter.php(355): CodeIgniter\CodeIgniter->handleRequest(null, Object(Config\Cache), false)
 6 SYSTEMPATH\Boot.php(325): CodeIgniter\CodeIgniter->run()
 7 SYSTEMPATH\Boot.php(67): CodeIgniter\Boot::runCodeIgniter(Object(CodeIgniter\CodeIgniter))
 8 FCPATH\index.php(56): CodeIgniter\Boot::bootWeb(Object(Config\Paths))
WARNING - 2024-11-22 07:28:16 --> [DEPRECATED] Creation of dynamic property IonAuth\Models\IonAuthModel::$messagesTemplates is deprecated in FCPATH\vendor\benedmunds\codeigniter-ion-auth\Models\IonAuthModel.php on line 237.
 1 APPPATH\Libraries\IonAuth.php(71): IonAuth\Models\IonAuthModel->__construct()
 2 APPPATH\Controllers\vendor\Products.php(25): App\Libraries\IonAuth->__construct()
 3 SYSTEMPATH\CodeIgniter.php(903): App\Controllers\vendor\Products->__construct()
 4 SYSTEMPATH\CodeIgniter.php(500): CodeIgniter\CodeIgniter->createController()
 5 SYSTEMPATH\CodeIgniter.php(355): CodeIgniter\CodeIgniter->handleRequest(null, Object(Config\Cache), false)
 6 SYSTEMPATH\Boot.php(325): CodeIgniter\CodeIgniter->run()
 7 SYSTEMPATH\Boot.php(67): CodeIgniter\Boot::runCodeIgniter(Object(CodeIgniter\CodeIgniter))
 8 FCPATH\index.php(56): CodeIgniter\Boot::bootWeb(Object(Config\Paths))
CRITICAL - 2024-11-22 12:58:16 --> ErrorException: Undefined variable $array
[Method: GET, Route: vendor/products/stock_alert]
in APPPATH\Controllers\vendor\Products.php on line 1324.
 1 APPPATH\Controllers\vendor\Products.php(1324): CodeIgniter\Debug\Exceptions->errorHandler(2, 'Undefined variable $array', 'C:\\xampp1\\htdocs\\Maareeye-sass-git\\app\\Controllers\\vendor\\Products.php', 1324)
 2 SYSTEMPATH\CodeIgniter.php(933): App\Controllers\vendor\Products->stock_alert()
 3 SYSTEMPATH\CodeIgniter.php(509): CodeIgniter\CodeIgniter->runController(Object(App\Controllers\vendor\Products))
 4 SYSTEMPATH\CodeIgniter.php(355): CodeIgniter\CodeIgniter->handleRequest(null, Object(Config\Cache), false)
 5 SYSTEMPATH\Boot.php(325): CodeIgniter\CodeIgniter->run()
 6 SYSTEMPATH\Boot.php(67): CodeIgniter\Boot::runCodeIgniter(Object(CodeIgniter\CodeIgniter))
 7 FCPATH\index.php(56): CodeIgniter\Boot::bootWeb(Object(Config\Paths))
INFO - 2024-11-22 07:28:19 --> Session: Class initialized using 'CodeIgniter\Session\Handlers\FileHandler' driver.
WARNING - 2024-11-22 07:28:19 --> [DEPRECATED] Creation of dynamic property IonAuth\Models\IonAuthModel::$join is deprecated in FCPATH\vendor\benedmunds\codeigniter-ion-auth\Models\IonAuthModel.php on line 231.
 1 APPPATH\Libraries\IonAuth.php(71): IonAuth\Models\IonAuthModel->__construct()
 2 APPPATH\Filters\CheckPermissions.php(16): App\Libraries\IonAuth->__construct()
 3 SYSTEMPATH\Filters\Filters.php(197): App\Filters\CheckPermissions->__construct()
 4 SYSTEMPATH\Filters\Filters.php(184): CodeIgniter\Filters\Filters->runBefore([...])
 5 SYSTEMPATH\CodeIgniter.php(481): CodeIgniter\Filters\Filters->run('vendor/home/switch_businesses/5', 'before')
 6 SYSTEMPATH\CodeIgniter.php(355): CodeIgniter\CodeIgniter->handleRequest(null, Object(Config\Cache), false)
 7 SYSTEMPATH\Boot.php(325): CodeIgniter\CodeIgniter->run()
 8 SYSTEMPATH\Boot.php(67): CodeIgniter\Boot::runCodeIgniter(Object(CodeIgniter\CodeIgniter))
 9 FCPATH\index.php(56): CodeIgniter\Boot::bootWeb(Object(Config\Paths))
WARNING - 2024-11-22 07:28:19 --> [DEPRECATED] Creation of dynamic property IonAuth\Models\IonAuthModel::$hashMethod is deprecated in FCPATH\vendor\benedmunds\codeigniter-ion-auth\Models\IonAuthModel.php on line 234.
 1 APPPATH\Libraries\IonAuth.php(71): IonAuth\Models\IonAuthModel->__construct()
 2 APPPATH\Filters\CheckPermissions.php(16): App\Libraries\IonAuth->__construct()
 3 SYSTEMPATH\Filters\Filters.php(197): App\Filters\CheckPermissions->__construct()
 4 SYSTEMPATH\Filters\Filters.php(184): CodeIgniter\Filters\Filters->runBefore([...])
 5 SYSTEMPATH\CodeIgniter.php(481): CodeIgniter\Filters\Filters->run('vendor/home/switch_businesses/5', 'before')
 6 SYSTEMPATH\CodeIgniter.php(355): CodeIgniter\CodeIgniter->handleRequest(null, Object(Config\Cache), false)
 7 SYSTEMPATH\Boot.php(325): CodeIgniter\CodeIgniter->run()
 8 SYSTEMPATH\Boot.php(67): CodeIgniter\Boot::runCodeIgniter(Object(CodeIgniter\CodeIgniter))
 9 FCPATH\index.php(56): CodeIgniter\Boot::bootWeb(Object(Config\Paths))
WARNING - 2024-11-22 07:28:19 --> [DEPRECATED] Creation of dynamic property IonAuth\Models\IonAuthModel::$messagesTemplates is deprecated in FCPATH\vendor\benedmunds\codeigniter-ion-auth\Models\IonAuthModel.php on line 237.
 1 APPPATH\Libraries\IonAuth.php(71): IonAuth\Models\IonAuthModel->__construct()
 2 APPPATH\Filters\CheckPermissions.php(16): App\Libraries\IonAuth->__construct()
 3 SYSTEMPATH\Filters\Filters.php(197): App\Filters\CheckPermissions->__construct()
 4 SYSTEMPATH\Filters\Filters.php(184): CodeIgniter\Filters\Filters->runBefore([...])
 5 SYSTEMPATH\CodeIgniter.php(481): CodeIgniter\Filters\Filters->run('vendor/home/switch_businesses/5', 'before')
 6 SYSTEMPATH\CodeIgniter.php(355): CodeIgniter\CodeIgniter->handleRequest(null, Object(Config\Cache), false)
 7 SYSTEMPATH\Boot.php(325): CodeIgniter\CodeIgniter->run()
 8 SYSTEMPATH\Boot.php(67): CodeIgniter\Boot::runCodeIgniter(Object(CodeIgniter\CodeIgniter))
 9 FCPATH\index.php(56): CodeIgniter\Boot::bootWeb(Object(Config\Paths))
WARNING - 2024-11-22 07:28:19 --> [DEPRECATED] Creation of dynamic property IonAuth\Models\IonAuthModel::$join is deprecated in FCPATH\vendor\benedmunds\codeigniter-ion-auth\Models\IonAuthModel.php on line 231.
 1 APPPATH\Libraries\IonAuth.php(71): IonAuth\Models\IonAuthModel->__construct()
 2 APPPATH\Controllers\vendor\Home.php(17): App\Libraries\IonAuth->__construct()
 3 SYSTEMPATH\CodeIgniter.php(903): App\Controllers\vendor\Home->__construct()
 4 SYSTEMPATH\CodeIgniter.php(500): CodeIgniter\CodeIgniter->createController()
 5 SYSTEMPATH\CodeIgniter.php(355): CodeIgniter\CodeIgniter->handleRequest(null, Object(Config\Cache), false)
 6 SYSTEMPATH\Boot.php(325): CodeIgniter\CodeIgniter->run()
 7 SYSTEMPATH\Boot.php(67): CodeIgniter\Boot::runCodeIgniter(Object(CodeIgniter\CodeIgniter))
 8 FCPATH\index.php(56): CodeIgniter\Boot::bootWeb(Object(Config\Paths))
WARNING - 2024-11-22 07:28:19 --> [DEPRECATED] Creation of dynamic property IonAuth\Models\IonAuthModel::$hashMethod is deprecated in FCPATH\vendor\benedmunds\codeigniter-ion-auth\Models\IonAuthModel.php on line 234.
 1 APPPATH\Libraries\IonAuth.php(71): IonAuth\Models\IonAuthModel->__construct()
 2 APPPATH\Controllers\vendor\Home.php(17): App\Libraries\IonAuth->__construct()
 3 SYSTEMPATH\CodeIgniter.php(903): App\Controllers\vendor\Home->__construct()
 4 SYSTEMPATH\CodeIgniter.php(500): CodeIgniter\CodeIgniter->createController()
 5 SYSTEMPATH\CodeIgniter.php(355): CodeIgniter\CodeIgniter->handleRequest(null, Object(Config\Cache), false)
 6 SYSTEMPATH\Boot.php(325): CodeIgniter\CodeIgniter->run()
 7 SYSTEMPATH\Boot.php(67): CodeIgniter\Boot::runCodeIgniter(Object(CodeIgniter\CodeIgniter))
 8 FCPATH\index.php(56): CodeIgniter\Boot::bootWeb(Object(Config\Paths))
WARNING - 2024-11-22 07:28:19 --> [DEPRECATED] Creation of dynamic property IonAuth\Models\IonAuthModel::$messagesTemplates is deprecated in FCPATH\vendor\benedmunds\codeigniter-ion-auth\Models\IonAuthModel.php on line 237.
 1 APPPATH\Libraries\IonAuth.php(71): IonAuth\Models\IonAuthModel->__construct()
 2 APPPATH\Controllers\vendor\Home.php(17): App\Libraries\IonAuth->__construct()
 3 SYSTEMPATH\CodeIgniter.php(903): App\Controllers\vendor\Home->__construct()
 4 SYSTEMPATH\CodeIgniter.php(500): CodeIgniter\CodeIgniter->createController()
 5 SYSTEMPATH\CodeIgniter.php(355): CodeIgniter\CodeIgniter->handleRequest(null, Object(Config\Cache), false)
 6 SYSTEMPATH\Boot.php(325): CodeIgniter\CodeIgniter->run()
 7 SYSTEMPATH\Boot.php(67): CodeIgniter\Boot::runCodeIgniter(Object(CodeIgniter\CodeIgniter))
 8 FCPATH\index.php(56): CodeIgniter\Boot::bootWeb(Object(Config\Paths))
WARNING - 2024-11-22 12:58:19 --> [DEPRECATED] Creation of dynamic property IonAuth\Models\IonAuthModel::$join is deprecated in FCPATH\vendor\benedmunds\codeigniter-ion-auth\Models\IonAuthModel.php on line 231.
 1 APPPATH\Libraries\IonAuth.php(71): IonAuth\Models\IonAuthModel->__construct()
 2 APPPATH\Filters\CheckPermissions.php(16): App\Libraries\IonAuth->__construct()
 3 SYSTEMPATH\Filters\Filters.php(235): App\Filters\CheckPermissions->__construct()
 4 SYSTEMPATH\Filters\Filters.php(188): CodeIgniter\Filters\Filters->runAfter([...])
 5 SYSTEMPATH\CodeIgniter.php(527): CodeIgniter\Filters\Filters->run('vendor/home/switch_businesses/5', 'after')
 6 SYSTEMPATH\CodeIgniter.php(355): CodeIgniter\CodeIgniter->handleRequest(null, Object(Config\Cache), false)
 7 SYSTEMPATH\Boot.php(325): CodeIgniter\CodeIgniter->run()
 8 SYSTEMPATH\Boot.php(67): CodeIgniter\Boot::runCodeIgniter(Object(CodeIgniter\CodeIgniter))
 9 FCPATH\index.php(56): CodeIgniter\Boot::bootWeb(Object(Config\Paths))
WARNING - 2024-11-22 12:58:19 --> [DEPRECATED] Creation of dynamic property IonAuth\Models\IonAuthModel::$hashMethod is deprecated in FCPATH\vendor\benedmunds\codeigniter-ion-auth\Models\IonAuthModel.php on line 234.
 1 APPPATH\Libraries\IonAuth.php(71): IonAuth\Models\IonAuthModel->__construct()
 2 APPPATH\Filters\CheckPermissions.php(16): App\Libraries\IonAuth->__construct()
 3 SYSTEMPATH\Filters\Filters.php(235): App\Filters\CheckPermissions->__construct()
 4 SYSTEMPATH\Filters\Filters.php(188): CodeIgniter\Filters\Filters->runAfter([...])
 5 SYSTEMPATH\CodeIgniter.php(527): CodeIgniter\Filters\Filters->run('vendor/home/switch_businesses/5', 'after')
 6 SYSTEMPATH\CodeIgniter.php(355): CodeIgniter\CodeIgniter->handleRequest(null, Object(Config\Cache), false)
 7 SYSTEMPATH\Boot.php(325): CodeIgniter\CodeIgniter->run()
 8 SYSTEMPATH\Boot.php(67): CodeIgniter\Boot::runCodeIgniter(Object(CodeIgniter\CodeIgniter))
 9 FCPATH\index.php(56): CodeIgniter\Boot::bootWeb(Object(Config\Paths))
WARNING - 2024-11-22 12:58:19 --> [DEPRECATED] Creation of dynamic property IonAuth\Models\IonAuthModel::$messagesTemplates is deprecated in FCPATH\vendor\benedmunds\codeigniter-ion-auth\Models\IonAuthModel.php on line 237.
 1 APPPATH\Libraries\IonAuth.php(71): IonAuth\Models\IonAuthModel->__construct()
 2 APPPATH\Filters\CheckPermissions.php(16): App\Libraries\IonAuth->__construct()
 3 SYSTEMPATH\Filters\Filters.php(235): App\Filters\CheckPermissions->__construct()
 4 SYSTEMPATH\Filters\Filters.php(188): CodeIgniter\Filters\Filters->runAfter([...])
 5 SYSTEMPATH\CodeIgniter.php(527): CodeIgniter\Filters\Filters->run('vendor/home/switch_businesses/5', 'after')
 6 SYSTEMPATH\CodeIgniter.php(355): CodeIgniter\CodeIgniter->handleRequest(null, Object(Config\Cache), false)
 7 SYSTEMPATH\Boot.php(325): CodeIgniter\CodeIgniter->run()
 8 SYSTEMPATH\Boot.php(67): CodeIgniter\Boot::runCodeIgniter(Object(CodeIgniter\CodeIgniter))
 9 FCPATH\index.php(56): CodeIgniter\Boot::bootWeb(Object(Config\Paths))
INFO - 2024-11-22 07:28:19 --> Session: Class initialized using 'CodeIgniter\Session\Handlers\FileHandler' driver.
WARNING - 2024-11-22 07:28:20 --> [DEPRECATED] Creation of dynamic property IonAuth\Models\IonAuthModel::$join is deprecated in FCPATH\vendor\benedmunds\codeigniter-ion-auth\Models\IonAuthModel.php on line 231.
 1 APPPATH\Libraries\IonAuth.php(71): IonAuth\Models\IonAuthModel->__construct()
 2 APPPATH\Controllers\vendor\Home.php(17): App\Libraries\IonAuth->__construct()
 3 SYSTEMPATH\CodeIgniter.php(903): App\Controllers\vendor\Home->__construct()
 4 SYSTEMPATH\CodeIgniter.php(500): CodeIgniter\CodeIgniter->createController()
 5 SYSTEMPATH\CodeIgniter.php(355): CodeIgniter\CodeIgniter->handleRequest(null, Object(Config\Cache), false)
 6 SYSTEMPATH\Boot.php(325): CodeIgniter\CodeIgniter->run()
 7 SYSTEMPATH\Boot.php(67): CodeIgniter\Boot::runCodeIgniter(Object(CodeIgniter\CodeIgniter))
 8 FCPATH\index.php(56): CodeIgniter\Boot::bootWeb(Object(Config\Paths))
WARNING - 2024-11-22 07:28:20 --> [DEPRECATED] Creation of dynamic property IonAuth\Models\IonAuthModel::$hashMethod is deprecated in FCPATH\vendor\benedmunds\codeigniter-ion-auth\Models\IonAuthModel.php on line 234.
 1 APPPATH\Libraries\IonAuth.php(71): IonAuth\Models\IonAuthModel->__construct()
 2 APPPATH\Controllers\vendor\Home.php(17): App\Libraries\IonAuth->__construct()
 3 SYSTEMPATH\CodeIgniter.php(903): App\Controllers\vendor\Home->__construct()
 4 SYSTEMPATH\CodeIgniter.php(500): CodeIgniter\CodeIgniter->createController()
 5 SYSTEMPATH\CodeIgniter.php(355): CodeIgniter\CodeIgniter->handleRequest(null, Object(Config\Cache), false)
 6 SYSTEMPATH\Boot.php(325): CodeIgniter\CodeIgniter->run()
 7 SYSTEMPATH\Boot.php(67): CodeIgniter\Boot::runCodeIgniter(Object(CodeIgniter\CodeIgniter))
 8 FCPATH\index.php(56): CodeIgniter\Boot::bootWeb(Object(Config\Paths))
WARNING - 2024-11-22 07:28:20 --> [DEPRECATED] Creation of dynamic property IonAuth\Models\IonAuthModel::$messagesTemplates is deprecated in FCPATH\vendor\benedmunds\codeigniter-ion-auth\Models\IonAuthModel.php on line 237.
 1 APPPATH\Libraries\IonAuth.php(71): IonAuth\Models\IonAuthModel->__construct()
 2 APPPATH\Controllers\vendor\Home.php(17): App\Libraries\IonAuth->__construct()
 3 SYSTEMPATH\CodeIgniter.php(903): App\Controllers\vendor\Home->__construct()
 4 SYSTEMPATH\CodeIgniter.php(500): CodeIgniter\CodeIgniter->createController()
 5 SYSTEMPATH\CodeIgniter.php(355): CodeIgniter\CodeIgniter->handleRequest(null, Object(Config\Cache), false)
 6 SYSTEMPATH\Boot.php(325): CodeIgniter\CodeIgniter->run()
 7 SYSTEMPATH\Boot.php(67): CodeIgniter\Boot::runCodeIgniter(Object(CodeIgniter\CodeIgniter))
 8 FCPATH\index.php(56): CodeIgniter\Boot::bootWeb(Object(Config\Paths))
INFO - 2024-11-22 07:28:21 --> Session: Class initialized using 'CodeIgniter\Session\Handlers\FileHandler' driver.
WARNING - 2024-11-22 07:28:21 --> [DEPRECATED] Creation of dynamic property IonAuth\Models\IonAuthModel::$join is deprecated in FCPATH\vendor\benedmunds\codeigniter-ion-auth\Models\IonAuthModel.php on line 231.
 1 APPPATH\Libraries\IonAuth.php(71): IonAuth\Models\IonAuthModel->__construct()
 2 APPPATH\Filters\CheckPermissions.php(16): App\Libraries\IonAuth->__construct()
 3 SYSTEMPATH\Filters\Filters.php(197): App\Filters\CheckPermissions->__construct()
 4 SYSTEMPATH\Filters\Filters.php(184): CodeIgniter\Filters\Filters->runBefore([...])
 5 SYSTEMPATH\CodeIgniter.php(481): CodeIgniter\Filters\Filters->run('vendor/home/fetch_sales', 'before')
 6 SYSTEMPATH\CodeIgniter.php(355): CodeIgniter\CodeIgniter->handleRequest(null, Object(Config\Cache), false)
 7 SYSTEMPATH\Boot.php(325): CodeIgniter\CodeIgniter->run()
 8 SYSTEMPATH\Boot.php(67): CodeIgniter\Boot::runCodeIgniter(Object(CodeIgniter\CodeIgniter))
 9 FCPATH\index.php(56): CodeIgniter\Boot::bootWeb(Object(Config\Paths))
WARNING - 2024-11-22 07:28:21 --> [DEPRECATED] Creation of dynamic property IonAuth\Models\IonAuthModel::$hashMethod is deprecated in FCPATH\vendor\benedmunds\codeigniter-ion-auth\Models\IonAuthModel.php on line 234.
 1 APPPATH\Libraries\IonAuth.php(71): IonAuth\Models\IonAuthModel->__construct()
 2 APPPATH\Filters\CheckPermissions.php(16): App\Libraries\IonAuth->__construct()
 3 SYSTEMPATH\Filters\Filters.php(197): App\Filters\CheckPermissions->__construct()
 4 SYSTEMPATH\Filters\Filters.php(184): CodeIgniter\Filters\Filters->runBefore([...])
 5 SYSTEMPATH\CodeIgniter.php(481): CodeIgniter\Filters\Filters->run('vendor/home/fetch_sales', 'before')
 6 SYSTEMPATH\CodeIgniter.php(355): CodeIgniter\CodeIgniter->handleRequest(null, Object(Config\Cache), false)
 7 SYSTEMPATH\Boot.php(325): CodeIgniter\CodeIgniter->run()
 8 SYSTEMPATH\Boot.php(67): CodeIgniter\Boot::runCodeIgniter(Object(CodeIgniter\CodeIgniter))
 9 FCPATH\index.php(56): CodeIgniter\Boot::bootWeb(Object(Config\Paths))
WARNING - 2024-11-22 07:28:21 --> [DEPRECATED] Creation of dynamic property IonAuth\Models\IonAuthModel::$messagesTemplates is deprecated in FCPATH\vendor\benedmunds\codeigniter-ion-auth\Models\IonAuthModel.php on line 237.
 1 APPPATH\Libraries\IonAuth.php(71): IonAuth\Models\IonAuthModel->__construct()
 2 APPPATH\Filters\CheckPermissions.php(16): App\Libraries\IonAuth->__construct()
 3 SYSTEMPATH\Filters\Filters.php(197): App\Filters\CheckPermissions->__construct()
 4 SYSTEMPATH\Filters\Filters.php(184): CodeIgniter\Filters\Filters->runBefore([...])
 5 SYSTEMPATH\CodeIgniter.php(481): CodeIgniter\Filters\Filters->run('vendor/home/fetch_sales', 'before')
 6 SYSTEMPATH\CodeIgniter.php(355): CodeIgniter\CodeIgniter->handleRequest(null, Object(Config\Cache), false)
 7 SYSTEMPATH\Boot.php(325): CodeIgniter\CodeIgniter->run()
 8 SYSTEMPATH\Boot.php(67): CodeIgniter\Boot::runCodeIgniter(Object(CodeIgniter\CodeIgniter))
 9 FCPATH\index.php(56): CodeIgniter\Boot::bootWeb(Object(Config\Paths))
WARNING - 2024-11-22 07:28:21 --> [DEPRECATED] Creation of dynamic property IonAuth\Models\IonAuthModel::$join is deprecated in FCPATH\vendor\benedmunds\codeigniter-ion-auth\Models\IonAuthModel.php on line 231.
 1 APPPATH\Libraries\IonAuth.php(71): IonAuth\Models\IonAuthModel->__construct()
 2 APPPATH\Controllers\vendor\Home.php(17): App\Libraries\IonAuth->__construct()
 3 SYSTEMPATH\CodeIgniter.php(903): App\Controllers\vendor\Home->__construct()
 4 SYSTEMPATH\CodeIgniter.php(500): CodeIgniter\CodeIgniter->createController()
 5 SYSTEMPATH\CodeIgniter.php(355): CodeIgniter\CodeIgniter->handleRequest(null, Object(Config\Cache), false)
 6 SYSTEMPATH\Boot.php(325): CodeIgniter\CodeIgniter->run()
 7 SYSTEMPATH\Boot.php(67): CodeIgniter\Boot::runCodeIgniter(Object(CodeIgniter\CodeIgniter))
 8 FCPATH\index.php(56): CodeIgniter\Boot::bootWeb(Object(Config\Paths))
WARNING - 2024-11-22 07:28:21 --> [DEPRECATED] Creation of dynamic property IonAuth\Models\IonAuthModel::$hashMethod is deprecated in FCPATH\vendor\benedmunds\codeigniter-ion-auth\Models\IonAuthModel.php on line 234.
 1 APPPATH\Libraries\IonAuth.php(71): IonAuth\Models\IonAuthModel->__construct()
 2 APPPATH\Controllers\vendor\Home.php(17): App\Libraries\IonAuth->__construct()
 3 SYSTEMPATH\CodeIgniter.php(903): App\Controllers\vendor\Home->__construct()
 4 SYSTEMPATH\CodeIgniter.php(500): CodeIgniter\CodeIgniter->createController()
 5 SYSTEMPATH\CodeIgniter.php(355): CodeIgniter\CodeIgniter->handleRequest(null, Object(Config\Cache), false)
 6 SYSTEMPATH\Boot.php(325): CodeIgniter\CodeIgniter->run()
 7 SYSTEMPATH\Boot.php(67): CodeIgniter\Boot::runCodeIgniter(Object(CodeIgniter\CodeIgniter))
 8 FCPATH\index.php(56): CodeIgniter\Boot::bootWeb(Object(Config\Paths))
WARNING - 2024-11-22 07:28:21 --> [DEPRECATED] Creation of dynamic property IonAuth\Models\IonAuthModel::$messagesTemplates is deprecated in FCPATH\vendor\benedmunds\codeigniter-ion-auth\Models\IonAuthModel.php on line 237.
 1 APPPATH\Libraries\IonAuth.php(71): IonAuth\Models\IonAuthModel->__construct()
 2 APPPATH\Controllers\vendor\Home.php(17): App\Libraries\IonAuth->__construct()
 3 SYSTEMPATH\CodeIgniter.php(903): App\Controllers\vendor\Home->__construct()
 4 SYSTEMPATH\CodeIgniter.php(500): CodeIgniter\CodeIgniter->createController()
 5 SYSTEMPATH\CodeIgniter.php(355): CodeIgniter\CodeIgniter->handleRequest(null, Object(Config\Cache), false)
 6 SYSTEMPATH\Boot.php(325): CodeIgniter\CodeIgniter->run()
 7 SYSTEMPATH\Boot.php(67): CodeIgniter\Boot::runCodeIgniter(Object(CodeIgniter\CodeIgniter))
 8 FCPATH\index.php(56): CodeIgniter\Boot::bootWeb(Object(Config\Paths))
WARNING - 2024-11-22 12:58:21 --> [DEPRECATED] Creation of dynamic property IonAuth\Models\IonAuthModel::$join is deprecated in FCPATH\vendor\benedmunds\codeigniter-ion-auth\Models\IonAuthModel.php on line 231.
 1 APPPATH\Libraries\IonAuth.php(71): IonAuth\Models\IonAuthModel->__construct()
 2 APPPATH\Filters\CheckPermissions.php(16): App\Libraries\IonAuth->__construct()
 3 SYSTEMPATH\Filters\Filters.php(235): App\Filters\CheckPermissions->__construct()
 4 SYSTEMPATH\Filters\Filters.php(188): CodeIgniter\Filters\Filters->runAfter([...])
 5 SYSTEMPATH\CodeIgniter.php(527): CodeIgniter\Filters\Filters->run('vendor/home/fetch_sales', 'after')
 6 SYSTEMPATH\CodeIgniter.php(355): CodeIgniter\CodeIgniter->handleRequest(null, Object(Config\Cache), false)
 7 SYSTEMPATH\Boot.php(325): CodeIgniter\CodeIgniter->run()
 8 SYSTEMPATH\Boot.php(67): CodeIgniter\Boot::runCodeIgniter(Object(CodeIgniter\CodeIgniter))
 9 FCPATH\index.php(56): CodeIgniter\Boot::bootWeb(Object(Config\Paths))
WARNING - 2024-11-22 12:58:21 --> [DEPRECATED] Creation of dynamic property IonAuth\Models\IonAuthModel::$hashMethod is deprecated in FCPATH\vendor\benedmunds\codeigniter-ion-auth\Models\IonAuthModel.php on line 234.
 1 APPPATH\Libraries\IonAuth.php(71): IonAuth\Models\IonAuthModel->__construct()
 2 APPPATH\Filters\CheckPermissions.php(16): App\Libraries\IonAuth->__construct()
 3 SYSTEMPATH\Filters\Filters.php(235): App\Filters\CheckPermissions->__construct()
 4 SYSTEMPATH\Filters\Filters.php(188): CodeIgniter\Filters\Filters->runAfter([...])
 5 SYSTEMPATH\CodeIgniter.php(527): CodeIgniter\Filters\Filters->run('vendor/home/fetch_sales', 'after')
 6 SYSTEMPATH\CodeIgniter.php(355): CodeIgniter\CodeIgniter->handleRequest(null, Object(Config\Cache), false)
 7 SYSTEMPATH\Boot.php(325): CodeIgniter\CodeIgniter->run()
 8 SYSTEMPATH\Boot.php(67): CodeIgniter\Boot::runCodeIgniter(Object(CodeIgniter\CodeIgniter))
 9 FCPATH\index.php(56): CodeIgniter\Boot::bootWeb(Object(Config\Paths))
WARNING - 2024-11-22 12:58:21 --> [DEPRECATED] Creation of dynamic property IonAuth\Models\IonAuthModel::$messagesTemplates is deprecated in FCPATH\vendor\benedmunds\codeigniter-ion-auth\Models\IonAuthModel.php on line 237.
 1 APPPATH\Libraries\IonAuth.php(71): IonAuth\Models\IonAuthModel->__construct()
 2 APPPATH\Filters\CheckPermissions.php(16): App\Libraries\IonAuth->__construct()
 3 SYSTEMPATH\Filters\Filters.php(235): App\Filters\CheckPermissions->__construct()
 4 SYSTEMPATH\Filters\Filters.php(188): CodeIgniter\Filters\Filters->runAfter([...])
 5 SYSTEMPATH\CodeIgniter.php(527): CodeIgniter\Filters\Filters->run('vendor/home/fetch_sales', 'after')
 6 SYSTEMPATH\CodeIgniter.php(355): CodeIgniter\CodeIgniter->handleRequest(null, Object(Config\Cache), false)
 7 SYSTEMPATH\Boot.php(325): CodeIgniter\CodeIgniter->run()
 8 SYSTEMPATH\Boot.php(67): CodeIgniter\Boot::runCodeIgniter(Object(CodeIgniter\CodeIgniter))
 9 FCPATH\index.php(56): CodeIgniter\Boot::bootWeb(Object(Config\Paths))
INFO - 2024-11-22 07:28:21 --> Session: Class initialized using 'CodeIgniter\Session\Handlers\FileHandler' driver.
WARNING - 2024-11-22 07:28:22 --> [DEPRECATED] Creation of dynamic property IonAuth\Models\IonAuthModel::$join is deprecated in FCPATH\vendor\benedmunds\codeigniter-ion-auth\Models\IonAuthModel.php on line 231.
 1 APPPATH\Libraries\IonAuth.php(71): IonAuth\Models\IonAuthModel->__construct()
 2 APPPATH\Filters\CheckPermissions.php(16): App\Libraries\IonAuth->__construct()
 3 SYSTEMPATH\Filters\Filters.php(197): App\Filters\CheckPermissions->__construct()
 4 SYSTEMPATH\Filters\Filters.php(184): CodeIgniter\Filters\Filters->runBefore([...])
 5 SYSTEMPATH\CodeIgniter.php(481): CodeIgniter\Filters\Filters->run('vendor/home/fetch_data', 'before')
 6 SYSTEMPATH\CodeIgniter.php(355): CodeIgniter\CodeIgniter->handleRequest(null, Object(Config\Cache), false)
 7 SYSTEMPATH\Boot.php(325): CodeIgniter\CodeIgniter->run()
 8 SYSTEMPATH\Boot.php(67): CodeIgniter\Boot::runCodeIgniter(Object(CodeIgniter\CodeIgniter))
 9 FCPATH\index.php(56): CodeIgniter\Boot::bootWeb(Object(Config\Paths))
WARNING - 2024-11-22 07:28:22 --> [DEPRECATED] Creation of dynamic property IonAuth\Models\IonAuthModel::$hashMethod is deprecated in FCPATH\vendor\benedmunds\codeigniter-ion-auth\Models\IonAuthModel.php on line 234.
 1 APPPATH\Libraries\IonAuth.php(71): IonAuth\Models\IonAuthModel->__construct()
 2 APPPATH\Filters\CheckPermissions.php(16): App\Libraries\IonAuth->__construct()
 3 SYSTEMPATH\Filters\Filters.php(197): App\Filters\CheckPermissions->__construct()
 4 SYSTEMPATH\Filters\Filters.php(184): CodeIgniter\Filters\Filters->runBefore([...])
 5 SYSTEMPATH\CodeIgniter.php(481): CodeIgniter\Filters\Filters->run('vendor/home/fetch_data', 'before')
 6 SYSTEMPATH\CodeIgniter.php(355): CodeIgniter\CodeIgniter->handleRequest(null, Object(Config\Cache), false)
 7 SYSTEMPATH\Boot.php(325): CodeIgniter\CodeIgniter->run()
 8 SYSTEMPATH\Boot.php(67): CodeIgniter\Boot::runCodeIgniter(Object(CodeIgniter\CodeIgniter))
 9 FCPATH\index.php(56): CodeIgniter\Boot::bootWeb(Object(Config\Paths))
WARNING - 2024-11-22 07:28:22 --> [DEPRECATED] Creation of dynamic property IonAuth\Models\IonAuthModel::$messagesTemplates is deprecated in FCPATH\vendor\benedmunds\codeigniter-ion-auth\Models\IonAuthModel.php on line 237.
 1 APPPATH\Libraries\IonAuth.php(71): IonAuth\Models\IonAuthModel->__construct()
 2 APPPATH\Filters\CheckPermissions.php(16): App\Libraries\IonAuth->__construct()
 3 SYSTEMPATH\Filters\Filters.php(197): App\Filters\CheckPermissions->__construct()
 4 SYSTEMPATH\Filters\Filters.php(184): CodeIgniter\Filters\Filters->runBefore([...])
 5 SYSTEMPATH\CodeIgniter.php(481): CodeIgniter\Filters\Filters->run('vendor/home/fetch_data', 'before')
 6 SYSTEMPATH\CodeIgniter.php(355): CodeIgniter\CodeIgniter->handleRequest(null, Object(Config\Cache), false)
 7 SYSTEMPATH\Boot.php(325): CodeIgniter\CodeIgniter->run()
 8 SYSTEMPATH\Boot.php(67): CodeIgniter\Boot::runCodeIgniter(Object(CodeIgniter\CodeIgniter))
 9 FCPATH\index.php(56): CodeIgniter\Boot::bootWeb(Object(Config\Paths))
WARNING - 2024-11-22 07:28:22 --> [DEPRECATED] Creation of dynamic property IonAuth\Models\IonAuthModel::$join is deprecated in FCPATH\vendor\benedmunds\codeigniter-ion-auth\Models\IonAuthModel.php on line 231.
 1 APPPATH\Libraries\IonAuth.php(71): IonAuth\Models\IonAuthModel->__construct()
 2 APPPATH\Controllers\vendor\Home.php(17): App\Libraries\IonAuth->__construct()
 3 SYSTEMPATH\CodeIgniter.php(903): App\Controllers\vendor\Home->__construct()
 4 SYSTEMPATH\CodeIgniter.php(500): CodeIgniter\CodeIgniter->createController()
 5 SYSTEMPATH\CodeIgniter.php(355): CodeIgniter\CodeIgniter->handleRequest(null, Object(Config\Cache), false)
 6 SYSTEMPATH\Boot.php(325): CodeIgniter\CodeIgniter->run()
 7 SYSTEMPATH\Boot.php(67): CodeIgniter\Boot::runCodeIgniter(Object(CodeIgniter\CodeIgniter))
 8 FCPATH\index.php(56): CodeIgniter\Boot::bootWeb(Object(Config\Paths))
WARNING - 2024-11-22 07:28:22 --> [DEPRECATED] Creation of dynamic property IonAuth\Models\IonAuthModel::$hashMethod is deprecated in FCPATH\vendor\benedmunds\codeigniter-ion-auth\Models\IonAuthModel.php on line 234.
 1 APPPATH\Libraries\IonAuth.php(71): IonAuth\Models\IonAuthModel->__construct()
 2 APPPATH\Controllers\vendor\Home.php(17): App\Libraries\IonAuth->__construct()
 3 SYSTEMPATH\CodeIgniter.php(903): App\Controllers\vendor\Home->__construct()
 4 SYSTEMPATH\CodeIgniter.php(500): CodeIgniter\CodeIgniter->createController()
 5 SYSTEMPATH\CodeIgniter.php(355): CodeIgniter\CodeIgniter->handleRequest(null, Object(Config\Cache), false)
 6 SYSTEMPATH\Boot.php(325): CodeIgniter\CodeIgniter->run()
 7 SYSTEMPATH\Boot.php(67): CodeIgniter\Boot::runCodeIgniter(Object(CodeIgniter\CodeIgniter))
 8 FCPATH\index.php(56): CodeIgniter\Boot::bootWeb(Object(Config\Paths))
WARNING - 2024-11-22 07:28:22 --> [DEPRECATED] Creation of dynamic property IonAuth\Models\IonAuthModel::$messagesTemplates is deprecated in FCPATH\vendor\benedmunds\codeigniter-ion-auth\Models\IonAuthModel.php on line 237.
 1 APPPATH\Libraries\IonAuth.php(71): IonAuth\Models\IonAuthModel->__construct()
 2 APPPATH\Controllers\vendor\Home.php(17): App\Libraries\IonAuth->__construct()
 3 SYSTEMPATH\CodeIgniter.php(903): App\Controllers\vendor\Home->__construct()
 4 SYSTEMPATH\CodeIgniter.php(500): CodeIgniter\CodeIgniter->createController()
 5 SYSTEMPATH\CodeIgniter.php(355): CodeIgniter\CodeIgniter->handleRequest(null, Object(Config\Cache), false)
 6 SYSTEMPATH\Boot.php(325): CodeIgniter\CodeIgniter->run()
 7 SYSTEMPATH\Boot.php(67): CodeIgniter\Boot::runCodeIgniter(Object(CodeIgniter\CodeIgniter))
 8 FCPATH\index.php(56): CodeIgniter\Boot::bootWeb(Object(Config\Paths))
WARNING - 2024-11-22 12:58:22 --> [DEPRECATED] Creation of dynamic property IonAuth\Models\IonAuthModel::$join is deprecated in FCPATH\vendor\benedmunds\codeigniter-ion-auth\Models\IonAuthModel.php on line 231.
 1 APPPATH\Libraries\IonAuth.php(71): IonAuth\Models\IonAuthModel->__construct()
 2 APPPATH\Filters\CheckPermissions.php(16): App\Libraries\IonAuth->__construct()
 3 SYSTEMPATH\Filters\Filters.php(235): App\Filters\CheckPermissions->__construct()
 4 SYSTEMPATH\Filters\Filters.php(188): CodeIgniter\Filters\Filters->runAfter([...])
 5 SYSTEMPATH\CodeIgniter.php(527): CodeIgniter\Filters\Filters->run('vendor/home/fetch_data', 'after')
 6 SYSTEMPATH\CodeIgniter.php(355): CodeIgniter\CodeIgniter->handleRequest(null, Object(Config\Cache), false)
 7 SYSTEMPATH\Boot.php(325): CodeIgniter\CodeIgniter->run()
 8 SYSTEMPATH\Boot.php(67): CodeIgniter\Boot::runCodeIgniter(Object(CodeIgniter\CodeIgniter))
 9 FCPATH\index.php(56): CodeIgniter\Boot::bootWeb(Object(Config\Paths))
WARNING - 2024-11-22 12:58:22 --> [DEPRECATED] Creation of dynamic property IonAuth\Models\IonAuthModel::$hashMethod is deprecated in FCPATH\vendor\benedmunds\codeigniter-ion-auth\Models\IonAuthModel.php on line 234.
 1 APPPATH\Libraries\IonAuth.php(71): IonAuth\Models\IonAuthModel->__construct()
 2 APPPATH\Filters\CheckPermissions.php(16): App\Libraries\IonAuth->__construct()
 3 SYSTEMPATH\Filters\Filters.php(235): App\Filters\CheckPermissions->__construct()
 4 SYSTEMPATH\Filters\Filters.php(188): CodeIgniter\Filters\Filters->runAfter([...])
 5 SYSTEMPATH\CodeIgniter.php(527): CodeIgniter\Filters\Filters->run('vendor/home/fetch_data', 'after')
 6 SYSTEMPATH\CodeIgniter.php(355): CodeIgniter\CodeIgniter->handleRequest(null, Object(Config\Cache), false)
 7 SYSTEMPATH\Boot.php(325): CodeIgniter\CodeIgniter->run()
 8 SYSTEMPATH\Boot.php(67): CodeIgniter\Boot::runCodeIgniter(Object(CodeIgniter\CodeIgniter))
 9 FCPATH\index.php(56): CodeIgniter\Boot::bootWeb(Object(Config\Paths))
WARNING - 2024-11-22 12:58:22 --> [DEPRECATED] Creation of dynamic property IonAuth\Models\IonAuthModel::$messagesTemplates is deprecated in FCPATH\vendor\benedmunds\codeigniter-ion-auth\Models\IonAuthModel.php on line 237.
 1 APPPATH\Libraries\IonAuth.php(71): IonAuth\Models\IonAuthModel->__construct()
 2 APPPATH\Filters\CheckPermissions.php(16): App\Libraries\IonAuth->__construct()
 3 SYSTEMPATH\Filters\Filters.php(235): App\Filters\CheckPermissions->__construct()
 4 SYSTEMPATH\Filters\Filters.php(188): CodeIgniter\Filters\Filters->runAfter([...])
 5 SYSTEMPATH\CodeIgniter.php(527): CodeIgniter\Filters\Filters->run('vendor/home/fetch_data', 'after')
 6 SYSTEMPATH\CodeIgniter.php(355): CodeIgniter\CodeIgniter->handleRequest(null, Object(Config\Cache), false)
 7 SYSTEMPATH\Boot.php(325): CodeIgniter\CodeIgniter->run()
 8 SYSTEMPATH\Boot.php(67): CodeIgniter\Boot::runCodeIgniter(Object(CodeIgniter\CodeIgniter))
 9 FCPATH\index.php(56): CodeIgniter\Boot::bootWeb(Object(Config\Paths))
INFO - 2024-11-22 07:28:22 --> Session: Class initialized using 'CodeIgniter\Session\Handlers\FileHandler' driver.
WARNING - 2024-11-22 07:28:22 --> [DEPRECATED] Creation of dynamic property IonAuth\Models\IonAuthModel::$join is deprecated in FCPATH\vendor\benedmunds\codeigniter-ion-auth\Models\IonAuthModel.php on line 231.
 1 APPPATH\Libraries\IonAuth.php(71): IonAuth\Models\IonAuthModel->__construct()
 2 APPPATH\Filters\CheckPermissions.php(16): App\Libraries\IonAuth->__construct()
 3 SYSTEMPATH\Filters\Filters.php(197): App\Filters\CheckPermissions->__construct()
 4 SYSTEMPATH\Filters\Filters.php(184): CodeIgniter\Filters\Filters->runBefore([...])
 5 SYSTEMPATH\CodeIgniter.php(481): CodeIgniter\Filters\Filters->run('vendor/home/fetch_purchases', 'before')
 6 SYSTEMPATH\CodeIgniter.php(355): CodeIgniter\CodeIgniter->handleRequest(null, Object(Config\Cache), false)
 7 SYSTEMPATH\Boot.php(325): CodeIgniter\CodeIgniter->run()
 8 SYSTEMPATH\Boot.php(67): CodeIgniter\Boot::runCodeIgniter(Object(CodeIgniter\CodeIgniter))
 9 FCPATH\index.php(56): CodeIgniter\Boot::bootWeb(Object(Config\Paths))
WARNING - 2024-11-22 07:28:22 --> [DEPRECATED] Creation of dynamic property IonAuth\Models\IonAuthModel::$hashMethod is deprecated in FCPATH\vendor\benedmunds\codeigniter-ion-auth\Models\IonAuthModel.php on line 234.
 1 APPPATH\Libraries\IonAuth.php(71): IonAuth\Models\IonAuthModel->__construct()
 2 APPPATH\Filters\CheckPermissions.php(16): App\Libraries\IonAuth->__construct()
 3 SYSTEMPATH\Filters\Filters.php(197): App\Filters\CheckPermissions->__construct()
 4 SYSTEMPATH\Filters\Filters.php(184): CodeIgniter\Filters\Filters->runBefore([...])
 5 SYSTEMPATH\CodeIgniter.php(481): CodeIgniter\Filters\Filters->run('vendor/home/fetch_purchases', 'before')
 6 SYSTEMPATH\CodeIgniter.php(355): CodeIgniter\CodeIgniter->handleRequest(null, Object(Config\Cache), false)
 7 SYSTEMPATH\Boot.php(325): CodeIgniter\CodeIgniter->run()
 8 SYSTEMPATH\Boot.php(67): CodeIgniter\Boot::runCodeIgniter(Object(CodeIgniter\CodeIgniter))
 9 FCPATH\index.php(56): CodeIgniter\Boot::bootWeb(Object(Config\Paths))
WARNING - 2024-11-22 07:28:22 --> [DEPRECATED] Creation of dynamic property IonAuth\Models\IonAuthModel::$messagesTemplates is deprecated in FCPATH\vendor\benedmunds\codeigniter-ion-auth\Models\IonAuthModel.php on line 237.
 1 APPPATH\Libraries\IonAuth.php(71): IonAuth\Models\IonAuthModel->__construct()
 2 APPPATH\Filters\CheckPermissions.php(16): App\Libraries\IonAuth->__construct()
 3 SYSTEMPATH\Filters\Filters.php(197): App\Filters\CheckPermissions->__construct()
 4 SYSTEMPATH\Filters\Filters.php(184): CodeIgniter\Filters\Filters->runBefore([...])
 5 SYSTEMPATH\CodeIgniter.php(481): CodeIgniter\Filters\Filters->run('vendor/home/fetch_purchases', 'before')
 6 SYSTEMPATH\CodeIgniter.php(355): CodeIgniter\CodeIgniter->handleRequest(null, Object(Config\Cache), false)
 7 SYSTEMPATH\Boot.php(325): CodeIgniter\CodeIgniter->run()
 8 SYSTEMPATH\Boot.php(67): CodeIgniter\Boot::runCodeIgniter(Object(CodeIgniter\CodeIgniter))
 9 FCPATH\index.php(56): CodeIgniter\Boot::bootWeb(Object(Config\Paths))
WARNING - 2024-11-22 07:28:22 --> [DEPRECATED] Creation of dynamic property IonAuth\Models\IonAuthModel::$join is deprecated in FCPATH\vendor\benedmunds\codeigniter-ion-auth\Models\IonAuthModel.php on line 231.
 1 APPPATH\Libraries\IonAuth.php(71): IonAuth\Models\IonAuthModel->__construct()
 2 APPPATH\Controllers\vendor\Home.php(17): App\Libraries\IonAuth->__construct()
 3 SYSTEMPATH\CodeIgniter.php(903): App\Controllers\vendor\Home->__construct()
 4 SYSTEMPATH\CodeIgniter.php(500): CodeIgniter\CodeIgniter->createController()
 5 SYSTEMPATH\CodeIgniter.php(355): CodeIgniter\CodeIgniter->handleRequest(null, Object(Config\Cache), false)
 6 SYSTEMPATH\Boot.php(325): CodeIgniter\CodeIgniter->run()
 7 SYSTEMPATH\Boot.php(67): CodeIgniter\Boot::runCodeIgniter(Object(CodeIgniter\CodeIgniter))
 8 FCPATH\index.php(56): CodeIgniter\Boot::bootWeb(Object(Config\Paths))
WARNING - 2024-11-22 07:28:22 --> [DEPRECATED] Creation of dynamic property IonAuth\Models\IonAuthModel::$hashMethod is deprecated in FCPATH\vendor\benedmunds\codeigniter-ion-auth\Models\IonAuthModel.php on line 234.
 1 APPPATH\Libraries\IonAuth.php(71): IonAuth\Models\IonAuthModel->__construct()
 2 APPPATH\Controllers\vendor\Home.php(17): App\Libraries\IonAuth->__construct()
 3 SYSTEMPATH\CodeIgniter.php(903): App\Controllers\vendor\Home->__construct()
 4 SYSTEMPATH\CodeIgniter.php(500): CodeIgniter\CodeIgniter->createController()
 5 SYSTEMPATH\CodeIgniter.php(355): CodeIgniter\CodeIgniter->handleRequest(null, Object(Config\Cache), false)
 6 SYSTEMPATH\Boot.php(325): CodeIgniter\CodeIgniter->run()
 7 SYSTEMPATH\Boot.php(67): CodeIgniter\Boot::runCodeIgniter(Object(CodeIgniter\CodeIgniter))
 8 FCPATH\index.php(56): CodeIgniter\Boot::bootWeb(Object(Config\Paths))
WARNING - 2024-11-22 07:28:22 --> [DEPRECATED] Creation of dynamic property IonAuth\Models\IonAuthModel::$messagesTemplates is deprecated in FCPATH\vendor\benedmunds\codeigniter-ion-auth\Models\IonAuthModel.php on line 237.
 1 APPPATH\Libraries\IonAuth.php(71): IonAuth\Models\IonAuthModel->__construct()
 2 APPPATH\Controllers\vendor\Home.php(17): App\Libraries\IonAuth->__construct()
 3 SYSTEMPATH\CodeIgniter.php(903): App\Controllers\vendor\Home->__construct()
 4 SYSTEMPATH\CodeIgniter.php(500): CodeIgniter\CodeIgniter->createController()
 5 SYSTEMPATH\CodeIgniter.php(355): CodeIgniter\CodeIgniter->handleRequest(null, Object(Config\Cache), false)
 6 SYSTEMPATH\Boot.php(325): CodeIgniter\CodeIgniter->run()
 7 SYSTEMPATH\Boot.php(67): CodeIgniter\Boot::runCodeIgniter(Object(CodeIgniter\CodeIgniter))
 8 FCPATH\index.php(56): CodeIgniter\Boot::bootWeb(Object(Config\Paths))
WARNING - 2024-11-22 12:58:22 --> [DEPRECATED] Creation of dynamic property IonAuth\Models\IonAuthModel::$join is deprecated in FCPATH\vendor\benedmunds\codeigniter-ion-auth\Models\IonAuthModel.php on line 231.
 1 APPPATH\Libraries\IonAuth.php(71): IonAuth\Models\IonAuthModel->__construct()
 2 APPPATH\Filters\CheckPermissions.php(16): App\Libraries\IonAuth->__construct()
 3 SYSTEMPATH\Filters\Filters.php(235): App\Filters\CheckPermissions->__construct()
 4 SYSTEMPATH\Filters\Filters.php(188): CodeIgniter\Filters\Filters->runAfter([...])
 5 SYSTEMPATH\CodeIgniter.php(527): CodeIgniter\Filters\Filters->run('vendor/home/fetch_purchases', 'after')
 6 SYSTEMPATH\CodeIgniter.php(355): CodeIgniter\CodeIgniter->handleRequest(null, Object(Config\Cache), false)
 7 SYSTEMPATH\Boot.php(325): CodeIgniter\CodeIgniter->run()
 8 SYSTEMPATH\Boot.php(67): CodeIgniter\Boot::runCodeIgniter(Object(CodeIgniter\CodeIgniter))
 9 FCPATH\index.php(56): CodeIgniter\Boot::bootWeb(Object(Config\Paths))
WARNING - 2024-11-22 12:58:22 --> [DEPRECATED] Creation of dynamic property IonAuth\Models\IonAuthModel::$hashMethod is deprecated in FCPATH\vendor\benedmunds\codeigniter-ion-auth\Models\IonAuthModel.php on line 234.
 1 APPPATH\Libraries\IonAuth.php(71): IonAuth\Models\IonAuthModel->__construct()
 2 APPPATH\Filters\CheckPermissions.php(16): App\Libraries\IonAuth->__construct()
 3 SYSTEMPATH\Filters\Filters.php(235): App\Filters\CheckPermissions->__construct()
 4 SYSTEMPATH\Filters\Filters.php(188): CodeIgniter\Filters\Filters->runAfter([...])
 5 SYSTEMPATH\CodeIgniter.php(527): CodeIgniter\Filters\Filters->run('vendor/home/fetch_purchases', 'after')
 6 SYSTEMPATH\CodeIgniter.php(355): CodeIgniter\CodeIgniter->handleRequest(null, Object(Config\Cache), false)
 7 SYSTEMPATH\Boot.php(325): CodeIgniter\CodeIgniter->run()
 8 SYSTEMPATH\Boot.php(67): CodeIgniter\Boot::runCodeIgniter(Object(CodeIgniter\CodeIgniter))
 9 FCPATH\index.php(56): CodeIgniter\Boot::bootWeb(Object(Config\Paths))
WARNING - 2024-11-22 12:58:22 --> [DEPRECATED] Creation of dynamic property IonAuth\Models\IonAuthModel::$messagesTemplates is deprecated in FCPATH\vendor\benedmunds\codeigniter-ion-auth\Models\IonAuthModel.php on line 237.
 1 APPPATH\Libraries\IonAuth.php(71): IonAuth\Models\IonAuthModel->__construct()
 2 APPPATH\Filters\CheckPermissions.php(16): App\Libraries\IonAuth->__construct()
 3 SYSTEMPATH\Filters\Filters.php(235): App\Filters\CheckPermissions->__construct()
 4 SYSTEMPATH\Filters\Filters.php(188): CodeIgniter\Filters\Filters->runAfter([...])
 5 SYSTEMPATH\CodeIgniter.php(527): CodeIgniter\Filters\Filters->run('vendor/home/fetch_purchases', 'after')
 6 SYSTEMPATH\CodeIgniter.php(355): CodeIgniter\CodeIgniter->handleRequest(null, Object(Config\Cache), false)
 7 SYSTEMPATH\Boot.php(325): CodeIgniter\CodeIgniter->run()
 8 SYSTEMPATH\Boot.php(67): CodeIgniter\Boot::runCodeIgniter(Object(CodeIgniter\CodeIgniter))
 9 FCPATH\index.php(56): CodeIgniter\Boot::bootWeb(Object(Config\Paths))
INFO - 2024-11-22 07:28:22 --> Session: Class initialized using 'CodeIgniter\Session\Handlers\FileHandler' driver.
WARNING - 2024-11-22 07:28:22 --> [DEPRECATED] Creation of dynamic property IonAuth\Models\IonAuthModel::$join is deprecated in FCPATH\vendor\benedmunds\codeigniter-ion-auth\Models\IonAuthModel.php on line 231.
 1 APPPATH\Libraries\IonAuth.php(71): IonAuth\Models\IonAuthModel->__construct()
 2 APPPATH\Controllers\vendor\Home.php(17): App\Libraries\IonAuth->__construct()
 3 SYSTEMPATH\CodeIgniter.php(903): App\Controllers\vendor\Home->__construct()
 4 SYSTEMPATH\CodeIgniter.php(500): CodeIgniter\CodeIgniter->createController()
 5 SYSTEMPATH\CodeIgniter.php(355): CodeIgniter\CodeIgniter->handleRequest(null, Object(Config\Cache), false)
 6 SYSTEMPATH\Boot.php(325): CodeIgniter\CodeIgniter->run()
 7 SYSTEMPATH\Boot.php(67): CodeIgniter\Boot::runCodeIgniter(Object(CodeIgniter\CodeIgniter))
 8 FCPATH\index.php(56): CodeIgniter\Boot::bootWeb(Object(Config\Paths))
WARNING - 2024-11-22 07:28:22 --> [DEPRECATED] Creation of dynamic property IonAuth\Models\IonAuthModel::$hashMethod is deprecated in FCPATH\vendor\benedmunds\codeigniter-ion-auth\Models\IonAuthModel.php on line 234.
 1 APPPATH\Libraries\IonAuth.php(71): IonAuth\Models\IonAuthModel->__construct()
 2 APPPATH\Controllers\vendor\Home.php(17): App\Libraries\IonAuth->__construct()
 3 SYSTEMPATH\CodeIgniter.php(903): App\Controllers\vendor\Home->__construct()
 4 SYSTEMPATH\CodeIgniter.php(500): CodeIgniter\CodeIgniter->createController()
 5 SYSTEMPATH\CodeIgniter.php(355): CodeIgniter\CodeIgniter->handleRequest(null, Object(Config\Cache), false)
 6 SYSTEMPATH\Boot.php(325): CodeIgniter\CodeIgniter->run()
 7 SYSTEMPATH\Boot.php(67): CodeIgniter\Boot::runCodeIgniter(Object(CodeIgniter\CodeIgniter))
 8 FCPATH\index.php(56): CodeIgniter\Boot::bootWeb(Object(Config\Paths))
WARNING - 2024-11-22 07:28:22 --> [DEPRECATED] Creation of dynamic property IonAuth\Models\IonAuthModel::$messagesTemplates is deprecated in FCPATH\vendor\benedmunds\codeigniter-ion-auth\Models\IonAuthModel.php on line 237.
 1 APPPATH\Libraries\IonAuth.php(71): IonAuth\Models\IonAuthModel->__construct()
 2 APPPATH\Controllers\vendor\Home.php(17): App\Libraries\IonAuth->__construct()
 3 SYSTEMPATH\CodeIgniter.php(903): App\Controllers\vendor\Home->__construct()
 4 SYSTEMPATH\CodeIgniter.php(500): CodeIgniter\CodeIgniter->createController()
 5 SYSTEMPATH\CodeIgniter.php(355): CodeIgniter\CodeIgniter->handleRequest(null, Object(Config\Cache), false)
 6 SYSTEMPATH\Boot.php(325): CodeIgniter\CodeIgniter->run()
 7 SYSTEMPATH\Boot.php(67): CodeIgniter\Boot::runCodeIgniter(Object(CodeIgniter\CodeIgniter))
 8 FCPATH\index.php(56): CodeIgniter\Boot::bootWeb(Object(Config\Paths))
INFO - 2024-11-22 07:28:22 --> Session: Class initialized using 'CodeIgniter\Session\Handlers\FileHandler' driver.
WARNING - 2024-11-22 07:28:22 --> [DEPRECATED] Creation of dynamic property IonAuth\Models\IonAuthModel::$join is deprecated in FCPATH\vendor\benedmunds\codeigniter-ion-auth\Models\IonAuthModel.php on line 231.
 1 APPPATH\Libraries\IonAuth.php(71): IonAuth\Models\IonAuthModel->__construct()
 2 APPPATH\Filters\CheckPermissions.php(16): App\Libraries\IonAuth->__construct()
 3 SYSTEMPATH\Filters\Filters.php(197): App\Filters\CheckPermissions->__construct()
 4 SYSTEMPATH\Filters\Filters.php(184): CodeIgniter\Filters\Filters->runBefore([...])
 5 SYSTEMPATH\CodeIgniter.php(481): CodeIgniter\Filters\Filters->run('vendor/products/products_table', 'before')
 6 SYSTEMPATH\CodeIgniter.php(355): CodeIgniter\CodeIgniter->handleRequest(null, Object(Config\Cache), false)
 7 SYSTEMPATH\Boot.php(325): CodeIgniter\CodeIgniter->run()
 8 SYSTEMPATH\Boot.php(67): CodeIgniter\Boot::runCodeIgniter(Object(CodeIgniter\CodeIgniter))
 9 FCPATH\index.php(56): CodeIgniter\Boot::bootWeb(Object(Config\Paths))
WARNING - 2024-11-22 07:28:22 --> [DEPRECATED] Creation of dynamic property IonAuth\Models\IonAuthModel::$hashMethod is deprecated in FCPATH\vendor\benedmunds\codeigniter-ion-auth\Models\IonAuthModel.php on line 234.
 1 APPPATH\Libraries\IonAuth.php(71): IonAuth\Models\IonAuthModel->__construct()
 2 APPPATH\Filters\CheckPermissions.php(16): App\Libraries\IonAuth->__construct()
 3 SYSTEMPATH\Filters\Filters.php(197): App\Filters\CheckPermissions->__construct()
 4 SYSTEMPATH\Filters\Filters.php(184): CodeIgniter\Filters\Filters->runBefore([...])
 5 SYSTEMPATH\CodeIgniter.php(481): CodeIgniter\Filters\Filters->run('vendor/products/products_table', 'before')
 6 SYSTEMPATH\CodeIgniter.php(355): CodeIgniter\CodeIgniter->handleRequest(null, Object(Config\Cache), false)
 7 SYSTEMPATH\Boot.php(325): CodeIgniter\CodeIgniter->run()
 8 SYSTEMPATH\Boot.php(67): CodeIgniter\Boot::runCodeIgniter(Object(CodeIgniter\CodeIgniter))
 9 FCPATH\index.php(56): CodeIgniter\Boot::bootWeb(Object(Config\Paths))
WARNING - 2024-11-22 07:28:22 --> [DEPRECATED] Creation of dynamic property IonAuth\Models\IonAuthModel::$messagesTemplates is deprecated in FCPATH\vendor\benedmunds\codeigniter-ion-auth\Models\IonAuthModel.php on line 237.
 1 APPPATH\Libraries\IonAuth.php(71): IonAuth\Models\IonAuthModel->__construct()
 2 APPPATH\Filters\CheckPermissions.php(16): App\Libraries\IonAuth->__construct()
 3 SYSTEMPATH\Filters\Filters.php(197): App\Filters\CheckPermissions->__construct()
 4 SYSTEMPATH\Filters\Filters.php(184): CodeIgniter\Filters\Filters->runBefore([...])
 5 SYSTEMPATH\CodeIgniter.php(481): CodeIgniter\Filters\Filters->run('vendor/products/products_table', 'before')
 6 SYSTEMPATH\CodeIgniter.php(355): CodeIgniter\CodeIgniter->handleRequest(null, Object(Config\Cache), false)
 7 SYSTEMPATH\Boot.php(325): CodeIgniter\CodeIgniter->run()
 8 SYSTEMPATH\Boot.php(67): CodeIgniter\Boot::runCodeIgniter(Object(CodeIgniter\CodeIgniter))
 9 FCPATH\index.php(56): CodeIgniter\Boot::bootWeb(Object(Config\Paths))
WARNING - 2024-11-22 07:28:22 --> [DEPRECATED] Creation of dynamic property IonAuth\Models\IonAuthModel::$join is deprecated in FCPATH\vendor\benedmunds\codeigniter-ion-auth\Models\IonAuthModel.php on line 231.
 1 APPPATH\Libraries\IonAuth.php(71): IonAuth\Models\IonAuthModel->__construct()
 2 APPPATH\Controllers\vendor\Products.php(25): App\Libraries\IonAuth->__construct()
 3 SYSTEMPATH\CodeIgniter.php(903): App\Controllers\vendor\Products->__construct()
 4 SYSTEMPATH\CodeIgniter.php(500): CodeIgniter\CodeIgniter->createController()
 5 SYSTEMPATH\CodeIgniter.php(355): CodeIgniter\CodeIgniter->handleRequest(null, Object(Config\Cache), false)
 6 SYSTEMPATH\Boot.php(325): CodeIgniter\CodeIgniter->run()
 7 SYSTEMPATH\Boot.php(67): CodeIgniter\Boot::runCodeIgniter(Object(CodeIgniter\CodeIgniter))
 8 FCPATH\index.php(56): CodeIgniter\Boot::bootWeb(Object(Config\Paths))
WARNING - 2024-11-22 07:28:22 --> [DEPRECATED] Creation of dynamic property IonAuth\Models\IonAuthModel::$hashMethod is deprecated in FCPATH\vendor\benedmunds\codeigniter-ion-auth\Models\IonAuthModel.php on line 234.
 1 APPPATH\Libraries\IonAuth.php(71): IonAuth\Models\IonAuthModel->__construct()
 2 APPPATH\Controllers\vendor\Products.php(25): App\Libraries\IonAuth->__construct()
 3 SYSTEMPATH\CodeIgniter.php(903): App\Controllers\vendor\Products->__construct()
 4 SYSTEMPATH\CodeIgniter.php(500): CodeIgniter\CodeIgniter->createController()
 5 SYSTEMPATH\CodeIgniter.php(355): CodeIgniter\CodeIgniter->handleRequest(null, Object(Config\Cache), false)
 6 SYSTEMPATH\Boot.php(325): CodeIgniter\CodeIgniter->run()
 7 SYSTEMPATH\Boot.php(67): CodeIgniter\Boot::runCodeIgniter(Object(CodeIgniter\CodeIgniter))
 8 FCPATH\index.php(56): CodeIgniter\Boot::bootWeb(Object(Config\Paths))
WARNING - 2024-11-22 07:28:22 --> [DEPRECATED] Creation of dynamic property IonAuth\Models\IonAuthModel::$messagesTemplates is deprecated in FCPATH\vendor\benedmunds\codeigniter-ion-auth\Models\IonAuthModel.php on line 237.
 1 APPPATH\Libraries\IonAuth.php(71): IonAuth\Models\IonAuthModel->__construct()
 2 APPPATH\Controllers\vendor\Products.php(25): App\Libraries\IonAuth->__construct()
 3 SYSTEMPATH\CodeIgniter.php(903): App\Controllers\vendor\Products->__construct()
 4 SYSTEMPATH\CodeIgniter.php(500): CodeIgniter\CodeIgniter->createController()
 5 SYSTEMPATH\CodeIgniter.php(355): CodeIgniter\CodeIgniter->handleRequest(null, Object(Config\Cache), false)
 6 SYSTEMPATH\Boot.php(325): CodeIgniter\CodeIgniter->run()
 7 SYSTEMPATH\Boot.php(67): CodeIgniter\Boot::runCodeIgniter(Object(CodeIgniter\CodeIgniter))
 8 FCPATH\index.php(56): CodeIgniter\Boot::bootWeb(Object(Config\Paths))
WARNING - 2024-11-22 12:58:22 --> [DEPRECATED] Creation of dynamic property IonAuth\Models\IonAuthModel::$join is deprecated in FCPATH\vendor\benedmunds\codeigniter-ion-auth\Models\IonAuthModel.php on line 231.
 1 APPPATH\Libraries\IonAuth.php(71): IonAuth\Models\IonAuthModel->__construct()
 2 APPPATH\Filters\CheckPermissions.php(16): App\Libraries\IonAuth->__construct()
 3 SYSTEMPATH\Filters\Filters.php(235): App\Filters\CheckPermissions->__construct()
 4 SYSTEMPATH\Filters\Filters.php(188): CodeIgniter\Filters\Filters->runAfter([...])
 5 SYSTEMPATH\CodeIgniter.php(527): CodeIgniter\Filters\Filters->run('vendor/products/products_table', 'after')
 6 SYSTEMPATH\CodeIgniter.php(355): CodeIgniter\CodeIgniter->handleRequest(null, Object(Config\Cache), false)
 7 SYSTEMPATH\Boot.php(325): CodeIgniter\CodeIgniter->run()
 8 SYSTEMPATH\Boot.php(67): CodeIgniter\Boot::runCodeIgniter(Object(CodeIgniter\CodeIgniter))
 9 FCPATH\index.php(56): CodeIgniter\Boot::bootWeb(Object(Config\Paths))
WARNING - 2024-11-22 12:58:22 --> [DEPRECATED] Creation of dynamic property IonAuth\Models\IonAuthModel::$hashMethod is deprecated in FCPATH\vendor\benedmunds\codeigniter-ion-auth\Models\IonAuthModel.php on line 234.
 1 APPPATH\Libraries\IonAuth.php(71): IonAuth\Models\IonAuthModel->__construct()
 2 APPPATH\Filters\CheckPermissions.php(16): App\Libraries\IonAuth->__construct()
 3 SYSTEMPATH\Filters\Filters.php(235): App\Filters\CheckPermissions->__construct()
 4 SYSTEMPATH\Filters\Filters.php(188): CodeIgniter\Filters\Filters->runAfter([...])
 5 SYSTEMPATH\CodeIgniter.php(527): CodeIgniter\Filters\Filters->run('vendor/products/products_table', 'after')
 6 SYSTEMPATH\CodeIgniter.php(355): CodeIgniter\CodeIgniter->handleRequest(null, Object(Config\Cache), false)
 7 SYSTEMPATH\Boot.php(325): CodeIgniter\CodeIgniter->run()
 8 SYSTEMPATH\Boot.php(67): CodeIgniter\Boot::runCodeIgniter(Object(CodeIgniter\CodeIgniter))
 9 FCPATH\index.php(56): CodeIgniter\Boot::bootWeb(Object(Config\Paths))
WARNING - 2024-11-22 12:58:22 --> [DEPRECATED] Creation of dynamic property IonAuth\Models\IonAuthModel::$messagesTemplates is deprecated in FCPATH\vendor\benedmunds\codeigniter-ion-auth\Models\IonAuthModel.php on line 237.
 1 APPPATH\Libraries\IonAuth.php(71): IonAuth\Models\IonAuthModel->__construct()
 2 APPPATH\Filters\CheckPermissions.php(16): App\Libraries\IonAuth->__construct()
 3 SYSTEMPATH\Filters\Filters.php(235): App\Filters\CheckPermissions->__construct()
 4 SYSTEMPATH\Filters\Filters.php(188): CodeIgniter\Filters\Filters->runAfter([...])
 5 SYSTEMPATH\CodeIgniter.php(527): CodeIgniter\Filters\Filters->run('vendor/products/products_table', 'after')
 6 SYSTEMPATH\CodeIgniter.php(355): CodeIgniter\CodeIgniter->handleRequest(null, Object(Config\Cache), false)
 7 SYSTEMPATH\Boot.php(325): CodeIgniter\CodeIgniter->run()
 8 SYSTEMPATH\Boot.php(67): CodeIgniter\Boot::runCodeIgniter(Object(CodeIgniter\CodeIgniter))
 9 FCPATH\index.php(56): CodeIgniter\Boot::bootWeb(Object(Config\Paths))
INFO - 2024-11-22 07:28:22 --> Session: Class initialized using 'CodeIgniter\Session\Handlers\FileHandler' driver.
WARNING - 2024-11-22 07:28:22 --> [DEPRECATED] Creation of dynamic property IonAuth\Models\IonAuthModel::$join is deprecated in FCPATH\vendor\benedmunds\codeigniter-ion-auth\Models\IonAuthModel.php on line 231.
 1 APPPATH\Libraries\IonAuth.php(71): IonAuth\Models\IonAuthModel->__construct()
 2 APPPATH\Filters\CheckPermissions.php(16): App\Libraries\IonAuth->__construct()
 3 SYSTEMPATH\Filters\Filters.php(197): App\Filters\CheckPermissions->__construct()
 4 SYSTEMPATH\Filters\Filters.php(184): CodeIgniter\Filters\Filters->runBefore([...])
 5 SYSTEMPATH\CodeIgniter.php(481): CodeIgniter\Filters\Filters->run('vendor/products/stock_alert', 'before')
 6 SYSTEMPATH\CodeIgniter.php(355): CodeIgniter\CodeIgniter->handleRequest(null, Object(Config\Cache), false)
 7 SYSTEMPATH\Boot.php(325): CodeIgniter\CodeIgniter->run()
 8 SYSTEMPATH\Boot.php(67): CodeIgniter\Boot::runCodeIgniter(Object(CodeIgniter\CodeIgniter))
 9 FCPATH\index.php(56): CodeIgniter\Boot::bootWeb(Object(Config\Paths))
WARNING - 2024-11-22 07:28:22 --> [DEPRECATED] Creation of dynamic property IonAuth\Models\IonAuthModel::$hashMethod is deprecated in FCPATH\vendor\benedmunds\codeigniter-ion-auth\Models\IonAuthModel.php on line 234.
 1 APPPATH\Libraries\IonAuth.php(71): IonAuth\Models\IonAuthModel->__construct()
 2 APPPATH\Filters\CheckPermissions.php(16): App\Libraries\IonAuth->__construct()
 3 SYSTEMPATH\Filters\Filters.php(197): App\Filters\CheckPermissions->__construct()
 4 SYSTEMPATH\Filters\Filters.php(184): CodeIgniter\Filters\Filters->runBefore([...])
 5 SYSTEMPATH\CodeIgniter.php(481): CodeIgniter\Filters\Filters->run('vendor/products/stock_alert', 'before')
 6 SYSTEMPATH\CodeIgniter.php(355): CodeIgniter\CodeIgniter->handleRequest(null, Object(Config\Cache), false)
 7 SYSTEMPATH\Boot.php(325): CodeIgniter\CodeIgniter->run()
 8 SYSTEMPATH\Boot.php(67): CodeIgniter\Boot::runCodeIgniter(Object(CodeIgniter\CodeIgniter))
 9 FCPATH\index.php(56): CodeIgniter\Boot::bootWeb(Object(Config\Paths))
WARNING - 2024-11-22 07:28:22 --> [DEPRECATED] Creation of dynamic property IonAuth\Models\IonAuthModel::$messagesTemplates is deprecated in FCPATH\vendor\benedmunds\codeigniter-ion-auth\Models\IonAuthModel.php on line 237.
 1 APPPATH\Libraries\IonAuth.php(71): IonAuth\Models\IonAuthModel->__construct()
 2 APPPATH\Filters\CheckPermissions.php(16): App\Libraries\IonAuth->__construct()
 3 SYSTEMPATH\Filters\Filters.php(197): App\Filters\CheckPermissions->__construct()
 4 SYSTEMPATH\Filters\Filters.php(184): CodeIgniter\Filters\Filters->runBefore([...])
 5 SYSTEMPATH\CodeIgniter.php(481): CodeIgniter\Filters\Filters->run('vendor/products/stock_alert', 'before')
 6 SYSTEMPATH\CodeIgniter.php(355): CodeIgniter\CodeIgniter->handleRequest(null, Object(Config\Cache), false)
 7 SYSTEMPATH\Boot.php(325): CodeIgniter\CodeIgniter->run()
 8 SYSTEMPATH\Boot.php(67): CodeIgniter\Boot::runCodeIgniter(Object(CodeIgniter\CodeIgniter))
 9 FCPATH\index.php(56): CodeIgniter\Boot::bootWeb(Object(Config\Paths))
WARNING - 2024-11-22 07:28:22 --> [DEPRECATED] Creation of dynamic property IonAuth\Models\IonAuthModel::$join is deprecated in FCPATH\vendor\benedmunds\codeigniter-ion-auth\Models\IonAuthModel.php on line 231.
 1 APPPATH\Libraries\IonAuth.php(71): IonAuth\Models\IonAuthModel->__construct()
 2 APPPATH\Controllers\vendor\Products.php(25): App\Libraries\IonAuth->__construct()
 3 SYSTEMPATH\CodeIgniter.php(903): App\Controllers\vendor\Products->__construct()
 4 SYSTEMPATH\CodeIgniter.php(500): CodeIgniter\CodeIgniter->createController()
 5 SYSTEMPATH\CodeIgniter.php(355): CodeIgniter\CodeIgniter->handleRequest(null, Object(Config\Cache), false)
 6 SYSTEMPATH\Boot.php(325): CodeIgniter\CodeIgniter->run()
 7 SYSTEMPATH\Boot.php(67): CodeIgniter\Boot::runCodeIgniter(Object(CodeIgniter\CodeIgniter))
 8 FCPATH\index.php(56): CodeIgniter\Boot::bootWeb(Object(Config\Paths))
WARNING - 2024-11-22 07:28:22 --> [DEPRECATED] Creation of dynamic property IonAuth\Models\IonAuthModel::$hashMethod is deprecated in FCPATH\vendor\benedmunds\codeigniter-ion-auth\Models\IonAuthModel.php on line 234.
 1 APPPATH\Libraries\IonAuth.php(71): IonAuth\Models\IonAuthModel->__construct()
 2 APPPATH\Controllers\vendor\Products.php(25): App\Libraries\IonAuth->__construct()
 3 SYSTEMPATH\CodeIgniter.php(903): App\Controllers\vendor\Products->__construct()
 4 SYSTEMPATH\CodeIgniter.php(500): CodeIgniter\CodeIgniter->createController()
 5 SYSTEMPATH\CodeIgniter.php(355): CodeIgniter\CodeIgniter->handleRequest(null, Object(Config\Cache), false)
 6 SYSTEMPATH\Boot.php(325): CodeIgniter\CodeIgniter->run()
 7 SYSTEMPATH\Boot.php(67): CodeIgniter\Boot::runCodeIgniter(Object(CodeIgniter\CodeIgniter))
 8 FCPATH\index.php(56): CodeIgniter\Boot::bootWeb(Object(Config\Paths))
WARNING - 2024-11-22 07:28:22 --> [DEPRECATED] Creation of dynamic property IonAuth\Models\IonAuthModel::$messagesTemplates is deprecated in FCPATH\vendor\benedmunds\codeigniter-ion-auth\Models\IonAuthModel.php on line 237.
 1 APPPATH\Libraries\IonAuth.php(71): IonAuth\Models\IonAuthModel->__construct()
 2 APPPATH\Controllers\vendor\Products.php(25): App\Libraries\IonAuth->__construct()
 3 SYSTEMPATH\CodeIgniter.php(903): App\Controllers\vendor\Products->__construct()
 4 SYSTEMPATH\CodeIgniter.php(500): CodeIgniter\CodeIgniter->createController()
 5 SYSTEMPATH\CodeIgniter.php(355): CodeIgniter\CodeIgniter->handleRequest(null, Object(Config\Cache), false)
 6 SYSTEMPATH\Boot.php(325): CodeIgniter\CodeIgniter->run()
 7 SYSTEMPATH\Boot.php(67): CodeIgniter\Boot::runCodeIgniter(Object(CodeIgniter\CodeIgniter))
 8 FCPATH\index.php(56): CodeIgniter\Boot::bootWeb(Object(Config\Paths))
WARNING - 2024-11-22 12:58:22 --> [DEPRECATED] Creation of dynamic property IonAuth\Models\IonAuthModel::$join is deprecated in FCPATH\vendor\benedmunds\codeigniter-ion-auth\Models\IonAuthModel.php on line 231.
 1 APPPATH\Libraries\IonAuth.php(71): IonAuth\Models\IonAuthModel->__construct()
 2 APPPATH\Filters\CheckPermissions.php(16): App\Libraries\IonAuth->__construct()
 3 SYSTEMPATH\Filters\Filters.php(235): App\Filters\CheckPermissions->__construct()
 4 SYSTEMPATH\Filters\Filters.php(188): CodeIgniter\Filters\Filters->runAfter([...])
 5 SYSTEMPATH\CodeIgniter.php(527): CodeIgniter\Filters\Filters->run('vendor/products/stock_alert', 'after')
 6 SYSTEMPATH\CodeIgniter.php(355): CodeIgniter\CodeIgniter->handleRequest(null, Object(Config\Cache), false)
 7 SYSTEMPATH\Boot.php(325): CodeIgniter\CodeIgniter->run()
 8 SYSTEMPATH\Boot.php(67): CodeIgniter\Boot::runCodeIgniter(Object(CodeIgniter\CodeIgniter))
 9 FCPATH\index.php(56): CodeIgniter\Boot::bootWeb(Object(Config\Paths))
WARNING - 2024-11-22 12:58:22 --> [DEPRECATED] Creation of dynamic property IonAuth\Models\IonAuthModel::$hashMethod is deprecated in FCPATH\vendor\benedmunds\codeigniter-ion-auth\Models\IonAuthModel.php on line 234.
 1 APPPATH\Libraries\IonAuth.php(71): IonAuth\Models\IonAuthModel->__construct()
 2 APPPATH\Filters\CheckPermissions.php(16): App\Libraries\IonAuth->__construct()
 3 SYSTEMPATH\Filters\Filters.php(235): App\Filters\CheckPermissions->__construct()
 4 SYSTEMPATH\Filters\Filters.php(188): CodeIgniter\Filters\Filters->runAfter([...])
 5 SYSTEMPATH\CodeIgniter.php(527): CodeIgniter\Filters\Filters->run('vendor/products/stock_alert', 'after')
 6 SYSTEMPATH\CodeIgniter.php(355): CodeIgniter\CodeIgniter->handleRequest(null, Object(Config\Cache), false)
 7 SYSTEMPATH\Boot.php(325): CodeIgniter\CodeIgniter->run()
 8 SYSTEMPATH\Boot.php(67): CodeIgniter\Boot::runCodeIgniter(Object(CodeIgniter\CodeIgniter))
 9 FCPATH\index.php(56): CodeIgniter\Boot::bootWeb(Object(Config\Paths))
WARNING - 2024-11-22 12:58:22 --> [DEPRECATED] Creation of dynamic property IonAuth\Models\IonAuthModel::$messagesTemplates is deprecated in FCPATH\vendor\benedmunds\codeigniter-ion-auth\Models\IonAuthModel.php on line 237.
 1 APPPATH\Libraries\IonAuth.php(71): IonAuth\Models\IonAuthModel->__construct()
 2 APPPATH\Filters\CheckPermissions.php(16): App\Libraries\IonAuth->__construct()
 3 SYSTEMPATH\Filters\Filters.php(235): App\Filters\CheckPermissions->__construct()
 4 SYSTEMPATH\Filters\Filters.php(188): CodeIgniter\Filters\Filters->runAfter([...])
 5 SYSTEMPATH\CodeIgniter.php(527): CodeIgniter\Filters\Filters->run('vendor/products/stock_alert', 'after')
 6 SYSTEMPATH\CodeIgniter.php(355): CodeIgniter\CodeIgniter->handleRequest(null, Object(Config\Cache), false)
 7 SYSTEMPATH\Boot.php(325): CodeIgniter\CodeIgniter->run()
 8 SYSTEMPATH\Boot.php(67): CodeIgniter\Boot::runCodeIgniter(Object(CodeIgniter\CodeIgniter))
 9 FCPATH\index.php(56): CodeIgniter\Boot::bootWeb(Object(Config\Paths))
INFO - 2024-11-22 09:16:15 --> Session: Class initialized using 'CodeIgniter\Session\Handlers\FileHandler' driver.
WARNING - 2024-11-22 09:16:15 --> [DEPRECATED] Creation of dynamic property IonAuth\Models\IonAuthModel::$join is deprecated in FCPATH\vendor\benedmunds\codeigniter-ion-auth\Models\IonAuthModel.php on line 231.
 1 APPPATH\Libraries\IonAuth.php(71): IonAuth\Models\IonAuthModel->__construct()
 2 APPPATH\Filters\CheckPermissions.php(16): App\Libraries\IonAuth->__construct()
 3 SYSTEMPATH\Filters\Filters.php(197): App\Filters\CheckPermissions->__construct()
 4 SYSTEMPATH\Filters\Filters.php(184): CodeIgniter\Filters\Filters->runBefore([...])
 5 SYSTEMPATH\CodeIgniter.php(481): CodeIgniter\Filters\Filters->run('vendor/orders/orders', 'before')
 6 SYSTEMPATH\CodeIgniter.php(355): CodeIgniter\CodeIgniter->handleRequest(null, Object(Config\Cache), false)
 7 SYSTEMPATH\Boot.php(325): CodeIgniter\CodeIgniter->run()
 8 SYSTEMPATH\Boot.php(67): CodeIgniter\Boot::runCodeIgniter(Object(CodeIgniter\CodeIgniter))
 9 FCPATH\index.php(56): CodeIgniter\Boot::bootWeb(Object(Config\Paths))
WARNING - 2024-11-22 09:16:15 --> [DEPRECATED] Creation of dynamic property IonAuth\Models\IonAuthModel::$hashMethod is deprecated in FCPATH\vendor\benedmunds\codeigniter-ion-auth\Models\IonAuthModel.php on line 234.
 1 APPPATH\Libraries\IonAuth.php(71): IonAuth\Models\IonAuthModel->__construct()
 2 APPPATH\Filters\CheckPermissions.php(16): App\Libraries\IonAuth->__construct()
 3 SYSTEMPATH\Filters\Filters.php(197): App\Filters\CheckPermissions->__construct()
 4 SYSTEMPATH\Filters\Filters.php(184): CodeIgniter\Filters\Filters->runBefore([...])
 5 SYSTEMPATH\CodeIgniter.php(481): CodeIgniter\Filters\Filters->run('vendor/orders/orders', 'before')
 6 SYSTEMPATH\CodeIgniter.php(355): CodeIgniter\CodeIgniter->handleRequest(null, Object(Config\Cache), false)
 7 SYSTEMPATH\Boot.php(325): CodeIgniter\CodeIgniter->run()
 8 SYSTEMPATH\Boot.php(67): CodeIgniter\Boot::runCodeIgniter(Object(CodeIgniter\CodeIgniter))
 9 FCPATH\index.php(56): CodeIgniter\Boot::bootWeb(Object(Config\Paths))
WARNING - 2024-11-22 09:16:15 --> [DEPRECATED] Creation of dynamic property IonAuth\Models\IonAuthModel::$messagesTemplates is deprecated in FCPATH\vendor\benedmunds\codeigniter-ion-auth\Models\IonAuthModel.php on line 237.
 1 APPPATH\Libraries\IonAuth.php(71): IonAuth\Models\IonAuthModel->__construct()
 2 APPPATH\Filters\CheckPermissions.php(16): App\Libraries\IonAuth->__construct()
 3 SYSTEMPATH\Filters\Filters.php(197): App\Filters\CheckPermissions->__construct()
 4 SYSTEMPATH\Filters\Filters.php(184): CodeIgniter\Filters\Filters->runBefore([...])
 5 SYSTEMPATH\CodeIgniter.php(481): CodeIgniter\Filters\Filters->run('vendor/orders/orders', 'before')
 6 SYSTEMPATH\CodeIgniter.php(355): CodeIgniter\CodeIgniter->handleRequest(null, Object(Config\Cache), false)
 7 SYSTEMPATH\Boot.php(325): CodeIgniter\CodeIgniter->run()
 8 SYSTEMPATH\Boot.php(67): CodeIgniter\Boot::runCodeIgniter(Object(CodeIgniter\CodeIgniter))
 9 FCPATH\index.php(56): CodeIgniter\Boot::bootWeb(Object(Config\Paths))
WARNING - 2024-11-22 09:16:15 --> [DEPRECATED] Creation of dynamic property IonAuth\Models\IonAuthModel::$join is deprecated in FCPATH\vendor\benedmunds\codeigniter-ion-auth\Models\IonAuthModel.php on line 231.
 1 APPPATH\Libraries\IonAuth.php(71): IonAuth\Models\IonAuthModel->__construct()
 2 APPPATH\Controllers\vendor\Orders.php(28): App\Libraries\IonAuth->__construct()
 3 SYSTEMPATH\CodeIgniter.php(903): App\Controllers\vendor\Orders->__construct()
 4 SYSTEMPATH\CodeIgniter.php(500): CodeIgniter\CodeIgniter->createController()
 5 SYSTEMPATH\CodeIgniter.php(355): CodeIgniter\CodeIgniter->handleRequest(null, Object(Config\Cache), false)
 6 SYSTEMPATH\Boot.php(325): CodeIgniter\CodeIgniter->run()
 7 SYSTEMPATH\Boot.php(67): CodeIgniter\Boot::runCodeIgniter(Object(CodeIgniter\CodeIgniter))
 8 FCPATH\index.php(56): CodeIgniter\Boot::bootWeb(Object(Config\Paths))
WARNING - 2024-11-22 09:16:15 --> [DEPRECATED] Creation of dynamic property IonAuth\Models\IonAuthModel::$hashMethod is deprecated in FCPATH\vendor\benedmunds\codeigniter-ion-auth\Models\IonAuthModel.php on line 234.
 1 APPPATH\Libraries\IonAuth.php(71): IonAuth\Models\IonAuthModel->__construct()
 2 APPPATH\Controllers\vendor\Orders.php(28): App\Libraries\IonAuth->__construct()
 3 SYSTEMPATH\CodeIgniter.php(903): App\Controllers\vendor\Orders->__construct()
 4 SYSTEMPATH\CodeIgniter.php(500): CodeIgniter\CodeIgniter->createController()
 5 SYSTEMPATH\CodeIgniter.php(355): CodeIgniter\CodeIgniter->handleRequest(null, Object(Config\Cache), false)
 6 SYSTEMPATH\Boot.php(325): CodeIgniter\CodeIgniter->run()
 7 SYSTEMPATH\Boot.php(67): CodeIgniter\Boot::runCodeIgniter(Object(CodeIgniter\CodeIgniter))
 8 FCPATH\index.php(56): CodeIgniter\Boot::bootWeb(Object(Config\Paths))
WARNING - 2024-11-22 09:16:15 --> [DEPRECATED] Creation of dynamic property IonAuth\Models\IonAuthModel::$messagesTemplates is deprecated in FCPATH\vendor\benedmunds\codeigniter-ion-auth\Models\IonAuthModel.php on line 237.
 1 APPPATH\Libraries\IonAuth.php(71): IonAuth\Models\IonAuthModel->__construct()
 2 APPPATH\Controllers\vendor\Orders.php(28): App\Libraries\IonAuth->__construct()
 3 SYSTEMPATH\CodeIgniter.php(903): App\Controllers\vendor\Orders->__construct()
 4 SYSTEMPATH\CodeIgniter.php(500): CodeIgniter\CodeIgniter->createController()
 5 SYSTEMPATH\CodeIgniter.php(355): CodeIgniter\CodeIgniter->handleRequest(null, Object(Config\Cache), false)
 6 SYSTEMPATH\Boot.php(325): CodeIgniter\CodeIgniter->run()
 7 SYSTEMPATH\Boot.php(67): CodeIgniter\Boot::runCodeIgniter(Object(CodeIgniter\CodeIgniter))
 8 FCPATH\index.php(56): CodeIgniter\Boot::bootWeb(Object(Config\Paths))
WARNING - 2024-11-22 14:46:15 --> [DEPRECATED] Creation of dynamic property App\Controllers\vendor\Orders::$data is deprecated in APPPATH\Controllers\vendor\Orders.php on line 148.
 1 SYSTEMPATH\CodeIgniter.php(933): App\Controllers\vendor\Orders->orders()
 2 SYSTEMPATH\CodeIgniter.php(509): CodeIgniter\CodeIgniter->runController(Object(App\Controllers\vendor\Orders))
 3 SYSTEMPATH\CodeIgniter.php(355): CodeIgniter\CodeIgniter->handleRequest(null, Object(Config\Cache), false)
 4 SYSTEMPATH\Boot.php(325): CodeIgniter\CodeIgniter->run()
 5 SYSTEMPATH\Boot.php(67): CodeIgniter\Boot::runCodeIgniter(Object(CodeIgniter\CodeIgniter))
 6 FCPATH\index.php(56): CodeIgniter\Boot::bootWeb(Object(Config\Paths))
WARNING - 2024-11-22 14:46:15 --> [DEPRECATED] Creation of dynamic property IonAuth\Models\IonAuthModel::$join is deprecated in FCPATH\vendor\benedmunds\codeigniter-ion-auth\Models\IonAuthModel.php on line 231.
 1 APPPATH\Libraries\IonAuth.php(71): IonAuth\Models\IonAuthModel->__construct()
 2 APPPATH\Filters\CheckPermissions.php(16): App\Libraries\IonAuth->__construct()
 3 SYSTEMPATH\Filters\Filters.php(235): App\Filters\CheckPermissions->__construct()
 4 SYSTEMPATH\Filters\Filters.php(188): CodeIgniter\Filters\Filters->runAfter([...])
 5 SYSTEMPATH\CodeIgniter.php(527): CodeIgniter\Filters\Filters->run('vendor/orders/orders', 'after')
 6 SYSTEMPATH\CodeIgniter.php(355): CodeIgniter\CodeIgniter->handleRequest(null, Object(Config\Cache), false)
 7 SYSTEMPATH\Boot.php(325): CodeIgniter\CodeIgniter->run()
 8 SYSTEMPATH\Boot.php(67): CodeIgniter\Boot::runCodeIgniter(Object(CodeIgniter\CodeIgniter))
 9 FCPATH\index.php(56): CodeIgniter\Boot::bootWeb(Object(Config\Paths))
WARNING - 2024-11-22 14:46:15 --> [DEPRECATED] Creation of dynamic property IonAuth\Models\IonAuthModel::$hashMethod is deprecated in FCPATH\vendor\benedmunds\codeigniter-ion-auth\Models\IonAuthModel.php on line 234.
 1 APPPATH\Libraries\IonAuth.php(71): IonAuth\Models\IonAuthModel->__construct()
 2 APPPATH\Filters\CheckPermissions.php(16): App\Libraries\IonAuth->__construct()
 3 SYSTEMPATH\Filters\Filters.php(235): App\Filters\CheckPermissions->__construct()
 4 SYSTEMPATH\Filters\Filters.php(188): CodeIgniter\Filters\Filters->runAfter([...])
 5 SYSTEMPATH\CodeIgniter.php(527): CodeIgniter\Filters\Filters->run('vendor/orders/orders', 'after')
 6 SYSTEMPATH\CodeIgniter.php(355): CodeIgniter\CodeIgniter->handleRequest(null, Object(Config\Cache), false)
 7 SYSTEMPATH\Boot.php(325): CodeIgniter\CodeIgniter->run()
 8 SYSTEMPATH\Boot.php(67): CodeIgniter\Boot::runCodeIgniter(Object(CodeIgniter\CodeIgniter))
 9 FCPATH\index.php(56): CodeIgniter\Boot::bootWeb(Object(Config\Paths))
WARNING - 2024-11-22 14:46:15 --> [DEPRECATED] Creation of dynamic property IonAuth\Models\IonAuthModel::$messagesTemplates is deprecated in FCPATH\vendor\benedmunds\codeigniter-ion-auth\Models\IonAuthModel.php on line 237.
 1 APPPATH\Libraries\IonAuth.php(71): IonAuth\Models\IonAuthModel->__construct()
 2 APPPATH\Filters\CheckPermissions.php(16): App\Libraries\IonAuth->__construct()
 3 SYSTEMPATH\Filters\Filters.php(235): App\Filters\CheckPermissions->__construct()
 4 SYSTEMPATH\Filters\Filters.php(188): CodeIgniter\Filters\Filters->runAfter([...])
 5 SYSTEMPATH\CodeIgniter.php(527): CodeIgniter\Filters\Filters->run('vendor/orders/orders', 'after')
 6 SYSTEMPATH\CodeIgniter.php(355): CodeIgniter\CodeIgniter->handleRequest(null, Object(Config\Cache), false)
 7 SYSTEMPATH\Boot.php(325): CodeIgniter\CodeIgniter->run()
 8 SYSTEMPATH\Boot.php(67): CodeIgniter\Boot::runCodeIgniter(Object(CodeIgniter\CodeIgniter))
 9 FCPATH\index.php(56): CodeIgniter\Boot::bootWeb(Object(Config\Paths))
INFO - 2024-11-22 09:16:17 --> Session: Class initialized using 'CodeIgniter\Session\Handlers\FileHandler' driver.
WARNING - 2024-11-22 09:16:17 --> [DEPRECATED] Creation of dynamic property IonAuth\Models\IonAuthModel::$join is deprecated in FCPATH\vendor\benedmunds\codeigniter-ion-auth\Models\IonAuthModel.php on line 231.
 1 APPPATH\Libraries\IonAuth.php(71): IonAuth\Models\IonAuthModel->__construct()
 2 APPPATH\Filters\CheckPermissions.php(16): App\Libraries\IonAuth->__construct()
 3 SYSTEMPATH\Filters\Filters.php(197): App\Filters\CheckPermissions->__construct()
 4 SYSTEMPATH\Filters\Filters.php(184): CodeIgniter\Filters\Filters->runBefore([...])
 5 SYSTEMPATH\CodeIgniter.php(481): CodeIgniter\Filters\Filters->run('vendor/orders/orders_table', 'before')
 6 SYSTEMPATH\CodeIgniter.php(355): CodeIgniter\CodeIgniter->handleRequest(null, Object(Config\Cache), false)
 7 SYSTEMPATH\Boot.php(325): CodeIgniter\CodeIgniter->run()
 8 SYSTEMPATH\Boot.php(67): CodeIgniter\Boot::runCodeIgniter(Object(CodeIgniter\CodeIgniter))
 9 FCPATH\index.php(56): CodeIgniter\Boot::bootWeb(Object(Config\Paths))
WARNING - 2024-11-22 09:16:17 --> [DEPRECATED] Creation of dynamic property IonAuth\Models\IonAuthModel::$hashMethod is deprecated in FCPATH\vendor\benedmunds\codeigniter-ion-auth\Models\IonAuthModel.php on line 234.
 1 APPPATH\Libraries\IonAuth.php(71): IonAuth\Models\IonAuthModel->__construct()
 2 APPPATH\Filters\CheckPermissions.php(16): App\Libraries\IonAuth->__construct()
 3 SYSTEMPATH\Filters\Filters.php(197): App\Filters\CheckPermissions->__construct()
 4 SYSTEMPATH\Filters\Filters.php(184): CodeIgniter\Filters\Filters->runBefore([...])
 5 SYSTEMPATH\CodeIgniter.php(481): CodeIgniter\Filters\Filters->run('vendor/orders/orders_table', 'before')
 6 SYSTEMPATH\CodeIgniter.php(355): CodeIgniter\CodeIgniter->handleRequest(null, Object(Config\Cache), false)
 7 SYSTEMPATH\Boot.php(325): CodeIgniter\CodeIgniter->run()
 8 SYSTEMPATH\Boot.php(67): CodeIgniter\Boot::runCodeIgniter(Object(CodeIgniter\CodeIgniter))
 9 FCPATH\index.php(56): CodeIgniter\Boot::bootWeb(Object(Config\Paths))
WARNING - 2024-11-22 09:16:17 --> [DEPRECATED] Creation of dynamic property IonAuth\Models\IonAuthModel::$messagesTemplates is deprecated in FCPATH\vendor\benedmunds\codeigniter-ion-auth\Models\IonAuthModel.php on line 237.
 1 APPPATH\Libraries\IonAuth.php(71): IonAuth\Models\IonAuthModel->__construct()
 2 APPPATH\Filters\CheckPermissions.php(16): App\Libraries\IonAuth->__construct()
 3 SYSTEMPATH\Filters\Filters.php(197): App\Filters\CheckPermissions->__construct()
 4 SYSTEMPATH\Filters\Filters.php(184): CodeIgniter\Filters\Filters->runBefore([...])
 5 SYSTEMPATH\CodeIgniter.php(481): CodeIgniter\Filters\Filters->run('vendor/orders/orders_table', 'before')
 6 SYSTEMPATH\CodeIgniter.php(355): CodeIgniter\CodeIgniter->handleRequest(null, Object(Config\Cache), false)
 7 SYSTEMPATH\Boot.php(325): CodeIgniter\CodeIgniter->run()
 8 SYSTEMPATH\Boot.php(67): CodeIgniter\Boot::runCodeIgniter(Object(CodeIgniter\CodeIgniter))
 9 FCPATH\index.php(56): CodeIgniter\Boot::bootWeb(Object(Config\Paths))
WARNING - 2024-11-22 09:16:17 --> [DEPRECATED] Creation of dynamic property IonAuth\Models\IonAuthModel::$join is deprecated in FCPATH\vendor\benedmunds\codeigniter-ion-auth\Models\IonAuthModel.php on line 231.
 1 APPPATH\Libraries\IonAuth.php(71): IonAuth\Models\IonAuthModel->__construct()
 2 APPPATH\Controllers\vendor\Orders.php(28): App\Libraries\IonAuth->__construct()
 3 SYSTEMPATH\CodeIgniter.php(903): App\Controllers\vendor\Orders->__construct()
 4 SYSTEMPATH\CodeIgniter.php(500): CodeIgniter\CodeIgniter->createController()
 5 SYSTEMPATH\CodeIgniter.php(355): CodeIgniter\CodeIgniter->handleRequest(null, Object(Config\Cache), false)
 6 SYSTEMPATH\Boot.php(325): CodeIgniter\CodeIgniter->run()
 7 SYSTEMPATH\Boot.php(67): CodeIgniter\Boot::runCodeIgniter(Object(CodeIgniter\CodeIgniter))
 8 FCPATH\index.php(56): CodeIgniter\Boot::bootWeb(Object(Config\Paths))
WARNING - 2024-11-22 09:16:17 --> [DEPRECATED] Creation of dynamic property IonAuth\Models\IonAuthModel::$hashMethod is deprecated in FCPATH\vendor\benedmunds\codeigniter-ion-auth\Models\IonAuthModel.php on line 234.
 1 APPPATH\Libraries\IonAuth.php(71): IonAuth\Models\IonAuthModel->__construct()
 2 APPPATH\Controllers\vendor\Orders.php(28): App\Libraries\IonAuth->__construct()
 3 SYSTEMPATH\CodeIgniter.php(903): App\Controllers\vendor\Orders->__construct()
 4 SYSTEMPATH\CodeIgniter.php(500): CodeIgniter\CodeIgniter->createController()
 5 SYSTEMPATH\CodeIgniter.php(355): CodeIgniter\CodeIgniter->handleRequest(null, Object(Config\Cache), false)
 6 SYSTEMPATH\Boot.php(325): CodeIgniter\CodeIgniter->run()
 7 SYSTEMPATH\Boot.php(67): CodeIgniter\Boot::runCodeIgniter(Object(CodeIgniter\CodeIgniter))
 8 FCPATH\index.php(56): CodeIgniter\Boot::bootWeb(Object(Config\Paths))
WARNING - 2024-11-22 09:16:17 --> [DEPRECATED] Creation of dynamic property IonAuth\Models\IonAuthModel::$messagesTemplates is deprecated in FCPATH\vendor\benedmunds\codeigniter-ion-auth\Models\IonAuthModel.php on line 237.
 1 APPPATH\Libraries\IonAuth.php(71): IonAuth\Models\IonAuthModel->__construct()
 2 APPPATH\Controllers\vendor\Orders.php(28): App\Libraries\IonAuth->__construct()
 3 SYSTEMPATH\CodeIgniter.php(903): App\Controllers\vendor\Orders->__construct()
 4 SYSTEMPATH\CodeIgniter.php(500): CodeIgniter\CodeIgniter->createController()
 5 SYSTEMPATH\CodeIgniter.php(355): CodeIgniter\CodeIgniter->handleRequest(null, Object(Config\Cache), false)
 6 SYSTEMPATH\Boot.php(325): CodeIgniter\CodeIgniter->run()
 7 SYSTEMPATH\Boot.php(67): CodeIgniter\Boot::runCodeIgniter(Object(CodeIgniter\CodeIgniter))
 8 FCPATH\index.php(56): CodeIgniter\Boot::bootWeb(Object(Config\Paths))
WARNING - 2024-11-22 14:46:18 --> [DEPRECATED] Creation of dynamic property IonAuth\Models\IonAuthModel::$join is deprecated in FCPATH\vendor\benedmunds\codeigniter-ion-auth\Models\IonAuthModel.php on line 231.
 1 APPPATH\Libraries\IonAuth.php(71): IonAuth\Models\IonAuthModel->__construct()
 2 APPPATH\Filters\CheckPermissions.php(16): App\Libraries\IonAuth->__construct()
 3 SYSTEMPATH\Filters\Filters.php(235): App\Filters\CheckPermissions->__construct()
 4 SYSTEMPATH\Filters\Filters.php(188): CodeIgniter\Filters\Filters->runAfter([...])
 5 SYSTEMPATH\CodeIgniter.php(527): CodeIgniter\Filters\Filters->run('vendor/orders/orders_table', 'after')
 6 SYSTEMPATH\CodeIgniter.php(355): CodeIgniter\CodeIgniter->handleRequest(null, Object(Config\Cache), false)
 7 SYSTEMPATH\Boot.php(325): CodeIgniter\CodeIgniter->run()
 8 SYSTEMPATH\Boot.php(67): CodeIgniter\Boot::runCodeIgniter(Object(CodeIgniter\CodeIgniter))
 9 FCPATH\index.php(56): CodeIgniter\Boot::bootWeb(Object(Config\Paths))
WARNING - 2024-11-22 14:46:18 --> [DEPRECATED] Creation of dynamic property IonAuth\Models\IonAuthModel::$hashMethod is deprecated in FCPATH\vendor\benedmunds\codeigniter-ion-auth\Models\IonAuthModel.php on line 234.
 1 APPPATH\Libraries\IonAuth.php(71): IonAuth\Models\IonAuthModel->__construct()
 2 APPPATH\Filters\CheckPermissions.php(16): App\Libraries\IonAuth->__construct()
 3 SYSTEMPATH\Filters\Filters.php(235): App\Filters\CheckPermissions->__construct()
 4 SYSTEMPATH\Filters\Filters.php(188): CodeIgniter\Filters\Filters->runAfter([...])
 5 SYSTEMPATH\CodeIgniter.php(527): CodeIgniter\Filters\Filters->run('vendor/orders/orders_table', 'after')
 6 SYSTEMPATH\CodeIgniter.php(355): CodeIgniter\CodeIgniter->handleRequest(null, Object(Config\Cache), false)
 7 SYSTEMPATH\Boot.php(325): CodeIgniter\CodeIgniter->run()
 8 SYSTEMPATH\Boot.php(67): CodeIgniter\Boot::runCodeIgniter(Object(CodeIgniter\CodeIgniter))
 9 FCPATH\index.php(56): CodeIgniter\Boot::bootWeb(Object(Config\Paths))
WARNING - 2024-11-22 14:46:18 --> [DEPRECATED] Creation of dynamic property IonAuth\Models\IonAuthModel::$messagesTemplates is deprecated in FCPATH\vendor\benedmunds\codeigniter-ion-auth\Models\IonAuthModel.php on line 237.
 1 APPPATH\Libraries\IonAuth.php(71): IonAuth\Models\IonAuthModel->__construct()
 2 APPPATH\Filters\CheckPermissions.php(16): App\Libraries\IonAuth->__construct()
 3 SYSTEMPATH\Filters\Filters.php(235): App\Filters\CheckPermissions->__construct()
 4 SYSTEMPATH\Filters\Filters.php(188): CodeIgniter\Filters\Filters->runAfter([...])
 5 SYSTEMPATH\CodeIgniter.php(527): CodeIgniter\Filters\Filters->run('vendor/orders/orders_table', 'after')
 6 SYSTEMPATH\CodeIgniter.php(355): CodeIgniter\CodeIgniter->handleRequest(null, Object(Config\Cache), false)
 7 SYSTEMPATH\Boot.php(325): CodeIgniter\CodeIgniter->run()
 8 SYSTEMPATH\Boot.php(67): CodeIgniter\Boot::runCodeIgniter(Object(CodeIgniter\CodeIgniter))
 9 FCPATH\index.php(56): CodeIgniter\Boot::bootWeb(Object(Config\Paths))
INFO - 2024-11-22 09:16:18 --> Session: Class initialized using 'CodeIgniter\Session\Handlers\FileHandler' driver.
WARNING - 2024-11-22 09:16:18 --> [DEPRECATED] Creation of dynamic property IonAuth\Models\IonAuthModel::$join is deprecated in FCPATH\vendor\benedmunds\codeigniter-ion-auth\Models\IonAuthModel.php on line 231.
 1 APPPATH\Libraries\IonAuth.php(71): IonAuth\Models\IonAuthModel->__construct()
 2 APPPATH\Filters\CheckPermissions.php(16): App\Libraries\IonAuth->__construct()
 3 SYSTEMPATH\Filters\Filters.php(197): App\Filters\CheckPermissions->__construct()
 4 SYSTEMPATH\Filters\Filters.php(184): CodeIgniter\Filters\Filters->runBefore([...])
 5 SYSTEMPATH\CodeIgniter.php(481): CodeIgniter\Filters\Filters->run('vendor/products/stock_alert', 'before')
 6 SYSTEMPATH\CodeIgniter.php(355): CodeIgniter\CodeIgniter->handleRequest(null, Object(Config\Cache), false)
 7 SYSTEMPATH\Boot.php(325): CodeIgniter\CodeIgniter->run()
 8 SYSTEMPATH\Boot.php(67): CodeIgniter\Boot::runCodeIgniter(Object(CodeIgniter\CodeIgniter))
 9 FCPATH\index.php(56): CodeIgniter\Boot::bootWeb(Object(Config\Paths))
WARNING - 2024-11-22 09:16:18 --> [DEPRECATED] Creation of dynamic property IonAuth\Models\IonAuthModel::$hashMethod is deprecated in FCPATH\vendor\benedmunds\codeigniter-ion-auth\Models\IonAuthModel.php on line 234.
 1 APPPATH\Libraries\IonAuth.php(71): IonAuth\Models\IonAuthModel->__construct()
 2 APPPATH\Filters\CheckPermissions.php(16): App\Libraries\IonAuth->__construct()
 3 SYSTEMPATH\Filters\Filters.php(197): App\Filters\CheckPermissions->__construct()
 4 SYSTEMPATH\Filters\Filters.php(184): CodeIgniter\Filters\Filters->runBefore([...])
 5 SYSTEMPATH\CodeIgniter.php(481): CodeIgniter\Filters\Filters->run('vendor/products/stock_alert', 'before')
 6 SYSTEMPATH\CodeIgniter.php(355): CodeIgniter\CodeIgniter->handleRequest(null, Object(Config\Cache), false)
 7 SYSTEMPATH\Boot.php(325): CodeIgniter\CodeIgniter->run()
 8 SYSTEMPATH\Boot.php(67): CodeIgniter\Boot::runCodeIgniter(Object(CodeIgniter\CodeIgniter))
 9 FCPATH\index.php(56): CodeIgniter\Boot::bootWeb(Object(Config\Paths))
WARNING - 2024-11-22 09:16:18 --> [DEPRECATED] Creation of dynamic property IonAuth\Models\IonAuthModel::$messagesTemplates is deprecated in FCPATH\vendor\benedmunds\codeigniter-ion-auth\Models\IonAuthModel.php on line 237.
 1 APPPATH\Libraries\IonAuth.php(71): IonAuth\Models\IonAuthModel->__construct()
 2 APPPATH\Filters\CheckPermissions.php(16): App\Libraries\IonAuth->__construct()
 3 SYSTEMPATH\Filters\Filters.php(197): App\Filters\CheckPermissions->__construct()
 4 SYSTEMPATH\Filters\Filters.php(184): CodeIgniter\Filters\Filters->runBefore([...])
 5 SYSTEMPATH\CodeIgniter.php(481): CodeIgniter\Filters\Filters->run('vendor/products/stock_alert', 'before')
 6 SYSTEMPATH\CodeIgniter.php(355): CodeIgniter\CodeIgniter->handleRequest(null, Object(Config\Cache), false)
 7 SYSTEMPATH\Boot.php(325): CodeIgniter\CodeIgniter->run()
 8 SYSTEMPATH\Boot.php(67): CodeIgniter\Boot::runCodeIgniter(Object(CodeIgniter\CodeIgniter))
 9 FCPATH\index.php(56): CodeIgniter\Boot::bootWeb(Object(Config\Paths))
WARNING - 2024-11-22 09:16:18 --> [DEPRECATED] Creation of dynamic property IonAuth\Models\IonAuthModel::$join is deprecated in FCPATH\vendor\benedmunds\codeigniter-ion-auth\Models\IonAuthModel.php on line 231.
 1 APPPATH\Libraries\IonAuth.php(71): IonAuth\Models\IonAuthModel->__construct()
 2 APPPATH\Controllers\vendor\Products.php(25): App\Libraries\IonAuth->__construct()
 3 SYSTEMPATH\CodeIgniter.php(903): App\Controllers\vendor\Products->__construct()
 4 SYSTEMPATH\CodeIgniter.php(500): CodeIgniter\CodeIgniter->createController()
 5 SYSTEMPATH\CodeIgniter.php(355): CodeIgniter\CodeIgniter->handleRequest(null, Object(Config\Cache), false)
 6 SYSTEMPATH\Boot.php(325): CodeIgniter\CodeIgniter->run()
 7 SYSTEMPATH\Boot.php(67): CodeIgniter\Boot::runCodeIgniter(Object(CodeIgniter\CodeIgniter))
 8 FCPATH\index.php(56): CodeIgniter\Boot::bootWeb(Object(Config\Paths))
WARNING - 2024-11-22 09:16:18 --> [DEPRECATED] Creation of dynamic property IonAuth\Models\IonAuthModel::$hashMethod is deprecated in FCPATH\vendor\benedmunds\codeigniter-ion-auth\Models\IonAuthModel.php on line 234.
 1 APPPATH\Libraries\IonAuth.php(71): IonAuth\Models\IonAuthModel->__construct()
 2 APPPATH\Controllers\vendor\Products.php(25): App\Libraries\IonAuth->__construct()
 3 SYSTEMPATH\CodeIgniter.php(903): App\Controllers\vendor\Products->__construct()
 4 SYSTEMPATH\CodeIgniter.php(500): CodeIgniter\CodeIgniter->createController()
 5 SYSTEMPATH\CodeIgniter.php(355): CodeIgniter\CodeIgniter->handleRequest(null, Object(Config\Cache), false)
 6 SYSTEMPATH\Boot.php(325): CodeIgniter\CodeIgniter->run()
 7 SYSTEMPATH\Boot.php(67): CodeIgniter\Boot::runCodeIgniter(Object(CodeIgniter\CodeIgniter))
 8 FCPATH\index.php(56): CodeIgniter\Boot::bootWeb(Object(Config\Paths))
WARNING - 2024-11-22 09:16:18 --> [DEPRECATED] Creation of dynamic property IonAuth\Models\IonAuthModel::$messagesTemplates is deprecated in FCPATH\vendor\benedmunds\codeigniter-ion-auth\Models\IonAuthModel.php on line 237.
 1 APPPATH\Libraries\IonAuth.php(71): IonAuth\Models\IonAuthModel->__construct()
 2 APPPATH\Controllers\vendor\Products.php(25): App\Libraries\IonAuth->__construct()
 3 SYSTEMPATH\CodeIgniter.php(903): App\Controllers\vendor\Products->__construct()
 4 SYSTEMPATH\CodeIgniter.php(500): CodeIgniter\CodeIgniter->createController()
 5 SYSTEMPATH\CodeIgniter.php(355): CodeIgniter\CodeIgniter->handleRequest(null, Object(Config\Cache), false)
 6 SYSTEMPATH\Boot.php(325): CodeIgniter\CodeIgniter->run()
 7 SYSTEMPATH\Boot.php(67): CodeIgniter\Boot::runCodeIgniter(Object(CodeIgniter\CodeIgniter))
 8 FCPATH\index.php(56): CodeIgniter\Boot::bootWeb(Object(Config\Paths))
WARNING - 2024-11-22 14:46:18 --> [DEPRECATED] Creation of dynamic property IonAuth\Models\IonAuthModel::$join is deprecated in FCPATH\vendor\benedmunds\codeigniter-ion-auth\Models\IonAuthModel.php on line 231.
 1 APPPATH\Libraries\IonAuth.php(71): IonAuth\Models\IonAuthModel->__construct()
 2 APPPATH\Filters\CheckPermissions.php(16): App\Libraries\IonAuth->__construct()
 3 SYSTEMPATH\Filters\Filters.php(235): App\Filters\CheckPermissions->__construct()
 4 SYSTEMPATH\Filters\Filters.php(188): CodeIgniter\Filters\Filters->runAfter([...])
 5 SYSTEMPATH\CodeIgniter.php(527): CodeIgniter\Filters\Filters->run('vendor/products/stock_alert', 'after')
 6 SYSTEMPATH\CodeIgniter.php(355): CodeIgniter\CodeIgniter->handleRequest(null, Object(Config\Cache), false)
 7 SYSTEMPATH\Boot.php(325): CodeIgniter\CodeIgniter->run()
 8 SYSTEMPATH\Boot.php(67): CodeIgniter\Boot::runCodeIgniter(Object(CodeIgniter\CodeIgniter))
 9 FCPATH\index.php(56): CodeIgniter\Boot::bootWeb(Object(Config\Paths))
WARNING - 2024-11-22 14:46:18 --> [DEPRECATED] Creation of dynamic property IonAuth\Models\IonAuthModel::$hashMethod is deprecated in FCPATH\vendor\benedmunds\codeigniter-ion-auth\Models\IonAuthModel.php on line 234.
 1 APPPATH\Libraries\IonAuth.php(71): IonAuth\Models\IonAuthModel->__construct()
 2 APPPATH\Filters\CheckPermissions.php(16): App\Libraries\IonAuth->__construct()
 3 SYSTEMPATH\Filters\Filters.php(235): App\Filters\CheckPermissions->__construct()
 4 SYSTEMPATH\Filters\Filters.php(188): CodeIgniter\Filters\Filters->runAfter([...])
 5 SYSTEMPATH\CodeIgniter.php(527): CodeIgniter\Filters\Filters->run('vendor/products/stock_alert', 'after')
 6 SYSTEMPATH\CodeIgniter.php(355): CodeIgniter\CodeIgniter->handleRequest(null, Object(Config\Cache), false)
 7 SYSTEMPATH\Boot.php(325): CodeIgniter\CodeIgniter->run()
 8 SYSTEMPATH\Boot.php(67): CodeIgniter\Boot::runCodeIgniter(Object(CodeIgniter\CodeIgniter))
 9 FCPATH\index.php(56): CodeIgniter\Boot::bootWeb(Object(Config\Paths))
WARNING - 2024-11-22 14:46:18 --> [DEPRECATED] Creation of dynamic property IonAuth\Models\IonAuthModel::$messagesTemplates is deprecated in FCPATH\vendor\benedmunds\codeigniter-ion-auth\Models\IonAuthModel.php on line 237.
 1 APPPATH\Libraries\IonAuth.php(71): IonAuth\Models\IonAuthModel->__construct()
 2 APPPATH\Filters\CheckPermissions.php(16): App\Libraries\IonAuth->__construct()
 3 SYSTEMPATH\Filters\Filters.php(235): App\Filters\CheckPermissions->__construct()
 4 SYSTEMPATH\Filters\Filters.php(188): CodeIgniter\Filters\Filters->runAfter([...])
 5 SYSTEMPATH\CodeIgniter.php(527): CodeIgniter\Filters\Filters->run('vendor/products/stock_alert', 'after')
 6 SYSTEMPATH\CodeIgniter.php(355): CodeIgniter\CodeIgniter->handleRequest(null, Object(Config\Cache), false)
 7 SYSTEMPATH\Boot.php(325): CodeIgniter\CodeIgniter->run()
 8 SYSTEMPATH\Boot.php(67): CodeIgniter\Boot::runCodeIgniter(Object(CodeIgniter\CodeIgniter))
 9 FCPATH\index.php(56): CodeIgniter\Boot::bootWeb(Object(Config\Paths))
INFO - 2024-11-22 09:16:21 --> Session: Class initialized using 'CodeIgniter\Session\Handlers\FileHandler' driver.
WARNING - 2024-11-22 09:16:21 --> [DEPRECATED] Creation of dynamic property IonAuth\Models\IonAuthModel::$join is deprecated in FCPATH\vendor\benedmunds\codeigniter-ion-auth\Models\IonAuthModel.php on line 231.
 1 APPPATH\Libraries\IonAuth.php(71): IonAuth\Models\IonAuthModel->__construct()
 2 APPPATH\Filters\CheckPermissions.php(16): App\Libraries\IonAuth->__construct()
 3 SYSTEMPATH\Filters\Filters.php(197): App\Filters\CheckPermissions->__construct()
 4 SYSTEMPATH\Filters\Filters.php(184): CodeIgniter\Filters\Filters->runBefore([...])
 5 SYSTEMPATH\CodeIgniter.php(481): CodeIgniter\Filters\Filters->run('vendor/orders/view_orders/33', 'before')
 6 SYSTEMPATH\CodeIgniter.php(355): CodeIgniter\CodeIgniter->handleRequest(null, Object(Config\Cache), false)
 7 SYSTEMPATH\Boot.php(325): CodeIgniter\CodeIgniter->run()
 8 SYSTEMPATH\Boot.php(67): CodeIgniter\Boot::runCodeIgniter(Object(CodeIgniter\CodeIgniter))
 9 FCPATH\index.php(56): CodeIgniter\Boot::bootWeb(Object(Config\Paths))
WARNING - 2024-11-22 09:16:21 --> [DEPRECATED] Creation of dynamic property IonAuth\Models\IonAuthModel::$hashMethod is deprecated in FCPATH\vendor\benedmunds\codeigniter-ion-auth\Models\IonAuthModel.php on line 234.
 1 APPPATH\Libraries\IonAuth.php(71): IonAuth\Models\IonAuthModel->__construct()
 2 APPPATH\Filters\CheckPermissions.php(16): App\Libraries\IonAuth->__construct()
 3 SYSTEMPATH\Filters\Filters.php(197): App\Filters\CheckPermissions->__construct()
 4 SYSTEMPATH\Filters\Filters.php(184): CodeIgniter\Filters\Filters->runBefore([...])
 5 SYSTEMPATH\CodeIgniter.php(481): CodeIgniter\Filters\Filters->run('vendor/orders/view_orders/33', 'before')
 6 SYSTEMPATH\CodeIgniter.php(355): CodeIgniter\CodeIgniter->handleRequest(null, Object(Config\Cache), false)
 7 SYSTEMPATH\Boot.php(325): CodeIgniter\CodeIgniter->run()
 8 SYSTEMPATH\Boot.php(67): CodeIgniter\Boot::runCodeIgniter(Object(CodeIgniter\CodeIgniter))
 9 FCPATH\index.php(56): CodeIgniter\Boot::bootWeb(Object(Config\Paths))
WARNING - 2024-11-22 09:16:21 --> [DEPRECATED] Creation of dynamic property IonAuth\Models\IonAuthModel::$messagesTemplates is deprecated in FCPATH\vendor\benedmunds\codeigniter-ion-auth\Models\IonAuthModel.php on line 237.
 1 APPPATH\Libraries\IonAuth.php(71): IonAuth\Models\IonAuthModel->__construct()
 2 APPPATH\Filters\CheckPermissions.php(16): App\Libraries\IonAuth->__construct()
 3 SYSTEMPATH\Filters\Filters.php(197): App\Filters\CheckPermissions->__construct()
 4 SYSTEMPATH\Filters\Filters.php(184): CodeIgniter\Filters\Filters->runBefore([...])
 5 SYSTEMPATH\CodeIgniter.php(481): CodeIgniter\Filters\Filters->run('vendor/orders/view_orders/33', 'before')
 6 SYSTEMPATH\CodeIgniter.php(355): CodeIgniter\CodeIgniter->handleRequest(null, Object(Config\Cache), false)
 7 SYSTEMPATH\Boot.php(325): CodeIgniter\CodeIgniter->run()
 8 SYSTEMPATH\Boot.php(67): CodeIgniter\Boot::runCodeIgniter(Object(CodeIgniter\CodeIgniter))
 9 FCPATH\index.php(56): CodeIgniter\Boot::bootWeb(Object(Config\Paths))
WARNING - 2024-11-22 09:16:21 --> [DEPRECATED] Creation of dynamic property IonAuth\Models\IonAuthModel::$join is deprecated in FCPATH\vendor\benedmunds\codeigniter-ion-auth\Models\IonAuthModel.php on line 231.
 1 APPPATH\Libraries\IonAuth.php(71): IonAuth\Models\IonAuthModel->__construct()
 2 APPPATH\Controllers\vendor\Orders.php(28): App\Libraries\IonAuth->__construct()
 3 SYSTEMPATH\CodeIgniter.php(903): App\Controllers\vendor\Orders->__construct()
 4 SYSTEMPATH\CodeIgniter.php(500): CodeIgniter\CodeIgniter->createController()
 5 SYSTEMPATH\CodeIgniter.php(355): CodeIgniter\CodeIgniter->handleRequest(null, Object(Config\Cache), false)
 6 SYSTEMPATH\Boot.php(325): CodeIgniter\CodeIgniter->run()
 7 SYSTEMPATH\Boot.php(67): CodeIgniter\Boot::runCodeIgniter(Object(CodeIgniter\CodeIgniter))
 8 FCPATH\index.php(56): CodeIgniter\Boot::bootWeb(Object(Config\Paths))
WARNING - 2024-11-22 09:16:21 --> [DEPRECATED] Creation of dynamic property IonAuth\Models\IonAuthModel::$hashMethod is deprecated in FCPATH\vendor\benedmunds\codeigniter-ion-auth\Models\IonAuthModel.php on line 234.
 1 APPPATH\Libraries\IonAuth.php(71): IonAuth\Models\IonAuthModel->__construct()
 2 APPPATH\Controllers\vendor\Orders.php(28): App\Libraries\IonAuth->__construct()
 3 SYSTEMPATH\CodeIgniter.php(903): App\Controllers\vendor\Orders->__construct()
 4 SYSTEMPATH\CodeIgniter.php(500): CodeIgniter\CodeIgniter->createController()
 5 SYSTEMPATH\CodeIgniter.php(355): CodeIgniter\CodeIgniter->handleRequest(null, Object(Config\Cache), false)
 6 SYSTEMPATH\Boot.php(325): CodeIgniter\CodeIgniter->run()
 7 SYSTEMPATH\Boot.php(67): CodeIgniter\Boot::runCodeIgniter(Object(CodeIgniter\CodeIgniter))
 8 FCPATH\index.php(56): CodeIgniter\Boot::bootWeb(Object(Config\Paths))
WARNING - 2024-11-22 09:16:21 --> [DEPRECATED] Creation of dynamic property IonAuth\Models\IonAuthModel::$messagesTemplates is deprecated in FCPATH\vendor\benedmunds\codeigniter-ion-auth\Models\IonAuthModel.php on line 237.
 1 APPPATH\Libraries\IonAuth.php(71): IonAuth\Models\IonAuthModel->__construct()
 2 APPPATH\Controllers\vendor\Orders.php(28): App\Libraries\IonAuth->__construct()
 3 SYSTEMPATH\CodeIgniter.php(903): App\Controllers\vendor\Orders->__construct()
 4 SYSTEMPATH\CodeIgniter.php(500): CodeIgniter\CodeIgniter->createController()
 5 SYSTEMPATH\CodeIgniter.php(355): CodeIgniter\CodeIgniter->handleRequest(null, Object(Config\Cache), false)
 6 SYSTEMPATH\Boot.php(325): CodeIgniter\CodeIgniter->run()
 7 SYSTEMPATH\Boot.php(67): CodeIgniter\Boot::runCodeIgniter(Object(CodeIgniter\CodeIgniter))
 8 FCPATH\index.php(56): CodeIgniter\Boot::bootWeb(Object(Config\Paths))
WARNING - 2024-11-22 14:46:21 --> [DEPRECATED] Creation of dynamic property App\Controllers\vendor\Orders::$data is deprecated in APPPATH\Controllers\vendor\Orders.php on line 296.
 1 SYSTEMPATH\CodeIgniter.php(933): App\Controllers\vendor\Orders->view_orders('33')
 2 SYSTEMPATH\CodeIgniter.php(509): CodeIgniter\CodeIgniter->runController(Object(App\Controllers\vendor\Orders))
 3 SYSTEMPATH\CodeIgniter.php(355): CodeIgniter\CodeIgniter->handleRequest(null, Object(Config\Cache), false)
 4 SYSTEMPATH\Boot.php(325): CodeIgniter\CodeIgniter->run()
 5 SYSTEMPATH\Boot.php(67): CodeIgniter\Boot::runCodeIgniter(Object(CodeIgniter\CodeIgniter))
 6 FCPATH\index.php(56): CodeIgniter\Boot::bootWeb(Object(Config\Paths))
WARNING - 2024-11-22 14:46:21 --> [DEPRECATED] Creation of dynamic property IonAuth\Models\IonAuthModel::$join is deprecated in FCPATH\vendor\benedmunds\codeigniter-ion-auth\Models\IonAuthModel.php on line 231.
 1 APPPATH\Libraries\IonAuth.php(71): IonAuth\Models\IonAuthModel->__construct()
 2 APPPATH\Filters\CheckPermissions.php(16): App\Libraries\IonAuth->__construct()
 3 SYSTEMPATH\Filters\Filters.php(235): App\Filters\CheckPermissions->__construct()
 4 SYSTEMPATH\Filters\Filters.php(188): CodeIgniter\Filters\Filters->runAfter([...])
 5 SYSTEMPATH\CodeIgniter.php(527): CodeIgniter\Filters\Filters->run('vendor/orders/view_orders/33', 'after')
 6 SYSTEMPATH\CodeIgniter.php(355): CodeIgniter\CodeIgniter->handleRequest(null, Object(Config\Cache), false)
 7 SYSTEMPATH\Boot.php(325): CodeIgniter\CodeIgniter->run()
 8 SYSTEMPATH\Boot.php(67): CodeIgniter\Boot::runCodeIgniter(Object(CodeIgniter\CodeIgniter))
 9 FCPATH\index.php(56): CodeIgniter\Boot::bootWeb(Object(Config\Paths))
WARNING - 2024-11-22 14:46:21 --> [DEPRECATED] Creation of dynamic property IonAuth\Models\IonAuthModel::$hashMethod is deprecated in FCPATH\vendor\benedmunds\codeigniter-ion-auth\Models\IonAuthModel.php on line 234.
 1 APPPATH\Libraries\IonAuth.php(71): IonAuth\Models\IonAuthModel->__construct()
 2 APPPATH\Filters\CheckPermissions.php(16): App\Libraries\IonAuth->__construct()
 3 SYSTEMPATH\Filters\Filters.php(235): App\Filters\CheckPermissions->__construct()
 4 SYSTEMPATH\Filters\Filters.php(188): CodeIgniter\Filters\Filters->runAfter([...])
 5 SYSTEMPATH\CodeIgniter.php(527): CodeIgniter\Filters\Filters->run('vendor/orders/view_orders/33', 'after')
 6 SYSTEMPATH\CodeIgniter.php(355): CodeIgniter\CodeIgniter->handleRequest(null, Object(Config\Cache), false)
 7 SYSTEMPATH\Boot.php(325): CodeIgniter\CodeIgniter->run()
 8 SYSTEMPATH\Boot.php(67): CodeIgniter\Boot::runCodeIgniter(Object(CodeIgniter\CodeIgniter))
 9 FCPATH\index.php(56): CodeIgniter\Boot::bootWeb(Object(Config\Paths))
WARNING - 2024-11-22 14:46:21 --> [DEPRECATED] Creation of dynamic property IonAuth\Models\IonAuthModel::$messagesTemplates is deprecated in FCPATH\vendor\benedmunds\codeigniter-ion-auth\Models\IonAuthModel.php on line 237.
 1 APPPATH\Libraries\IonAuth.php(71): IonAuth\Models\IonAuthModel->__construct()
 2 APPPATH\Filters\CheckPermissions.php(16): App\Libraries\IonAuth->__construct()
 3 SYSTEMPATH\Filters\Filters.php(235): App\Filters\CheckPermissions->__construct()
 4 SYSTEMPATH\Filters\Filters.php(188): CodeIgniter\Filters\Filters->runAfter([...])
 5 SYSTEMPATH\CodeIgniter.php(527): CodeIgniter\Filters\Filters->run('vendor/orders/view_orders/33', 'after')
 6 SYSTEMPATH\CodeIgniter.php(355): CodeIgniter\CodeIgniter->handleRequest(null, Object(Config\Cache), false)
 7 SYSTEMPATH\Boot.php(325): CodeIgniter\CodeIgniter->run()
 8 SYSTEMPATH\Boot.php(67): CodeIgniter\Boot::runCodeIgniter(Object(CodeIgniter\CodeIgniter))
 9 FCPATH\index.php(56): CodeIgniter\Boot::bootWeb(Object(Config\Paths))
INFO - 2024-11-22 09:16:22 --> Session: Class initialized using 'CodeIgniter\Session\Handlers\FileHandler' driver.
WARNING - 2024-11-22 09:16:22 --> [DEPRECATED] Creation of dynamic property IonAuth\Models\IonAuthModel::$join is deprecated in FCPATH\vendor\benedmunds\codeigniter-ion-auth\Models\IonAuthModel.php on line 231.
 1 APPPATH\Libraries\IonAuth.php(71): IonAuth\Models\IonAuthModel->__construct()
 2 APPPATH\Filters\CheckPermissions.php(16): App\Libraries\IonAuth->__construct()
 3 SYSTEMPATH\Filters\Filters.php(197): App\Filters\CheckPermissions->__construct()
 4 SYSTEMPATH\Filters\Filters.php(184): CodeIgniter\Filters\Filters->runBefore([...])
 5 SYSTEMPATH\CodeIgniter.php(481): CodeIgniter\Filters\Filters->run('vendor/transactions/customer_transaction_table/33/3', 'before')
 6 SYSTEMPATH\CodeIgniter.php(355): CodeIgniter\CodeIgniter->handleRequest(null, Object(Config\Cache), false)
 7 SYSTEMPATH\Boot.php(325): CodeIgniter\CodeIgniter->run()
 8 SYSTEMPATH\Boot.php(67): CodeIgniter\Boot::runCodeIgniter(Object(CodeIgniter\CodeIgniter))
 9 FCPATH\index.php(56): CodeIgniter\Boot::bootWeb(Object(Config\Paths))
WARNING - 2024-11-22 09:16:22 --> [DEPRECATED] Creation of dynamic property IonAuth\Models\IonAuthModel::$hashMethod is deprecated in FCPATH\vendor\benedmunds\codeigniter-ion-auth\Models\IonAuthModel.php on line 234.
 1 APPPATH\Libraries\IonAuth.php(71): IonAuth\Models\IonAuthModel->__construct()
 2 APPPATH\Filters\CheckPermissions.php(16): App\Libraries\IonAuth->__construct()
 3 SYSTEMPATH\Filters\Filters.php(197): App\Filters\CheckPermissions->__construct()
 4 SYSTEMPATH\Filters\Filters.php(184): CodeIgniter\Filters\Filters->runBefore([...])
 5 SYSTEMPATH\CodeIgniter.php(481): CodeIgniter\Filters\Filters->run('vendor/transactions/customer_transaction_table/33/3', 'before')
 6 SYSTEMPATH\CodeIgniter.php(355): CodeIgniter\CodeIgniter->handleRequest(null, Object(Config\Cache), false)
 7 SYSTEMPATH\Boot.php(325): CodeIgniter\CodeIgniter->run()
 8 SYSTEMPATH\Boot.php(67): CodeIgniter\Boot::runCodeIgniter(Object(CodeIgniter\CodeIgniter))
 9 FCPATH\index.php(56): CodeIgniter\Boot::bootWeb(Object(Config\Paths))
WARNING - 2024-11-22 09:16:22 --> [DEPRECATED] Creation of dynamic property IonAuth\Models\IonAuthModel::$messagesTemplates is deprecated in FCPATH\vendor\benedmunds\codeigniter-ion-auth\Models\IonAuthModel.php on line 237.
 1 APPPATH\Libraries\IonAuth.php(71): IonAuth\Models\IonAuthModel->__construct()
 2 APPPATH\Filters\CheckPermissions.php(16): App\Libraries\IonAuth->__construct()
 3 SYSTEMPATH\Filters\Filters.php(197): App\Filters\CheckPermissions->__construct()
 4 SYSTEMPATH\Filters\Filters.php(184): CodeIgniter\Filters\Filters->runBefore([...])
 5 SYSTEMPATH\CodeIgniter.php(481): CodeIgniter\Filters\Filters->run('vendor/transactions/customer_transaction_table/33/3', 'before')
 6 SYSTEMPATH\CodeIgniter.php(355): CodeIgniter\CodeIgniter->handleRequest(null, Object(Config\Cache), false)
 7 SYSTEMPATH\Boot.php(325): CodeIgniter\CodeIgniter->run()
 8 SYSTEMPATH\Boot.php(67): CodeIgniter\Boot::runCodeIgniter(Object(CodeIgniter\CodeIgniter))
 9 FCPATH\index.php(56): CodeIgniter\Boot::bootWeb(Object(Config\Paths))
WARNING - 2024-11-22 09:16:22 --> [DEPRECATED] Creation of dynamic property IonAuth\Models\IonAuthModel::$join is deprecated in FCPATH\vendor\benedmunds\codeigniter-ion-auth\Models\IonAuthModel.php on line 231.
 1 APPPATH\Libraries\IonAuth.php(71): IonAuth\Models\IonAuthModel->__construct()
 2 APPPATH\Controllers\vendor\Transactions.php(18): App\Libraries\IonAuth->__construct()
 3 SYSTEMPATH\CodeIgniter.php(903): App\Controllers\vendor\Transactions->__construct()
 4 SYSTEMPATH\CodeIgniter.php(500): CodeIgniter\CodeIgniter->createController()
 5 SYSTEMPATH\CodeIgniter.php(355): CodeIgniter\CodeIgniter->handleRequest(null, Object(Config\Cache), false)
 6 SYSTEMPATH\Boot.php(325): CodeIgniter\CodeIgniter->run()
 7 SYSTEMPATH\Boot.php(67): CodeIgniter\Boot::runCodeIgniter(Object(CodeIgniter\CodeIgniter))
 8 FCPATH\index.php(56): CodeIgniter\Boot::bootWeb(Object(Config\Paths))
WARNING - 2024-11-22 09:16:22 --> [DEPRECATED] Creation of dynamic property IonAuth\Models\IonAuthModel::$hashMethod is deprecated in FCPATH\vendor\benedmunds\codeigniter-ion-auth\Models\IonAuthModel.php on line 234.
 1 APPPATH\Libraries\IonAuth.php(71): IonAuth\Models\IonAuthModel->__construct()
 2 APPPATH\Controllers\vendor\Transactions.php(18): App\Libraries\IonAuth->__construct()
 3 SYSTEMPATH\CodeIgniter.php(903): App\Controllers\vendor\Transactions->__construct()
 4 SYSTEMPATH\CodeIgniter.php(500): CodeIgniter\CodeIgniter->createController()
 5 SYSTEMPATH\CodeIgniter.php(355): CodeIgniter\CodeIgniter->handleRequest(null, Object(Config\Cache), false)
 6 SYSTEMPATH\Boot.php(325): CodeIgniter\CodeIgniter->run()
 7 SYSTEMPATH\Boot.php(67): CodeIgniter\Boot::runCodeIgniter(Object(CodeIgniter\CodeIgniter))
 8 FCPATH\index.php(56): CodeIgniter\Boot::bootWeb(Object(Config\Paths))
WARNING - 2024-11-22 09:16:22 --> [DEPRECATED] Creation of dynamic property IonAuth\Models\IonAuthModel::$messagesTemplates is deprecated in FCPATH\vendor\benedmunds\codeigniter-ion-auth\Models\IonAuthModel.php on line 237.
 1 APPPATH\Libraries\IonAuth.php(71): IonAuth\Models\IonAuthModel->__construct()
 2 APPPATH\Controllers\vendor\Transactions.php(18): App\Libraries\IonAuth->__construct()
 3 SYSTEMPATH\CodeIgniter.php(903): App\Controllers\vendor\Transactions->__construct()
 4 SYSTEMPATH\CodeIgniter.php(500): CodeIgniter\CodeIgniter->createController()
 5 SYSTEMPATH\CodeIgniter.php(355): CodeIgniter\CodeIgniter->handleRequest(null, Object(Config\Cache), false)
 6 SYSTEMPATH\Boot.php(325): CodeIgniter\CodeIgniter->run()
 7 SYSTEMPATH\Boot.php(67): CodeIgniter\Boot::runCodeIgniter(Object(CodeIgniter\CodeIgniter))
 8 FCPATH\index.php(56): CodeIgniter\Boot::bootWeb(Object(Config\Paths))
WARNING - 2024-11-22 14:46:22 --> [DEPRECATED] Creation of dynamic property IonAuth\Models\IonAuthModel::$join is deprecated in FCPATH\vendor\benedmunds\codeigniter-ion-auth\Models\IonAuthModel.php on line 231.
 1 APPPATH\Libraries\IonAuth.php(71): IonAuth\Models\IonAuthModel->__construct()
 2 APPPATH\Filters\CheckPermissions.php(16): App\Libraries\IonAuth->__construct()
 3 SYSTEMPATH\Filters\Filters.php(235): App\Filters\CheckPermissions->__construct()
 4 SYSTEMPATH\Filters\Filters.php(188): CodeIgniter\Filters\Filters->runAfter([...])
 5 SYSTEMPATH\CodeIgniter.php(527): CodeIgniter\Filters\Filters->run('vendor/transactions/customer_transaction_table/33/3', 'after')
 6 SYSTEMPATH\CodeIgniter.php(355): CodeIgniter\CodeIgniter->handleRequest(null, Object(Config\Cache), false)
 7 SYSTEMPATH\Boot.php(325): CodeIgniter\CodeIgniter->run()
 8 SYSTEMPATH\Boot.php(67): CodeIgniter\Boot::runCodeIgniter(Object(CodeIgniter\CodeIgniter))
 9 FCPATH\index.php(56): CodeIgniter\Boot::bootWeb(Object(Config\Paths))
WARNING - 2024-11-22 14:46:22 --> [DEPRECATED] Creation of dynamic property IonAuth\Models\IonAuthModel::$hashMethod is deprecated in FCPATH\vendor\benedmunds\codeigniter-ion-auth\Models\IonAuthModel.php on line 234.
 1 APPPATH\Libraries\IonAuth.php(71): IonAuth\Models\IonAuthModel->__construct()
 2 APPPATH\Filters\CheckPermissions.php(16): App\Libraries\IonAuth->__construct()
 3 SYSTEMPATH\Filters\Filters.php(235): App\Filters\CheckPermissions->__construct()
 4 SYSTEMPATH\Filters\Filters.php(188): CodeIgniter\Filters\Filters->runAfter([...])
 5 SYSTEMPATH\CodeIgniter.php(527): CodeIgniter\Filters\Filters->run('vendor/transactions/customer_transaction_table/33/3', 'after')
 6 SYSTEMPATH\CodeIgniter.php(355): CodeIgniter\CodeIgniter->handleRequest(null, Object(Config\Cache), false)
 7 SYSTEMPATH\Boot.php(325): CodeIgniter\CodeIgniter->run()
 8 SYSTEMPATH\Boot.php(67): CodeIgniter\Boot::runCodeIgniter(Object(CodeIgniter\CodeIgniter))
 9 FCPATH\index.php(56): CodeIgniter\Boot::bootWeb(Object(Config\Paths))
WARNING - 2024-11-22 14:46:22 --> [DEPRECATED] Creation of dynamic property IonAuth\Models\IonAuthModel::$messagesTemplates is deprecated in FCPATH\vendor\benedmunds\codeigniter-ion-auth\Models\IonAuthModel.php on line 237.
 1 APPPATH\Libraries\IonAuth.php(71): IonAuth\Models\IonAuthModel->__construct()
 2 APPPATH\Filters\CheckPermissions.php(16): App\Libraries\IonAuth->__construct()
 3 SYSTEMPATH\Filters\Filters.php(235): App\Filters\CheckPermissions->__construct()
 4 SYSTEMPATH\Filters\Filters.php(188): CodeIgniter\Filters\Filters->runAfter([...])
 5 SYSTEMPATH\CodeIgniter.php(527): CodeIgniter\Filters\Filters->run('vendor/transactions/customer_transaction_table/33/3', 'after')
 6 SYSTEMPATH\CodeIgniter.php(355): CodeIgniter\CodeIgniter->handleRequest(null, Object(Config\Cache), false)
 7 SYSTEMPATH\Boot.php(325): CodeIgniter\CodeIgniter->run()
 8 SYSTEMPATH\Boot.php(67): CodeIgniter\Boot::runCodeIgniter(Object(CodeIgniter\CodeIgniter))
 9 FCPATH\index.php(56): CodeIgniter\Boot::bootWeb(Object(Config\Paths))
INFO - 2024-11-22 09:16:23 --> Session: Class initialized using 'CodeIgniter\Session\Handlers\FileHandler' driver.
WARNING - 2024-11-22 09:16:23 --> [DEPRECATED] Creation of dynamic property IonAuth\Models\IonAuthModel::$join is deprecated in FCPATH\vendor\benedmunds\codeigniter-ion-auth\Models\IonAuthModel.php on line 231.
 1 APPPATH\Libraries\IonAuth.php(71): IonAuth\Models\IonAuthModel->__construct()
 2 APPPATH\Filters\CheckPermissions.php(16): App\Libraries\IonAuth->__construct()
 3 SYSTEMPATH\Filters\Filters.php(197): App\Filters\CheckPermissions->__construct()
 4 SYSTEMPATH\Filters\Filters.php(184): CodeIgniter\Filters\Filters->runBefore([...])
 5 SYSTEMPATH\CodeIgniter.php(481): CodeIgniter\Filters\Filters->run('vendor/products/stock_alert', 'before')
 6 SYSTEMPATH\CodeIgniter.php(355): CodeIgniter\CodeIgniter->handleRequest(null, Object(Config\Cache), false)
 7 SYSTEMPATH\Boot.php(325): CodeIgniter\CodeIgniter->run()
 8 SYSTEMPATH\Boot.php(67): CodeIgniter\Boot::runCodeIgniter(Object(CodeIgniter\CodeIgniter))
 9 FCPATH\index.php(56): CodeIgniter\Boot::bootWeb(Object(Config\Paths))
WARNING - 2024-11-22 09:16:23 --> [DEPRECATED] Creation of dynamic property IonAuth\Models\IonAuthModel::$hashMethod is deprecated in FCPATH\vendor\benedmunds\codeigniter-ion-auth\Models\IonAuthModel.php on line 234.
 1 APPPATH\Libraries\IonAuth.php(71): IonAuth\Models\IonAuthModel->__construct()
 2 APPPATH\Filters\CheckPermissions.php(16): App\Libraries\IonAuth->__construct()
 3 SYSTEMPATH\Filters\Filters.php(197): App\Filters\CheckPermissions->__construct()
 4 SYSTEMPATH\Filters\Filters.php(184): CodeIgniter\Filters\Filters->runBefore([...])
 5 SYSTEMPATH\CodeIgniter.php(481): CodeIgniter\Filters\Filters->run('vendor/products/stock_alert', 'before')
 6 SYSTEMPATH\CodeIgniter.php(355): CodeIgniter\CodeIgniter->handleRequest(null, Object(Config\Cache), false)
 7 SYSTEMPATH\Boot.php(325): CodeIgniter\CodeIgniter->run()
 8 SYSTEMPATH\Boot.php(67): CodeIgniter\Boot::runCodeIgniter(Object(CodeIgniter\CodeIgniter))
 9 FCPATH\index.php(56): CodeIgniter\Boot::bootWeb(Object(Config\Paths))
WARNING - 2024-11-22 09:16:23 --> [DEPRECATED] Creation of dynamic property IonAuth\Models\IonAuthModel::$messagesTemplates is deprecated in FCPATH\vendor\benedmunds\codeigniter-ion-auth\Models\IonAuthModel.php on line 237.
 1 APPPATH\Libraries\IonAuth.php(71): IonAuth\Models\IonAuthModel->__construct()
 2 APPPATH\Filters\CheckPermissions.php(16): App\Libraries\IonAuth->__construct()
 3 SYSTEMPATH\Filters\Filters.php(197): App\Filters\CheckPermissions->__construct()
 4 SYSTEMPATH\Filters\Filters.php(184): CodeIgniter\Filters\Filters->runBefore([...])
 5 SYSTEMPATH\CodeIgniter.php(481): CodeIgniter\Filters\Filters->run('vendor/products/stock_alert', 'before')
 6 SYSTEMPATH\CodeIgniter.php(355): CodeIgniter\CodeIgniter->handleRequest(null, Object(Config\Cache), false)
 7 SYSTEMPATH\Boot.php(325): CodeIgniter\CodeIgniter->run()
 8 SYSTEMPATH\Boot.php(67): CodeIgniter\Boot::runCodeIgniter(Object(CodeIgniter\CodeIgniter))
 9 FCPATH\index.php(56): CodeIgniter\Boot::bootWeb(Object(Config\Paths))
WARNING - 2024-11-22 09:16:23 --> [DEPRECATED] Creation of dynamic property IonAuth\Models\IonAuthModel::$join is deprecated in FCPATH\vendor\benedmunds\codeigniter-ion-auth\Models\IonAuthModel.php on line 231.
 1 APPPATH\Libraries\IonAuth.php(71): IonAuth\Models\IonAuthModel->__construct()
 2 APPPATH\Controllers\vendor\Products.php(25): App\Libraries\IonAuth->__construct()
 3 SYSTEMPATH\CodeIgniter.php(903): App\Controllers\vendor\Products->__construct()
 4 SYSTEMPATH\CodeIgniter.php(500): CodeIgniter\CodeIgniter->createController()
 5 SYSTEMPATH\CodeIgniter.php(355): CodeIgniter\CodeIgniter->handleRequest(null, Object(Config\Cache), false)
 6 SYSTEMPATH\Boot.php(325): CodeIgniter\CodeIgniter->run()
 7 SYSTEMPATH\Boot.php(67): CodeIgniter\Boot::runCodeIgniter(Object(CodeIgniter\CodeIgniter))
 8 FCPATH\index.php(56): CodeIgniter\Boot::bootWeb(Object(Config\Paths))
WARNING - 2024-11-22 09:16:23 --> [DEPRECATED] Creation of dynamic property IonAuth\Models\IonAuthModel::$hashMethod is deprecated in FCPATH\vendor\benedmunds\codeigniter-ion-auth\Models\IonAuthModel.php on line 234.
 1 APPPATH\Libraries\IonAuth.php(71): IonAuth\Models\IonAuthModel->__construct()
 2 APPPATH\Controllers\vendor\Products.php(25): App\Libraries\IonAuth->__construct()
 3 SYSTEMPATH\CodeIgniter.php(903): App\Controllers\vendor\Products->__construct()
 4 SYSTEMPATH\CodeIgniter.php(500): CodeIgniter\CodeIgniter->createController()
 5 SYSTEMPATH\CodeIgniter.php(355): CodeIgniter\CodeIgniter->handleRequest(null, Object(Config\Cache), false)
 6 SYSTEMPATH\Boot.php(325): CodeIgniter\CodeIgniter->run()
 7 SYSTEMPATH\Boot.php(67): CodeIgniter\Boot::runCodeIgniter(Object(CodeIgniter\CodeIgniter))
 8 FCPATH\index.php(56): CodeIgniter\Boot::bootWeb(Object(Config\Paths))
WARNING - 2024-11-22 09:16:23 --> [DEPRECATED] Creation of dynamic property IonAuth\Models\IonAuthModel::$messagesTemplates is deprecated in FCPATH\vendor\benedmunds\codeigniter-ion-auth\Models\IonAuthModel.php on line 237.
 1 APPPATH\Libraries\IonAuth.php(71): IonAuth\Models\IonAuthModel->__construct()
 2 APPPATH\Controllers\vendor\Products.php(25): App\Libraries\IonAuth->__construct()
 3 SYSTEMPATH\CodeIgniter.php(903): App\Controllers\vendor\Products->__construct()
 4 SYSTEMPATH\CodeIgniter.php(500): CodeIgniter\CodeIgniter->createController()
 5 SYSTEMPATH\CodeIgniter.php(355): CodeIgniter\CodeIgniter->handleRequest(null, Object(Config\Cache), false)
 6 SYSTEMPATH\Boot.php(325): CodeIgniter\CodeIgniter->run()
 7 SYSTEMPATH\Boot.php(67): CodeIgniter\Boot::runCodeIgniter(Object(CodeIgniter\CodeIgniter))
 8 FCPATH\index.php(56): CodeIgniter\Boot::bootWeb(Object(Config\Paths))
WARNING - 2024-11-22 14:46:23 --> [DEPRECATED] Creation of dynamic property IonAuth\Models\IonAuthModel::$join is deprecated in FCPATH\vendor\benedmunds\codeigniter-ion-auth\Models\IonAuthModel.php on line 231.
 1 APPPATH\Libraries\IonAuth.php(71): IonAuth\Models\IonAuthModel->__construct()
 2 APPPATH\Filters\CheckPermissions.php(16): App\Libraries\IonAuth->__construct()
 3 SYSTEMPATH\Filters\Filters.php(235): App\Filters\CheckPermissions->__construct()
 4 SYSTEMPATH\Filters\Filters.php(188): CodeIgniter\Filters\Filters->runAfter([...])
 5 SYSTEMPATH\CodeIgniter.php(527): CodeIgniter\Filters\Filters->run('vendor/products/stock_alert', 'after')
 6 SYSTEMPATH\CodeIgniter.php(355): CodeIgniter\CodeIgniter->handleRequest(null, Object(Config\Cache), false)
 7 SYSTEMPATH\Boot.php(325): CodeIgniter\CodeIgniter->run()
 8 SYSTEMPATH\Boot.php(67): CodeIgniter\Boot::runCodeIgniter(Object(CodeIgniter\CodeIgniter))
 9 FCPATH\index.php(56): CodeIgniter\Boot::bootWeb(Object(Config\Paths))
WARNING - 2024-11-22 14:46:23 --> [DEPRECATED] Creation of dynamic property IonAuth\Models\IonAuthModel::$hashMethod is deprecated in FCPATH\vendor\benedmunds\codeigniter-ion-auth\Models\IonAuthModel.php on line 234.
 1 APPPATH\Libraries\IonAuth.php(71): IonAuth\Models\IonAuthModel->__construct()
 2 APPPATH\Filters\CheckPermissions.php(16): App\Libraries\IonAuth->__construct()
 3 SYSTEMPATH\Filters\Filters.php(235): App\Filters\CheckPermissions->__construct()
 4 SYSTEMPATH\Filters\Filters.php(188): CodeIgniter\Filters\Filters->runAfter([...])
 5 SYSTEMPATH\CodeIgniter.php(527): CodeIgniter\Filters\Filters->run('vendor/products/stock_alert', 'after')
 6 SYSTEMPATH\CodeIgniter.php(355): CodeIgniter\CodeIgniter->handleRequest(null, Object(Config\Cache), false)
 7 SYSTEMPATH\Boot.php(325): CodeIgniter\CodeIgniter->run()
 8 SYSTEMPATH\Boot.php(67): CodeIgniter\Boot::runCodeIgniter(Object(CodeIgniter\CodeIgniter))
 9 FCPATH\index.php(56): CodeIgniter\Boot::bootWeb(Object(Config\Paths))
WARNING - 2024-11-22 14:46:23 --> [DEPRECATED] Creation of dynamic property IonAuth\Models\IonAuthModel::$messagesTemplates is deprecated in FCPATH\vendor\benedmunds\codeigniter-ion-auth\Models\IonAuthModel.php on line 237.
 1 APPPATH\Libraries\IonAuth.php(71): IonAuth\Models\IonAuthModel->__construct()
 2 APPPATH\Filters\CheckPermissions.php(16): App\Libraries\IonAuth->__construct()
 3 SYSTEMPATH\Filters\Filters.php(235): App\Filters\CheckPermissions->__construct()
 4 SYSTEMPATH\Filters\Filters.php(188): CodeIgniter\Filters\Filters->runAfter([...])
 5 SYSTEMPATH\CodeIgniter.php(527): CodeIgniter\Filters\Filters->run('vendor/products/stock_alert', 'after')
 6 SYSTEMPATH\CodeIgniter.php(355): CodeIgniter\CodeIgniter->handleRequest(null, Object(Config\Cache), false)
 7 SYSTEMPATH\Boot.php(325): CodeIgniter\CodeIgniter->run()
 8 SYSTEMPATH\Boot.php(67): CodeIgniter\Boot::runCodeIgniter(Object(CodeIgniter\CodeIgniter))
 9 FCPATH\index.php(56): CodeIgniter\Boot::bootWeb(Object(Config\Paths))
