INFO - 2025-02-13 06:47:42 --> Session: Class initialized using 'CodeIgniter\Session\Handlers\FileHandler' driver.
WARNING - 2025-02-13 06:47:42 --> [DEPRECATED] Creation of dynamic property IonAuth\Models\IonAuthModel::$join is deprecated in FCPATH\vendor\benedmunds\codeigniter-ion-auth\Models\IonAuthModel.php on line 231.
 1 APPPATH\Libraries\IonAuth.php(71): IonAuth\Models\IonAuthModel->__construct()
 2 APPPATH\Controllers\Home.php(12): App\Libraries\IonAuth->__construct()
 3 SYSTEMPATH\CodeIgniter.php(903): App\Controllers\Home->__construct()
 4 SYSTEMPATH\CodeIgniter.php(500): CodeIgniter\CodeIgniter->createController()
 5 SYSTEMPATH\CodeIgniter.php(355): CodeIgniter\CodeIgniter->handleRequest(null, Object(Config\Cache), false)
 6 SYSTEMPATH\Boot.php(325): CodeIgniter\CodeIgniter->run()
 7 SYSTEMPATH\Boot.php(67): CodeIgniter\Boot::runCodeIgniter(Object(CodeIgniter\CodeIgniter))
 8 FCPATH\index.php(56): CodeIgniter\Boot::bootWeb(Object(Config\Paths))
WARNING - 2025-02-13 06:47:42 --> [DEPRECATED] Creation of dynamic property IonAuth\Models\IonAuthModel::$hashMethod is deprecated in FCPATH\vendor\benedmunds\codeigniter-ion-auth\Models\IonAuthModel.php on line 234.
 1 APPPATH\Libraries\IonAuth.php(71): IonAuth\Models\IonAuthModel->__construct()
 2 APPPATH\Controllers\Home.php(12): App\Libraries\IonAuth->__construct()
 3 SYSTEMPATH\CodeIgniter.php(903): App\Controllers\Home->__construct()
 4 SYSTEMPATH\CodeIgniter.php(500): CodeIgniter\CodeIgniter->createController()
 5 SYSTEMPATH\CodeIgniter.php(355): CodeIgniter\CodeIgniter->handleRequest(null, Object(Config\Cache), false)
 6 SYSTEMPATH\Boot.php(325): CodeIgniter\CodeIgniter->run()
 7 SYSTEMPATH\Boot.php(67): CodeIgniter\Boot::runCodeIgniter(Object(CodeIgniter\CodeIgniter))
 8 FCPATH\index.php(56): CodeIgniter\Boot::bootWeb(Object(Config\Paths))
WARNING - 2025-02-13 06:47:42 --> [DEPRECATED] Creation of dynamic property IonAuth\Models\IonAuthModel::$messagesTemplates is deprecated in FCPATH\vendor\benedmunds\codeigniter-ion-auth\Models\IonAuthModel.php on line 237.
 1 APPPATH\Libraries\IonAuth.php(71): IonAuth\Models\IonAuthModel->__construct()
 2 APPPATH\Controllers\Home.php(12): App\Libraries\IonAuth->__construct()
 3 SYSTEMPATH\CodeIgniter.php(903): App\Controllers\Home->__construct()
 4 SYSTEMPATH\CodeIgniter.php(500): CodeIgniter\CodeIgniter->createController()
 5 SYSTEMPATH\CodeIgniter.php(355): CodeIgniter\CodeIgniter->handleRequest(null, Object(Config\Cache), false)
 6 SYSTEMPATH\Boot.php(325): CodeIgniter\CodeIgniter->run()
 7 SYSTEMPATH\Boot.php(67): CodeIgniter\Boot::runCodeIgniter(Object(CodeIgniter\CodeIgniter))
 8 FCPATH\index.php(56): CodeIgniter\Boot::bootWeb(Object(Config\Paths))
INFO - 2025-02-13 06:47:56 --> Session: Class initialized using 'CodeIgniter\Session\Handlers\FileHandler' driver.
WARNING - 2025-02-13 06:47:56 --> [DEPRECATED] Creation of dynamic property IonAuth\Libraries\IonAuth::$session is deprecated in FCPATH\vendor\benedmunds\codeigniter-ion-auth\Libraries\IonAuth.php on line 65.
 1 APPPATH\Controllers\Login.php(13): IonAuth\Libraries\IonAuth->__construct()
 2 SYSTEMPATH\CodeIgniter.php(903): App\Controllers\Login->__construct()
 3 SYSTEMPATH\CodeIgniter.php(500): CodeIgniter\CodeIgniter->createController()
 4 SYSTEMPATH\CodeIgniter.php(355): CodeIgniter\CodeIgniter->handleRequest(null, Object(Config\Cache), false)
 5 SYSTEMPATH\Boot.php(325): CodeIgniter\CodeIgniter->run()
 6 SYSTEMPATH\Boot.php(67): CodeIgniter\Boot::runCodeIgniter(Object(CodeIgniter\CodeIgniter))
 7 FCPATH\index.php(56): CodeIgniter\Boot::bootWeb(Object(Config\Paths))
WARNING - 2025-02-13 06:47:56 --> [DEPRECATED] Creation of dynamic property IonAuth\Models\IonAuthModel::$join is deprecated in FCPATH\vendor\benedmunds\codeigniter-ion-auth\Models\IonAuthModel.php on line 231.
 1 FCPATH\vendor\benedmunds\codeigniter-ion-auth\Libraries\IonAuth.php(67): IonAuth\Models\IonAuthModel->__construct()
 2 APPPATH\Controllers\Login.php(13): IonAuth\Libraries\IonAuth->__construct()
 3 SYSTEMPATH\CodeIgniter.php(903): App\Controllers\Login->__construct()
 4 SYSTEMPATH\CodeIgniter.php(500): CodeIgniter\CodeIgniter->createController()
 5 SYSTEMPATH\CodeIgniter.php(355): CodeIgniter\CodeIgniter->handleRequest(null, Object(Config\Cache), false)
 6 SYSTEMPATH\Boot.php(325): CodeIgniter\CodeIgniter->run()
 7 SYSTEMPATH\Boot.php(67): CodeIgniter\Boot::runCodeIgniter(Object(CodeIgniter\CodeIgniter))
 8 FCPATH\index.php(56): CodeIgniter\Boot::bootWeb(Object(Config\Paths))
WARNING - 2025-02-13 06:47:56 --> [DEPRECATED] Creation of dynamic property IonAuth\Models\IonAuthModel::$hashMethod is deprecated in FCPATH\vendor\benedmunds\codeigniter-ion-auth\Models\IonAuthModel.php on line 234.
 1 FCPATH\vendor\benedmunds\codeigniter-ion-auth\Libraries\IonAuth.php(67): IonAuth\Models\IonAuthModel->__construct()
 2 APPPATH\Controllers\Login.php(13): IonAuth\Libraries\IonAuth->__construct()
 3 SYSTEMPATH\CodeIgniter.php(903): App\Controllers\Login->__construct()
 4 SYSTEMPATH\CodeIgniter.php(500): CodeIgniter\CodeIgniter->createController()
 5 SYSTEMPATH\CodeIgniter.php(355): CodeIgniter\CodeIgniter->handleRequest(null, Object(Config\Cache), false)
 6 SYSTEMPATH\Boot.php(325): CodeIgniter\CodeIgniter->run()
 7 SYSTEMPATH\Boot.php(67): CodeIgniter\Boot::runCodeIgniter(Object(CodeIgniter\CodeIgniter))
 8 FCPATH\index.php(56): CodeIgniter\Boot::bootWeb(Object(Config\Paths))
WARNING - 2025-02-13 06:47:56 --> [DEPRECATED] Creation of dynamic property IonAuth\Models\IonAuthModel::$messagesTemplates is deprecated in FCPATH\vendor\benedmunds\codeigniter-ion-auth\Models\IonAuthModel.php on line 237.
 1 FCPATH\vendor\benedmunds\codeigniter-ion-auth\Libraries\IonAuth.php(67): IonAuth\Models\IonAuthModel->__construct()
 2 APPPATH\Controllers\Login.php(13): IonAuth\Libraries\IonAuth->__construct()
 3 SYSTEMPATH\CodeIgniter.php(903): App\Controllers\Login->__construct()
 4 SYSTEMPATH\CodeIgniter.php(500): CodeIgniter\CodeIgniter->createController()
 5 SYSTEMPATH\CodeIgniter.php(355): CodeIgniter\CodeIgniter->handleRequest(null, Object(Config\Cache), false)
 6 SYSTEMPATH\Boot.php(325): CodeIgniter\CodeIgniter->run()
 7 SYSTEMPATH\Boot.php(67): CodeIgniter\Boot::runCodeIgniter(Object(CodeIgniter\CodeIgniter))
 8 FCPATH\index.php(56): CodeIgniter\Boot::bootWeb(Object(Config\Paths))
INFO - 2025-02-13 06:48:02 --> Session: Class initialized using 'CodeIgniter\Session\Handlers\FileHandler' driver.
WARNING - 2025-02-13 06:48:02 --> [DEPRECATED] Creation of dynamic property IonAuth\Models\IonAuthModel::$join is deprecated in FCPATH\vendor\benedmunds\codeigniter-ion-auth\Models\IonAuthModel.php on line 231.
 1 APPPATH\Libraries\IonAuth.php(71): IonAuth\Models\IonAuthModel->__construct()
 2 APPPATH\Controllers\Auth.php(77): App\Libraries\IonAuth->__construct()
 3 SYSTEMPATH\CodeIgniter.php(903): App\Controllers\Auth->__construct()
 4 SYSTEMPATH\CodeIgniter.php(500): CodeIgniter\CodeIgniter->createController()
 5 SYSTEMPATH\CodeIgniter.php(355): CodeIgniter\CodeIgniter->handleRequest(null, Object(Config\Cache), false)
 6 SYSTEMPATH\Boot.php(325): CodeIgniter\CodeIgniter->run()
 7 SYSTEMPATH\Boot.php(67): CodeIgniter\Boot::runCodeIgniter(Object(CodeIgniter\CodeIgniter))
 8 FCPATH\index.php(56): CodeIgniter\Boot::bootWeb(Object(Config\Paths))
WARNING - 2025-02-13 06:48:02 --> [DEPRECATED] Creation of dynamic property IonAuth\Models\IonAuthModel::$hashMethod is deprecated in FCPATH\vendor\benedmunds\codeigniter-ion-auth\Models\IonAuthModel.php on line 234.
 1 APPPATH\Libraries\IonAuth.php(71): IonAuth\Models\IonAuthModel->__construct()
 2 APPPATH\Controllers\Auth.php(77): App\Libraries\IonAuth->__construct()
 3 SYSTEMPATH\CodeIgniter.php(903): App\Controllers\Auth->__construct()
 4 SYSTEMPATH\CodeIgniter.php(500): CodeIgniter\CodeIgniter->createController()
 5 SYSTEMPATH\CodeIgniter.php(355): CodeIgniter\CodeIgniter->handleRequest(null, Object(Config\Cache), false)
 6 SYSTEMPATH\Boot.php(325): CodeIgniter\CodeIgniter->run()
 7 SYSTEMPATH\Boot.php(67): CodeIgniter\Boot::runCodeIgniter(Object(CodeIgniter\CodeIgniter))
 8 FCPATH\index.php(56): CodeIgniter\Boot::bootWeb(Object(Config\Paths))
WARNING - 2025-02-13 06:48:02 --> [DEPRECATED] Creation of dynamic property IonAuth\Models\IonAuthModel::$messagesTemplates is deprecated in FCPATH\vendor\benedmunds\codeigniter-ion-auth\Models\IonAuthModel.php on line 237.
 1 APPPATH\Libraries\IonAuth.php(71): IonAuth\Models\IonAuthModel->__construct()
 2 APPPATH\Controllers\Auth.php(77): App\Libraries\IonAuth->__construct()
 3 SYSTEMPATH\CodeIgniter.php(903): App\Controllers\Auth->__construct()
 4 SYSTEMPATH\CodeIgniter.php(500): CodeIgniter\CodeIgniter->createController()
 5 SYSTEMPATH\CodeIgniter.php(355): CodeIgniter\CodeIgniter->handleRequest(null, Object(Config\Cache), false)
 6 SYSTEMPATH\Boot.php(325): CodeIgniter\CodeIgniter->run()
 7 SYSTEMPATH\Boot.php(67): CodeIgniter\Boot::runCodeIgniter(Object(CodeIgniter\CodeIgniter))
 8 FCPATH\index.php(56): CodeIgniter\Boot::bootWeb(Object(Config\Paths))
INFO - 2025-02-13 06:48:03 --> Session: Class initialized using 'CodeIgniter\Session\Handlers\FileHandler' driver.
WARNING - 2025-02-13 06:48:03 --> [DEPRECATED] Creation of dynamic property IonAuth\Libraries\IonAuth::$session is deprecated in FCPATH\vendor\benedmunds\codeigniter-ion-auth\Libraries\IonAuth.php on line 65.
 1 APPPATH\Controllers\admin\Home.php(17): IonAuth\Libraries\IonAuth->__construct()
 2 SYSTEMPATH\CodeIgniter.php(903): App\Controllers\admin\Home->__construct()
 3 SYSTEMPATH\CodeIgniter.php(500): CodeIgniter\CodeIgniter->createController()
 4 SYSTEMPATH\CodeIgniter.php(355): CodeIgniter\CodeIgniter->handleRequest(null, Object(Config\Cache), false)
 5 SYSTEMPATH\Boot.php(325): CodeIgniter\CodeIgniter->run()
 6 SYSTEMPATH\Boot.php(67): CodeIgniter\Boot::runCodeIgniter(Object(CodeIgniter\CodeIgniter))
 7 FCPATH\index.php(56): CodeIgniter\Boot::bootWeb(Object(Config\Paths))
WARNING - 2025-02-13 06:48:03 --> [DEPRECATED] Creation of dynamic property IonAuth\Models\IonAuthModel::$join is deprecated in FCPATH\vendor\benedmunds\codeigniter-ion-auth\Models\IonAuthModel.php on line 231.
 1 FCPATH\vendor\benedmunds\codeigniter-ion-auth\Libraries\IonAuth.php(67): IonAuth\Models\IonAuthModel->__construct()
 2 APPPATH\Controllers\admin\Home.php(17): IonAuth\Libraries\IonAuth->__construct()
 3 SYSTEMPATH\CodeIgniter.php(903): App\Controllers\admin\Home->__construct()
 4 SYSTEMPATH\CodeIgniter.php(500): CodeIgniter\CodeIgniter->createController()
 5 SYSTEMPATH\CodeIgniter.php(355): CodeIgniter\CodeIgniter->handleRequest(null, Object(Config\Cache), false)
 6 SYSTEMPATH\Boot.php(325): CodeIgniter\CodeIgniter->run()
 7 SYSTEMPATH\Boot.php(67): CodeIgniter\Boot::runCodeIgniter(Object(CodeIgniter\CodeIgniter))
 8 FCPATH\index.php(56): CodeIgniter\Boot::bootWeb(Object(Config\Paths))
WARNING - 2025-02-13 06:48:03 --> [DEPRECATED] Creation of dynamic property IonAuth\Models\IonAuthModel::$hashMethod is deprecated in FCPATH\vendor\benedmunds\codeigniter-ion-auth\Models\IonAuthModel.php on line 234.
 1 FCPATH\vendor\benedmunds\codeigniter-ion-auth\Libraries\IonAuth.php(67): IonAuth\Models\IonAuthModel->__construct()
 2 APPPATH\Controllers\admin\Home.php(17): IonAuth\Libraries\IonAuth->__construct()
 3 SYSTEMPATH\CodeIgniter.php(903): App\Controllers\admin\Home->__construct()
 4 SYSTEMPATH\CodeIgniter.php(500): CodeIgniter\CodeIgniter->createController()
 5 SYSTEMPATH\CodeIgniter.php(355): CodeIgniter\CodeIgniter->handleRequest(null, Object(Config\Cache), false)
 6 SYSTEMPATH\Boot.php(325): CodeIgniter\CodeIgniter->run()
 7 SYSTEMPATH\Boot.php(67): CodeIgniter\Boot::runCodeIgniter(Object(CodeIgniter\CodeIgniter))
 8 FCPATH\index.php(56): CodeIgniter\Boot::bootWeb(Object(Config\Paths))
WARNING - 2025-02-13 06:48:03 --> [DEPRECATED] Creation of dynamic property IonAuth\Models\IonAuthModel::$messagesTemplates is deprecated in FCPATH\vendor\benedmunds\codeigniter-ion-auth\Models\IonAuthModel.php on line 237.
 1 FCPATH\vendor\benedmunds\codeigniter-ion-auth\Libraries\IonAuth.php(67): IonAuth\Models\IonAuthModel->__construct()
 2 APPPATH\Controllers\admin\Home.php(17): IonAuth\Libraries\IonAuth->__construct()
 3 SYSTEMPATH\CodeIgniter.php(903): App\Controllers\admin\Home->__construct()
 4 SYSTEMPATH\CodeIgniter.php(500): CodeIgniter\CodeIgniter->createController()
 5 SYSTEMPATH\CodeIgniter.php(355): CodeIgniter\CodeIgniter->handleRequest(null, Object(Config\Cache), false)
 6 SYSTEMPATH\Boot.php(325): CodeIgniter\CodeIgniter->run()
 7 SYSTEMPATH\Boot.php(67): CodeIgniter\Boot::runCodeIgniter(Object(CodeIgniter\CodeIgniter))
 8 FCPATH\index.php(56): CodeIgniter\Boot::bootWeb(Object(Config\Paths))
INFO - 2025-02-13 06:48:04 --> Session: Class initialized using 'CodeIgniter\Session\Handlers\FileHandler' driver.
WARNING - 2025-02-13 06:48:04 --> [DEPRECATED] Creation of dynamic property IonAuth\Libraries\IonAuth::$session is deprecated in FCPATH\vendor\benedmunds\codeigniter-ion-auth\Libraries\IonAuth.php on line 65.
 1 APPPATH\Controllers\admin\Home.php(17): IonAuth\Libraries\IonAuth->__construct()
 2 SYSTEMPATH\CodeIgniter.php(903): App\Controllers\admin\Home->__construct()
 3 SYSTEMPATH\CodeIgniter.php(500): CodeIgniter\CodeIgniter->createController()
 4 SYSTEMPATH\CodeIgniter.php(355): CodeIgniter\CodeIgniter->handleRequest(null, Object(Config\Cache), false)
 5 SYSTEMPATH\Boot.php(325): CodeIgniter\CodeIgniter->run()
 6 SYSTEMPATH\Boot.php(67): CodeIgniter\Boot::runCodeIgniter(Object(CodeIgniter\CodeIgniter))
 7 FCPATH\index.php(56): CodeIgniter\Boot::bootWeb(Object(Config\Paths))
WARNING - 2025-02-13 06:48:04 --> [DEPRECATED] Creation of dynamic property IonAuth\Models\IonAuthModel::$join is deprecated in FCPATH\vendor\benedmunds\codeigniter-ion-auth\Models\IonAuthModel.php on line 231.
 1 FCPATH\vendor\benedmunds\codeigniter-ion-auth\Libraries\IonAuth.php(67): IonAuth\Models\IonAuthModel->__construct()
 2 APPPATH\Controllers\admin\Home.php(17): IonAuth\Libraries\IonAuth->__construct()
 3 SYSTEMPATH\CodeIgniter.php(903): App\Controllers\admin\Home->__construct()
 4 SYSTEMPATH\CodeIgniter.php(500): CodeIgniter\CodeIgniter->createController()
 5 SYSTEMPATH\CodeIgniter.php(355): CodeIgniter\CodeIgniter->handleRequest(null, Object(Config\Cache), false)
 6 SYSTEMPATH\Boot.php(325): CodeIgniter\CodeIgniter->run()
 7 SYSTEMPATH\Boot.php(67): CodeIgniter\Boot::runCodeIgniter(Object(CodeIgniter\CodeIgniter))
 8 FCPATH\index.php(56): CodeIgniter\Boot::bootWeb(Object(Config\Paths))
WARNING - 2025-02-13 06:48:04 --> [DEPRECATED] Creation of dynamic property IonAuth\Models\IonAuthModel::$hashMethod is deprecated in FCPATH\vendor\benedmunds\codeigniter-ion-auth\Models\IonAuthModel.php on line 234.
 1 FCPATH\vendor\benedmunds\codeigniter-ion-auth\Libraries\IonAuth.php(67): IonAuth\Models\IonAuthModel->__construct()
 2 APPPATH\Controllers\admin\Home.php(17): IonAuth\Libraries\IonAuth->__construct()
 3 SYSTEMPATH\CodeIgniter.php(903): App\Controllers\admin\Home->__construct()
 4 SYSTEMPATH\CodeIgniter.php(500): CodeIgniter\CodeIgniter->createController()
 5 SYSTEMPATH\CodeIgniter.php(355): CodeIgniter\CodeIgniter->handleRequest(null, Object(Config\Cache), false)
 6 SYSTEMPATH\Boot.php(325): CodeIgniter\CodeIgniter->run()
 7 SYSTEMPATH\Boot.php(67): CodeIgniter\Boot::runCodeIgniter(Object(CodeIgniter\CodeIgniter))
 8 FCPATH\index.php(56): CodeIgniter\Boot::bootWeb(Object(Config\Paths))
WARNING - 2025-02-13 06:48:04 --> [DEPRECATED] Creation of dynamic property IonAuth\Models\IonAuthModel::$messagesTemplates is deprecated in FCPATH\vendor\benedmunds\codeigniter-ion-auth\Models\IonAuthModel.php on line 237.
 1 FCPATH\vendor\benedmunds\codeigniter-ion-auth\Libraries\IonAuth.php(67): IonAuth\Models\IonAuthModel->__construct()
 2 APPPATH\Controllers\admin\Home.php(17): IonAuth\Libraries\IonAuth->__construct()
 3 SYSTEMPATH\CodeIgniter.php(903): App\Controllers\admin\Home->__construct()
 4 SYSTEMPATH\CodeIgniter.php(500): CodeIgniter\CodeIgniter->createController()
 5 SYSTEMPATH\CodeIgniter.php(355): CodeIgniter\CodeIgniter->handleRequest(null, Object(Config\Cache), false)
 6 SYSTEMPATH\Boot.php(325): CodeIgniter\CodeIgniter->run()
 7 SYSTEMPATH\Boot.php(67): CodeIgniter\Boot::runCodeIgniter(Object(CodeIgniter\CodeIgniter))
 8 FCPATH\index.php(56): CodeIgniter\Boot::bootWeb(Object(Config\Paths))
INFO - 2025-02-13 06:48:04 --> Session: Class initialized using 'CodeIgniter\Session\Handlers\FileHandler' driver.
WARNING - 2025-02-13 06:48:04 --> [DEPRECATED] Creation of dynamic property IonAuth\Libraries\IonAuth::$session is deprecated in FCPATH\vendor\benedmunds\codeigniter-ion-auth\Libraries\IonAuth.php on line 65.
 1 APPPATH\Controllers\admin\Home.php(17): IonAuth\Libraries\IonAuth->__construct()
 2 SYSTEMPATH\CodeIgniter.php(903): App\Controllers\admin\Home->__construct()
 3 SYSTEMPATH\CodeIgniter.php(500): CodeIgniter\CodeIgniter->createController()
 4 SYSTEMPATH\CodeIgniter.php(355): CodeIgniter\CodeIgniter->handleRequest(null, Object(Config\Cache), false)
 5 SYSTEMPATH\Boot.php(325): CodeIgniter\CodeIgniter->run()
 6 SYSTEMPATH\Boot.php(67): CodeIgniter\Boot::runCodeIgniter(Object(CodeIgniter\CodeIgniter))
 7 FCPATH\index.php(56): CodeIgniter\Boot::bootWeb(Object(Config\Paths))
WARNING - 2025-02-13 06:48:04 --> [DEPRECATED] Creation of dynamic property IonAuth\Models\IonAuthModel::$join is deprecated in FCPATH\vendor\benedmunds\codeigniter-ion-auth\Models\IonAuthModel.php on line 231.
 1 FCPATH\vendor\benedmunds\codeigniter-ion-auth\Libraries\IonAuth.php(67): IonAuth\Models\IonAuthModel->__construct()
 2 APPPATH\Controllers\admin\Home.php(17): IonAuth\Libraries\IonAuth->__construct()
 3 SYSTEMPATH\CodeIgniter.php(903): App\Controllers\admin\Home->__construct()
 4 SYSTEMPATH\CodeIgniter.php(500): CodeIgniter\CodeIgniter->createController()
 5 SYSTEMPATH\CodeIgniter.php(355): CodeIgniter\CodeIgniter->handleRequest(null, Object(Config\Cache), false)
 6 SYSTEMPATH\Boot.php(325): CodeIgniter\CodeIgniter->run()
 7 SYSTEMPATH\Boot.php(67): CodeIgniter\Boot::runCodeIgniter(Object(CodeIgniter\CodeIgniter))
 8 FCPATH\index.php(56): CodeIgniter\Boot::bootWeb(Object(Config\Paths))
WARNING - 2025-02-13 06:48:04 --> [DEPRECATED] Creation of dynamic property IonAuth\Models\IonAuthModel::$hashMethod is deprecated in FCPATH\vendor\benedmunds\codeigniter-ion-auth\Models\IonAuthModel.php on line 234.
 1 FCPATH\vendor\benedmunds\codeigniter-ion-auth\Libraries\IonAuth.php(67): IonAuth\Models\IonAuthModel->__construct()
 2 APPPATH\Controllers\admin\Home.php(17): IonAuth\Libraries\IonAuth->__construct()
 3 SYSTEMPATH\CodeIgniter.php(903): App\Controllers\admin\Home->__construct()
 4 SYSTEMPATH\CodeIgniter.php(500): CodeIgniter\CodeIgniter->createController()
 5 SYSTEMPATH\CodeIgniter.php(355): CodeIgniter\CodeIgniter->handleRequest(null, Object(Config\Cache), false)
 6 SYSTEMPATH\Boot.php(325): CodeIgniter\CodeIgniter->run()
 7 SYSTEMPATH\Boot.php(67): CodeIgniter\Boot::runCodeIgniter(Object(CodeIgniter\CodeIgniter))
 8 FCPATH\index.php(56): CodeIgniter\Boot::bootWeb(Object(Config\Paths))
WARNING - 2025-02-13 06:48:04 --> [DEPRECATED] Creation of dynamic property IonAuth\Models\IonAuthModel::$messagesTemplates is deprecated in FCPATH\vendor\benedmunds\codeigniter-ion-auth\Models\IonAuthModel.php on line 237.
 1 FCPATH\vendor\benedmunds\codeigniter-ion-auth\Libraries\IonAuth.php(67): IonAuth\Models\IonAuthModel->__construct()
 2 APPPATH\Controllers\admin\Home.php(17): IonAuth\Libraries\IonAuth->__construct()
 3 SYSTEMPATH\CodeIgniter.php(903): App\Controllers\admin\Home->__construct()
 4 SYSTEMPATH\CodeIgniter.php(500): CodeIgniter\CodeIgniter->createController()
 5 SYSTEMPATH\CodeIgniter.php(355): CodeIgniter\CodeIgniter->handleRequest(null, Object(Config\Cache), false)
 6 SYSTEMPATH\Boot.php(325): CodeIgniter\CodeIgniter->run()
 7 SYSTEMPATH\Boot.php(67): CodeIgniter\Boot::runCodeIgniter(Object(CodeIgniter\CodeIgniter))
 8 FCPATH\index.php(56): CodeIgniter\Boot::bootWeb(Object(Config\Paths))
INFO - 2025-02-13 09:03:58 --> Session: Class initialized using 'CodeIgniter\Session\Handlers\FileHandler' driver.
WARNING - 2025-02-13 09:03:58 --> [DEPRECATED] Creation of dynamic property IonAuth\Libraries\IonAuth::$session is deprecated in FCPATH\vendor\benedmunds\codeigniter-ion-auth\Libraries\IonAuth.php on line 65.
 1 APPPATH\Controllers\admin\Migrate.php(16): IonAuth\Libraries\IonAuth->__construct()
 2 SYSTEMPATH\CodeIgniter.php(903): App\Controllers\admin\Migrate->__construct()
 3 SYSTEMPATH\CodeIgniter.php(500): CodeIgniter\CodeIgniter->createController()
 4 SYSTEMPATH\CodeIgniter.php(355): CodeIgniter\CodeIgniter->handleRequest(null, Object(Config\Cache), false)
 5 SYSTEMPATH\Boot.php(325): CodeIgniter\CodeIgniter->run()
 6 SYSTEMPATH\Boot.php(67): CodeIgniter\Boot::runCodeIgniter(Object(CodeIgniter\CodeIgniter))
 7 FCPATH\index.php(56): CodeIgniter\Boot::bootWeb(Object(Config\Paths))
WARNING - 2025-02-13 09:03:58 --> [DEPRECATED] Creation of dynamic property IonAuth\Models\IonAuthModel::$join is deprecated in FCPATH\vendor\benedmunds\codeigniter-ion-auth\Models\IonAuthModel.php on line 231.
 1 FCPATH\vendor\benedmunds\codeigniter-ion-auth\Libraries\IonAuth.php(67): IonAuth\Models\IonAuthModel->__construct()
 2 APPPATH\Controllers\admin\Migrate.php(16): IonAuth\Libraries\IonAuth->__construct()
 3 SYSTEMPATH\CodeIgniter.php(903): App\Controllers\admin\Migrate->__construct()
 4 SYSTEMPATH\CodeIgniter.php(500): CodeIgniter\CodeIgniter->createController()
 5 SYSTEMPATH\CodeIgniter.php(355): CodeIgniter\CodeIgniter->handleRequest(null, Object(Config\Cache), false)
 6 SYSTEMPATH\Boot.php(325): CodeIgniter\CodeIgniter->run()
 7 SYSTEMPATH\Boot.php(67): CodeIgniter\Boot::runCodeIgniter(Object(CodeIgniter\CodeIgniter))
 8 FCPATH\index.php(56): CodeIgniter\Boot::bootWeb(Object(Config\Paths))
WARNING - 2025-02-13 09:03:58 --> [DEPRECATED] Creation of dynamic property IonAuth\Models\IonAuthModel::$hashMethod is deprecated in FCPATH\vendor\benedmunds\codeigniter-ion-auth\Models\IonAuthModel.php on line 234.
 1 FCPATH\vendor\benedmunds\codeigniter-ion-auth\Libraries\IonAuth.php(67): IonAuth\Models\IonAuthModel->__construct()
 2 APPPATH\Controllers\admin\Migrate.php(16): IonAuth\Libraries\IonAuth->__construct()
 3 SYSTEMPATH\CodeIgniter.php(903): App\Controllers\admin\Migrate->__construct()
 4 SYSTEMPATH\CodeIgniter.php(500): CodeIgniter\CodeIgniter->createController()
 5 SYSTEMPATH\CodeIgniter.php(355): CodeIgniter\CodeIgniter->handleRequest(null, Object(Config\Cache), false)
 6 SYSTEMPATH\Boot.php(325): CodeIgniter\CodeIgniter->run()
 7 SYSTEMPATH\Boot.php(67): CodeIgniter\Boot::runCodeIgniter(Object(CodeIgniter\CodeIgniter))
 8 FCPATH\index.php(56): CodeIgniter\Boot::bootWeb(Object(Config\Paths))
WARNING - 2025-02-13 09:03:58 --> [DEPRECATED] Creation of dynamic property IonAuth\Models\IonAuthModel::$messagesTemplates is deprecated in FCPATH\vendor\benedmunds\codeigniter-ion-auth\Models\IonAuthModel.php on line 237.
 1 FCPATH\vendor\benedmunds\codeigniter-ion-auth\Libraries\IonAuth.php(67): IonAuth\Models\IonAuthModel->__construct()
 2 APPPATH\Controllers\admin\Migrate.php(16): IonAuth\Libraries\IonAuth->__construct()
 3 SYSTEMPATH\CodeIgniter.php(903): App\Controllers\admin\Migrate->__construct()
 4 SYSTEMPATH\CodeIgniter.php(500): CodeIgniter\CodeIgniter->createController()
 5 SYSTEMPATH\CodeIgniter.php(355): CodeIgniter\CodeIgniter->handleRequest(null, Object(Config\Cache), false)
 6 SYSTEMPATH\Boot.php(325): CodeIgniter\CodeIgniter->run()
 7 SYSTEMPATH\Boot.php(67): CodeIgniter\Boot::runCodeIgniter(Object(CodeIgniter\CodeIgniter))
 8 FCPATH\index.php(56): CodeIgniter\Boot::bootWeb(Object(Config\Paths))
INFO - 2025-02-13 09:04:01 --> Session: Class initialized using 'CodeIgniter\Session\Handlers\FileHandler' driver.
WARNING - 2025-02-13 09:04:01 --> [DEPRECATED] Creation of dynamic property IonAuth\Libraries\IonAuth::$session is deprecated in FCPATH\vendor\benedmunds\codeigniter-ion-auth\Libraries\IonAuth.php on line 65.
 1 APPPATH\Controllers\admin\Home.php(17): IonAuth\Libraries\IonAuth->__construct()
 2 SYSTEMPATH\CodeIgniter.php(903): App\Controllers\admin\Home->__construct()
 3 SYSTEMPATH\CodeIgniter.php(500): CodeIgniter\CodeIgniter->createController()
 4 SYSTEMPATH\CodeIgniter.php(355): CodeIgniter\CodeIgniter->handleRequest(null, Object(Config\Cache), false)
 5 SYSTEMPATH\Boot.php(325): CodeIgniter\CodeIgniter->run()
 6 SYSTEMPATH\Boot.php(67): CodeIgniter\Boot::runCodeIgniter(Object(CodeIgniter\CodeIgniter))
 7 FCPATH\index.php(56): CodeIgniter\Boot::bootWeb(Object(Config\Paths))
WARNING - 2025-02-13 09:04:01 --> [DEPRECATED] Creation of dynamic property IonAuth\Models\IonAuthModel::$join is deprecated in FCPATH\vendor\benedmunds\codeigniter-ion-auth\Models\IonAuthModel.php on line 231.
 1 FCPATH\vendor\benedmunds\codeigniter-ion-auth\Libraries\IonAuth.php(67): IonAuth\Models\IonAuthModel->__construct()
 2 APPPATH\Controllers\admin\Home.php(17): IonAuth\Libraries\IonAuth->__construct()
 3 SYSTEMPATH\CodeIgniter.php(903): App\Controllers\admin\Home->__construct()
 4 SYSTEMPATH\CodeIgniter.php(500): CodeIgniter\CodeIgniter->createController()
 5 SYSTEMPATH\CodeIgniter.php(355): CodeIgniter\CodeIgniter->handleRequest(null, Object(Config\Cache), false)
 6 SYSTEMPATH\Boot.php(325): CodeIgniter\CodeIgniter->run()
 7 SYSTEMPATH\Boot.php(67): CodeIgniter\Boot::runCodeIgniter(Object(CodeIgniter\CodeIgniter))
 8 FCPATH\index.php(56): CodeIgniter\Boot::bootWeb(Object(Config\Paths))
WARNING - 2025-02-13 09:04:01 --> [DEPRECATED] Creation of dynamic property IonAuth\Models\IonAuthModel::$hashMethod is deprecated in FCPATH\vendor\benedmunds\codeigniter-ion-auth\Models\IonAuthModel.php on line 234.
 1 FCPATH\vendor\benedmunds\codeigniter-ion-auth\Libraries\IonAuth.php(67): IonAuth\Models\IonAuthModel->__construct()
 2 APPPATH\Controllers\admin\Home.php(17): IonAuth\Libraries\IonAuth->__construct()
 3 SYSTEMPATH\CodeIgniter.php(903): App\Controllers\admin\Home->__construct()
 4 SYSTEMPATH\CodeIgniter.php(500): CodeIgniter\CodeIgniter->createController()
 5 SYSTEMPATH\CodeIgniter.php(355): CodeIgniter\CodeIgniter->handleRequest(null, Object(Config\Cache), false)
 6 SYSTEMPATH\Boot.php(325): CodeIgniter\CodeIgniter->run()
 7 SYSTEMPATH\Boot.php(67): CodeIgniter\Boot::runCodeIgniter(Object(CodeIgniter\CodeIgniter))
 8 FCPATH\index.php(56): CodeIgniter\Boot::bootWeb(Object(Config\Paths))
WARNING - 2025-02-13 09:04:01 --> [DEPRECATED] Creation of dynamic property IonAuth\Models\IonAuthModel::$messagesTemplates is deprecated in FCPATH\vendor\benedmunds\codeigniter-ion-auth\Models\IonAuthModel.php on line 237.
 1 FCPATH\vendor\benedmunds\codeigniter-ion-auth\Libraries\IonAuth.php(67): IonAuth\Models\IonAuthModel->__construct()
 2 APPPATH\Controllers\admin\Home.php(17): IonAuth\Libraries\IonAuth->__construct()
 3 SYSTEMPATH\CodeIgniter.php(903): App\Controllers\admin\Home->__construct()
 4 SYSTEMPATH\CodeIgniter.php(500): CodeIgniter\CodeIgniter->createController()
 5 SYSTEMPATH\CodeIgniter.php(355): CodeIgniter\CodeIgniter->handleRequest(null, Object(Config\Cache), false)
 6 SYSTEMPATH\Boot.php(325): CodeIgniter\CodeIgniter->run()
 7 SYSTEMPATH\Boot.php(67): CodeIgniter\Boot::runCodeIgniter(Object(CodeIgniter\CodeIgniter))
 8 FCPATH\index.php(56): CodeIgniter\Boot::bootWeb(Object(Config\Paths))
INFO - 2025-02-13 09:04:02 --> Session: Class initialized using 'CodeIgniter\Session\Handlers\FileHandler' driver.
WARNING - 2025-02-13 09:04:02 --> [DEPRECATED] Creation of dynamic property IonAuth\Libraries\IonAuth::$session is deprecated in FCPATH\vendor\benedmunds\codeigniter-ion-auth\Libraries\IonAuth.php on line 65.
 1 APPPATH\Controllers\Login.php(13): IonAuth\Libraries\IonAuth->__construct()
 2 SYSTEMPATH\CodeIgniter.php(903): App\Controllers\Login->__construct()
 3 SYSTEMPATH\CodeIgniter.php(500): CodeIgniter\CodeIgniter->createController()
 4 SYSTEMPATH\CodeIgniter.php(355): CodeIgniter\CodeIgniter->handleRequest(null, Object(Config\Cache), false)
 5 SYSTEMPATH\Boot.php(325): CodeIgniter\CodeIgniter->run()
 6 SYSTEMPATH\Boot.php(67): CodeIgniter\Boot::runCodeIgniter(Object(CodeIgniter\CodeIgniter))
 7 FCPATH\index.php(56): CodeIgniter\Boot::bootWeb(Object(Config\Paths))
WARNING - 2025-02-13 09:04:02 --> [DEPRECATED] Creation of dynamic property IonAuth\Models\IonAuthModel::$join is deprecated in FCPATH\vendor\benedmunds\codeigniter-ion-auth\Models\IonAuthModel.php on line 231.
 1 FCPATH\vendor\benedmunds\codeigniter-ion-auth\Libraries\IonAuth.php(67): IonAuth\Models\IonAuthModel->__construct()
 2 APPPATH\Controllers\Login.php(13): IonAuth\Libraries\IonAuth->__construct()
 3 SYSTEMPATH\CodeIgniter.php(903): App\Controllers\Login->__construct()
 4 SYSTEMPATH\CodeIgniter.php(500): CodeIgniter\CodeIgniter->createController()
 5 SYSTEMPATH\CodeIgniter.php(355): CodeIgniter\CodeIgniter->handleRequest(null, Object(Config\Cache), false)
 6 SYSTEMPATH\Boot.php(325): CodeIgniter\CodeIgniter->run()
 7 SYSTEMPATH\Boot.php(67): CodeIgniter\Boot::runCodeIgniter(Object(CodeIgniter\CodeIgniter))
 8 FCPATH\index.php(56): CodeIgniter\Boot::bootWeb(Object(Config\Paths))
WARNING - 2025-02-13 09:04:02 --> [DEPRECATED] Creation of dynamic property IonAuth\Models\IonAuthModel::$hashMethod is deprecated in FCPATH\vendor\benedmunds\codeigniter-ion-auth\Models\IonAuthModel.php on line 234.
 1 FCPATH\vendor\benedmunds\codeigniter-ion-auth\Libraries\IonAuth.php(67): IonAuth\Models\IonAuthModel->__construct()
 2 APPPATH\Controllers\Login.php(13): IonAuth\Libraries\IonAuth->__construct()
 3 SYSTEMPATH\CodeIgniter.php(903): App\Controllers\Login->__construct()
 4 SYSTEMPATH\CodeIgniter.php(500): CodeIgniter\CodeIgniter->createController()
 5 SYSTEMPATH\CodeIgniter.php(355): CodeIgniter\CodeIgniter->handleRequest(null, Object(Config\Cache), false)
 6 SYSTEMPATH\Boot.php(325): CodeIgniter\CodeIgniter->run()
 7 SYSTEMPATH\Boot.php(67): CodeIgniter\Boot::runCodeIgniter(Object(CodeIgniter\CodeIgniter))
 8 FCPATH\index.php(56): CodeIgniter\Boot::bootWeb(Object(Config\Paths))
WARNING - 2025-02-13 09:04:02 --> [DEPRECATED] Creation of dynamic property IonAuth\Models\IonAuthModel::$messagesTemplates is deprecated in FCPATH\vendor\benedmunds\codeigniter-ion-auth\Models\IonAuthModel.php on line 237.
 1 FCPATH\vendor\benedmunds\codeigniter-ion-auth\Libraries\IonAuth.php(67): IonAuth\Models\IonAuthModel->__construct()
 2 APPPATH\Controllers\Login.php(13): IonAuth\Libraries\IonAuth->__construct()
 3 SYSTEMPATH\CodeIgniter.php(903): App\Controllers\Login->__construct()
 4 SYSTEMPATH\CodeIgniter.php(500): CodeIgniter\CodeIgniter->createController()
 5 SYSTEMPATH\CodeIgniter.php(355): CodeIgniter\CodeIgniter->handleRequest(null, Object(Config\Cache), false)
 6 SYSTEMPATH\Boot.php(325): CodeIgniter\CodeIgniter->run()
 7 SYSTEMPATH\Boot.php(67): CodeIgniter\Boot::runCodeIgniter(Object(CodeIgniter\CodeIgniter))
 8 FCPATH\index.php(56): CodeIgniter\Boot::bootWeb(Object(Config\Paths))
INFO - 2025-02-13 09:04:05 --> Session: Class initialized using 'CodeIgniter\Session\Handlers\FileHandler' driver.
WARNING - 2025-02-13 09:04:05 --> [DEPRECATED] Creation of dynamic property IonAuth\Models\IonAuthModel::$join is deprecated in FCPATH\vendor\benedmunds\codeigniter-ion-auth\Models\IonAuthModel.php on line 231.
 1 APPPATH\Libraries\IonAuth.php(71): IonAuth\Models\IonAuthModel->__construct()
 2 APPPATH\Controllers\Auth.php(77): App\Libraries\IonAuth->__construct()
 3 SYSTEMPATH\CodeIgniter.php(903): App\Controllers\Auth->__construct()
 4 SYSTEMPATH\CodeIgniter.php(500): CodeIgniter\CodeIgniter->createController()
 5 SYSTEMPATH\CodeIgniter.php(355): CodeIgniter\CodeIgniter->handleRequest(null, Object(Config\Cache), false)
 6 SYSTEMPATH\Boot.php(325): CodeIgniter\CodeIgniter->run()
 7 SYSTEMPATH\Boot.php(67): CodeIgniter\Boot::runCodeIgniter(Object(CodeIgniter\CodeIgniter))
 8 FCPATH\index.php(56): CodeIgniter\Boot::bootWeb(Object(Config\Paths))
WARNING - 2025-02-13 09:04:05 --> [DEPRECATED] Creation of dynamic property IonAuth\Models\IonAuthModel::$hashMethod is deprecated in FCPATH\vendor\benedmunds\codeigniter-ion-auth\Models\IonAuthModel.php on line 234.
 1 APPPATH\Libraries\IonAuth.php(71): IonAuth\Models\IonAuthModel->__construct()
 2 APPPATH\Controllers\Auth.php(77): App\Libraries\IonAuth->__construct()
 3 SYSTEMPATH\CodeIgniter.php(903): App\Controllers\Auth->__construct()
 4 SYSTEMPATH\CodeIgniter.php(500): CodeIgniter\CodeIgniter->createController()
 5 SYSTEMPATH\CodeIgniter.php(355): CodeIgniter\CodeIgniter->handleRequest(null, Object(Config\Cache), false)
 6 SYSTEMPATH\Boot.php(325): CodeIgniter\CodeIgniter->run()
 7 SYSTEMPATH\Boot.php(67): CodeIgniter\Boot::runCodeIgniter(Object(CodeIgniter\CodeIgniter))
 8 FCPATH\index.php(56): CodeIgniter\Boot::bootWeb(Object(Config\Paths))
WARNING - 2025-02-13 09:04:05 --> [DEPRECATED] Creation of dynamic property IonAuth\Models\IonAuthModel::$messagesTemplates is deprecated in FCPATH\vendor\benedmunds\codeigniter-ion-auth\Models\IonAuthModel.php on line 237.
 1 APPPATH\Libraries\IonAuth.php(71): IonAuth\Models\IonAuthModel->__construct()
 2 APPPATH\Controllers\Auth.php(77): App\Libraries\IonAuth->__construct()
 3 SYSTEMPATH\CodeIgniter.php(903): App\Controllers\Auth->__construct()
 4 SYSTEMPATH\CodeIgniter.php(500): CodeIgniter\CodeIgniter->createController()
 5 SYSTEMPATH\CodeIgniter.php(355): CodeIgniter\CodeIgniter->handleRequest(null, Object(Config\Cache), false)
 6 SYSTEMPATH\Boot.php(325): CodeIgniter\CodeIgniter->run()
 7 SYSTEMPATH\Boot.php(67): CodeIgniter\Boot::runCodeIgniter(Object(CodeIgniter\CodeIgniter))
 8 FCPATH\index.php(56): CodeIgniter\Boot::bootWeb(Object(Config\Paths))
INFO - 2025-02-13 09:04:06 --> Session: Class initialized using 'CodeIgniter\Session\Handlers\FileHandler' driver.
WARNING - 2025-02-13 09:04:06 --> [DEPRECATED] Creation of dynamic property IonAuth\Models\IonAuthModel::$join is deprecated in FCPATH\vendor\benedmunds\codeigniter-ion-auth\Models\IonAuthModel.php on line 231.
 1 APPPATH\Libraries\IonAuth.php(71): IonAuth\Models\IonAuthModel->__construct()
 2 APPPATH\Controllers\vendor\Home.php(17): App\Libraries\IonAuth->__construct()
 3 SYSTEMPATH\CodeIgniter.php(903): App\Controllers\vendor\Home->__construct()
 4 SYSTEMPATH\CodeIgniter.php(500): CodeIgniter\CodeIgniter->createController()
 5 SYSTEMPATH\CodeIgniter.php(355): CodeIgniter\CodeIgniter->handleRequest(null, Object(Config\Cache), false)
 6 SYSTEMPATH\Boot.php(325): CodeIgniter\CodeIgniter->run()
 7 SYSTEMPATH\Boot.php(67): CodeIgniter\Boot::runCodeIgniter(Object(CodeIgniter\CodeIgniter))
 8 FCPATH\index.php(56): CodeIgniter\Boot::bootWeb(Object(Config\Paths))
WARNING - 2025-02-13 09:04:06 --> [DEPRECATED] Creation of dynamic property IonAuth\Models\IonAuthModel::$hashMethod is deprecated in FCPATH\vendor\benedmunds\codeigniter-ion-auth\Models\IonAuthModel.php on line 234.
 1 APPPATH\Libraries\IonAuth.php(71): IonAuth\Models\IonAuthModel->__construct()
 2 APPPATH\Controllers\vendor\Home.php(17): App\Libraries\IonAuth->__construct()
 3 SYSTEMPATH\CodeIgniter.php(903): App\Controllers\vendor\Home->__construct()
 4 SYSTEMPATH\CodeIgniter.php(500): CodeIgniter\CodeIgniter->createController()
 5 SYSTEMPATH\CodeIgniter.php(355): CodeIgniter\CodeIgniter->handleRequest(null, Object(Config\Cache), false)
 6 SYSTEMPATH\Boot.php(325): CodeIgniter\CodeIgniter->run()
 7 SYSTEMPATH\Boot.php(67): CodeIgniter\Boot::runCodeIgniter(Object(CodeIgniter\CodeIgniter))
 8 FCPATH\index.php(56): CodeIgniter\Boot::bootWeb(Object(Config\Paths))
WARNING - 2025-02-13 09:04:06 --> [DEPRECATED] Creation of dynamic property IonAuth\Models\IonAuthModel::$messagesTemplates is deprecated in FCPATH\vendor\benedmunds\codeigniter-ion-auth\Models\IonAuthModel.php on line 237.
 1 APPPATH\Libraries\IonAuth.php(71): IonAuth\Models\IonAuthModel->__construct()
 2 APPPATH\Controllers\vendor\Home.php(17): App\Libraries\IonAuth->__construct()
 3 SYSTEMPATH\CodeIgniter.php(903): App\Controllers\vendor\Home->__construct()
 4 SYSTEMPATH\CodeIgniter.php(500): CodeIgniter\CodeIgniter->createController()
 5 SYSTEMPATH\CodeIgniter.php(355): CodeIgniter\CodeIgniter->handleRequest(null, Object(Config\Cache), false)
 6 SYSTEMPATH\Boot.php(325): CodeIgniter\CodeIgniter->run()
 7 SYSTEMPATH\Boot.php(67): CodeIgniter\Boot::runCodeIgniter(Object(CodeIgniter\CodeIgniter))
 8 FCPATH\index.php(56): CodeIgniter\Boot::bootWeb(Object(Config\Paths))
INFO - 2025-02-13 09:04:06 --> Session: Class initialized using 'CodeIgniter\Session\Handlers\FileHandler' driver.
WARNING - 2025-02-13 09:04:06 --> [DEPRECATED] Creation of dynamic property IonAuth\Models\IonAuthModel::$join is deprecated in FCPATH\vendor\benedmunds\codeigniter-ion-auth\Models\IonAuthModel.php on line 231.
 1 APPPATH\Libraries\IonAuth.php(71): IonAuth\Models\IonAuthModel->__construct()
 2 APPPATH\Filters\CheckRoles.php(17): App\Libraries\IonAuth->__construct()
 3 SYSTEMPATH\Filters\Filters.php(197): App\Filters\CheckRoles->__construct()
 4 SYSTEMPATH\Filters\Filters.php(184): CodeIgniter\Filters\Filters->runBefore([...])
 5 SYSTEMPATH\CodeIgniter.php(481): CodeIgniter\Filters\Filters->run('vendor/businesses', 'before')
 6 SYSTEMPATH\CodeIgniter.php(355): CodeIgniter\CodeIgniter->handleRequest(null, Object(Config\Cache), false)
 7 SYSTEMPATH\Boot.php(325): CodeIgniter\CodeIgniter->run()
 8 SYSTEMPATH\Boot.php(67): CodeIgniter\Boot::runCodeIgniter(Object(CodeIgniter\CodeIgniter))
 9 FCPATH\index.php(56): CodeIgniter\Boot::bootWeb(Object(Config\Paths))
WARNING - 2025-02-13 09:04:06 --> [DEPRECATED] Creation of dynamic property IonAuth\Models\IonAuthModel::$hashMethod is deprecated in FCPATH\vendor\benedmunds\codeigniter-ion-auth\Models\IonAuthModel.php on line 234.
 1 APPPATH\Libraries\IonAuth.php(71): IonAuth\Models\IonAuthModel->__construct()
 2 APPPATH\Filters\CheckRoles.php(17): App\Libraries\IonAuth->__construct()
 3 SYSTEMPATH\Filters\Filters.php(197): App\Filters\CheckRoles->__construct()
 4 SYSTEMPATH\Filters\Filters.php(184): CodeIgniter\Filters\Filters->runBefore([...])
 5 SYSTEMPATH\CodeIgniter.php(481): CodeIgniter\Filters\Filters->run('vendor/businesses', 'before')
 6 SYSTEMPATH\CodeIgniter.php(355): CodeIgniter\CodeIgniter->handleRequest(null, Object(Config\Cache), false)
 7 SYSTEMPATH\Boot.php(325): CodeIgniter\CodeIgniter->run()
 8 SYSTEMPATH\Boot.php(67): CodeIgniter\Boot::runCodeIgniter(Object(CodeIgniter\CodeIgniter))
 9 FCPATH\index.php(56): CodeIgniter\Boot::bootWeb(Object(Config\Paths))
WARNING - 2025-02-13 09:04:06 --> [DEPRECATED] Creation of dynamic property IonAuth\Models\IonAuthModel::$messagesTemplates is deprecated in FCPATH\vendor\benedmunds\codeigniter-ion-auth\Models\IonAuthModel.php on line 237.
 1 APPPATH\Libraries\IonAuth.php(71): IonAuth\Models\IonAuthModel->__construct()
 2 APPPATH\Filters\CheckRoles.php(17): App\Libraries\IonAuth->__construct()
 3 SYSTEMPATH\Filters\Filters.php(197): App\Filters\CheckRoles->__construct()
 4 SYSTEMPATH\Filters\Filters.php(184): CodeIgniter\Filters\Filters->runBefore([...])
 5 SYSTEMPATH\CodeIgniter.php(481): CodeIgniter\Filters\Filters->run('vendor/businesses', 'before')
 6 SYSTEMPATH\CodeIgniter.php(355): CodeIgniter\CodeIgniter->handleRequest(null, Object(Config\Cache), false)
 7 SYSTEMPATH\Boot.php(325): CodeIgniter\CodeIgniter->run()
 8 SYSTEMPATH\Boot.php(67): CodeIgniter\Boot::runCodeIgniter(Object(CodeIgniter\CodeIgniter))
 9 FCPATH\index.php(56): CodeIgniter\Boot::bootWeb(Object(Config\Paths))
WARNING - 2025-02-13 09:04:06 --> [DEPRECATED] Creation of dynamic property IonAuth\Models\IonAuthModel::$join is deprecated in FCPATH\vendor\benedmunds\codeigniter-ion-auth\Models\IonAuthModel.php on line 231.
 1 APPPATH\Libraries\IonAuth.php(71): IonAuth\Models\IonAuthModel->__construct()
 2 APPPATH\Controllers\vendor\Businesses.php(19): App\Libraries\IonAuth->__construct()
 3 SYSTEMPATH\CodeIgniter.php(903): App\Controllers\vendor\Businesses->__construct()
 4 SYSTEMPATH\CodeIgniter.php(500): CodeIgniter\CodeIgniter->createController()
 5 SYSTEMPATH\CodeIgniter.php(355): CodeIgniter\CodeIgniter->handleRequest(null, Object(Config\Cache), false)
 6 SYSTEMPATH\Boot.php(325): CodeIgniter\CodeIgniter->run()
 7 SYSTEMPATH\Boot.php(67): CodeIgniter\Boot::runCodeIgniter(Object(CodeIgniter\CodeIgniter))
 8 FCPATH\index.php(56): CodeIgniter\Boot::bootWeb(Object(Config\Paths))
WARNING - 2025-02-13 09:04:06 --> [DEPRECATED] Creation of dynamic property IonAuth\Models\IonAuthModel::$hashMethod is deprecated in FCPATH\vendor\benedmunds\codeigniter-ion-auth\Models\IonAuthModel.php on line 234.
 1 APPPATH\Libraries\IonAuth.php(71): IonAuth\Models\IonAuthModel->__construct()
 2 APPPATH\Controllers\vendor\Businesses.php(19): App\Libraries\IonAuth->__construct()
 3 SYSTEMPATH\CodeIgniter.php(903): App\Controllers\vendor\Businesses->__construct()
 4 SYSTEMPATH\CodeIgniter.php(500): CodeIgniter\CodeIgniter->createController()
 5 SYSTEMPATH\CodeIgniter.php(355): CodeIgniter\CodeIgniter->handleRequest(null, Object(Config\Cache), false)
 6 SYSTEMPATH\Boot.php(325): CodeIgniter\CodeIgniter->run()
 7 SYSTEMPATH\Boot.php(67): CodeIgniter\Boot::runCodeIgniter(Object(CodeIgniter\CodeIgniter))
 8 FCPATH\index.php(56): CodeIgniter\Boot::bootWeb(Object(Config\Paths))
WARNING - 2025-02-13 09:04:06 --> [DEPRECATED] Creation of dynamic property IonAuth\Models\IonAuthModel::$messagesTemplates is deprecated in FCPATH\vendor\benedmunds\codeigniter-ion-auth\Models\IonAuthModel.php on line 237.
 1 APPPATH\Libraries\IonAuth.php(71): IonAuth\Models\IonAuthModel->__construct()
 2 APPPATH\Controllers\vendor\Businesses.php(19): App\Libraries\IonAuth->__construct()
 3 SYSTEMPATH\CodeIgniter.php(903): App\Controllers\vendor\Businesses->__construct()
 4 SYSTEMPATH\CodeIgniter.php(500): CodeIgniter\CodeIgniter->createController()
 5 SYSTEMPATH\CodeIgniter.php(355): CodeIgniter\CodeIgniter->handleRequest(null, Object(Config\Cache), false)
 6 SYSTEMPATH\Boot.php(325): CodeIgniter\CodeIgniter->run()
 7 SYSTEMPATH\Boot.php(67): CodeIgniter\Boot::runCodeIgniter(Object(CodeIgniter\CodeIgniter))
 8 FCPATH\index.php(56): CodeIgniter\Boot::bootWeb(Object(Config\Paths))
WARNING - 2025-02-13 14:34:06 --> [DEPRECATED] Creation of dynamic property IonAuth\Models\IonAuthModel::$join is deprecated in FCPATH\vendor\benedmunds\codeigniter-ion-auth\Models\IonAuthModel.php on line 231.
 1 APPPATH\Libraries\IonAuth.php(71): IonAuth\Models\IonAuthModel->__construct()
 2 APPPATH\Filters\CheckRoles.php(17): App\Libraries\IonAuth->__construct()
 3 SYSTEMPATH\Filters\Filters.php(235): App\Filters\CheckRoles->__construct()
 4 SYSTEMPATH\Filters\Filters.php(188): CodeIgniter\Filters\Filters->runAfter([...])
 5 SYSTEMPATH\CodeIgniter.php(527): CodeIgniter\Filters\Filters->run('vendor/businesses', 'after')
 6 SYSTEMPATH\CodeIgniter.php(355): CodeIgniter\CodeIgniter->handleRequest(null, Object(Config\Cache), false)
 7 SYSTEMPATH\Boot.php(325): CodeIgniter\CodeIgniter->run()
 8 SYSTEMPATH\Boot.php(67): CodeIgniter\Boot::runCodeIgniter(Object(CodeIgniter\CodeIgniter))
 9 FCPATH\index.php(56): CodeIgniter\Boot::bootWeb(Object(Config\Paths))
WARNING - 2025-02-13 14:34:06 --> [DEPRECATED] Creation of dynamic property IonAuth\Models\IonAuthModel::$hashMethod is deprecated in FCPATH\vendor\benedmunds\codeigniter-ion-auth\Models\IonAuthModel.php on line 234.
 1 APPPATH\Libraries\IonAuth.php(71): IonAuth\Models\IonAuthModel->__construct()
 2 APPPATH\Filters\CheckRoles.php(17): App\Libraries\IonAuth->__construct()
 3 SYSTEMPATH\Filters\Filters.php(235): App\Filters\CheckRoles->__construct()
 4 SYSTEMPATH\Filters\Filters.php(188): CodeIgniter\Filters\Filters->runAfter([...])
 5 SYSTEMPATH\CodeIgniter.php(527): CodeIgniter\Filters\Filters->run('vendor/businesses', 'after')
 6 SYSTEMPATH\CodeIgniter.php(355): CodeIgniter\CodeIgniter->handleRequest(null, Object(Config\Cache), false)
 7 SYSTEMPATH\Boot.php(325): CodeIgniter\CodeIgniter->run()
 8 SYSTEMPATH\Boot.php(67): CodeIgniter\Boot::runCodeIgniter(Object(CodeIgniter\CodeIgniter))
 9 FCPATH\index.php(56): CodeIgniter\Boot::bootWeb(Object(Config\Paths))
WARNING - 2025-02-13 14:34:06 --> [DEPRECATED] Creation of dynamic property IonAuth\Models\IonAuthModel::$messagesTemplates is deprecated in FCPATH\vendor\benedmunds\codeigniter-ion-auth\Models\IonAuthModel.php on line 237.
 1 APPPATH\Libraries\IonAuth.php(71): IonAuth\Models\IonAuthModel->__construct()
 2 APPPATH\Filters\CheckRoles.php(17): App\Libraries\IonAuth->__construct()
 3 SYSTEMPATH\Filters\Filters.php(235): App\Filters\CheckRoles->__construct()
 4 SYSTEMPATH\Filters\Filters.php(188): CodeIgniter\Filters\Filters->runAfter([...])
 5 SYSTEMPATH\CodeIgniter.php(527): CodeIgniter\Filters\Filters->run('vendor/businesses', 'after')
 6 SYSTEMPATH\CodeIgniter.php(355): CodeIgniter\CodeIgniter->handleRequest(null, Object(Config\Cache), false)
 7 SYSTEMPATH\Boot.php(325): CodeIgniter\CodeIgniter->run()
 8 SYSTEMPATH\Boot.php(67): CodeIgniter\Boot::runCodeIgniter(Object(CodeIgniter\CodeIgniter))
 9 FCPATH\index.php(56): CodeIgniter\Boot::bootWeb(Object(Config\Paths))
INFO - 2025-02-13 09:04:08 --> Session: Class initialized using 'CodeIgniter\Session\Handlers\FileHandler' driver.
WARNING - 2025-02-13 09:04:08 --> [DEPRECATED] Creation of dynamic property IonAuth\Models\IonAuthModel::$join is deprecated in FCPATH\vendor\benedmunds\codeigniter-ion-auth\Models\IonAuthModel.php on line 231.
 1 APPPATH\Libraries\IonAuth.php(71): IonAuth\Models\IonAuthModel->__construct()
 2 APPPATH\Filters\CheckRoles.php(17): App\Libraries\IonAuth->__construct()
 3 SYSTEMPATH\Filters\Filters.php(197): App\Filters\CheckRoles->__construct()
 4 SYSTEMPATH\Filters\Filters.php(184): CodeIgniter\Filters\Filters->runBefore([...])
 5 SYSTEMPATH\CodeIgniter.php(481): CodeIgniter\Filters\Filters->run('vendor/businesses/business_table', 'before')
 6 SYSTEMPATH\CodeIgniter.php(355): CodeIgniter\CodeIgniter->handleRequest(null, Object(Config\Cache), false)
 7 SYSTEMPATH\Boot.php(325): CodeIgniter\CodeIgniter->run()
 8 SYSTEMPATH\Boot.php(67): CodeIgniter\Boot::runCodeIgniter(Object(CodeIgniter\CodeIgniter))
 9 FCPATH\index.php(56): CodeIgniter\Boot::bootWeb(Object(Config\Paths))
WARNING - 2025-02-13 09:04:08 --> [DEPRECATED] Creation of dynamic property IonAuth\Models\IonAuthModel::$hashMethod is deprecated in FCPATH\vendor\benedmunds\codeigniter-ion-auth\Models\IonAuthModel.php on line 234.
 1 APPPATH\Libraries\IonAuth.php(71): IonAuth\Models\IonAuthModel->__construct()
 2 APPPATH\Filters\CheckRoles.php(17): App\Libraries\IonAuth->__construct()
 3 SYSTEMPATH\Filters\Filters.php(197): App\Filters\CheckRoles->__construct()
 4 SYSTEMPATH\Filters\Filters.php(184): CodeIgniter\Filters\Filters->runBefore([...])
 5 SYSTEMPATH\CodeIgniter.php(481): CodeIgniter\Filters\Filters->run('vendor/businesses/business_table', 'before')
 6 SYSTEMPATH\CodeIgniter.php(355): CodeIgniter\CodeIgniter->handleRequest(null, Object(Config\Cache), false)
 7 SYSTEMPATH\Boot.php(325): CodeIgniter\CodeIgniter->run()
 8 SYSTEMPATH\Boot.php(67): CodeIgniter\Boot::runCodeIgniter(Object(CodeIgniter\CodeIgniter))
 9 FCPATH\index.php(56): CodeIgniter\Boot::bootWeb(Object(Config\Paths))
WARNING - 2025-02-13 09:04:08 --> [DEPRECATED] Creation of dynamic property IonAuth\Models\IonAuthModel::$messagesTemplates is deprecated in FCPATH\vendor\benedmunds\codeigniter-ion-auth\Models\IonAuthModel.php on line 237.
 1 APPPATH\Libraries\IonAuth.php(71): IonAuth\Models\IonAuthModel->__construct()
 2 APPPATH\Filters\CheckRoles.php(17): App\Libraries\IonAuth->__construct()
 3 SYSTEMPATH\Filters\Filters.php(197): App\Filters\CheckRoles->__construct()
 4 SYSTEMPATH\Filters\Filters.php(184): CodeIgniter\Filters\Filters->runBefore([...])
 5 SYSTEMPATH\CodeIgniter.php(481): CodeIgniter\Filters\Filters->run('vendor/businesses/business_table', 'before')
 6 SYSTEMPATH\CodeIgniter.php(355): CodeIgniter\CodeIgniter->handleRequest(null, Object(Config\Cache), false)
 7 SYSTEMPATH\Boot.php(325): CodeIgniter\CodeIgniter->run()
 8 SYSTEMPATH\Boot.php(67): CodeIgniter\Boot::runCodeIgniter(Object(CodeIgniter\CodeIgniter))
 9 FCPATH\index.php(56): CodeIgniter\Boot::bootWeb(Object(Config\Paths))
WARNING - 2025-02-13 09:04:08 --> [DEPRECATED] Creation of dynamic property IonAuth\Models\IonAuthModel::$join is deprecated in FCPATH\vendor\benedmunds\codeigniter-ion-auth\Models\IonAuthModel.php on line 231.
 1 APPPATH\Libraries\IonAuth.php(71): IonAuth\Models\IonAuthModel->__construct()
 2 APPPATH\Controllers\vendor\Businesses.php(19): App\Libraries\IonAuth->__construct()
 3 SYSTEMPATH\CodeIgniter.php(903): App\Controllers\vendor\Businesses->__construct()
 4 SYSTEMPATH\CodeIgniter.php(500): CodeIgniter\CodeIgniter->createController()
 5 SYSTEMPATH\CodeIgniter.php(355): CodeIgniter\CodeIgniter->handleRequest(null, Object(Config\Cache), false)
 6 SYSTEMPATH\Boot.php(325): CodeIgniter\CodeIgniter->run()
 7 SYSTEMPATH\Boot.php(67): CodeIgniter\Boot::runCodeIgniter(Object(CodeIgniter\CodeIgniter))
 8 FCPATH\index.php(56): CodeIgniter\Boot::bootWeb(Object(Config\Paths))
WARNING - 2025-02-13 09:04:08 --> [DEPRECATED] Creation of dynamic property IonAuth\Models\IonAuthModel::$hashMethod is deprecated in FCPATH\vendor\benedmunds\codeigniter-ion-auth\Models\IonAuthModel.php on line 234.
 1 APPPATH\Libraries\IonAuth.php(71): IonAuth\Models\IonAuthModel->__construct()
 2 APPPATH\Controllers\vendor\Businesses.php(19): App\Libraries\IonAuth->__construct()
 3 SYSTEMPATH\CodeIgniter.php(903): App\Controllers\vendor\Businesses->__construct()
 4 SYSTEMPATH\CodeIgniter.php(500): CodeIgniter\CodeIgniter->createController()
 5 SYSTEMPATH\CodeIgniter.php(355): CodeIgniter\CodeIgniter->handleRequest(null, Object(Config\Cache), false)
 6 SYSTEMPATH\Boot.php(325): CodeIgniter\CodeIgniter->run()
 7 SYSTEMPATH\Boot.php(67): CodeIgniter\Boot::runCodeIgniter(Object(CodeIgniter\CodeIgniter))
 8 FCPATH\index.php(56): CodeIgniter\Boot::bootWeb(Object(Config\Paths))
WARNING - 2025-02-13 09:04:08 --> [DEPRECATED] Creation of dynamic property IonAuth\Models\IonAuthModel::$messagesTemplates is deprecated in FCPATH\vendor\benedmunds\codeigniter-ion-auth\Models\IonAuthModel.php on line 237.
 1 APPPATH\Libraries\IonAuth.php(71): IonAuth\Models\IonAuthModel->__construct()
 2 APPPATH\Controllers\vendor\Businesses.php(19): App\Libraries\IonAuth->__construct()
 3 SYSTEMPATH\CodeIgniter.php(903): App\Controllers\vendor\Businesses->__construct()
 4 SYSTEMPATH\CodeIgniter.php(500): CodeIgniter\CodeIgniter->createController()
 5 SYSTEMPATH\CodeIgniter.php(355): CodeIgniter\CodeIgniter->handleRequest(null, Object(Config\Cache), false)
 6 SYSTEMPATH\Boot.php(325): CodeIgniter\CodeIgniter->run()
 7 SYSTEMPATH\Boot.php(67): CodeIgniter\Boot::runCodeIgniter(Object(CodeIgniter\CodeIgniter))
 8 FCPATH\index.php(56): CodeIgniter\Boot::bootWeb(Object(Config\Paths))
WARNING - 2025-02-13 14:34:08 --> [DEPRECATED] Creation of dynamic property IonAuth\Models\IonAuthModel::$join is deprecated in FCPATH\vendor\benedmunds\codeigniter-ion-auth\Models\IonAuthModel.php on line 231.
 1 APPPATH\Libraries\IonAuth.php(71): IonAuth\Models\IonAuthModel->__construct()
 2 APPPATH\Filters\CheckRoles.php(17): App\Libraries\IonAuth->__construct()
 3 SYSTEMPATH\Filters\Filters.php(235): App\Filters\CheckRoles->__construct()
 4 SYSTEMPATH\Filters\Filters.php(188): CodeIgniter\Filters\Filters->runAfter([...])
 5 SYSTEMPATH\CodeIgniter.php(527): CodeIgniter\Filters\Filters->run('vendor/businesses/business_table', 'after')
 6 SYSTEMPATH\CodeIgniter.php(355): CodeIgniter\CodeIgniter->handleRequest(null, Object(Config\Cache), false)
 7 SYSTEMPATH\Boot.php(325): CodeIgniter\CodeIgniter->run()
 8 SYSTEMPATH\Boot.php(67): CodeIgniter\Boot::runCodeIgniter(Object(CodeIgniter\CodeIgniter))
 9 FCPATH\index.php(56): CodeIgniter\Boot::bootWeb(Object(Config\Paths))
WARNING - 2025-02-13 14:34:08 --> [DEPRECATED] Creation of dynamic property IonAuth\Models\IonAuthModel::$hashMethod is deprecated in FCPATH\vendor\benedmunds\codeigniter-ion-auth\Models\IonAuthModel.php on line 234.
 1 APPPATH\Libraries\IonAuth.php(71): IonAuth\Models\IonAuthModel->__construct()
 2 APPPATH\Filters\CheckRoles.php(17): App\Libraries\IonAuth->__construct()
 3 SYSTEMPATH\Filters\Filters.php(235): App\Filters\CheckRoles->__construct()
 4 SYSTEMPATH\Filters\Filters.php(188): CodeIgniter\Filters\Filters->runAfter([...])
 5 SYSTEMPATH\CodeIgniter.php(527): CodeIgniter\Filters\Filters->run('vendor/businesses/business_table', 'after')
 6 SYSTEMPATH\CodeIgniter.php(355): CodeIgniter\CodeIgniter->handleRequest(null, Object(Config\Cache), false)
 7 SYSTEMPATH\Boot.php(325): CodeIgniter\CodeIgniter->run()
 8 SYSTEMPATH\Boot.php(67): CodeIgniter\Boot::runCodeIgniter(Object(CodeIgniter\CodeIgniter))
 9 FCPATH\index.php(56): CodeIgniter\Boot::bootWeb(Object(Config\Paths))
WARNING - 2025-02-13 14:34:08 --> [DEPRECATED] Creation of dynamic property IonAuth\Models\IonAuthModel::$messagesTemplates is deprecated in FCPATH\vendor\benedmunds\codeigniter-ion-auth\Models\IonAuthModel.php on line 237.
 1 APPPATH\Libraries\IonAuth.php(71): IonAuth\Models\IonAuthModel->__construct()
 2 APPPATH\Filters\CheckRoles.php(17): App\Libraries\IonAuth->__construct()
 3 SYSTEMPATH\Filters\Filters.php(235): App\Filters\CheckRoles->__construct()
 4 SYSTEMPATH\Filters\Filters.php(188): CodeIgniter\Filters\Filters->runAfter([...])
 5 SYSTEMPATH\CodeIgniter.php(527): CodeIgniter\Filters\Filters->run('vendor/businesses/business_table', 'after')
 6 SYSTEMPATH\CodeIgniter.php(355): CodeIgniter\CodeIgniter->handleRequest(null, Object(Config\Cache), false)
 7 SYSTEMPATH\Boot.php(325): CodeIgniter\CodeIgniter->run()
 8 SYSTEMPATH\Boot.php(67): CodeIgniter\Boot::runCodeIgniter(Object(CodeIgniter\CodeIgniter))
 9 FCPATH\index.php(56): CodeIgniter\Boot::bootWeb(Object(Config\Paths))
INFO - 2025-02-13 09:04:11 --> Session: Class initialized using 'CodeIgniter\Session\Handlers\FileHandler' driver.
WARNING - 2025-02-13 09:04:11 --> [DEPRECATED] Creation of dynamic property IonAuth\Models\IonAuthModel::$join is deprecated in FCPATH\vendor\benedmunds\codeigniter-ion-auth\Models\IonAuthModel.php on line 231.
 1 APPPATH\Libraries\IonAuth.php(71): IonAuth\Models\IonAuthModel->__construct()
 2 APPPATH\Controllers\Auth.php(77): App\Libraries\IonAuth->__construct()
 3 SYSTEMPATH\CodeIgniter.php(903): App\Controllers\Auth->__construct()
 4 SYSTEMPATH\CodeIgniter.php(500): CodeIgniter\CodeIgniter->createController()
 5 SYSTEMPATH\CodeIgniter.php(355): CodeIgniter\CodeIgniter->handleRequest(null, Object(Config\Cache), false)
 6 SYSTEMPATH\Boot.php(325): CodeIgniter\CodeIgniter->run()
 7 SYSTEMPATH\Boot.php(67): CodeIgniter\Boot::runCodeIgniter(Object(CodeIgniter\CodeIgniter))
 8 FCPATH\index.php(56): CodeIgniter\Boot::bootWeb(Object(Config\Paths))
WARNING - 2025-02-13 09:04:11 --> [DEPRECATED] Creation of dynamic property IonAuth\Models\IonAuthModel::$hashMethod is deprecated in FCPATH\vendor\benedmunds\codeigniter-ion-auth\Models\IonAuthModel.php on line 234.
 1 APPPATH\Libraries\IonAuth.php(71): IonAuth\Models\IonAuthModel->__construct()
 2 APPPATH\Controllers\Auth.php(77): App\Libraries\IonAuth->__construct()
 3 SYSTEMPATH\CodeIgniter.php(903): App\Controllers\Auth->__construct()
 4 SYSTEMPATH\CodeIgniter.php(500): CodeIgniter\CodeIgniter->createController()
 5 SYSTEMPATH\CodeIgniter.php(355): CodeIgniter\CodeIgniter->handleRequest(null, Object(Config\Cache), false)
 6 SYSTEMPATH\Boot.php(325): CodeIgniter\CodeIgniter->run()
 7 SYSTEMPATH\Boot.php(67): CodeIgniter\Boot::runCodeIgniter(Object(CodeIgniter\CodeIgniter))
 8 FCPATH\index.php(56): CodeIgniter\Boot::bootWeb(Object(Config\Paths))
WARNING - 2025-02-13 09:04:11 --> [DEPRECATED] Creation of dynamic property IonAuth\Models\IonAuthModel::$messagesTemplates is deprecated in FCPATH\vendor\benedmunds\codeigniter-ion-auth\Models\IonAuthModel.php on line 237.
 1 APPPATH\Libraries\IonAuth.php(71): IonAuth\Models\IonAuthModel->__construct()
 2 APPPATH\Controllers\Auth.php(77): App\Libraries\IonAuth->__construct()
 3 SYSTEMPATH\CodeIgniter.php(903): App\Controllers\Auth->__construct()
 4 SYSTEMPATH\CodeIgniter.php(500): CodeIgniter\CodeIgniter->createController()
 5 SYSTEMPATH\CodeIgniter.php(355): CodeIgniter\CodeIgniter->handleRequest(null, Object(Config\Cache), false)
 6 SYSTEMPATH\Boot.php(325): CodeIgniter\CodeIgniter->run()
 7 SYSTEMPATH\Boot.php(67): CodeIgniter\Boot::runCodeIgniter(Object(CodeIgniter\CodeIgniter))
 8 FCPATH\index.php(56): CodeIgniter\Boot::bootWeb(Object(Config\Paths))
INFO - 2025-02-13 09:04:12 --> Session: Class initialized using 'CodeIgniter\Session\Handlers\FileHandler' driver.
WARNING - 2025-02-13 09:04:12 --> [DEPRECATED] Creation of dynamic property IonAuth\Libraries\IonAuth::$session is deprecated in FCPATH\vendor\benedmunds\codeigniter-ion-auth\Libraries\IonAuth.php on line 65.
 1 APPPATH\Controllers\Login.php(13): IonAuth\Libraries\IonAuth->__construct()
 2 SYSTEMPATH\CodeIgniter.php(903): App\Controllers\Login->__construct()
 3 SYSTEMPATH\CodeIgniter.php(500): CodeIgniter\CodeIgniter->createController()
 4 SYSTEMPATH\CodeIgniter.php(355): CodeIgniter\CodeIgniter->handleRequest(null, Object(Config\Cache), false)
 5 SYSTEMPATH\Boot.php(325): CodeIgniter\CodeIgniter->run()
 6 SYSTEMPATH\Boot.php(67): CodeIgniter\Boot::runCodeIgniter(Object(CodeIgniter\CodeIgniter))
 7 FCPATH\index.php(56): CodeIgniter\Boot::bootWeb(Object(Config\Paths))
WARNING - 2025-02-13 09:04:12 --> [DEPRECATED] Creation of dynamic property IonAuth\Models\IonAuthModel::$join is deprecated in FCPATH\vendor\benedmunds\codeigniter-ion-auth\Models\IonAuthModel.php on line 231.
 1 FCPATH\vendor\benedmunds\codeigniter-ion-auth\Libraries\IonAuth.php(67): IonAuth\Models\IonAuthModel->__construct()
 2 APPPATH\Controllers\Login.php(13): IonAuth\Libraries\IonAuth->__construct()
 3 SYSTEMPATH\CodeIgniter.php(903): App\Controllers\Login->__construct()
 4 SYSTEMPATH\CodeIgniter.php(500): CodeIgniter\CodeIgniter->createController()
 5 SYSTEMPATH\CodeIgniter.php(355): CodeIgniter\CodeIgniter->handleRequest(null, Object(Config\Cache), false)
 6 SYSTEMPATH\Boot.php(325): CodeIgniter\CodeIgniter->run()
 7 SYSTEMPATH\Boot.php(67): CodeIgniter\Boot::runCodeIgniter(Object(CodeIgniter\CodeIgniter))
 8 FCPATH\index.php(56): CodeIgniter\Boot::bootWeb(Object(Config\Paths))
WARNING - 2025-02-13 09:04:12 --> [DEPRECATED] Creation of dynamic property IonAuth\Models\IonAuthModel::$hashMethod is deprecated in FCPATH\vendor\benedmunds\codeigniter-ion-auth\Models\IonAuthModel.php on line 234.
 1 FCPATH\vendor\benedmunds\codeigniter-ion-auth\Libraries\IonAuth.php(67): IonAuth\Models\IonAuthModel->__construct()
 2 APPPATH\Controllers\Login.php(13): IonAuth\Libraries\IonAuth->__construct()
 3 SYSTEMPATH\CodeIgniter.php(903): App\Controllers\Login->__construct()
 4 SYSTEMPATH\CodeIgniter.php(500): CodeIgniter\CodeIgniter->createController()
 5 SYSTEMPATH\CodeIgniter.php(355): CodeIgniter\CodeIgniter->handleRequest(null, Object(Config\Cache), false)
 6 SYSTEMPATH\Boot.php(325): CodeIgniter\CodeIgniter->run()
 7 SYSTEMPATH\Boot.php(67): CodeIgniter\Boot::runCodeIgniter(Object(CodeIgniter\CodeIgniter))
 8 FCPATH\index.php(56): CodeIgniter\Boot::bootWeb(Object(Config\Paths))
WARNING - 2025-02-13 09:04:12 --> [DEPRECATED] Creation of dynamic property IonAuth\Models\IonAuthModel::$messagesTemplates is deprecated in FCPATH\vendor\benedmunds\codeigniter-ion-auth\Models\IonAuthModel.php on line 237.
 1 FCPATH\vendor\benedmunds\codeigniter-ion-auth\Libraries\IonAuth.php(67): IonAuth\Models\IonAuthModel->__construct()
 2 APPPATH\Controllers\Login.php(13): IonAuth\Libraries\IonAuth->__construct()
 3 SYSTEMPATH\CodeIgniter.php(903): App\Controllers\Login->__construct()
 4 SYSTEMPATH\CodeIgniter.php(500): CodeIgniter\CodeIgniter->createController()
 5 SYSTEMPATH\CodeIgniter.php(355): CodeIgniter\CodeIgniter->handleRequest(null, Object(Config\Cache), false)
 6 SYSTEMPATH\Boot.php(325): CodeIgniter\CodeIgniter->run()
 7 SYSTEMPATH\Boot.php(67): CodeIgniter\Boot::runCodeIgniter(Object(CodeIgniter\CodeIgniter))
 8 FCPATH\index.php(56): CodeIgniter\Boot::bootWeb(Object(Config\Paths))
INFO - 2025-02-13 09:04:14 --> Session: Class initialized using 'CodeIgniter\Session\Handlers\FileHandler' driver.
WARNING - 2025-02-13 09:04:14 --> [DEPRECATED] Creation of dynamic property IonAuth\Models\IonAuthModel::$join is deprecated in FCPATH\vendor\benedmunds\codeigniter-ion-auth\Models\IonAuthModel.php on line 231.
 1 APPPATH\Libraries\IonAuth.php(71): IonAuth\Models\IonAuthModel->__construct()
 2 APPPATH\Controllers\Auth.php(77): App\Libraries\IonAuth->__construct()
 3 SYSTEMPATH\CodeIgniter.php(903): App\Controllers\Auth->__construct()
 4 SYSTEMPATH\CodeIgniter.php(500): CodeIgniter\CodeIgniter->createController()
 5 SYSTEMPATH\CodeIgniter.php(355): CodeIgniter\CodeIgniter->handleRequest(null, Object(Config\Cache), false)
 6 SYSTEMPATH\Boot.php(325): CodeIgniter\CodeIgniter->run()
 7 SYSTEMPATH\Boot.php(67): CodeIgniter\Boot::runCodeIgniter(Object(CodeIgniter\CodeIgniter))
 8 FCPATH\index.php(56): CodeIgniter\Boot::bootWeb(Object(Config\Paths))
WARNING - 2025-02-13 09:04:14 --> [DEPRECATED] Creation of dynamic property IonAuth\Models\IonAuthModel::$hashMethod is deprecated in FCPATH\vendor\benedmunds\codeigniter-ion-auth\Models\IonAuthModel.php on line 234.
 1 APPPATH\Libraries\IonAuth.php(71): IonAuth\Models\IonAuthModel->__construct()
 2 APPPATH\Controllers\Auth.php(77): App\Libraries\IonAuth->__construct()
 3 SYSTEMPATH\CodeIgniter.php(903): App\Controllers\Auth->__construct()
 4 SYSTEMPATH\CodeIgniter.php(500): CodeIgniter\CodeIgniter->createController()
 5 SYSTEMPATH\CodeIgniter.php(355): CodeIgniter\CodeIgniter->handleRequest(null, Object(Config\Cache), false)
 6 SYSTEMPATH\Boot.php(325): CodeIgniter\CodeIgniter->run()
 7 SYSTEMPATH\Boot.php(67): CodeIgniter\Boot::runCodeIgniter(Object(CodeIgniter\CodeIgniter))
 8 FCPATH\index.php(56): CodeIgniter\Boot::bootWeb(Object(Config\Paths))
WARNING - 2025-02-13 09:04:14 --> [DEPRECATED] Creation of dynamic property IonAuth\Models\IonAuthModel::$messagesTemplates is deprecated in FCPATH\vendor\benedmunds\codeigniter-ion-auth\Models\IonAuthModel.php on line 237.
 1 APPPATH\Libraries\IonAuth.php(71): IonAuth\Models\IonAuthModel->__construct()
 2 APPPATH\Controllers\Auth.php(77): App\Libraries\IonAuth->__construct()
 3 SYSTEMPATH\CodeIgniter.php(903): App\Controllers\Auth->__construct()
 4 SYSTEMPATH\CodeIgniter.php(500): CodeIgniter\CodeIgniter->createController()
 5 SYSTEMPATH\CodeIgniter.php(355): CodeIgniter\CodeIgniter->handleRequest(null, Object(Config\Cache), false)
 6 SYSTEMPATH\Boot.php(325): CodeIgniter\CodeIgniter->run()
 7 SYSTEMPATH\Boot.php(67): CodeIgniter\Boot::runCodeIgniter(Object(CodeIgniter\CodeIgniter))
 8 FCPATH\index.php(56): CodeIgniter\Boot::bootWeb(Object(Config\Paths))
INFO - 2025-02-13 09:04:15 --> Session: Class initialized using 'CodeIgniter\Session\Handlers\FileHandler' driver.
WARNING - 2025-02-13 09:04:15 --> [DEPRECATED] Creation of dynamic property IonAuth\Libraries\IonAuth::$session is deprecated in FCPATH\vendor\benedmunds\codeigniter-ion-auth\Libraries\IonAuth.php on line 65.
 1 APPPATH\Controllers\admin\Home.php(17): IonAuth\Libraries\IonAuth->__construct()
 2 SYSTEMPATH\CodeIgniter.php(903): App\Controllers\admin\Home->__construct()
 3 SYSTEMPATH\CodeIgniter.php(500): CodeIgniter\CodeIgniter->createController()
 4 SYSTEMPATH\CodeIgniter.php(355): CodeIgniter\CodeIgniter->handleRequest(null, Object(Config\Cache), false)
 5 SYSTEMPATH\Boot.php(325): CodeIgniter\CodeIgniter->run()
 6 SYSTEMPATH\Boot.php(67): CodeIgniter\Boot::runCodeIgniter(Object(CodeIgniter\CodeIgniter))
 7 FCPATH\index.php(56): CodeIgniter\Boot::bootWeb(Object(Config\Paths))
WARNING - 2025-02-13 09:04:16 --> [DEPRECATED] Creation of dynamic property IonAuth\Models\IonAuthModel::$join is deprecated in FCPATH\vendor\benedmunds\codeigniter-ion-auth\Models\IonAuthModel.php on line 231.
 1 FCPATH\vendor\benedmunds\codeigniter-ion-auth\Libraries\IonAuth.php(67): IonAuth\Models\IonAuthModel->__construct()
 2 APPPATH\Controllers\admin\Home.php(17): IonAuth\Libraries\IonAuth->__construct()
 3 SYSTEMPATH\CodeIgniter.php(903): App\Controllers\admin\Home->__construct()
 4 SYSTEMPATH\CodeIgniter.php(500): CodeIgniter\CodeIgniter->createController()
 5 SYSTEMPATH\CodeIgniter.php(355): CodeIgniter\CodeIgniter->handleRequest(null, Object(Config\Cache), false)
 6 SYSTEMPATH\Boot.php(325): CodeIgniter\CodeIgniter->run()
 7 SYSTEMPATH\Boot.php(67): CodeIgniter\Boot::runCodeIgniter(Object(CodeIgniter\CodeIgniter))
 8 FCPATH\index.php(56): CodeIgniter\Boot::bootWeb(Object(Config\Paths))
WARNING - 2025-02-13 09:04:16 --> [DEPRECATED] Creation of dynamic property IonAuth\Models\IonAuthModel::$hashMethod is deprecated in FCPATH\vendor\benedmunds\codeigniter-ion-auth\Models\IonAuthModel.php on line 234.
 1 FCPATH\vendor\benedmunds\codeigniter-ion-auth\Libraries\IonAuth.php(67): IonAuth\Models\IonAuthModel->__construct()
 2 APPPATH\Controllers\admin\Home.php(17): IonAuth\Libraries\IonAuth->__construct()
 3 SYSTEMPATH\CodeIgniter.php(903): App\Controllers\admin\Home->__construct()
 4 SYSTEMPATH\CodeIgniter.php(500): CodeIgniter\CodeIgniter->createController()
 5 SYSTEMPATH\CodeIgniter.php(355): CodeIgniter\CodeIgniter->handleRequest(null, Object(Config\Cache), false)
 6 SYSTEMPATH\Boot.php(325): CodeIgniter\CodeIgniter->run()
 7 SYSTEMPATH\Boot.php(67): CodeIgniter\Boot::runCodeIgniter(Object(CodeIgniter\CodeIgniter))
 8 FCPATH\index.php(56): CodeIgniter\Boot::bootWeb(Object(Config\Paths))
WARNING - 2025-02-13 09:04:16 --> [DEPRECATED] Creation of dynamic property IonAuth\Models\IonAuthModel::$messagesTemplates is deprecated in FCPATH\vendor\benedmunds\codeigniter-ion-auth\Models\IonAuthModel.php on line 237.
 1 FCPATH\vendor\benedmunds\codeigniter-ion-auth\Libraries\IonAuth.php(67): IonAuth\Models\IonAuthModel->__construct()
 2 APPPATH\Controllers\admin\Home.php(17): IonAuth\Libraries\IonAuth->__construct()
 3 SYSTEMPATH\CodeIgniter.php(903): App\Controllers\admin\Home->__construct()
 4 SYSTEMPATH\CodeIgniter.php(500): CodeIgniter\CodeIgniter->createController()
 5 SYSTEMPATH\CodeIgniter.php(355): CodeIgniter\CodeIgniter->handleRequest(null, Object(Config\Cache), false)
 6 SYSTEMPATH\Boot.php(325): CodeIgniter\CodeIgniter->run()
 7 SYSTEMPATH\Boot.php(67): CodeIgniter\Boot::runCodeIgniter(Object(CodeIgniter\CodeIgniter))
 8 FCPATH\index.php(56): CodeIgniter\Boot::bootWeb(Object(Config\Paths))
INFO - 2025-02-13 09:04:16 --> Session: Class initialized using 'CodeIgniter\Session\Handlers\FileHandler' driver.
WARNING - 2025-02-13 09:04:16 --> [DEPRECATED] Creation of dynamic property IonAuth\Libraries\IonAuth::$session is deprecated in FCPATH\vendor\benedmunds\codeigniter-ion-auth\Libraries\IonAuth.php on line 65.
 1 APPPATH\Controllers\admin\Home.php(17): IonAuth\Libraries\IonAuth->__construct()
 2 SYSTEMPATH\CodeIgniter.php(903): App\Controllers\admin\Home->__construct()
 3 SYSTEMPATH\CodeIgniter.php(500): CodeIgniter\CodeIgniter->createController()
 4 SYSTEMPATH\CodeIgniter.php(355): CodeIgniter\CodeIgniter->handleRequest(null, Object(Config\Cache), false)
 5 SYSTEMPATH\Boot.php(325): CodeIgniter\CodeIgniter->run()
 6 SYSTEMPATH\Boot.php(67): CodeIgniter\Boot::runCodeIgniter(Object(CodeIgniter\CodeIgniter))
 7 FCPATH\index.php(56): CodeIgniter\Boot::bootWeb(Object(Config\Paths))
WARNING - 2025-02-13 09:04:16 --> [DEPRECATED] Creation of dynamic property IonAuth\Models\IonAuthModel::$join is deprecated in FCPATH\vendor\benedmunds\codeigniter-ion-auth\Models\IonAuthModel.php on line 231.
 1 FCPATH\vendor\benedmunds\codeigniter-ion-auth\Libraries\IonAuth.php(67): IonAuth\Models\IonAuthModel->__construct()
 2 APPPATH\Controllers\admin\Home.php(17): IonAuth\Libraries\IonAuth->__construct()
 3 SYSTEMPATH\CodeIgniter.php(903): App\Controllers\admin\Home->__construct()
 4 SYSTEMPATH\CodeIgniter.php(500): CodeIgniter\CodeIgniter->createController()
 5 SYSTEMPATH\CodeIgniter.php(355): CodeIgniter\CodeIgniter->handleRequest(null, Object(Config\Cache), false)
 6 SYSTEMPATH\Boot.php(325): CodeIgniter\CodeIgniter->run()
 7 SYSTEMPATH\Boot.php(67): CodeIgniter\Boot::runCodeIgniter(Object(CodeIgniter\CodeIgniter))
 8 FCPATH\index.php(56): CodeIgniter\Boot::bootWeb(Object(Config\Paths))
WARNING - 2025-02-13 09:04:16 --> [DEPRECATED] Creation of dynamic property IonAuth\Models\IonAuthModel::$hashMethod is deprecated in FCPATH\vendor\benedmunds\codeigniter-ion-auth\Models\IonAuthModel.php on line 234.
 1 FCPATH\vendor\benedmunds\codeigniter-ion-auth\Libraries\IonAuth.php(67): IonAuth\Models\IonAuthModel->__construct()
 2 APPPATH\Controllers\admin\Home.php(17): IonAuth\Libraries\IonAuth->__construct()
 3 SYSTEMPATH\CodeIgniter.php(903): App\Controllers\admin\Home->__construct()
 4 SYSTEMPATH\CodeIgniter.php(500): CodeIgniter\CodeIgniter->createController()
 5 SYSTEMPATH\CodeIgniter.php(355): CodeIgniter\CodeIgniter->handleRequest(null, Object(Config\Cache), false)
 6 SYSTEMPATH\Boot.php(325): CodeIgniter\CodeIgniter->run()
 7 SYSTEMPATH\Boot.php(67): CodeIgniter\Boot::runCodeIgniter(Object(CodeIgniter\CodeIgniter))
 8 FCPATH\index.php(56): CodeIgniter\Boot::bootWeb(Object(Config\Paths))
WARNING - 2025-02-13 09:04:16 --> [DEPRECATED] Creation of dynamic property IonAuth\Models\IonAuthModel::$messagesTemplates is deprecated in FCPATH\vendor\benedmunds\codeigniter-ion-auth\Models\IonAuthModel.php on line 237.
 1 FCPATH\vendor\benedmunds\codeigniter-ion-auth\Libraries\IonAuth.php(67): IonAuth\Models\IonAuthModel->__construct()
 2 APPPATH\Controllers\admin\Home.php(17): IonAuth\Libraries\IonAuth->__construct()
 3 SYSTEMPATH\CodeIgniter.php(903): App\Controllers\admin\Home->__construct()
 4 SYSTEMPATH\CodeIgniter.php(500): CodeIgniter\CodeIgniter->createController()
 5 SYSTEMPATH\CodeIgniter.php(355): CodeIgniter\CodeIgniter->handleRequest(null, Object(Config\Cache), false)
 6 SYSTEMPATH\Boot.php(325): CodeIgniter\CodeIgniter->run()
 7 SYSTEMPATH\Boot.php(67): CodeIgniter\Boot::runCodeIgniter(Object(CodeIgniter\CodeIgniter))
 8 FCPATH\index.php(56): CodeIgniter\Boot::bootWeb(Object(Config\Paths))
INFO - 2025-02-13 09:04:16 --> Session: Class initialized using 'CodeIgniter\Session\Handlers\FileHandler' driver.
WARNING - 2025-02-13 09:04:16 --> [DEPRECATED] Creation of dynamic property IonAuth\Libraries\IonAuth::$session is deprecated in FCPATH\vendor\benedmunds\codeigniter-ion-auth\Libraries\IonAuth.php on line 65.
 1 APPPATH\Controllers\admin\Home.php(17): IonAuth\Libraries\IonAuth->__construct()
 2 SYSTEMPATH\CodeIgniter.php(903): App\Controllers\admin\Home->__construct()
 3 SYSTEMPATH\CodeIgniter.php(500): CodeIgniter\CodeIgniter->createController()
 4 SYSTEMPATH\CodeIgniter.php(355): CodeIgniter\CodeIgniter->handleRequest(null, Object(Config\Cache), false)
 5 SYSTEMPATH\Boot.php(325): CodeIgniter\CodeIgniter->run()
 6 SYSTEMPATH\Boot.php(67): CodeIgniter\Boot::runCodeIgniter(Object(CodeIgniter\CodeIgniter))
 7 FCPATH\index.php(56): CodeIgniter\Boot::bootWeb(Object(Config\Paths))
WARNING - 2025-02-13 09:04:16 --> [DEPRECATED] Creation of dynamic property IonAuth\Models\IonAuthModel::$join is deprecated in FCPATH\vendor\benedmunds\codeigniter-ion-auth\Models\IonAuthModel.php on line 231.
 1 FCPATH\vendor\benedmunds\codeigniter-ion-auth\Libraries\IonAuth.php(67): IonAuth\Models\IonAuthModel->__construct()
 2 APPPATH\Controllers\admin\Home.php(17): IonAuth\Libraries\IonAuth->__construct()
 3 SYSTEMPATH\CodeIgniter.php(903): App\Controllers\admin\Home->__construct()
 4 SYSTEMPATH\CodeIgniter.php(500): CodeIgniter\CodeIgniter->createController()
 5 SYSTEMPATH\CodeIgniter.php(355): CodeIgniter\CodeIgniter->handleRequest(null, Object(Config\Cache), false)
 6 SYSTEMPATH\Boot.php(325): CodeIgniter\CodeIgniter->run()
 7 SYSTEMPATH\Boot.php(67): CodeIgniter\Boot::runCodeIgniter(Object(CodeIgniter\CodeIgniter))
 8 FCPATH\index.php(56): CodeIgniter\Boot::bootWeb(Object(Config\Paths))
WARNING - 2025-02-13 09:04:16 --> [DEPRECATED] Creation of dynamic property IonAuth\Models\IonAuthModel::$hashMethod is deprecated in FCPATH\vendor\benedmunds\codeigniter-ion-auth\Models\IonAuthModel.php on line 234.
 1 FCPATH\vendor\benedmunds\codeigniter-ion-auth\Libraries\IonAuth.php(67): IonAuth\Models\IonAuthModel->__construct()
 2 APPPATH\Controllers\admin\Home.php(17): IonAuth\Libraries\IonAuth->__construct()
 3 SYSTEMPATH\CodeIgniter.php(903): App\Controllers\admin\Home->__construct()
 4 SYSTEMPATH\CodeIgniter.php(500): CodeIgniter\CodeIgniter->createController()
 5 SYSTEMPATH\CodeIgniter.php(355): CodeIgniter\CodeIgniter->handleRequest(null, Object(Config\Cache), false)
 6 SYSTEMPATH\Boot.php(325): CodeIgniter\CodeIgniter->run()
 7 SYSTEMPATH\Boot.php(67): CodeIgniter\Boot::runCodeIgniter(Object(CodeIgniter\CodeIgniter))
 8 FCPATH\index.php(56): CodeIgniter\Boot::bootWeb(Object(Config\Paths))
WARNING - 2025-02-13 09:04:16 --> [DEPRECATED] Creation of dynamic property IonAuth\Models\IonAuthModel::$messagesTemplates is deprecated in FCPATH\vendor\benedmunds\codeigniter-ion-auth\Models\IonAuthModel.php on line 237.
 1 FCPATH\vendor\benedmunds\codeigniter-ion-auth\Libraries\IonAuth.php(67): IonAuth\Models\IonAuthModel->__construct()
 2 APPPATH\Controllers\admin\Home.php(17): IonAuth\Libraries\IonAuth->__construct()
 3 SYSTEMPATH\CodeIgniter.php(903): App\Controllers\admin\Home->__construct()
 4 SYSTEMPATH\CodeIgniter.php(500): CodeIgniter\CodeIgniter->createController()
 5 SYSTEMPATH\CodeIgniter.php(355): CodeIgniter\CodeIgniter->handleRequest(null, Object(Config\Cache), false)
 6 SYSTEMPATH\Boot.php(325): CodeIgniter\CodeIgniter->run()
 7 SYSTEMPATH\Boot.php(67): CodeIgniter\Boot::runCodeIgniter(Object(CodeIgniter\CodeIgniter))
 8 FCPATH\index.php(56): CodeIgniter\Boot::bootWeb(Object(Config\Paths))
INFO - 2025-02-13 09:04:21 --> Session: Class initialized using 'CodeIgniter\Session\Handlers\FileHandler' driver.
WARNING - 2025-02-13 09:04:21 --> [DEPRECATED] Creation of dynamic property IonAuth\Libraries\IonAuth::$session is deprecated in FCPATH\vendor\benedmunds\codeigniter-ion-auth\Libraries\IonAuth.php on line 65.
 1 APPPATH\Controllers\admin\Migrate.php(16): IonAuth\Libraries\IonAuth->__construct()
 2 SYSTEMPATH\CodeIgniter.php(903): App\Controllers\admin\Migrate->__construct()
 3 SYSTEMPATH\CodeIgniter.php(500): CodeIgniter\CodeIgniter->createController()
 4 SYSTEMPATH\CodeIgniter.php(355): CodeIgniter\CodeIgniter->handleRequest(null, Object(Config\Cache), false)
 5 SYSTEMPATH\Boot.php(325): CodeIgniter\CodeIgniter->run()
 6 SYSTEMPATH\Boot.php(67): CodeIgniter\Boot::runCodeIgniter(Object(CodeIgniter\CodeIgniter))
 7 FCPATH\index.php(56): CodeIgniter\Boot::bootWeb(Object(Config\Paths))
WARNING - 2025-02-13 09:04:21 --> [DEPRECATED] Creation of dynamic property IonAuth\Models\IonAuthModel::$join is deprecated in FCPATH\vendor\benedmunds\codeigniter-ion-auth\Models\IonAuthModel.php on line 231.
 1 FCPATH\vendor\benedmunds\codeigniter-ion-auth\Libraries\IonAuth.php(67): IonAuth\Models\IonAuthModel->__construct()
 2 APPPATH\Controllers\admin\Migrate.php(16): IonAuth\Libraries\IonAuth->__construct()
 3 SYSTEMPATH\CodeIgniter.php(903): App\Controllers\admin\Migrate->__construct()
 4 SYSTEMPATH\CodeIgniter.php(500): CodeIgniter\CodeIgniter->createController()
 5 SYSTEMPATH\CodeIgniter.php(355): CodeIgniter\CodeIgniter->handleRequest(null, Object(Config\Cache), false)
 6 SYSTEMPATH\Boot.php(325): CodeIgniter\CodeIgniter->run()
 7 SYSTEMPATH\Boot.php(67): CodeIgniter\Boot::runCodeIgniter(Object(CodeIgniter\CodeIgniter))
 8 FCPATH\index.php(56): CodeIgniter\Boot::bootWeb(Object(Config\Paths))
WARNING - 2025-02-13 09:04:21 --> [DEPRECATED] Creation of dynamic property IonAuth\Models\IonAuthModel::$hashMethod is deprecated in FCPATH\vendor\benedmunds\codeigniter-ion-auth\Models\IonAuthModel.php on line 234.
 1 FCPATH\vendor\benedmunds\codeigniter-ion-auth\Libraries\IonAuth.php(67): IonAuth\Models\IonAuthModel->__construct()
 2 APPPATH\Controllers\admin\Migrate.php(16): IonAuth\Libraries\IonAuth->__construct()
 3 SYSTEMPATH\CodeIgniter.php(903): App\Controllers\admin\Migrate->__construct()
 4 SYSTEMPATH\CodeIgniter.php(500): CodeIgniter\CodeIgniter->createController()
 5 SYSTEMPATH\CodeIgniter.php(355): CodeIgniter\CodeIgniter->handleRequest(null, Object(Config\Cache), false)
 6 SYSTEMPATH\Boot.php(325): CodeIgniter\CodeIgniter->run()
 7 SYSTEMPATH\Boot.php(67): CodeIgniter\Boot::runCodeIgniter(Object(CodeIgniter\CodeIgniter))
 8 FCPATH\index.php(56): CodeIgniter\Boot::bootWeb(Object(Config\Paths))
WARNING - 2025-02-13 09:04:21 --> [DEPRECATED] Creation of dynamic property IonAuth\Models\IonAuthModel::$messagesTemplates is deprecated in FCPATH\vendor\benedmunds\codeigniter-ion-auth\Models\IonAuthModel.php on line 237.
 1 FCPATH\vendor\benedmunds\codeigniter-ion-auth\Libraries\IonAuth.php(67): IonAuth\Models\IonAuthModel->__construct()
 2 APPPATH\Controllers\admin\Migrate.php(16): IonAuth\Libraries\IonAuth->__construct()
 3 SYSTEMPATH\CodeIgniter.php(903): App\Controllers\admin\Migrate->__construct()
 4 SYSTEMPATH\CodeIgniter.php(500): CodeIgniter\CodeIgniter->createController()
 5 SYSTEMPATH\CodeIgniter.php(355): CodeIgniter\CodeIgniter->handleRequest(null, Object(Config\Cache), false)
 6 SYSTEMPATH\Boot.php(325): CodeIgniter\CodeIgniter->run()
 7 SYSTEMPATH\Boot.php(67): CodeIgniter\Boot::runCodeIgniter(Object(CodeIgniter\CodeIgniter))
 8 FCPATH\index.php(56): CodeIgniter\Boot::bootWeb(Object(Config\Paths))
INFO - 2025-02-13 09:04:28 --> Session: Class initialized using 'CodeIgniter\Session\Handlers\FileHandler' driver.
WARNING - 2025-02-13 09:04:29 --> [DEPRECATED] Creation of dynamic property IonAuth\Libraries\IonAuth::$session is deprecated in FCPATH\vendor\benedmunds\codeigniter-ion-auth\Libraries\IonAuth.php on line 65.
 1 APPPATH\Controllers\admin\Home.php(17): IonAuth\Libraries\IonAuth->__construct()
 2 SYSTEMPATH\CodeIgniter.php(903): App\Controllers\admin\Home->__construct()
 3 SYSTEMPATH\CodeIgniter.php(500): CodeIgniter\CodeIgniter->createController()
 4 SYSTEMPATH\CodeIgniter.php(355): CodeIgniter\CodeIgniter->handleRequest(null, Object(Config\Cache), false)
 5 SYSTEMPATH\Boot.php(325): CodeIgniter\CodeIgniter->run()
 6 SYSTEMPATH\Boot.php(67): CodeIgniter\Boot::runCodeIgniter(Object(CodeIgniter\CodeIgniter))
 7 FCPATH\index.php(56): CodeIgniter\Boot::bootWeb(Object(Config\Paths))
WARNING - 2025-02-13 09:04:29 --> [DEPRECATED] Creation of dynamic property IonAuth\Models\IonAuthModel::$join is deprecated in FCPATH\vendor\benedmunds\codeigniter-ion-auth\Models\IonAuthModel.php on line 231.
 1 FCPATH\vendor\benedmunds\codeigniter-ion-auth\Libraries\IonAuth.php(67): IonAuth\Models\IonAuthModel->__construct()
 2 APPPATH\Controllers\admin\Home.php(17): IonAuth\Libraries\IonAuth->__construct()
 3 SYSTEMPATH\CodeIgniter.php(903): App\Controllers\admin\Home->__construct()
 4 SYSTEMPATH\CodeIgniter.php(500): CodeIgniter\CodeIgniter->createController()
 5 SYSTEMPATH\CodeIgniter.php(355): CodeIgniter\CodeIgniter->handleRequest(null, Object(Config\Cache), false)
 6 SYSTEMPATH\Boot.php(325): CodeIgniter\CodeIgniter->run()
 7 SYSTEMPATH\Boot.php(67): CodeIgniter\Boot::runCodeIgniter(Object(CodeIgniter\CodeIgniter))
 8 FCPATH\index.php(56): CodeIgniter\Boot::bootWeb(Object(Config\Paths))
WARNING - 2025-02-13 09:04:29 --> [DEPRECATED] Creation of dynamic property IonAuth\Models\IonAuthModel::$hashMethod is deprecated in FCPATH\vendor\benedmunds\codeigniter-ion-auth\Models\IonAuthModel.php on line 234.
 1 FCPATH\vendor\benedmunds\codeigniter-ion-auth\Libraries\IonAuth.php(67): IonAuth\Models\IonAuthModel->__construct()
 2 APPPATH\Controllers\admin\Home.php(17): IonAuth\Libraries\IonAuth->__construct()
 3 SYSTEMPATH\CodeIgniter.php(903): App\Controllers\admin\Home->__construct()
 4 SYSTEMPATH\CodeIgniter.php(500): CodeIgniter\CodeIgniter->createController()
 5 SYSTEMPATH\CodeIgniter.php(355): CodeIgniter\CodeIgniter->handleRequest(null, Object(Config\Cache), false)
 6 SYSTEMPATH\Boot.php(325): CodeIgniter\CodeIgniter->run()
 7 SYSTEMPATH\Boot.php(67): CodeIgniter\Boot::runCodeIgniter(Object(CodeIgniter\CodeIgniter))
 8 FCPATH\index.php(56): CodeIgniter\Boot::bootWeb(Object(Config\Paths))
WARNING - 2025-02-13 09:04:29 --> [DEPRECATED] Creation of dynamic property IonAuth\Models\IonAuthModel::$messagesTemplates is deprecated in FCPATH\vendor\benedmunds\codeigniter-ion-auth\Models\IonAuthModel.php on line 237.
 1 FCPATH\vendor\benedmunds\codeigniter-ion-auth\Libraries\IonAuth.php(67): IonAuth\Models\IonAuthModel->__construct()
 2 APPPATH\Controllers\admin\Home.php(17): IonAuth\Libraries\IonAuth->__construct()
 3 SYSTEMPATH\CodeIgniter.php(903): App\Controllers\admin\Home->__construct()
 4 SYSTEMPATH\CodeIgniter.php(500): CodeIgniter\CodeIgniter->createController()
 5 SYSTEMPATH\CodeIgniter.php(355): CodeIgniter\CodeIgniter->handleRequest(null, Object(Config\Cache), false)
 6 SYSTEMPATH\Boot.php(325): CodeIgniter\CodeIgniter->run()
 7 SYSTEMPATH\Boot.php(67): CodeIgniter\Boot::runCodeIgniter(Object(CodeIgniter\CodeIgniter))
 8 FCPATH\index.php(56): CodeIgniter\Boot::bootWeb(Object(Config\Paths))
INFO - 2025-02-13 09:04:29 --> Session: Class initialized using 'CodeIgniter\Session\Handlers\FileHandler' driver.
WARNING - 2025-02-13 09:04:29 --> [DEPRECATED] Creation of dynamic property IonAuth\Libraries\IonAuth::$session is deprecated in FCPATH\vendor\benedmunds\codeigniter-ion-auth\Libraries\IonAuth.php on line 65.
 1 APPPATH\Controllers\admin\Home.php(17): IonAuth\Libraries\IonAuth->__construct()
 2 SYSTEMPATH\CodeIgniter.php(903): App\Controllers\admin\Home->__construct()
 3 SYSTEMPATH\CodeIgniter.php(500): CodeIgniter\CodeIgniter->createController()
 4 SYSTEMPATH\CodeIgniter.php(355): CodeIgniter\CodeIgniter->handleRequest(null, Object(Config\Cache), false)
 5 SYSTEMPATH\Boot.php(325): CodeIgniter\CodeIgniter->run()
 6 SYSTEMPATH\Boot.php(67): CodeIgniter\Boot::runCodeIgniter(Object(CodeIgniter\CodeIgniter))
 7 FCPATH\index.php(56): CodeIgniter\Boot::bootWeb(Object(Config\Paths))
WARNING - 2025-02-13 09:04:29 --> [DEPRECATED] Creation of dynamic property IonAuth\Models\IonAuthModel::$join is deprecated in FCPATH\vendor\benedmunds\codeigniter-ion-auth\Models\IonAuthModel.php on line 231.
 1 FCPATH\vendor\benedmunds\codeigniter-ion-auth\Libraries\IonAuth.php(67): IonAuth\Models\IonAuthModel->__construct()
 2 APPPATH\Controllers\admin\Home.php(17): IonAuth\Libraries\IonAuth->__construct()
 3 SYSTEMPATH\CodeIgniter.php(903): App\Controllers\admin\Home->__construct()
 4 SYSTEMPATH\CodeIgniter.php(500): CodeIgniter\CodeIgniter->createController()
 5 SYSTEMPATH\CodeIgniter.php(355): CodeIgniter\CodeIgniter->handleRequest(null, Object(Config\Cache), false)
 6 SYSTEMPATH\Boot.php(325): CodeIgniter\CodeIgniter->run()
 7 SYSTEMPATH\Boot.php(67): CodeIgniter\Boot::runCodeIgniter(Object(CodeIgniter\CodeIgniter))
 8 FCPATH\index.php(56): CodeIgniter\Boot::bootWeb(Object(Config\Paths))
WARNING - 2025-02-13 09:04:29 --> [DEPRECATED] Creation of dynamic property IonAuth\Models\IonAuthModel::$hashMethod is deprecated in FCPATH\vendor\benedmunds\codeigniter-ion-auth\Models\IonAuthModel.php on line 234.
 1 FCPATH\vendor\benedmunds\codeigniter-ion-auth\Libraries\IonAuth.php(67): IonAuth\Models\IonAuthModel->__construct()
 2 APPPATH\Controllers\admin\Home.php(17): IonAuth\Libraries\IonAuth->__construct()
 3 SYSTEMPATH\CodeIgniter.php(903): App\Controllers\admin\Home->__construct()
 4 SYSTEMPATH\CodeIgniter.php(500): CodeIgniter\CodeIgniter->createController()
 5 SYSTEMPATH\CodeIgniter.php(355): CodeIgniter\CodeIgniter->handleRequest(null, Object(Config\Cache), false)
 6 SYSTEMPATH\Boot.php(325): CodeIgniter\CodeIgniter->run()
 7 SYSTEMPATH\Boot.php(67): CodeIgniter\Boot::runCodeIgniter(Object(CodeIgniter\CodeIgniter))
 8 FCPATH\index.php(56): CodeIgniter\Boot::bootWeb(Object(Config\Paths))
WARNING - 2025-02-13 09:04:29 --> [DEPRECATED] Creation of dynamic property IonAuth\Models\IonAuthModel::$messagesTemplates is deprecated in FCPATH\vendor\benedmunds\codeigniter-ion-auth\Models\IonAuthModel.php on line 237.
 1 FCPATH\vendor\benedmunds\codeigniter-ion-auth\Libraries\IonAuth.php(67): IonAuth\Models\IonAuthModel->__construct()
 2 APPPATH\Controllers\admin\Home.php(17): IonAuth\Libraries\IonAuth->__construct()
 3 SYSTEMPATH\CodeIgniter.php(903): App\Controllers\admin\Home->__construct()
 4 SYSTEMPATH\CodeIgniter.php(500): CodeIgniter\CodeIgniter->createController()
 5 SYSTEMPATH\CodeIgniter.php(355): CodeIgniter\CodeIgniter->handleRequest(null, Object(Config\Cache), false)
 6 SYSTEMPATH\Boot.php(325): CodeIgniter\CodeIgniter->run()
 7 SYSTEMPATH\Boot.php(67): CodeIgniter\Boot::runCodeIgniter(Object(CodeIgniter\CodeIgniter))
 8 FCPATH\index.php(56): CodeIgniter\Boot::bootWeb(Object(Config\Paths))
INFO - 2025-02-13 09:04:29 --> Session: Class initialized using 'CodeIgniter\Session\Handlers\FileHandler' driver.
WARNING - 2025-02-13 09:04:29 --> [DEPRECATED] Creation of dynamic property IonAuth\Libraries\IonAuth::$session is deprecated in FCPATH\vendor\benedmunds\codeigniter-ion-auth\Libraries\IonAuth.php on line 65.
 1 APPPATH\Controllers\admin\Home.php(17): IonAuth\Libraries\IonAuth->__construct()
 2 SYSTEMPATH\CodeIgniter.php(903): App\Controllers\admin\Home->__construct()
 3 SYSTEMPATH\CodeIgniter.php(500): CodeIgniter\CodeIgniter->createController()
 4 SYSTEMPATH\CodeIgniter.php(355): CodeIgniter\CodeIgniter->handleRequest(null, Object(Config\Cache), false)
 5 SYSTEMPATH\Boot.php(325): CodeIgniter\CodeIgniter->run()
 6 SYSTEMPATH\Boot.php(67): CodeIgniter\Boot::runCodeIgniter(Object(CodeIgniter\CodeIgniter))
 7 FCPATH\index.php(56): CodeIgniter\Boot::bootWeb(Object(Config\Paths))
WARNING - 2025-02-13 09:04:29 --> [DEPRECATED] Creation of dynamic property IonAuth\Models\IonAuthModel::$join is deprecated in FCPATH\vendor\benedmunds\codeigniter-ion-auth\Models\IonAuthModel.php on line 231.
 1 FCPATH\vendor\benedmunds\codeigniter-ion-auth\Libraries\IonAuth.php(67): IonAuth\Models\IonAuthModel->__construct()
 2 APPPATH\Controllers\admin\Home.php(17): IonAuth\Libraries\IonAuth->__construct()
 3 SYSTEMPATH\CodeIgniter.php(903): App\Controllers\admin\Home->__construct()
 4 SYSTEMPATH\CodeIgniter.php(500): CodeIgniter\CodeIgniter->createController()
 5 SYSTEMPATH\CodeIgniter.php(355): CodeIgniter\CodeIgniter->handleRequest(null, Object(Config\Cache), false)
 6 SYSTEMPATH\Boot.php(325): CodeIgniter\CodeIgniter->run()
 7 SYSTEMPATH\Boot.php(67): CodeIgniter\Boot::runCodeIgniter(Object(CodeIgniter\CodeIgniter))
 8 FCPATH\index.php(56): CodeIgniter\Boot::bootWeb(Object(Config\Paths))
WARNING - 2025-02-13 09:04:29 --> [DEPRECATED] Creation of dynamic property IonAuth\Models\IonAuthModel::$hashMethod is deprecated in FCPATH\vendor\benedmunds\codeigniter-ion-auth\Models\IonAuthModel.php on line 234.
 1 FCPATH\vendor\benedmunds\codeigniter-ion-auth\Libraries\IonAuth.php(67): IonAuth\Models\IonAuthModel->__construct()
 2 APPPATH\Controllers\admin\Home.php(17): IonAuth\Libraries\IonAuth->__construct()
 3 SYSTEMPATH\CodeIgniter.php(903): App\Controllers\admin\Home->__construct()
 4 SYSTEMPATH\CodeIgniter.php(500): CodeIgniter\CodeIgniter->createController()
 5 SYSTEMPATH\CodeIgniter.php(355): CodeIgniter\CodeIgniter->handleRequest(null, Object(Config\Cache), false)
 6 SYSTEMPATH\Boot.php(325): CodeIgniter\CodeIgniter->run()
 7 SYSTEMPATH\Boot.php(67): CodeIgniter\Boot::runCodeIgniter(Object(CodeIgniter\CodeIgniter))
 8 FCPATH\index.php(56): CodeIgniter\Boot::bootWeb(Object(Config\Paths))
WARNING - 2025-02-13 09:04:29 --> [DEPRECATED] Creation of dynamic property IonAuth\Models\IonAuthModel::$messagesTemplates is deprecated in FCPATH\vendor\benedmunds\codeigniter-ion-auth\Models\IonAuthModel.php on line 237.
 1 FCPATH\vendor\benedmunds\codeigniter-ion-auth\Libraries\IonAuth.php(67): IonAuth\Models\IonAuthModel->__construct()
 2 APPPATH\Controllers\admin\Home.php(17): IonAuth\Libraries\IonAuth->__construct()
 3 SYSTEMPATH\CodeIgniter.php(903): App\Controllers\admin\Home->__construct()
 4 SYSTEMPATH\CodeIgniter.php(500): CodeIgniter\CodeIgniter->createController()
 5 SYSTEMPATH\CodeIgniter.php(355): CodeIgniter\CodeIgniter->handleRequest(null, Object(Config\Cache), false)
 6 SYSTEMPATH\Boot.php(325): CodeIgniter\CodeIgniter->run()
 7 SYSTEMPATH\Boot.php(67): CodeIgniter\Boot::runCodeIgniter(Object(CodeIgniter\CodeIgniter))
 8 FCPATH\index.php(56): CodeIgniter\Boot::bootWeb(Object(Config\Paths))
INFO - 2025-02-13 09:19:40 --> Session: Class initialized using 'CodeIgniter\Session\Handlers\FileHandler' driver.
WARNING - 2025-02-13 09:19:40 --> [DEPRECATED] Creation of dynamic property IonAuth\Models\IonAuthModel::$join is deprecated in FCPATH\vendor\benedmunds\codeigniter-ion-auth\Models\IonAuthModel.php on line 231.
 1 APPPATH\Libraries\IonAuth.php(71): IonAuth\Models\IonAuthModel->__construct()
 2 APPPATH\Controllers\Home.php(12): App\Libraries\IonAuth->__construct()
 3 SYSTEMPATH\CodeIgniter.php(903): App\Controllers\Home->__construct()
 4 SYSTEMPATH\CodeIgniter.php(500): CodeIgniter\CodeIgniter->createController()
 5 SYSTEMPATH\CodeIgniter.php(355): CodeIgniter\CodeIgniter->handleRequest(null, Object(Config\Cache), false)
 6 SYSTEMPATH\Boot.php(325): CodeIgniter\CodeIgniter->run()
 7 SYSTEMPATH\Boot.php(67): CodeIgniter\Boot::runCodeIgniter(Object(CodeIgniter\CodeIgniter))
 8 FCPATH\index.php(56): CodeIgniter\Boot::bootWeb(Object(Config\Paths))
WARNING - 2025-02-13 09:19:40 --> [DEPRECATED] Creation of dynamic property IonAuth\Models\IonAuthModel::$hashMethod is deprecated in FCPATH\vendor\benedmunds\codeigniter-ion-auth\Models\IonAuthModel.php on line 234.
 1 APPPATH\Libraries\IonAuth.php(71): IonAuth\Models\IonAuthModel->__construct()
 2 APPPATH\Controllers\Home.php(12): App\Libraries\IonAuth->__construct()
 3 SYSTEMPATH\CodeIgniter.php(903): App\Controllers\Home->__construct()
 4 SYSTEMPATH\CodeIgniter.php(500): CodeIgniter\CodeIgniter->createController()
 5 SYSTEMPATH\CodeIgniter.php(355): CodeIgniter\CodeIgniter->handleRequest(null, Object(Config\Cache), false)
 6 SYSTEMPATH\Boot.php(325): CodeIgniter\CodeIgniter->run()
 7 SYSTEMPATH\Boot.php(67): CodeIgniter\Boot::runCodeIgniter(Object(CodeIgniter\CodeIgniter))
 8 FCPATH\index.php(56): CodeIgniter\Boot::bootWeb(Object(Config\Paths))
WARNING - 2025-02-13 09:19:40 --> [DEPRECATED] Creation of dynamic property IonAuth\Models\IonAuthModel::$messagesTemplates is deprecated in FCPATH\vendor\benedmunds\codeigniter-ion-auth\Models\IonAuthModel.php on line 237.
 1 APPPATH\Libraries\IonAuth.php(71): IonAuth\Models\IonAuthModel->__construct()
 2 APPPATH\Controllers\Home.php(12): App\Libraries\IonAuth->__construct()
 3 SYSTEMPATH\CodeIgniter.php(903): App\Controllers\Home->__construct()
 4 SYSTEMPATH\CodeIgniter.php(500): CodeIgniter\CodeIgniter->createController()
 5 SYSTEMPATH\CodeIgniter.php(355): CodeIgniter\CodeIgniter->handleRequest(null, Object(Config\Cache), false)
 6 SYSTEMPATH\Boot.php(325): CodeIgniter\CodeIgniter->run()
 7 SYSTEMPATH\Boot.php(67): CodeIgniter\Boot::runCodeIgniter(Object(CodeIgniter\CodeIgniter))
 8 FCPATH\index.php(56): CodeIgniter\Boot::bootWeb(Object(Config\Paths))
INFO - 2025-02-13 09:19:45 --> Session: Class initialized using 'CodeIgniter\Session\Handlers\FileHandler' driver.
WARNING - 2025-02-13 09:19:45 --> [DEPRECATED] Creation of dynamic property IonAuth\Libraries\IonAuth::$session is deprecated in FCPATH\vendor\benedmunds\codeigniter-ion-auth\Libraries\IonAuth.php on line 65.
 1 APPPATH\Controllers\Login.php(13): IonAuth\Libraries\IonAuth->__construct()
 2 SYSTEMPATH\CodeIgniter.php(903): App\Controllers\Login->__construct()
 3 SYSTEMPATH\CodeIgniter.php(500): CodeIgniter\CodeIgniter->createController()
 4 SYSTEMPATH\CodeIgniter.php(355): CodeIgniter\CodeIgniter->handleRequest(null, Object(Config\Cache), false)
 5 SYSTEMPATH\Boot.php(325): CodeIgniter\CodeIgniter->run()
 6 SYSTEMPATH\Boot.php(67): CodeIgniter\Boot::runCodeIgniter(Object(CodeIgniter\CodeIgniter))
 7 FCPATH\index.php(56): CodeIgniter\Boot::bootWeb(Object(Config\Paths))
WARNING - 2025-02-13 09:19:45 --> [DEPRECATED] Creation of dynamic property IonAuth\Models\IonAuthModel::$join is deprecated in FCPATH\vendor\benedmunds\codeigniter-ion-auth\Models\IonAuthModel.php on line 231.
 1 FCPATH\vendor\benedmunds\codeigniter-ion-auth\Libraries\IonAuth.php(67): IonAuth\Models\IonAuthModel->__construct()
 2 APPPATH\Controllers\Login.php(13): IonAuth\Libraries\IonAuth->__construct()
 3 SYSTEMPATH\CodeIgniter.php(903): App\Controllers\Login->__construct()
 4 SYSTEMPATH\CodeIgniter.php(500): CodeIgniter\CodeIgniter->createController()
 5 SYSTEMPATH\CodeIgniter.php(355): CodeIgniter\CodeIgniter->handleRequest(null, Object(Config\Cache), false)
 6 SYSTEMPATH\Boot.php(325): CodeIgniter\CodeIgniter->run()
 7 SYSTEMPATH\Boot.php(67): CodeIgniter\Boot::runCodeIgniter(Object(CodeIgniter\CodeIgniter))
 8 FCPATH\index.php(56): CodeIgniter\Boot::bootWeb(Object(Config\Paths))
WARNING - 2025-02-13 09:19:45 --> [DEPRECATED] Creation of dynamic property IonAuth\Models\IonAuthModel::$hashMethod is deprecated in FCPATH\vendor\benedmunds\codeigniter-ion-auth\Models\IonAuthModel.php on line 234.
 1 FCPATH\vendor\benedmunds\codeigniter-ion-auth\Libraries\IonAuth.php(67): IonAuth\Models\IonAuthModel->__construct()
 2 APPPATH\Controllers\Login.php(13): IonAuth\Libraries\IonAuth->__construct()
 3 SYSTEMPATH\CodeIgniter.php(903): App\Controllers\Login->__construct()
 4 SYSTEMPATH\CodeIgniter.php(500): CodeIgniter\CodeIgniter->createController()
 5 SYSTEMPATH\CodeIgniter.php(355): CodeIgniter\CodeIgniter->handleRequest(null, Object(Config\Cache), false)
 6 SYSTEMPATH\Boot.php(325): CodeIgniter\CodeIgniter->run()
 7 SYSTEMPATH\Boot.php(67): CodeIgniter\Boot::runCodeIgniter(Object(CodeIgniter\CodeIgniter))
 8 FCPATH\index.php(56): CodeIgniter\Boot::bootWeb(Object(Config\Paths))
WARNING - 2025-02-13 09:19:45 --> [DEPRECATED] Creation of dynamic property IonAuth\Models\IonAuthModel::$messagesTemplates is deprecated in FCPATH\vendor\benedmunds\codeigniter-ion-auth\Models\IonAuthModel.php on line 237.
 1 FCPATH\vendor\benedmunds\codeigniter-ion-auth\Libraries\IonAuth.php(67): IonAuth\Models\IonAuthModel->__construct()
 2 APPPATH\Controllers\Login.php(13): IonAuth\Libraries\IonAuth->__construct()
 3 SYSTEMPATH\CodeIgniter.php(903): App\Controllers\Login->__construct()
 4 SYSTEMPATH\CodeIgniter.php(500): CodeIgniter\CodeIgniter->createController()
 5 SYSTEMPATH\CodeIgniter.php(355): CodeIgniter\CodeIgniter->handleRequest(null, Object(Config\Cache), false)
 6 SYSTEMPATH\Boot.php(325): CodeIgniter\CodeIgniter->run()
 7 SYSTEMPATH\Boot.php(67): CodeIgniter\Boot::runCodeIgniter(Object(CodeIgniter\CodeIgniter))
 8 FCPATH\index.php(56): CodeIgniter\Boot::bootWeb(Object(Config\Paths))
INFO - 2025-02-13 09:19:48 --> Session: Class initialized using 'CodeIgniter\Session\Handlers\FileHandler' driver.
WARNING - 2025-02-13 09:19:49 --> [DEPRECATED] Creation of dynamic property IonAuth\Models\IonAuthModel::$join is deprecated in FCPATH\vendor\benedmunds\codeigniter-ion-auth\Models\IonAuthModel.php on line 231.
 1 APPPATH\Libraries\IonAuth.php(71): IonAuth\Models\IonAuthModel->__construct()
 2 APPPATH\Controllers\Auth.php(77): App\Libraries\IonAuth->__construct()
 3 SYSTEMPATH\CodeIgniter.php(903): App\Controllers\Auth->__construct()
 4 SYSTEMPATH\CodeIgniter.php(500): CodeIgniter\CodeIgniter->createController()
 5 SYSTEMPATH\CodeIgniter.php(355): CodeIgniter\CodeIgniter->handleRequest(null, Object(Config\Cache), false)
 6 SYSTEMPATH\Boot.php(325): CodeIgniter\CodeIgniter->run()
 7 SYSTEMPATH\Boot.php(67): CodeIgniter\Boot::runCodeIgniter(Object(CodeIgniter\CodeIgniter))
 8 FCPATH\index.php(56): CodeIgniter\Boot::bootWeb(Object(Config\Paths))
WARNING - 2025-02-13 09:19:49 --> [DEPRECATED] Creation of dynamic property IonAuth\Models\IonAuthModel::$hashMethod is deprecated in FCPATH\vendor\benedmunds\codeigniter-ion-auth\Models\IonAuthModel.php on line 234.
 1 APPPATH\Libraries\IonAuth.php(71): IonAuth\Models\IonAuthModel->__construct()
 2 APPPATH\Controllers\Auth.php(77): App\Libraries\IonAuth->__construct()
 3 SYSTEMPATH\CodeIgniter.php(903): App\Controllers\Auth->__construct()
 4 SYSTEMPATH\CodeIgniter.php(500): CodeIgniter\CodeIgniter->createController()
 5 SYSTEMPATH\CodeIgniter.php(355): CodeIgniter\CodeIgniter->handleRequest(null, Object(Config\Cache), false)
 6 SYSTEMPATH\Boot.php(325): CodeIgniter\CodeIgniter->run()
 7 SYSTEMPATH\Boot.php(67): CodeIgniter\Boot::runCodeIgniter(Object(CodeIgniter\CodeIgniter))
 8 FCPATH\index.php(56): CodeIgniter\Boot::bootWeb(Object(Config\Paths))
WARNING - 2025-02-13 09:19:49 --> [DEPRECATED] Creation of dynamic property IonAuth\Models\IonAuthModel::$messagesTemplates is deprecated in FCPATH\vendor\benedmunds\codeigniter-ion-auth\Models\IonAuthModel.php on line 237.
 1 APPPATH\Libraries\IonAuth.php(71): IonAuth\Models\IonAuthModel->__construct()
 2 APPPATH\Controllers\Auth.php(77): App\Libraries\IonAuth->__construct()
 3 SYSTEMPATH\CodeIgniter.php(903): App\Controllers\Auth->__construct()
 4 SYSTEMPATH\CodeIgniter.php(500): CodeIgniter\CodeIgniter->createController()
 5 SYSTEMPATH\CodeIgniter.php(355): CodeIgniter\CodeIgniter->handleRequest(null, Object(Config\Cache), false)
 6 SYSTEMPATH\Boot.php(325): CodeIgniter\CodeIgniter->run()
 7 SYSTEMPATH\Boot.php(67): CodeIgniter\Boot::runCodeIgniter(Object(CodeIgniter\CodeIgniter))
 8 FCPATH\index.php(56): CodeIgniter\Boot::bootWeb(Object(Config\Paths))
INFO - 2025-02-13 09:19:49 --> Session: Class initialized using 'CodeIgniter\Session\Handlers\FileHandler' driver.
WARNING - 2025-02-13 09:19:49 --> [DEPRECATED] Creation of dynamic property IonAuth\Models\IonAuthModel::$join is deprecated in FCPATH\vendor\benedmunds\codeigniter-ion-auth\Models\IonAuthModel.php on line 231.
 1 APPPATH\Libraries\IonAuth.php(71): IonAuth\Models\IonAuthModel->__construct()
 2 APPPATH\Controllers\vendor\Home.php(17): App\Libraries\IonAuth->__construct()
 3 SYSTEMPATH\CodeIgniter.php(903): App\Controllers\vendor\Home->__construct()
 4 SYSTEMPATH\CodeIgniter.php(500): CodeIgniter\CodeIgniter->createController()
 5 SYSTEMPATH\CodeIgniter.php(355): CodeIgniter\CodeIgniter->handleRequest(null, Object(Config\Cache), false)
 6 SYSTEMPATH\Boot.php(325): CodeIgniter\CodeIgniter->run()
 7 SYSTEMPATH\Boot.php(67): CodeIgniter\Boot::runCodeIgniter(Object(CodeIgniter\CodeIgniter))
 8 FCPATH\index.php(56): CodeIgniter\Boot::bootWeb(Object(Config\Paths))
WARNING - 2025-02-13 09:19:49 --> [DEPRECATED] Creation of dynamic property IonAuth\Models\IonAuthModel::$hashMethod is deprecated in FCPATH\vendor\benedmunds\codeigniter-ion-auth\Models\IonAuthModel.php on line 234.
 1 APPPATH\Libraries\IonAuth.php(71): IonAuth\Models\IonAuthModel->__construct()
 2 APPPATH\Controllers\vendor\Home.php(17): App\Libraries\IonAuth->__construct()
 3 SYSTEMPATH\CodeIgniter.php(903): App\Controllers\vendor\Home->__construct()
 4 SYSTEMPATH\CodeIgniter.php(500): CodeIgniter\CodeIgniter->createController()
 5 SYSTEMPATH\CodeIgniter.php(355): CodeIgniter\CodeIgniter->handleRequest(null, Object(Config\Cache), false)
 6 SYSTEMPATH\Boot.php(325): CodeIgniter\CodeIgniter->run()
 7 SYSTEMPATH\Boot.php(67): CodeIgniter\Boot::runCodeIgniter(Object(CodeIgniter\CodeIgniter))
 8 FCPATH\index.php(56): CodeIgniter\Boot::bootWeb(Object(Config\Paths))
WARNING - 2025-02-13 09:19:49 --> [DEPRECATED] Creation of dynamic property IonAuth\Models\IonAuthModel::$messagesTemplates is deprecated in FCPATH\vendor\benedmunds\codeigniter-ion-auth\Models\IonAuthModel.php on line 237.
 1 APPPATH\Libraries\IonAuth.php(71): IonAuth\Models\IonAuthModel->__construct()
 2 APPPATH\Controllers\vendor\Home.php(17): App\Libraries\IonAuth->__construct()
 3 SYSTEMPATH\CodeIgniter.php(903): App\Controllers\vendor\Home->__construct()
 4 SYSTEMPATH\CodeIgniter.php(500): CodeIgniter\CodeIgniter->createController()
 5 SYSTEMPATH\CodeIgniter.php(355): CodeIgniter\CodeIgniter->handleRequest(null, Object(Config\Cache), false)
 6 SYSTEMPATH\Boot.php(325): CodeIgniter\CodeIgniter->run()
 7 SYSTEMPATH\Boot.php(67): CodeIgniter\Boot::runCodeIgniter(Object(CodeIgniter\CodeIgniter))
 8 FCPATH\index.php(56): CodeIgniter\Boot::bootWeb(Object(Config\Paths))
INFO - 2025-02-13 09:19:50 --> Session: Class initialized using 'CodeIgniter\Session\Handlers\FileHandler' driver.
WARNING - 2025-02-13 09:19:50 --> [DEPRECATED] Creation of dynamic property IonAuth\Models\IonAuthModel::$join is deprecated in FCPATH\vendor\benedmunds\codeigniter-ion-auth\Models\IonAuthModel.php on line 231.
 1 APPPATH\Libraries\IonAuth.php(71): IonAuth\Models\IonAuthModel->__construct()
 2 APPPATH\Filters\CheckRoles.php(17): App\Libraries\IonAuth->__construct()
 3 SYSTEMPATH\Filters\Filters.php(197): App\Filters\CheckRoles->__construct()
 4 SYSTEMPATH\Filters\Filters.php(184): CodeIgniter\Filters\Filters->runBefore([...])
 5 SYSTEMPATH\CodeIgniter.php(481): CodeIgniter\Filters\Filters->run('vendor/businesses', 'before')
 6 SYSTEMPATH\CodeIgniter.php(355): CodeIgniter\CodeIgniter->handleRequest(null, Object(Config\Cache), false)
 7 SYSTEMPATH\Boot.php(325): CodeIgniter\CodeIgniter->run()
 8 SYSTEMPATH\Boot.php(67): CodeIgniter\Boot::runCodeIgniter(Object(CodeIgniter\CodeIgniter))
 9 FCPATH\index.php(56): CodeIgniter\Boot::bootWeb(Object(Config\Paths))
WARNING - 2025-02-13 09:19:50 --> [DEPRECATED] Creation of dynamic property IonAuth\Models\IonAuthModel::$hashMethod is deprecated in FCPATH\vendor\benedmunds\codeigniter-ion-auth\Models\IonAuthModel.php on line 234.
 1 APPPATH\Libraries\IonAuth.php(71): IonAuth\Models\IonAuthModel->__construct()
 2 APPPATH\Filters\CheckRoles.php(17): App\Libraries\IonAuth->__construct()
 3 SYSTEMPATH\Filters\Filters.php(197): App\Filters\CheckRoles->__construct()
 4 SYSTEMPATH\Filters\Filters.php(184): CodeIgniter\Filters\Filters->runBefore([...])
 5 SYSTEMPATH\CodeIgniter.php(481): CodeIgniter\Filters\Filters->run('vendor/businesses', 'before')
 6 SYSTEMPATH\CodeIgniter.php(355): CodeIgniter\CodeIgniter->handleRequest(null, Object(Config\Cache), false)
 7 SYSTEMPATH\Boot.php(325): CodeIgniter\CodeIgniter->run()
 8 SYSTEMPATH\Boot.php(67): CodeIgniter\Boot::runCodeIgniter(Object(CodeIgniter\CodeIgniter))
 9 FCPATH\index.php(56): CodeIgniter\Boot::bootWeb(Object(Config\Paths))
WARNING - 2025-02-13 09:19:50 --> [DEPRECATED] Creation of dynamic property IonAuth\Models\IonAuthModel::$messagesTemplates is deprecated in FCPATH\vendor\benedmunds\codeigniter-ion-auth\Models\IonAuthModel.php on line 237.
 1 APPPATH\Libraries\IonAuth.php(71): IonAuth\Models\IonAuthModel->__construct()
 2 APPPATH\Filters\CheckRoles.php(17): App\Libraries\IonAuth->__construct()
 3 SYSTEMPATH\Filters\Filters.php(197): App\Filters\CheckRoles->__construct()
 4 SYSTEMPATH\Filters\Filters.php(184): CodeIgniter\Filters\Filters->runBefore([...])
 5 SYSTEMPATH\CodeIgniter.php(481): CodeIgniter\Filters\Filters->run('vendor/businesses', 'before')
 6 SYSTEMPATH\CodeIgniter.php(355): CodeIgniter\CodeIgniter->handleRequest(null, Object(Config\Cache), false)
 7 SYSTEMPATH\Boot.php(325): CodeIgniter\CodeIgniter->run()
 8 SYSTEMPATH\Boot.php(67): CodeIgniter\Boot::runCodeIgniter(Object(CodeIgniter\CodeIgniter))
 9 FCPATH\index.php(56): CodeIgniter\Boot::bootWeb(Object(Config\Paths))
WARNING - 2025-02-13 09:19:50 --> [DEPRECATED] Creation of dynamic property IonAuth\Models\IonAuthModel::$join is deprecated in FCPATH\vendor\benedmunds\codeigniter-ion-auth\Models\IonAuthModel.php on line 231.
 1 APPPATH\Libraries\IonAuth.php(71): IonAuth\Models\IonAuthModel->__construct()
 2 APPPATH\Controllers\vendor\Businesses.php(19): App\Libraries\IonAuth->__construct()
 3 SYSTEMPATH\CodeIgniter.php(903): App\Controllers\vendor\Businesses->__construct()
 4 SYSTEMPATH\CodeIgniter.php(500): CodeIgniter\CodeIgniter->createController()
 5 SYSTEMPATH\CodeIgniter.php(355): CodeIgniter\CodeIgniter->handleRequest(null, Object(Config\Cache), false)
 6 SYSTEMPATH\Boot.php(325): CodeIgniter\CodeIgniter->run()
 7 SYSTEMPATH\Boot.php(67): CodeIgniter\Boot::runCodeIgniter(Object(CodeIgniter\CodeIgniter))
 8 FCPATH\index.php(56): CodeIgniter\Boot::bootWeb(Object(Config\Paths))
WARNING - 2025-02-13 09:19:50 --> [DEPRECATED] Creation of dynamic property IonAuth\Models\IonAuthModel::$hashMethod is deprecated in FCPATH\vendor\benedmunds\codeigniter-ion-auth\Models\IonAuthModel.php on line 234.
 1 APPPATH\Libraries\IonAuth.php(71): IonAuth\Models\IonAuthModel->__construct()
 2 APPPATH\Controllers\vendor\Businesses.php(19): App\Libraries\IonAuth->__construct()
 3 SYSTEMPATH\CodeIgniter.php(903): App\Controllers\vendor\Businesses->__construct()
 4 SYSTEMPATH\CodeIgniter.php(500): CodeIgniter\CodeIgniter->createController()
 5 SYSTEMPATH\CodeIgniter.php(355): CodeIgniter\CodeIgniter->handleRequest(null, Object(Config\Cache), false)
 6 SYSTEMPATH\Boot.php(325): CodeIgniter\CodeIgniter->run()
 7 SYSTEMPATH\Boot.php(67): CodeIgniter\Boot::runCodeIgniter(Object(CodeIgniter\CodeIgniter))
 8 FCPATH\index.php(56): CodeIgniter\Boot::bootWeb(Object(Config\Paths))
WARNING - 2025-02-13 09:19:50 --> [DEPRECATED] Creation of dynamic property IonAuth\Models\IonAuthModel::$messagesTemplates is deprecated in FCPATH\vendor\benedmunds\codeigniter-ion-auth\Models\IonAuthModel.php on line 237.
 1 APPPATH\Libraries\IonAuth.php(71): IonAuth\Models\IonAuthModel->__construct()
 2 APPPATH\Controllers\vendor\Businesses.php(19): App\Libraries\IonAuth->__construct()
 3 SYSTEMPATH\CodeIgniter.php(903): App\Controllers\vendor\Businesses->__construct()
 4 SYSTEMPATH\CodeIgniter.php(500): CodeIgniter\CodeIgniter->createController()
 5 SYSTEMPATH\CodeIgniter.php(355): CodeIgniter\CodeIgniter->handleRequest(null, Object(Config\Cache), false)
 6 SYSTEMPATH\Boot.php(325): CodeIgniter\CodeIgniter->run()
 7 SYSTEMPATH\Boot.php(67): CodeIgniter\Boot::runCodeIgniter(Object(CodeIgniter\CodeIgniter))
 8 FCPATH\index.php(56): CodeIgniter\Boot::bootWeb(Object(Config\Paths))
WARNING - 2025-02-13 14:49:50 --> [DEPRECATED] Creation of dynamic property IonAuth\Models\IonAuthModel::$join is deprecated in FCPATH\vendor\benedmunds\codeigniter-ion-auth\Models\IonAuthModel.php on line 231.
 1 APPPATH\Libraries\IonAuth.php(71): IonAuth\Models\IonAuthModel->__construct()
 2 APPPATH\Filters\CheckRoles.php(17): App\Libraries\IonAuth->__construct()
 3 SYSTEMPATH\Filters\Filters.php(235): App\Filters\CheckRoles->__construct()
 4 SYSTEMPATH\Filters\Filters.php(188): CodeIgniter\Filters\Filters->runAfter([...])
 5 SYSTEMPATH\CodeIgniter.php(527): CodeIgniter\Filters\Filters->run('vendor/businesses', 'after')
 6 SYSTEMPATH\CodeIgniter.php(355): CodeIgniter\CodeIgniter->handleRequest(null, Object(Config\Cache), false)
 7 SYSTEMPATH\Boot.php(325): CodeIgniter\CodeIgniter->run()
 8 SYSTEMPATH\Boot.php(67): CodeIgniter\Boot::runCodeIgniter(Object(CodeIgniter\CodeIgniter))
 9 FCPATH\index.php(56): CodeIgniter\Boot::bootWeb(Object(Config\Paths))
WARNING - 2025-02-13 14:49:50 --> [DEPRECATED] Creation of dynamic property IonAuth\Models\IonAuthModel::$hashMethod is deprecated in FCPATH\vendor\benedmunds\codeigniter-ion-auth\Models\IonAuthModel.php on line 234.
 1 APPPATH\Libraries\IonAuth.php(71): IonAuth\Models\IonAuthModel->__construct()
 2 APPPATH\Filters\CheckRoles.php(17): App\Libraries\IonAuth->__construct()
 3 SYSTEMPATH\Filters\Filters.php(235): App\Filters\CheckRoles->__construct()
 4 SYSTEMPATH\Filters\Filters.php(188): CodeIgniter\Filters\Filters->runAfter([...])
 5 SYSTEMPATH\CodeIgniter.php(527): CodeIgniter\Filters\Filters->run('vendor/businesses', 'after')
 6 SYSTEMPATH\CodeIgniter.php(355): CodeIgniter\CodeIgniter->handleRequest(null, Object(Config\Cache), false)
 7 SYSTEMPATH\Boot.php(325): CodeIgniter\CodeIgniter->run()
 8 SYSTEMPATH\Boot.php(67): CodeIgniter\Boot::runCodeIgniter(Object(CodeIgniter\CodeIgniter))
 9 FCPATH\index.php(56): CodeIgniter\Boot::bootWeb(Object(Config\Paths))
WARNING - 2025-02-13 14:49:50 --> [DEPRECATED] Creation of dynamic property IonAuth\Models\IonAuthModel::$messagesTemplates is deprecated in FCPATH\vendor\benedmunds\codeigniter-ion-auth\Models\IonAuthModel.php on line 237.
 1 APPPATH\Libraries\IonAuth.php(71): IonAuth\Models\IonAuthModel->__construct()
 2 APPPATH\Filters\CheckRoles.php(17): App\Libraries\IonAuth->__construct()
 3 SYSTEMPATH\Filters\Filters.php(235): App\Filters\CheckRoles->__construct()
 4 SYSTEMPATH\Filters\Filters.php(188): CodeIgniter\Filters\Filters->runAfter([...])
 5 SYSTEMPATH\CodeIgniter.php(527): CodeIgniter\Filters\Filters->run('vendor/businesses', 'after')
 6 SYSTEMPATH\CodeIgniter.php(355): CodeIgniter\CodeIgniter->handleRequest(null, Object(Config\Cache), false)
 7 SYSTEMPATH\Boot.php(325): CodeIgniter\CodeIgniter->run()
 8 SYSTEMPATH\Boot.php(67): CodeIgniter\Boot::runCodeIgniter(Object(CodeIgniter\CodeIgniter))
 9 FCPATH\index.php(56): CodeIgniter\Boot::bootWeb(Object(Config\Paths))
INFO - 2025-02-13 09:19:51 --> Session: Class initialized using 'CodeIgniter\Session\Handlers\FileHandler' driver.
WARNING - 2025-02-13 09:19:51 --> [DEPRECATED] Creation of dynamic property IonAuth\Models\IonAuthModel::$join is deprecated in FCPATH\vendor\benedmunds\codeigniter-ion-auth\Models\IonAuthModel.php on line 231.
 1 APPPATH\Libraries\IonAuth.php(71): IonAuth\Models\IonAuthModel->__construct()
 2 APPPATH\Filters\CheckRoles.php(17): App\Libraries\IonAuth->__construct()
 3 SYSTEMPATH\Filters\Filters.php(197): App\Filters\CheckRoles->__construct()
 4 SYSTEMPATH\Filters\Filters.php(184): CodeIgniter\Filters\Filters->runBefore([...])
 5 SYSTEMPATH\CodeIgniter.php(481): CodeIgniter\Filters\Filters->run('vendor/businesses/business_table', 'before')
 6 SYSTEMPATH\CodeIgniter.php(355): CodeIgniter\CodeIgniter->handleRequest(null, Object(Config\Cache), false)
 7 SYSTEMPATH\Boot.php(325): CodeIgniter\CodeIgniter->run()
 8 SYSTEMPATH\Boot.php(67): CodeIgniter\Boot::runCodeIgniter(Object(CodeIgniter\CodeIgniter))
 9 FCPATH\index.php(56): CodeIgniter\Boot::bootWeb(Object(Config\Paths))
WARNING - 2025-02-13 09:19:51 --> [DEPRECATED] Creation of dynamic property IonAuth\Models\IonAuthModel::$hashMethod is deprecated in FCPATH\vendor\benedmunds\codeigniter-ion-auth\Models\IonAuthModel.php on line 234.
 1 APPPATH\Libraries\IonAuth.php(71): IonAuth\Models\IonAuthModel->__construct()
 2 APPPATH\Filters\CheckRoles.php(17): App\Libraries\IonAuth->__construct()
 3 SYSTEMPATH\Filters\Filters.php(197): App\Filters\CheckRoles->__construct()
 4 SYSTEMPATH\Filters\Filters.php(184): CodeIgniter\Filters\Filters->runBefore([...])
 5 SYSTEMPATH\CodeIgniter.php(481): CodeIgniter\Filters\Filters->run('vendor/businesses/business_table', 'before')
 6 SYSTEMPATH\CodeIgniter.php(355): CodeIgniter\CodeIgniter->handleRequest(null, Object(Config\Cache), false)
 7 SYSTEMPATH\Boot.php(325): CodeIgniter\CodeIgniter->run()
 8 SYSTEMPATH\Boot.php(67): CodeIgniter\Boot::runCodeIgniter(Object(CodeIgniter\CodeIgniter))
 9 FCPATH\index.php(56): CodeIgniter\Boot::bootWeb(Object(Config\Paths))
WARNING - 2025-02-13 09:19:51 --> [DEPRECATED] Creation of dynamic property IonAuth\Models\IonAuthModel::$messagesTemplates is deprecated in FCPATH\vendor\benedmunds\codeigniter-ion-auth\Models\IonAuthModel.php on line 237.
 1 APPPATH\Libraries\IonAuth.php(71): IonAuth\Models\IonAuthModel->__construct()
 2 APPPATH\Filters\CheckRoles.php(17): App\Libraries\IonAuth->__construct()
 3 SYSTEMPATH\Filters\Filters.php(197): App\Filters\CheckRoles->__construct()
 4 SYSTEMPATH\Filters\Filters.php(184): CodeIgniter\Filters\Filters->runBefore([...])
 5 SYSTEMPATH\CodeIgniter.php(481): CodeIgniter\Filters\Filters->run('vendor/businesses/business_table', 'before')
 6 SYSTEMPATH\CodeIgniter.php(355): CodeIgniter\CodeIgniter->handleRequest(null, Object(Config\Cache), false)
 7 SYSTEMPATH\Boot.php(325): CodeIgniter\CodeIgniter->run()
 8 SYSTEMPATH\Boot.php(67): CodeIgniter\Boot::runCodeIgniter(Object(CodeIgniter\CodeIgniter))
 9 FCPATH\index.php(56): CodeIgniter\Boot::bootWeb(Object(Config\Paths))
WARNING - 2025-02-13 09:19:51 --> [DEPRECATED] Creation of dynamic property IonAuth\Models\IonAuthModel::$join is deprecated in FCPATH\vendor\benedmunds\codeigniter-ion-auth\Models\IonAuthModel.php on line 231.
 1 APPPATH\Libraries\IonAuth.php(71): IonAuth\Models\IonAuthModel->__construct()
 2 APPPATH\Controllers\vendor\Businesses.php(19): App\Libraries\IonAuth->__construct()
 3 SYSTEMPATH\CodeIgniter.php(903): App\Controllers\vendor\Businesses->__construct()
 4 SYSTEMPATH\CodeIgniter.php(500): CodeIgniter\CodeIgniter->createController()
 5 SYSTEMPATH\CodeIgniter.php(355): CodeIgniter\CodeIgniter->handleRequest(null, Object(Config\Cache), false)
 6 SYSTEMPATH\Boot.php(325): CodeIgniter\CodeIgniter->run()
 7 SYSTEMPATH\Boot.php(67): CodeIgniter\Boot::runCodeIgniter(Object(CodeIgniter\CodeIgniter))
 8 FCPATH\index.php(56): CodeIgniter\Boot::bootWeb(Object(Config\Paths))
WARNING - 2025-02-13 09:19:51 --> [DEPRECATED] Creation of dynamic property IonAuth\Models\IonAuthModel::$hashMethod is deprecated in FCPATH\vendor\benedmunds\codeigniter-ion-auth\Models\IonAuthModel.php on line 234.
 1 APPPATH\Libraries\IonAuth.php(71): IonAuth\Models\IonAuthModel->__construct()
 2 APPPATH\Controllers\vendor\Businesses.php(19): App\Libraries\IonAuth->__construct()
 3 SYSTEMPATH\CodeIgniter.php(903): App\Controllers\vendor\Businesses->__construct()
 4 SYSTEMPATH\CodeIgniter.php(500): CodeIgniter\CodeIgniter->createController()
 5 SYSTEMPATH\CodeIgniter.php(355): CodeIgniter\CodeIgniter->handleRequest(null, Object(Config\Cache), false)
 6 SYSTEMPATH\Boot.php(325): CodeIgniter\CodeIgniter->run()
 7 SYSTEMPATH\Boot.php(67): CodeIgniter\Boot::runCodeIgniter(Object(CodeIgniter\CodeIgniter))
 8 FCPATH\index.php(56): CodeIgniter\Boot::bootWeb(Object(Config\Paths))
WARNING - 2025-02-13 09:19:51 --> [DEPRECATED] Creation of dynamic property IonAuth\Models\IonAuthModel::$messagesTemplates is deprecated in FCPATH\vendor\benedmunds\codeigniter-ion-auth\Models\IonAuthModel.php on line 237.
 1 APPPATH\Libraries\IonAuth.php(71): IonAuth\Models\IonAuthModel->__construct()
 2 APPPATH\Controllers\vendor\Businesses.php(19): App\Libraries\IonAuth->__construct()
 3 SYSTEMPATH\CodeIgniter.php(903): App\Controllers\vendor\Businesses->__construct()
 4 SYSTEMPATH\CodeIgniter.php(500): CodeIgniter\CodeIgniter->createController()
 5 SYSTEMPATH\CodeIgniter.php(355): CodeIgniter\CodeIgniter->handleRequest(null, Object(Config\Cache), false)
 6 SYSTEMPATH\Boot.php(325): CodeIgniter\CodeIgniter->run()
 7 SYSTEMPATH\Boot.php(67): CodeIgniter\Boot::runCodeIgniter(Object(CodeIgniter\CodeIgniter))
 8 FCPATH\index.php(56): CodeIgniter\Boot::bootWeb(Object(Config\Paths))
WARNING - 2025-02-13 14:49:52 --> [DEPRECATED] Creation of dynamic property IonAuth\Models\IonAuthModel::$join is deprecated in FCPATH\vendor\benedmunds\codeigniter-ion-auth\Models\IonAuthModel.php on line 231.
 1 APPPATH\Libraries\IonAuth.php(71): IonAuth\Models\IonAuthModel->__construct()
 2 APPPATH\Filters\CheckRoles.php(17): App\Libraries\IonAuth->__construct()
 3 SYSTEMPATH\Filters\Filters.php(235): App\Filters\CheckRoles->__construct()
 4 SYSTEMPATH\Filters\Filters.php(188): CodeIgniter\Filters\Filters->runAfter([...])
 5 SYSTEMPATH\CodeIgniter.php(527): CodeIgniter\Filters\Filters->run('vendor/businesses/business_table', 'after')
 6 SYSTEMPATH\CodeIgniter.php(355): CodeIgniter\CodeIgniter->handleRequest(null, Object(Config\Cache), false)
 7 SYSTEMPATH\Boot.php(325): CodeIgniter\CodeIgniter->run()
 8 SYSTEMPATH\Boot.php(67): CodeIgniter\Boot::runCodeIgniter(Object(CodeIgniter\CodeIgniter))
 9 FCPATH\index.php(56): CodeIgniter\Boot::bootWeb(Object(Config\Paths))
WARNING - 2025-02-13 14:49:52 --> [DEPRECATED] Creation of dynamic property IonAuth\Models\IonAuthModel::$hashMethod is deprecated in FCPATH\vendor\benedmunds\codeigniter-ion-auth\Models\IonAuthModel.php on line 234.
 1 APPPATH\Libraries\IonAuth.php(71): IonAuth\Models\IonAuthModel->__construct()
 2 APPPATH\Filters\CheckRoles.php(17): App\Libraries\IonAuth->__construct()
 3 SYSTEMPATH\Filters\Filters.php(235): App\Filters\CheckRoles->__construct()
 4 SYSTEMPATH\Filters\Filters.php(188): CodeIgniter\Filters\Filters->runAfter([...])
 5 SYSTEMPATH\CodeIgniter.php(527): CodeIgniter\Filters\Filters->run('vendor/businesses/business_table', 'after')
 6 SYSTEMPATH\CodeIgniter.php(355): CodeIgniter\CodeIgniter->handleRequest(null, Object(Config\Cache), false)
 7 SYSTEMPATH\Boot.php(325): CodeIgniter\CodeIgniter->run()
 8 SYSTEMPATH\Boot.php(67): CodeIgniter\Boot::runCodeIgniter(Object(CodeIgniter\CodeIgniter))
 9 FCPATH\index.php(56): CodeIgniter\Boot::bootWeb(Object(Config\Paths))
WARNING - 2025-02-13 14:49:52 --> [DEPRECATED] Creation of dynamic property IonAuth\Models\IonAuthModel::$messagesTemplates is deprecated in FCPATH\vendor\benedmunds\codeigniter-ion-auth\Models\IonAuthModel.php on line 237.
 1 APPPATH\Libraries\IonAuth.php(71): IonAuth\Models\IonAuthModel->__construct()
 2 APPPATH\Filters\CheckRoles.php(17): App\Libraries\IonAuth->__construct()
 3 SYSTEMPATH\Filters\Filters.php(235): App\Filters\CheckRoles->__construct()
 4 SYSTEMPATH\Filters\Filters.php(188): CodeIgniter\Filters\Filters->runAfter([...])
 5 SYSTEMPATH\CodeIgniter.php(527): CodeIgniter\Filters\Filters->run('vendor/businesses/business_table', 'after')
 6 SYSTEMPATH\CodeIgniter.php(355): CodeIgniter\CodeIgniter->handleRequest(null, Object(Config\Cache), false)
 7 SYSTEMPATH\Boot.php(325): CodeIgniter\CodeIgniter->run()
 8 SYSTEMPATH\Boot.php(67): CodeIgniter\Boot::runCodeIgniter(Object(CodeIgniter\CodeIgniter))
 9 FCPATH\index.php(56): CodeIgniter\Boot::bootWeb(Object(Config\Paths))
INFO - 2025-02-13 09:19:52 --> Session: Class initialized using 'CodeIgniter\Session\Handlers\FileHandler' driver.
WARNING - 2025-02-13 09:19:52 --> [DEPRECATED] Creation of dynamic property IonAuth\Models\IonAuthModel::$join is deprecated in FCPATH\vendor\benedmunds\codeigniter-ion-auth\Models\IonAuthModel.php on line 231.
 1 APPPATH\Libraries\IonAuth.php(71): IonAuth\Models\IonAuthModel->__construct()
 2 APPPATH\Filters\CheckPermissions.php(16): App\Libraries\IonAuth->__construct()
 3 SYSTEMPATH\Filters\Filters.php(197): App\Filters\CheckPermissions->__construct()
 4 SYSTEMPATH\Filters\Filters.php(184): CodeIgniter\Filters\Filters->runBefore([...])
 5 SYSTEMPATH\CodeIgniter.php(481): CodeIgniter\Filters\Filters->run('vendor/products/stock_alert', 'before')
 6 SYSTEMPATH\CodeIgniter.php(355): CodeIgniter\CodeIgniter->handleRequest(null, Object(Config\Cache), false)
 7 SYSTEMPATH\Boot.php(325): CodeIgniter\CodeIgniter->run()
 8 SYSTEMPATH\Boot.php(67): CodeIgniter\Boot::runCodeIgniter(Object(CodeIgniter\CodeIgniter))
 9 FCPATH\index.php(56): CodeIgniter\Boot::bootWeb(Object(Config\Paths))
WARNING - 2025-02-13 09:19:52 --> [DEPRECATED] Creation of dynamic property IonAuth\Models\IonAuthModel::$hashMethod is deprecated in FCPATH\vendor\benedmunds\codeigniter-ion-auth\Models\IonAuthModel.php on line 234.
 1 APPPATH\Libraries\IonAuth.php(71): IonAuth\Models\IonAuthModel->__construct()
 2 APPPATH\Filters\CheckPermissions.php(16): App\Libraries\IonAuth->__construct()
 3 SYSTEMPATH\Filters\Filters.php(197): App\Filters\CheckPermissions->__construct()
 4 SYSTEMPATH\Filters\Filters.php(184): CodeIgniter\Filters\Filters->runBefore([...])
 5 SYSTEMPATH\CodeIgniter.php(481): CodeIgniter\Filters\Filters->run('vendor/products/stock_alert', 'before')
 6 SYSTEMPATH\CodeIgniter.php(355): CodeIgniter\CodeIgniter->handleRequest(null, Object(Config\Cache), false)
 7 SYSTEMPATH\Boot.php(325): CodeIgniter\CodeIgniter->run()
 8 SYSTEMPATH\Boot.php(67): CodeIgniter\Boot::runCodeIgniter(Object(CodeIgniter\CodeIgniter))
 9 FCPATH\index.php(56): CodeIgniter\Boot::bootWeb(Object(Config\Paths))
WARNING - 2025-02-13 09:19:52 --> [DEPRECATED] Creation of dynamic property IonAuth\Models\IonAuthModel::$messagesTemplates is deprecated in FCPATH\vendor\benedmunds\codeigniter-ion-auth\Models\IonAuthModel.php on line 237.
 1 APPPATH\Libraries\IonAuth.php(71): IonAuth\Models\IonAuthModel->__construct()
 2 APPPATH\Filters\CheckPermissions.php(16): App\Libraries\IonAuth->__construct()
 3 SYSTEMPATH\Filters\Filters.php(197): App\Filters\CheckPermissions->__construct()
 4 SYSTEMPATH\Filters\Filters.php(184): CodeIgniter\Filters\Filters->runBefore([...])
 5 SYSTEMPATH\CodeIgniter.php(481): CodeIgniter\Filters\Filters->run('vendor/products/stock_alert', 'before')
 6 SYSTEMPATH\CodeIgniter.php(355): CodeIgniter\CodeIgniter->handleRequest(null, Object(Config\Cache), false)
 7 SYSTEMPATH\Boot.php(325): CodeIgniter\CodeIgniter->run()
 8 SYSTEMPATH\Boot.php(67): CodeIgniter\Boot::runCodeIgniter(Object(CodeIgniter\CodeIgniter))
 9 FCPATH\index.php(56): CodeIgniter\Boot::bootWeb(Object(Config\Paths))
WARNING - 2025-02-13 09:19:52 --> [DEPRECATED] Creation of dynamic property IonAuth\Models\IonAuthModel::$join is deprecated in FCPATH\vendor\benedmunds\codeigniter-ion-auth\Models\IonAuthModel.php on line 231.
 1 APPPATH\Libraries\IonAuth.php(71): IonAuth\Models\IonAuthModel->__construct()
 2 APPPATH\Controllers\vendor\Products.php(25): App\Libraries\IonAuth->__construct()
 3 SYSTEMPATH\CodeIgniter.php(903): App\Controllers\vendor\Products->__construct()
 4 SYSTEMPATH\CodeIgniter.php(500): CodeIgniter\CodeIgniter->createController()
 5 SYSTEMPATH\CodeIgniter.php(355): CodeIgniter\CodeIgniter->handleRequest(null, Object(Config\Cache), false)
 6 SYSTEMPATH\Boot.php(325): CodeIgniter\CodeIgniter->run()
 7 SYSTEMPATH\Boot.php(67): CodeIgniter\Boot::runCodeIgniter(Object(CodeIgniter\CodeIgniter))
 8 FCPATH\index.php(56): CodeIgniter\Boot::bootWeb(Object(Config\Paths))
WARNING - 2025-02-13 09:19:52 --> [DEPRECATED] Creation of dynamic property IonAuth\Models\IonAuthModel::$hashMethod is deprecated in FCPATH\vendor\benedmunds\codeigniter-ion-auth\Models\IonAuthModel.php on line 234.
 1 APPPATH\Libraries\IonAuth.php(71): IonAuth\Models\IonAuthModel->__construct()
 2 APPPATH\Controllers\vendor\Products.php(25): App\Libraries\IonAuth->__construct()
 3 SYSTEMPATH\CodeIgniter.php(903): App\Controllers\vendor\Products->__construct()
 4 SYSTEMPATH\CodeIgniter.php(500): CodeIgniter\CodeIgniter->createController()
 5 SYSTEMPATH\CodeIgniter.php(355): CodeIgniter\CodeIgniter->handleRequest(null, Object(Config\Cache), false)
 6 SYSTEMPATH\Boot.php(325): CodeIgniter\CodeIgniter->run()
 7 SYSTEMPATH\Boot.php(67): CodeIgniter\Boot::runCodeIgniter(Object(CodeIgniter\CodeIgniter))
 8 FCPATH\index.php(56): CodeIgniter\Boot::bootWeb(Object(Config\Paths))
WARNING - 2025-02-13 09:19:52 --> [DEPRECATED] Creation of dynamic property IonAuth\Models\IonAuthModel::$messagesTemplates is deprecated in FCPATH\vendor\benedmunds\codeigniter-ion-auth\Models\IonAuthModel.php on line 237.
 1 APPPATH\Libraries\IonAuth.php(71): IonAuth\Models\IonAuthModel->__construct()
 2 APPPATH\Controllers\vendor\Products.php(25): App\Libraries\IonAuth->__construct()
 3 SYSTEMPATH\CodeIgniter.php(903): App\Controllers\vendor\Products->__construct()
 4 SYSTEMPATH\CodeIgniter.php(500): CodeIgniter\CodeIgniter->createController()
 5 SYSTEMPATH\CodeIgniter.php(355): CodeIgniter\CodeIgniter->handleRequest(null, Object(Config\Cache), false)
 6 SYSTEMPATH\Boot.php(325): CodeIgniter\CodeIgniter->run()
 7 SYSTEMPATH\Boot.php(67): CodeIgniter\Boot::runCodeIgniter(Object(CodeIgniter\CodeIgniter))
 8 FCPATH\index.php(56): CodeIgniter\Boot::bootWeb(Object(Config\Paths))
CRITICAL - 2025-02-13 14:49:52 --> ErrorException: Undefined variable $array
[Method: GET, Route: vendor/products/stock_alert]
in APPPATH\Controllers\vendor\Products.php on line 1324.
 1 APPPATH\Controllers\vendor\Products.php(1324): CodeIgniter\Debug\Exceptions->errorHandler(2, 'Undefined variable $array', 'C:\\xampp1\\htdocs\\upbiz-sass-git\\app\\Controllers\\vendor\\Products.php', 1324)
 2 SYSTEMPATH\CodeIgniter.php(933): App\Controllers\vendor\Products->stock_alert()
 3 SYSTEMPATH\CodeIgniter.php(509): CodeIgniter\CodeIgniter->runController(Object(App\Controllers\vendor\Products))
 4 SYSTEMPATH\CodeIgniter.php(355): CodeIgniter\CodeIgniter->handleRequest(null, Object(Config\Cache), false)
 5 SYSTEMPATH\Boot.php(325): CodeIgniter\CodeIgniter->run()
 6 SYSTEMPATH\Boot.php(67): CodeIgniter\Boot::runCodeIgniter(Object(CodeIgniter\CodeIgniter))
 7 FCPATH\index.php(56): CodeIgniter\Boot::bootWeb(Object(Config\Paths))
INFO - 2025-02-13 09:19:58 --> Session: Class initialized using 'CodeIgniter\Session\Handlers\FileHandler' driver.
WARNING - 2025-02-13 09:19:58 --> [DEPRECATED] Creation of dynamic property IonAuth\Models\IonAuthModel::$join is deprecated in FCPATH\vendor\benedmunds\codeigniter-ion-auth\Models\IonAuthModel.php on line 231.
 1 APPPATH\Libraries\IonAuth.php(71): IonAuth\Models\IonAuthModel->__construct()
 2 APPPATH\Filters\CheckPermissions.php(16): App\Libraries\IonAuth->__construct()
 3 SYSTEMPATH\Filters\Filters.php(197): App\Filters\CheckPermissions->__construct()
 4 SYSTEMPATH\Filters\Filters.php(184): CodeIgniter\Filters\Filters->runBefore([...])
 5 SYSTEMPATH\CodeIgniter.php(481): CodeIgniter\Filters\Filters->run('vendor/home/switch_businesses/5', 'before')
 6 SYSTEMPATH\CodeIgniter.php(355): CodeIgniter\CodeIgniter->handleRequest(null, Object(Config\Cache), false)
 7 SYSTEMPATH\Boot.php(325): CodeIgniter\CodeIgniter->run()
 8 SYSTEMPATH\Boot.php(67): CodeIgniter\Boot::runCodeIgniter(Object(CodeIgniter\CodeIgniter))
 9 FCPATH\index.php(56): CodeIgniter\Boot::bootWeb(Object(Config\Paths))
WARNING - 2025-02-13 09:19:58 --> [DEPRECATED] Creation of dynamic property IonAuth\Models\IonAuthModel::$hashMethod is deprecated in FCPATH\vendor\benedmunds\codeigniter-ion-auth\Models\IonAuthModel.php on line 234.
 1 APPPATH\Libraries\IonAuth.php(71): IonAuth\Models\IonAuthModel->__construct()
 2 APPPATH\Filters\CheckPermissions.php(16): App\Libraries\IonAuth->__construct()
 3 SYSTEMPATH\Filters\Filters.php(197): App\Filters\CheckPermissions->__construct()
 4 SYSTEMPATH\Filters\Filters.php(184): CodeIgniter\Filters\Filters->runBefore([...])
 5 SYSTEMPATH\CodeIgniter.php(481): CodeIgniter\Filters\Filters->run('vendor/home/switch_businesses/5', 'before')
 6 SYSTEMPATH\CodeIgniter.php(355): CodeIgniter\CodeIgniter->handleRequest(null, Object(Config\Cache), false)
 7 SYSTEMPATH\Boot.php(325): CodeIgniter\CodeIgniter->run()
 8 SYSTEMPATH\Boot.php(67): CodeIgniter\Boot::runCodeIgniter(Object(CodeIgniter\CodeIgniter))
 9 FCPATH\index.php(56): CodeIgniter\Boot::bootWeb(Object(Config\Paths))
WARNING - 2025-02-13 09:19:58 --> [DEPRECATED] Creation of dynamic property IonAuth\Models\IonAuthModel::$messagesTemplates is deprecated in FCPATH\vendor\benedmunds\codeigniter-ion-auth\Models\IonAuthModel.php on line 237.
 1 APPPATH\Libraries\IonAuth.php(71): IonAuth\Models\IonAuthModel->__construct()
 2 APPPATH\Filters\CheckPermissions.php(16): App\Libraries\IonAuth->__construct()
 3 SYSTEMPATH\Filters\Filters.php(197): App\Filters\CheckPermissions->__construct()
 4 SYSTEMPATH\Filters\Filters.php(184): CodeIgniter\Filters\Filters->runBefore([...])
 5 SYSTEMPATH\CodeIgniter.php(481): CodeIgniter\Filters\Filters->run('vendor/home/switch_businesses/5', 'before')
 6 SYSTEMPATH\CodeIgniter.php(355): CodeIgniter\CodeIgniter->handleRequest(null, Object(Config\Cache), false)
 7 SYSTEMPATH\Boot.php(325): CodeIgniter\CodeIgniter->run()
 8 SYSTEMPATH\Boot.php(67): CodeIgniter\Boot::runCodeIgniter(Object(CodeIgniter\CodeIgniter))
 9 FCPATH\index.php(56): CodeIgniter\Boot::bootWeb(Object(Config\Paths))
WARNING - 2025-02-13 09:19:58 --> [DEPRECATED] Creation of dynamic property IonAuth\Models\IonAuthModel::$join is deprecated in FCPATH\vendor\benedmunds\codeigniter-ion-auth\Models\IonAuthModel.php on line 231.
 1 APPPATH\Libraries\IonAuth.php(71): IonAuth\Models\IonAuthModel->__construct()
 2 APPPATH\Controllers\vendor\Home.php(17): App\Libraries\IonAuth->__construct()
 3 SYSTEMPATH\CodeIgniter.php(903): App\Controllers\vendor\Home->__construct()
 4 SYSTEMPATH\CodeIgniter.php(500): CodeIgniter\CodeIgniter->createController()
 5 SYSTEMPATH\CodeIgniter.php(355): CodeIgniter\CodeIgniter->handleRequest(null, Object(Config\Cache), false)
 6 SYSTEMPATH\Boot.php(325): CodeIgniter\CodeIgniter->run()
 7 SYSTEMPATH\Boot.php(67): CodeIgniter\Boot::runCodeIgniter(Object(CodeIgniter\CodeIgniter))
 8 FCPATH\index.php(56): CodeIgniter\Boot::bootWeb(Object(Config\Paths))
WARNING - 2025-02-13 09:19:58 --> [DEPRECATED] Creation of dynamic property IonAuth\Models\IonAuthModel::$hashMethod is deprecated in FCPATH\vendor\benedmunds\codeigniter-ion-auth\Models\IonAuthModel.php on line 234.
 1 APPPATH\Libraries\IonAuth.php(71): IonAuth\Models\IonAuthModel->__construct()
 2 APPPATH\Controllers\vendor\Home.php(17): App\Libraries\IonAuth->__construct()
 3 SYSTEMPATH\CodeIgniter.php(903): App\Controllers\vendor\Home->__construct()
 4 SYSTEMPATH\CodeIgniter.php(500): CodeIgniter\CodeIgniter->createController()
 5 SYSTEMPATH\CodeIgniter.php(355): CodeIgniter\CodeIgniter->handleRequest(null, Object(Config\Cache), false)
 6 SYSTEMPATH\Boot.php(325): CodeIgniter\CodeIgniter->run()
 7 SYSTEMPATH\Boot.php(67): CodeIgniter\Boot::runCodeIgniter(Object(CodeIgniter\CodeIgniter))
 8 FCPATH\index.php(56): CodeIgniter\Boot::bootWeb(Object(Config\Paths))
WARNING - 2025-02-13 09:19:58 --> [DEPRECATED] Creation of dynamic property IonAuth\Models\IonAuthModel::$messagesTemplates is deprecated in FCPATH\vendor\benedmunds\codeigniter-ion-auth\Models\IonAuthModel.php on line 237.
 1 APPPATH\Libraries\IonAuth.php(71): IonAuth\Models\IonAuthModel->__construct()
 2 APPPATH\Controllers\vendor\Home.php(17): App\Libraries\IonAuth->__construct()
 3 SYSTEMPATH\CodeIgniter.php(903): App\Controllers\vendor\Home->__construct()
 4 SYSTEMPATH\CodeIgniter.php(500): CodeIgniter\CodeIgniter->createController()
 5 SYSTEMPATH\CodeIgniter.php(355): CodeIgniter\CodeIgniter->handleRequest(null, Object(Config\Cache), false)
 6 SYSTEMPATH\Boot.php(325): CodeIgniter\CodeIgniter->run()
 7 SYSTEMPATH\Boot.php(67): CodeIgniter\Boot::runCodeIgniter(Object(CodeIgniter\CodeIgniter))
 8 FCPATH\index.php(56): CodeIgniter\Boot::bootWeb(Object(Config\Paths))
WARNING - 2025-02-13 14:49:58 --> [DEPRECATED] Creation of dynamic property IonAuth\Models\IonAuthModel::$join is deprecated in FCPATH\vendor\benedmunds\codeigniter-ion-auth\Models\IonAuthModel.php on line 231.
 1 APPPATH\Libraries\IonAuth.php(71): IonAuth\Models\IonAuthModel->__construct()
 2 APPPATH\Filters\CheckPermissions.php(16): App\Libraries\IonAuth->__construct()
 3 SYSTEMPATH\Filters\Filters.php(235): App\Filters\CheckPermissions->__construct()
 4 SYSTEMPATH\Filters\Filters.php(188): CodeIgniter\Filters\Filters->runAfter([...])
 5 SYSTEMPATH\CodeIgniter.php(527): CodeIgniter\Filters\Filters->run('vendor/home/switch_businesses/5', 'after')
 6 SYSTEMPATH\CodeIgniter.php(355): CodeIgniter\CodeIgniter->handleRequest(null, Object(Config\Cache), false)
 7 SYSTEMPATH\Boot.php(325): CodeIgniter\CodeIgniter->run()
 8 SYSTEMPATH\Boot.php(67): CodeIgniter\Boot::runCodeIgniter(Object(CodeIgniter\CodeIgniter))
 9 FCPATH\index.php(56): CodeIgniter\Boot::bootWeb(Object(Config\Paths))
WARNING - 2025-02-13 14:49:58 --> [DEPRECATED] Creation of dynamic property IonAuth\Models\IonAuthModel::$hashMethod is deprecated in FCPATH\vendor\benedmunds\codeigniter-ion-auth\Models\IonAuthModel.php on line 234.
 1 APPPATH\Libraries\IonAuth.php(71): IonAuth\Models\IonAuthModel->__construct()
 2 APPPATH\Filters\CheckPermissions.php(16): App\Libraries\IonAuth->__construct()
 3 SYSTEMPATH\Filters\Filters.php(235): App\Filters\CheckPermissions->__construct()
 4 SYSTEMPATH\Filters\Filters.php(188): CodeIgniter\Filters\Filters->runAfter([...])
 5 SYSTEMPATH\CodeIgniter.php(527): CodeIgniter\Filters\Filters->run('vendor/home/switch_businesses/5', 'after')
 6 SYSTEMPATH\CodeIgniter.php(355): CodeIgniter\CodeIgniter->handleRequest(null, Object(Config\Cache), false)
 7 SYSTEMPATH\Boot.php(325): CodeIgniter\CodeIgniter->run()
 8 SYSTEMPATH\Boot.php(67): CodeIgniter\Boot::runCodeIgniter(Object(CodeIgniter\CodeIgniter))
 9 FCPATH\index.php(56): CodeIgniter\Boot::bootWeb(Object(Config\Paths))
WARNING - 2025-02-13 14:49:58 --> [DEPRECATED] Creation of dynamic property IonAuth\Models\IonAuthModel::$messagesTemplates is deprecated in FCPATH\vendor\benedmunds\codeigniter-ion-auth\Models\IonAuthModel.php on line 237.
 1 APPPATH\Libraries\IonAuth.php(71): IonAuth\Models\IonAuthModel->__construct()
 2 APPPATH\Filters\CheckPermissions.php(16): App\Libraries\IonAuth->__construct()
 3 SYSTEMPATH\Filters\Filters.php(235): App\Filters\CheckPermissions->__construct()
 4 SYSTEMPATH\Filters\Filters.php(188): CodeIgniter\Filters\Filters->runAfter([...])
 5 SYSTEMPATH\CodeIgniter.php(527): CodeIgniter\Filters\Filters->run('vendor/home/switch_businesses/5', 'after')
 6 SYSTEMPATH\CodeIgniter.php(355): CodeIgniter\CodeIgniter->handleRequest(null, Object(Config\Cache), false)
 7 SYSTEMPATH\Boot.php(325): CodeIgniter\CodeIgniter->run()
 8 SYSTEMPATH\Boot.php(67): CodeIgniter\Boot::runCodeIgniter(Object(CodeIgniter\CodeIgniter))
 9 FCPATH\index.php(56): CodeIgniter\Boot::bootWeb(Object(Config\Paths))
INFO - 2025-02-13 09:19:58 --> Session: Class initialized using 'CodeIgniter\Session\Handlers\FileHandler' driver.
WARNING - 2025-02-13 09:19:58 --> [DEPRECATED] Creation of dynamic property IonAuth\Models\IonAuthModel::$join is deprecated in FCPATH\vendor\benedmunds\codeigniter-ion-auth\Models\IonAuthModel.php on line 231.
 1 APPPATH\Libraries\IonAuth.php(71): IonAuth\Models\IonAuthModel->__construct()
 2 APPPATH\Controllers\vendor\Home.php(17): App\Libraries\IonAuth->__construct()
 3 SYSTEMPATH\CodeIgniter.php(903): App\Controllers\vendor\Home->__construct()
 4 SYSTEMPATH\CodeIgniter.php(500): CodeIgniter\CodeIgniter->createController()
 5 SYSTEMPATH\CodeIgniter.php(355): CodeIgniter\CodeIgniter->handleRequest(null, Object(Config\Cache), false)
 6 SYSTEMPATH\Boot.php(325): CodeIgniter\CodeIgniter->run()
 7 SYSTEMPATH\Boot.php(67): CodeIgniter\Boot::runCodeIgniter(Object(CodeIgniter\CodeIgniter))
 8 FCPATH\index.php(56): CodeIgniter\Boot::bootWeb(Object(Config\Paths))
WARNING - 2025-02-13 09:19:58 --> [DEPRECATED] Creation of dynamic property IonAuth\Models\IonAuthModel::$hashMethod is deprecated in FCPATH\vendor\benedmunds\codeigniter-ion-auth\Models\IonAuthModel.php on line 234.
 1 APPPATH\Libraries\IonAuth.php(71): IonAuth\Models\IonAuthModel->__construct()
 2 APPPATH\Controllers\vendor\Home.php(17): App\Libraries\IonAuth->__construct()
 3 SYSTEMPATH\CodeIgniter.php(903): App\Controllers\vendor\Home->__construct()
 4 SYSTEMPATH\CodeIgniter.php(500): CodeIgniter\CodeIgniter->createController()
 5 SYSTEMPATH\CodeIgniter.php(355): CodeIgniter\CodeIgniter->handleRequest(null, Object(Config\Cache), false)
 6 SYSTEMPATH\Boot.php(325): CodeIgniter\CodeIgniter->run()
 7 SYSTEMPATH\Boot.php(67): CodeIgniter\Boot::runCodeIgniter(Object(CodeIgniter\CodeIgniter))
 8 FCPATH\index.php(56): CodeIgniter\Boot::bootWeb(Object(Config\Paths))
WARNING - 2025-02-13 09:19:58 --> [DEPRECATED] Creation of dynamic property IonAuth\Models\IonAuthModel::$messagesTemplates is deprecated in FCPATH\vendor\benedmunds\codeigniter-ion-auth\Models\IonAuthModel.php on line 237.
 1 APPPATH\Libraries\IonAuth.php(71): IonAuth\Models\IonAuthModel->__construct()
 2 APPPATH\Controllers\vendor\Home.php(17): App\Libraries\IonAuth->__construct()
 3 SYSTEMPATH\CodeIgniter.php(903): App\Controllers\vendor\Home->__construct()
 4 SYSTEMPATH\CodeIgniter.php(500): CodeIgniter\CodeIgniter->createController()
 5 SYSTEMPATH\CodeIgniter.php(355): CodeIgniter\CodeIgniter->handleRequest(null, Object(Config\Cache), false)
 6 SYSTEMPATH\Boot.php(325): CodeIgniter\CodeIgniter->run()
 7 SYSTEMPATH\Boot.php(67): CodeIgniter\Boot::runCodeIgniter(Object(CodeIgniter\CodeIgniter))
 8 FCPATH\index.php(56): CodeIgniter\Boot::bootWeb(Object(Config\Paths))
INFO - 2025-02-13 09:19:59 --> Session: Class initialized using 'CodeIgniter\Session\Handlers\FileHandler' driver.
WARNING - 2025-02-13 09:19:59 --> [DEPRECATED] Creation of dynamic property IonAuth\Models\IonAuthModel::$join is deprecated in FCPATH\vendor\benedmunds\codeigniter-ion-auth\Models\IonAuthModel.php on line 231.
 1 APPPATH\Libraries\IonAuth.php(71): IonAuth\Models\IonAuthModel->__construct()
 2 APPPATH\Filters\CheckPermissions.php(16): App\Libraries\IonAuth->__construct()
 3 SYSTEMPATH\Filters\Filters.php(197): App\Filters\CheckPermissions->__construct()
 4 SYSTEMPATH\Filters\Filters.php(184): CodeIgniter\Filters\Filters->runBefore([...])
 5 SYSTEMPATH\CodeIgniter.php(481): CodeIgniter\Filters\Filters->run('vendor/home/fetch_sales', 'before')
 6 SYSTEMPATH\CodeIgniter.php(355): CodeIgniter\CodeIgniter->handleRequest(null, Object(Config\Cache), false)
 7 SYSTEMPATH\Boot.php(325): CodeIgniter\CodeIgniter->run()
 8 SYSTEMPATH\Boot.php(67): CodeIgniter\Boot::runCodeIgniter(Object(CodeIgniter\CodeIgniter))
 9 FCPATH\index.php(56): CodeIgniter\Boot::bootWeb(Object(Config\Paths))
WARNING - 2025-02-13 09:19:59 --> [DEPRECATED] Creation of dynamic property IonAuth\Models\IonAuthModel::$hashMethod is deprecated in FCPATH\vendor\benedmunds\codeigniter-ion-auth\Models\IonAuthModel.php on line 234.
 1 APPPATH\Libraries\IonAuth.php(71): IonAuth\Models\IonAuthModel->__construct()
 2 APPPATH\Filters\CheckPermissions.php(16): App\Libraries\IonAuth->__construct()
 3 SYSTEMPATH\Filters\Filters.php(197): App\Filters\CheckPermissions->__construct()
 4 SYSTEMPATH\Filters\Filters.php(184): CodeIgniter\Filters\Filters->runBefore([...])
 5 SYSTEMPATH\CodeIgniter.php(481): CodeIgniter\Filters\Filters->run('vendor/home/fetch_sales', 'before')
 6 SYSTEMPATH\CodeIgniter.php(355): CodeIgniter\CodeIgniter->handleRequest(null, Object(Config\Cache), false)
 7 SYSTEMPATH\Boot.php(325): CodeIgniter\CodeIgniter->run()
 8 SYSTEMPATH\Boot.php(67): CodeIgniter\Boot::runCodeIgniter(Object(CodeIgniter\CodeIgniter))
 9 FCPATH\index.php(56): CodeIgniter\Boot::bootWeb(Object(Config\Paths))
WARNING - 2025-02-13 09:19:59 --> [DEPRECATED] Creation of dynamic property IonAuth\Models\IonAuthModel::$messagesTemplates is deprecated in FCPATH\vendor\benedmunds\codeigniter-ion-auth\Models\IonAuthModel.php on line 237.
 1 APPPATH\Libraries\IonAuth.php(71): IonAuth\Models\IonAuthModel->__construct()
 2 APPPATH\Filters\CheckPermissions.php(16): App\Libraries\IonAuth->__construct()
 3 SYSTEMPATH\Filters\Filters.php(197): App\Filters\CheckPermissions->__construct()
 4 SYSTEMPATH\Filters\Filters.php(184): CodeIgniter\Filters\Filters->runBefore([...])
 5 SYSTEMPATH\CodeIgniter.php(481): CodeIgniter\Filters\Filters->run('vendor/home/fetch_sales', 'before')
 6 SYSTEMPATH\CodeIgniter.php(355): CodeIgniter\CodeIgniter->handleRequest(null, Object(Config\Cache), false)
 7 SYSTEMPATH\Boot.php(325): CodeIgniter\CodeIgniter->run()
 8 SYSTEMPATH\Boot.php(67): CodeIgniter\Boot::runCodeIgniter(Object(CodeIgniter\CodeIgniter))
 9 FCPATH\index.php(56): CodeIgniter\Boot::bootWeb(Object(Config\Paths))
WARNING - 2025-02-13 09:19:59 --> [DEPRECATED] Creation of dynamic property IonAuth\Models\IonAuthModel::$join is deprecated in FCPATH\vendor\benedmunds\codeigniter-ion-auth\Models\IonAuthModel.php on line 231.
 1 APPPATH\Libraries\IonAuth.php(71): IonAuth\Models\IonAuthModel->__construct()
 2 APPPATH\Controllers\vendor\Home.php(17): App\Libraries\IonAuth->__construct()
 3 SYSTEMPATH\CodeIgniter.php(903): App\Controllers\vendor\Home->__construct()
 4 SYSTEMPATH\CodeIgniter.php(500): CodeIgniter\CodeIgniter->createController()
 5 SYSTEMPATH\CodeIgniter.php(355): CodeIgniter\CodeIgniter->handleRequest(null, Object(Config\Cache), false)
 6 SYSTEMPATH\Boot.php(325): CodeIgniter\CodeIgniter->run()
 7 SYSTEMPATH\Boot.php(67): CodeIgniter\Boot::runCodeIgniter(Object(CodeIgniter\CodeIgniter))
 8 FCPATH\index.php(56): CodeIgniter\Boot::bootWeb(Object(Config\Paths))
WARNING - 2025-02-13 09:19:59 --> [DEPRECATED] Creation of dynamic property IonAuth\Models\IonAuthModel::$hashMethod is deprecated in FCPATH\vendor\benedmunds\codeigniter-ion-auth\Models\IonAuthModel.php on line 234.
 1 APPPATH\Libraries\IonAuth.php(71): IonAuth\Models\IonAuthModel->__construct()
 2 APPPATH\Controllers\vendor\Home.php(17): App\Libraries\IonAuth->__construct()
 3 SYSTEMPATH\CodeIgniter.php(903): App\Controllers\vendor\Home->__construct()
 4 SYSTEMPATH\CodeIgniter.php(500): CodeIgniter\CodeIgniter->createController()
 5 SYSTEMPATH\CodeIgniter.php(355): CodeIgniter\CodeIgniter->handleRequest(null, Object(Config\Cache), false)
 6 SYSTEMPATH\Boot.php(325): CodeIgniter\CodeIgniter->run()
 7 SYSTEMPATH\Boot.php(67): CodeIgniter\Boot::runCodeIgniter(Object(CodeIgniter\CodeIgniter))
 8 FCPATH\index.php(56): CodeIgniter\Boot::bootWeb(Object(Config\Paths))
WARNING - 2025-02-13 09:19:59 --> [DEPRECATED] Creation of dynamic property IonAuth\Models\IonAuthModel::$messagesTemplates is deprecated in FCPATH\vendor\benedmunds\codeigniter-ion-auth\Models\IonAuthModel.php on line 237.
 1 APPPATH\Libraries\IonAuth.php(71): IonAuth\Models\IonAuthModel->__construct()
 2 APPPATH\Controllers\vendor\Home.php(17): App\Libraries\IonAuth->__construct()
 3 SYSTEMPATH\CodeIgniter.php(903): App\Controllers\vendor\Home->__construct()
 4 SYSTEMPATH\CodeIgniter.php(500): CodeIgniter\CodeIgniter->createController()
 5 SYSTEMPATH\CodeIgniter.php(355): CodeIgniter\CodeIgniter->handleRequest(null, Object(Config\Cache), false)
 6 SYSTEMPATH\Boot.php(325): CodeIgniter\CodeIgniter->run()
 7 SYSTEMPATH\Boot.php(67): CodeIgniter\Boot::runCodeIgniter(Object(CodeIgniter\CodeIgniter))
 8 FCPATH\index.php(56): CodeIgniter\Boot::bootWeb(Object(Config\Paths))
WARNING - 2025-02-13 14:49:59 --> [DEPRECATED] Creation of dynamic property IonAuth\Models\IonAuthModel::$join is deprecated in FCPATH\vendor\benedmunds\codeigniter-ion-auth\Models\IonAuthModel.php on line 231.
 1 APPPATH\Libraries\IonAuth.php(71): IonAuth\Models\IonAuthModel->__construct()
 2 APPPATH\Filters\CheckPermissions.php(16): App\Libraries\IonAuth->__construct()
 3 SYSTEMPATH\Filters\Filters.php(235): App\Filters\CheckPermissions->__construct()
 4 SYSTEMPATH\Filters\Filters.php(188): CodeIgniter\Filters\Filters->runAfter([...])
 5 SYSTEMPATH\CodeIgniter.php(527): CodeIgniter\Filters\Filters->run('vendor/home/fetch_sales', 'after')
 6 SYSTEMPATH\CodeIgniter.php(355): CodeIgniter\CodeIgniter->handleRequest(null, Object(Config\Cache), false)
 7 SYSTEMPATH\Boot.php(325): CodeIgniter\CodeIgniter->run()
 8 SYSTEMPATH\Boot.php(67): CodeIgniter\Boot::runCodeIgniter(Object(CodeIgniter\CodeIgniter))
 9 FCPATH\index.php(56): CodeIgniter\Boot::bootWeb(Object(Config\Paths))
WARNING - 2025-02-13 14:49:59 --> [DEPRECATED] Creation of dynamic property IonAuth\Models\IonAuthModel::$hashMethod is deprecated in FCPATH\vendor\benedmunds\codeigniter-ion-auth\Models\IonAuthModel.php on line 234.
 1 APPPATH\Libraries\IonAuth.php(71): IonAuth\Models\IonAuthModel->__construct()
 2 APPPATH\Filters\CheckPermissions.php(16): App\Libraries\IonAuth->__construct()
 3 SYSTEMPATH\Filters\Filters.php(235): App\Filters\CheckPermissions->__construct()
 4 SYSTEMPATH\Filters\Filters.php(188): CodeIgniter\Filters\Filters->runAfter([...])
 5 SYSTEMPATH\CodeIgniter.php(527): CodeIgniter\Filters\Filters->run('vendor/home/fetch_sales', 'after')
 6 SYSTEMPATH\CodeIgniter.php(355): CodeIgniter\CodeIgniter->handleRequest(null, Object(Config\Cache), false)
 7 SYSTEMPATH\Boot.php(325): CodeIgniter\CodeIgniter->run()
 8 SYSTEMPATH\Boot.php(67): CodeIgniter\Boot::runCodeIgniter(Object(CodeIgniter\CodeIgniter))
 9 FCPATH\index.php(56): CodeIgniter\Boot::bootWeb(Object(Config\Paths))
WARNING - 2025-02-13 14:49:59 --> [DEPRECATED] Creation of dynamic property IonAuth\Models\IonAuthModel::$messagesTemplates is deprecated in FCPATH\vendor\benedmunds\codeigniter-ion-auth\Models\IonAuthModel.php on line 237.
 1 APPPATH\Libraries\IonAuth.php(71): IonAuth\Models\IonAuthModel->__construct()
 2 APPPATH\Filters\CheckPermissions.php(16): App\Libraries\IonAuth->__construct()
 3 SYSTEMPATH\Filters\Filters.php(235): App\Filters\CheckPermissions->__construct()
 4 SYSTEMPATH\Filters\Filters.php(188): CodeIgniter\Filters\Filters->runAfter([...])
 5 SYSTEMPATH\CodeIgniter.php(527): CodeIgniter\Filters\Filters->run('vendor/home/fetch_sales', 'after')
 6 SYSTEMPATH\CodeIgniter.php(355): CodeIgniter\CodeIgniter->handleRequest(null, Object(Config\Cache), false)
 7 SYSTEMPATH\Boot.php(325): CodeIgniter\CodeIgniter->run()
 8 SYSTEMPATH\Boot.php(67): CodeIgniter\Boot::runCodeIgniter(Object(CodeIgniter\CodeIgniter))
 9 FCPATH\index.php(56): CodeIgniter\Boot::bootWeb(Object(Config\Paths))
INFO - 2025-02-13 09:19:59 --> Session: Class initialized using 'CodeIgniter\Session\Handlers\FileHandler' driver.
WARNING - 2025-02-13 09:19:59 --> [DEPRECATED] Creation of dynamic property IonAuth\Models\IonAuthModel::$join is deprecated in FCPATH\vendor\benedmunds\codeigniter-ion-auth\Models\IonAuthModel.php on line 231.
 1 APPPATH\Libraries\IonAuth.php(71): IonAuth\Models\IonAuthModel->__construct()
 2 APPPATH\Controllers\vendor\Home.php(17): App\Libraries\IonAuth->__construct()
 3 SYSTEMPATH\CodeIgniter.php(903): App\Controllers\vendor\Home->__construct()
 4 SYSTEMPATH\CodeIgniter.php(500): CodeIgniter\CodeIgniter->createController()
 5 SYSTEMPATH\CodeIgniter.php(355): CodeIgniter\CodeIgniter->handleRequest(null, Object(Config\Cache), false)
 6 SYSTEMPATH\Boot.php(325): CodeIgniter\CodeIgniter->run()
 7 SYSTEMPATH\Boot.php(67): CodeIgniter\Boot::runCodeIgniter(Object(CodeIgniter\CodeIgniter))
 8 FCPATH\index.php(56): CodeIgniter\Boot::bootWeb(Object(Config\Paths))
WARNING - 2025-02-13 09:19:59 --> [DEPRECATED] Creation of dynamic property IonAuth\Models\IonAuthModel::$hashMethod is deprecated in FCPATH\vendor\benedmunds\codeigniter-ion-auth\Models\IonAuthModel.php on line 234.
 1 APPPATH\Libraries\IonAuth.php(71): IonAuth\Models\IonAuthModel->__construct()
 2 APPPATH\Controllers\vendor\Home.php(17): App\Libraries\IonAuth->__construct()
 3 SYSTEMPATH\CodeIgniter.php(903): App\Controllers\vendor\Home->__construct()
 4 SYSTEMPATH\CodeIgniter.php(500): CodeIgniter\CodeIgniter->createController()
 5 SYSTEMPATH\CodeIgniter.php(355): CodeIgniter\CodeIgniter->handleRequest(null, Object(Config\Cache), false)
 6 SYSTEMPATH\Boot.php(325): CodeIgniter\CodeIgniter->run()
 7 SYSTEMPATH\Boot.php(67): CodeIgniter\Boot::runCodeIgniter(Object(CodeIgniter\CodeIgniter))
 8 FCPATH\index.php(56): CodeIgniter\Boot::bootWeb(Object(Config\Paths))
WARNING - 2025-02-13 09:19:59 --> [DEPRECATED] Creation of dynamic property IonAuth\Models\IonAuthModel::$messagesTemplates is deprecated in FCPATH\vendor\benedmunds\codeigniter-ion-auth\Models\IonAuthModel.php on line 237.
 1 APPPATH\Libraries\IonAuth.php(71): IonAuth\Models\IonAuthModel->__construct()
 2 APPPATH\Controllers\vendor\Home.php(17): App\Libraries\IonAuth->__construct()
 3 SYSTEMPATH\CodeIgniter.php(903): App\Controllers\vendor\Home->__construct()
 4 SYSTEMPATH\CodeIgniter.php(500): CodeIgniter\CodeIgniter->createController()
 5 SYSTEMPATH\CodeIgniter.php(355): CodeIgniter\CodeIgniter->handleRequest(null, Object(Config\Cache), false)
 6 SYSTEMPATH\Boot.php(325): CodeIgniter\CodeIgniter->run()
 7 SYSTEMPATH\Boot.php(67): CodeIgniter\Boot::runCodeIgniter(Object(CodeIgniter\CodeIgniter))
 8 FCPATH\index.php(56): CodeIgniter\Boot::bootWeb(Object(Config\Paths))
INFO - 2025-02-13 09:19:59 --> Session: Class initialized using 'CodeIgniter\Session\Handlers\FileHandler' driver.
WARNING - 2025-02-13 09:19:59 --> [DEPRECATED] Creation of dynamic property IonAuth\Models\IonAuthModel::$join is deprecated in FCPATH\vendor\benedmunds\codeigniter-ion-auth\Models\IonAuthModel.php on line 231.
 1 APPPATH\Libraries\IonAuth.php(71): IonAuth\Models\IonAuthModel->__construct()
 2 APPPATH\Filters\CheckPermissions.php(16): App\Libraries\IonAuth->__construct()
 3 SYSTEMPATH\Filters\Filters.php(197): App\Filters\CheckPermissions->__construct()
 4 SYSTEMPATH\Filters\Filters.php(184): CodeIgniter\Filters\Filters->runBefore([...])
 5 SYSTEMPATH\CodeIgniter.php(481): CodeIgniter\Filters\Filters->run('vendor/products/products_table', 'before')
 6 SYSTEMPATH\CodeIgniter.php(355): CodeIgniter\CodeIgniter->handleRequest(null, Object(Config\Cache), false)
 7 SYSTEMPATH\Boot.php(325): CodeIgniter\CodeIgniter->run()
 8 SYSTEMPATH\Boot.php(67): CodeIgniter\Boot::runCodeIgniter(Object(CodeIgniter\CodeIgniter))
 9 FCPATH\index.php(56): CodeIgniter\Boot::bootWeb(Object(Config\Paths))
WARNING - 2025-02-13 09:19:59 --> [DEPRECATED] Creation of dynamic property IonAuth\Models\IonAuthModel::$hashMethod is deprecated in FCPATH\vendor\benedmunds\codeigniter-ion-auth\Models\IonAuthModel.php on line 234.
 1 APPPATH\Libraries\IonAuth.php(71): IonAuth\Models\IonAuthModel->__construct()
 2 APPPATH\Filters\CheckPermissions.php(16): App\Libraries\IonAuth->__construct()
 3 SYSTEMPATH\Filters\Filters.php(197): App\Filters\CheckPermissions->__construct()
 4 SYSTEMPATH\Filters\Filters.php(184): CodeIgniter\Filters\Filters->runBefore([...])
 5 SYSTEMPATH\CodeIgniter.php(481): CodeIgniter\Filters\Filters->run('vendor/products/products_table', 'before')
 6 SYSTEMPATH\CodeIgniter.php(355): CodeIgniter\CodeIgniter->handleRequest(null, Object(Config\Cache), false)
 7 SYSTEMPATH\Boot.php(325): CodeIgniter\CodeIgniter->run()
 8 SYSTEMPATH\Boot.php(67): CodeIgniter\Boot::runCodeIgniter(Object(CodeIgniter\CodeIgniter))
 9 FCPATH\index.php(56): CodeIgniter\Boot::bootWeb(Object(Config\Paths))
WARNING - 2025-02-13 09:19:59 --> [DEPRECATED] Creation of dynamic property IonAuth\Models\IonAuthModel::$messagesTemplates is deprecated in FCPATH\vendor\benedmunds\codeigniter-ion-auth\Models\IonAuthModel.php on line 237.
 1 APPPATH\Libraries\IonAuth.php(71): IonAuth\Models\IonAuthModel->__construct()
 2 APPPATH\Filters\CheckPermissions.php(16): App\Libraries\IonAuth->__construct()
 3 SYSTEMPATH\Filters\Filters.php(197): App\Filters\CheckPermissions->__construct()
 4 SYSTEMPATH\Filters\Filters.php(184): CodeIgniter\Filters\Filters->runBefore([...])
 5 SYSTEMPATH\CodeIgniter.php(481): CodeIgniter\Filters\Filters->run('vendor/products/products_table', 'before')
 6 SYSTEMPATH\CodeIgniter.php(355): CodeIgniter\CodeIgniter->handleRequest(null, Object(Config\Cache), false)
 7 SYSTEMPATH\Boot.php(325): CodeIgniter\CodeIgniter->run()
 8 SYSTEMPATH\Boot.php(67): CodeIgniter\Boot::runCodeIgniter(Object(CodeIgniter\CodeIgniter))
 9 FCPATH\index.php(56): CodeIgniter\Boot::bootWeb(Object(Config\Paths))
WARNING - 2025-02-13 09:19:59 --> [DEPRECATED] Creation of dynamic property IonAuth\Models\IonAuthModel::$join is deprecated in FCPATH\vendor\benedmunds\codeigniter-ion-auth\Models\IonAuthModel.php on line 231.
 1 APPPATH\Libraries\IonAuth.php(71): IonAuth\Models\IonAuthModel->__construct()
 2 APPPATH\Controllers\vendor\Products.php(25): App\Libraries\IonAuth->__construct()
 3 SYSTEMPATH\CodeIgniter.php(903): App\Controllers\vendor\Products->__construct()
 4 SYSTEMPATH\CodeIgniter.php(500): CodeIgniter\CodeIgniter->createController()
 5 SYSTEMPATH\CodeIgniter.php(355): CodeIgniter\CodeIgniter->handleRequest(null, Object(Config\Cache), false)
 6 SYSTEMPATH\Boot.php(325): CodeIgniter\CodeIgniter->run()
 7 SYSTEMPATH\Boot.php(67): CodeIgniter\Boot::runCodeIgniter(Object(CodeIgniter\CodeIgniter))
 8 FCPATH\index.php(56): CodeIgniter\Boot::bootWeb(Object(Config\Paths))
WARNING - 2025-02-13 09:19:59 --> [DEPRECATED] Creation of dynamic property IonAuth\Models\IonAuthModel::$hashMethod is deprecated in FCPATH\vendor\benedmunds\codeigniter-ion-auth\Models\IonAuthModel.php on line 234.
 1 APPPATH\Libraries\IonAuth.php(71): IonAuth\Models\IonAuthModel->__construct()
 2 APPPATH\Controllers\vendor\Products.php(25): App\Libraries\IonAuth->__construct()
 3 SYSTEMPATH\CodeIgniter.php(903): App\Controllers\vendor\Products->__construct()
 4 SYSTEMPATH\CodeIgniter.php(500): CodeIgniter\CodeIgniter->createController()
 5 SYSTEMPATH\CodeIgniter.php(355): CodeIgniter\CodeIgniter->handleRequest(null, Object(Config\Cache), false)
 6 SYSTEMPATH\Boot.php(325): CodeIgniter\CodeIgniter->run()
 7 SYSTEMPATH\Boot.php(67): CodeIgniter\Boot::runCodeIgniter(Object(CodeIgniter\CodeIgniter))
 8 FCPATH\index.php(56): CodeIgniter\Boot::bootWeb(Object(Config\Paths))
WARNING - 2025-02-13 09:19:59 --> [DEPRECATED] Creation of dynamic property IonAuth\Models\IonAuthModel::$messagesTemplates is deprecated in FCPATH\vendor\benedmunds\codeigniter-ion-auth\Models\IonAuthModel.php on line 237.
 1 APPPATH\Libraries\IonAuth.php(71): IonAuth\Models\IonAuthModel->__construct()
 2 APPPATH\Controllers\vendor\Products.php(25): App\Libraries\IonAuth->__construct()
 3 SYSTEMPATH\CodeIgniter.php(903): App\Controllers\vendor\Products->__construct()
 4 SYSTEMPATH\CodeIgniter.php(500): CodeIgniter\CodeIgniter->createController()
 5 SYSTEMPATH\CodeIgniter.php(355): CodeIgniter\CodeIgniter->handleRequest(null, Object(Config\Cache), false)
 6 SYSTEMPATH\Boot.php(325): CodeIgniter\CodeIgniter->run()
 7 SYSTEMPATH\Boot.php(67): CodeIgniter\Boot::runCodeIgniter(Object(CodeIgniter\CodeIgniter))
 8 FCPATH\index.php(56): CodeIgniter\Boot::bootWeb(Object(Config\Paths))
WARNING - 2025-02-13 14:49:59 --> [DEPRECATED] Creation of dynamic property IonAuth\Models\IonAuthModel::$join is deprecated in FCPATH\vendor\benedmunds\codeigniter-ion-auth\Models\IonAuthModel.php on line 231.
 1 APPPATH\Libraries\IonAuth.php(71): IonAuth\Models\IonAuthModel->__construct()
 2 APPPATH\Filters\CheckPermissions.php(16): App\Libraries\IonAuth->__construct()
 3 SYSTEMPATH\Filters\Filters.php(235): App\Filters\CheckPermissions->__construct()
 4 SYSTEMPATH\Filters\Filters.php(188): CodeIgniter\Filters\Filters->runAfter([...])
 5 SYSTEMPATH\CodeIgniter.php(527): CodeIgniter\Filters\Filters->run('vendor/products/products_table', 'after')
 6 SYSTEMPATH\CodeIgniter.php(355): CodeIgniter\CodeIgniter->handleRequest(null, Object(Config\Cache), false)
 7 SYSTEMPATH\Boot.php(325): CodeIgniter\CodeIgniter->run()
 8 SYSTEMPATH\Boot.php(67): CodeIgniter\Boot::runCodeIgniter(Object(CodeIgniter\CodeIgniter))
 9 FCPATH\index.php(56): CodeIgniter\Boot::bootWeb(Object(Config\Paths))
WARNING - 2025-02-13 14:49:59 --> [DEPRECATED] Creation of dynamic property IonAuth\Models\IonAuthModel::$hashMethod is deprecated in FCPATH\vendor\benedmunds\codeigniter-ion-auth\Models\IonAuthModel.php on line 234.
 1 APPPATH\Libraries\IonAuth.php(71): IonAuth\Models\IonAuthModel->__construct()
 2 APPPATH\Filters\CheckPermissions.php(16): App\Libraries\IonAuth->__construct()
 3 SYSTEMPATH\Filters\Filters.php(235): App\Filters\CheckPermissions->__construct()
 4 SYSTEMPATH\Filters\Filters.php(188): CodeIgniter\Filters\Filters->runAfter([...])
 5 SYSTEMPATH\CodeIgniter.php(527): CodeIgniter\Filters\Filters->run('vendor/products/products_table', 'after')
 6 SYSTEMPATH\CodeIgniter.php(355): CodeIgniter\CodeIgniter->handleRequest(null, Object(Config\Cache), false)
 7 SYSTEMPATH\Boot.php(325): CodeIgniter\CodeIgniter->run()
 8 SYSTEMPATH\Boot.php(67): CodeIgniter\Boot::runCodeIgniter(Object(CodeIgniter\CodeIgniter))
 9 FCPATH\index.php(56): CodeIgniter\Boot::bootWeb(Object(Config\Paths))
WARNING - 2025-02-13 14:49:59 --> [DEPRECATED] Creation of dynamic property IonAuth\Models\IonAuthModel::$messagesTemplates is deprecated in FCPATH\vendor\benedmunds\codeigniter-ion-auth\Models\IonAuthModel.php on line 237.
 1 APPPATH\Libraries\IonAuth.php(71): IonAuth\Models\IonAuthModel->__construct()
 2 APPPATH\Filters\CheckPermissions.php(16): App\Libraries\IonAuth->__construct()
 3 SYSTEMPATH\Filters\Filters.php(235): App\Filters\CheckPermissions->__construct()
 4 SYSTEMPATH\Filters\Filters.php(188): CodeIgniter\Filters\Filters->runAfter([...])
 5 SYSTEMPATH\CodeIgniter.php(527): CodeIgniter\Filters\Filters->run('vendor/products/products_table', 'after')
 6 SYSTEMPATH\CodeIgniter.php(355): CodeIgniter\CodeIgniter->handleRequest(null, Object(Config\Cache), false)
 7 SYSTEMPATH\Boot.php(325): CodeIgniter\CodeIgniter->run()
 8 SYSTEMPATH\Boot.php(67): CodeIgniter\Boot::runCodeIgniter(Object(CodeIgniter\CodeIgniter))
 9 FCPATH\index.php(56): CodeIgniter\Boot::bootWeb(Object(Config\Paths))
INFO - 2025-02-13 09:19:59 --> Session: Class initialized using 'CodeIgniter\Session\Handlers\FileHandler' driver.
WARNING - 2025-02-13 09:19:59 --> [DEPRECATED] Creation of dynamic property IonAuth\Models\IonAuthModel::$join is deprecated in FCPATH\vendor\benedmunds\codeigniter-ion-auth\Models\IonAuthModel.php on line 231.
 1 APPPATH\Libraries\IonAuth.php(71): IonAuth\Models\IonAuthModel->__construct()
 2 APPPATH\Filters\CheckPermissions.php(16): App\Libraries\IonAuth->__construct()
 3 SYSTEMPATH\Filters\Filters.php(197): App\Filters\CheckPermissions->__construct()
 4 SYSTEMPATH\Filters\Filters.php(184): CodeIgniter\Filters\Filters->runBefore([...])
 5 SYSTEMPATH\CodeIgniter.php(481): CodeIgniter\Filters\Filters->run('vendor/products/stock_alert', 'before')
 6 SYSTEMPATH\CodeIgniter.php(355): CodeIgniter\CodeIgniter->handleRequest(null, Object(Config\Cache), false)
 7 SYSTEMPATH\Boot.php(325): CodeIgniter\CodeIgniter->run()
 8 SYSTEMPATH\Boot.php(67): CodeIgniter\Boot::runCodeIgniter(Object(CodeIgniter\CodeIgniter))
 9 FCPATH\index.php(56): CodeIgniter\Boot::bootWeb(Object(Config\Paths))
WARNING - 2025-02-13 09:19:59 --> [DEPRECATED] Creation of dynamic property IonAuth\Models\IonAuthModel::$hashMethod is deprecated in FCPATH\vendor\benedmunds\codeigniter-ion-auth\Models\IonAuthModel.php on line 234.
 1 APPPATH\Libraries\IonAuth.php(71): IonAuth\Models\IonAuthModel->__construct()
 2 APPPATH\Filters\CheckPermissions.php(16): App\Libraries\IonAuth->__construct()
 3 SYSTEMPATH\Filters\Filters.php(197): App\Filters\CheckPermissions->__construct()
 4 SYSTEMPATH\Filters\Filters.php(184): CodeIgniter\Filters\Filters->runBefore([...])
 5 SYSTEMPATH\CodeIgniter.php(481): CodeIgniter\Filters\Filters->run('vendor/products/stock_alert', 'before')
 6 SYSTEMPATH\CodeIgniter.php(355): CodeIgniter\CodeIgniter->handleRequest(null, Object(Config\Cache), false)
 7 SYSTEMPATH\Boot.php(325): CodeIgniter\CodeIgniter->run()
 8 SYSTEMPATH\Boot.php(67): CodeIgniter\Boot::runCodeIgniter(Object(CodeIgniter\CodeIgniter))
 9 FCPATH\index.php(56): CodeIgniter\Boot::bootWeb(Object(Config\Paths))
WARNING - 2025-02-13 09:19:59 --> [DEPRECATED] Creation of dynamic property IonAuth\Models\IonAuthModel::$messagesTemplates is deprecated in FCPATH\vendor\benedmunds\codeigniter-ion-auth\Models\IonAuthModel.php on line 237.
 1 APPPATH\Libraries\IonAuth.php(71): IonAuth\Models\IonAuthModel->__construct()
 2 APPPATH\Filters\CheckPermissions.php(16): App\Libraries\IonAuth->__construct()
 3 SYSTEMPATH\Filters\Filters.php(197): App\Filters\CheckPermissions->__construct()
 4 SYSTEMPATH\Filters\Filters.php(184): CodeIgniter\Filters\Filters->runBefore([...])
 5 SYSTEMPATH\CodeIgniter.php(481): CodeIgniter\Filters\Filters->run('vendor/products/stock_alert', 'before')
 6 SYSTEMPATH\CodeIgniter.php(355): CodeIgniter\CodeIgniter->handleRequest(null, Object(Config\Cache), false)
 7 SYSTEMPATH\Boot.php(325): CodeIgniter\CodeIgniter->run()
 8 SYSTEMPATH\Boot.php(67): CodeIgniter\Boot::runCodeIgniter(Object(CodeIgniter\CodeIgniter))
 9 FCPATH\index.php(56): CodeIgniter\Boot::bootWeb(Object(Config\Paths))
WARNING - 2025-02-13 09:19:59 --> [DEPRECATED] Creation of dynamic property IonAuth\Models\IonAuthModel::$join is deprecated in FCPATH\vendor\benedmunds\codeigniter-ion-auth\Models\IonAuthModel.php on line 231.
 1 APPPATH\Libraries\IonAuth.php(71): IonAuth\Models\IonAuthModel->__construct()
 2 APPPATH\Controllers\vendor\Products.php(25): App\Libraries\IonAuth->__construct()
 3 SYSTEMPATH\CodeIgniter.php(903): App\Controllers\vendor\Products->__construct()
 4 SYSTEMPATH\CodeIgniter.php(500): CodeIgniter\CodeIgniter->createController()
 5 SYSTEMPATH\CodeIgniter.php(355): CodeIgniter\CodeIgniter->handleRequest(null, Object(Config\Cache), false)
 6 SYSTEMPATH\Boot.php(325): CodeIgniter\CodeIgniter->run()
 7 SYSTEMPATH\Boot.php(67): CodeIgniter\Boot::runCodeIgniter(Object(CodeIgniter\CodeIgniter))
 8 FCPATH\index.php(56): CodeIgniter\Boot::bootWeb(Object(Config\Paths))
WARNING - 2025-02-13 09:19:59 --> [DEPRECATED] Creation of dynamic property IonAuth\Models\IonAuthModel::$hashMethod is deprecated in FCPATH\vendor\benedmunds\codeigniter-ion-auth\Models\IonAuthModel.php on line 234.
 1 APPPATH\Libraries\IonAuth.php(71): IonAuth\Models\IonAuthModel->__construct()
 2 APPPATH\Controllers\vendor\Products.php(25): App\Libraries\IonAuth->__construct()
 3 SYSTEMPATH\CodeIgniter.php(903): App\Controllers\vendor\Products->__construct()
 4 SYSTEMPATH\CodeIgniter.php(500): CodeIgniter\CodeIgniter->createController()
 5 SYSTEMPATH\CodeIgniter.php(355): CodeIgniter\CodeIgniter->handleRequest(null, Object(Config\Cache), false)
 6 SYSTEMPATH\Boot.php(325): CodeIgniter\CodeIgniter->run()
 7 SYSTEMPATH\Boot.php(67): CodeIgniter\Boot::runCodeIgniter(Object(CodeIgniter\CodeIgniter))
 8 FCPATH\index.php(56): CodeIgniter\Boot::bootWeb(Object(Config\Paths))
WARNING - 2025-02-13 09:19:59 --> [DEPRECATED] Creation of dynamic property IonAuth\Models\IonAuthModel::$messagesTemplates is deprecated in FCPATH\vendor\benedmunds\codeigniter-ion-auth\Models\IonAuthModel.php on line 237.
 1 APPPATH\Libraries\IonAuth.php(71): IonAuth\Models\IonAuthModel->__construct()
 2 APPPATH\Controllers\vendor\Products.php(25): App\Libraries\IonAuth->__construct()
 3 SYSTEMPATH\CodeIgniter.php(903): App\Controllers\vendor\Products->__construct()
 4 SYSTEMPATH\CodeIgniter.php(500): CodeIgniter\CodeIgniter->createController()
 5 SYSTEMPATH\CodeIgniter.php(355): CodeIgniter\CodeIgniter->handleRequest(null, Object(Config\Cache), false)
 6 SYSTEMPATH\Boot.php(325): CodeIgniter\CodeIgniter->run()
 7 SYSTEMPATH\Boot.php(67): CodeIgniter\Boot::runCodeIgniter(Object(CodeIgniter\CodeIgniter))
 8 FCPATH\index.php(56): CodeIgniter\Boot::bootWeb(Object(Config\Paths))
WARNING - 2025-02-13 14:49:59 --> [DEPRECATED] Creation of dynamic property IonAuth\Models\IonAuthModel::$join is deprecated in FCPATH\vendor\benedmunds\codeigniter-ion-auth\Models\IonAuthModel.php on line 231.
 1 APPPATH\Libraries\IonAuth.php(71): IonAuth\Models\IonAuthModel->__construct()
 2 APPPATH\Filters\CheckPermissions.php(16): App\Libraries\IonAuth->__construct()
 3 SYSTEMPATH\Filters\Filters.php(235): App\Filters\CheckPermissions->__construct()
 4 SYSTEMPATH\Filters\Filters.php(188): CodeIgniter\Filters\Filters->runAfter([...])
 5 SYSTEMPATH\CodeIgniter.php(527): CodeIgniter\Filters\Filters->run('vendor/products/stock_alert', 'after')
 6 SYSTEMPATH\CodeIgniter.php(355): CodeIgniter\CodeIgniter->handleRequest(null, Object(Config\Cache), false)
 7 SYSTEMPATH\Boot.php(325): CodeIgniter\CodeIgniter->run()
 8 SYSTEMPATH\Boot.php(67): CodeIgniter\Boot::runCodeIgniter(Object(CodeIgniter\CodeIgniter))
 9 FCPATH\index.php(56): CodeIgniter\Boot::bootWeb(Object(Config\Paths))
WARNING - 2025-02-13 14:49:59 --> [DEPRECATED] Creation of dynamic property IonAuth\Models\IonAuthModel::$hashMethod is deprecated in FCPATH\vendor\benedmunds\codeigniter-ion-auth\Models\IonAuthModel.php on line 234.
 1 APPPATH\Libraries\IonAuth.php(71): IonAuth\Models\IonAuthModel->__construct()
 2 APPPATH\Filters\CheckPermissions.php(16): App\Libraries\IonAuth->__construct()
 3 SYSTEMPATH\Filters\Filters.php(235): App\Filters\CheckPermissions->__construct()
 4 SYSTEMPATH\Filters\Filters.php(188): CodeIgniter\Filters\Filters->runAfter([...])
 5 SYSTEMPATH\CodeIgniter.php(527): CodeIgniter\Filters\Filters->run('vendor/products/stock_alert', 'after')
 6 SYSTEMPATH\CodeIgniter.php(355): CodeIgniter\CodeIgniter->handleRequest(null, Object(Config\Cache), false)
 7 SYSTEMPATH\Boot.php(325): CodeIgniter\CodeIgniter->run()
 8 SYSTEMPATH\Boot.php(67): CodeIgniter\Boot::runCodeIgniter(Object(CodeIgniter\CodeIgniter))
 9 FCPATH\index.php(56): CodeIgniter\Boot::bootWeb(Object(Config\Paths))
WARNING - 2025-02-13 14:49:59 --> [DEPRECATED] Creation of dynamic property IonAuth\Models\IonAuthModel::$messagesTemplates is deprecated in FCPATH\vendor\benedmunds\codeigniter-ion-auth\Models\IonAuthModel.php on line 237.
 1 APPPATH\Libraries\IonAuth.php(71): IonAuth\Models\IonAuthModel->__construct()
 2 APPPATH\Filters\CheckPermissions.php(16): App\Libraries\IonAuth->__construct()
 3 SYSTEMPATH\Filters\Filters.php(235): App\Filters\CheckPermissions->__construct()
 4 SYSTEMPATH\Filters\Filters.php(188): CodeIgniter\Filters\Filters->runAfter([...])
 5 SYSTEMPATH\CodeIgniter.php(527): CodeIgniter\Filters\Filters->run('vendor/products/stock_alert', 'after')
 6 SYSTEMPATH\CodeIgniter.php(355): CodeIgniter\CodeIgniter->handleRequest(null, Object(Config\Cache), false)
 7 SYSTEMPATH\Boot.php(325): CodeIgniter\CodeIgniter->run()
 8 SYSTEMPATH\Boot.php(67): CodeIgniter\Boot::runCodeIgniter(Object(CodeIgniter\CodeIgniter))
 9 FCPATH\index.php(56): CodeIgniter\Boot::bootWeb(Object(Config\Paths))
INFO - 2025-02-13 09:19:59 --> Session: Class initialized using 'CodeIgniter\Session\Handlers\FileHandler' driver.
WARNING - 2025-02-13 09:19:59 --> [DEPRECATED] Creation of dynamic property IonAuth\Models\IonAuthModel::$join is deprecated in FCPATH\vendor\benedmunds\codeigniter-ion-auth\Models\IonAuthModel.php on line 231.
 1 APPPATH\Libraries\IonAuth.php(71): IonAuth\Models\IonAuthModel->__construct()
 2 APPPATH\Filters\CheckPermissions.php(16): App\Libraries\IonAuth->__construct()
 3 SYSTEMPATH\Filters\Filters.php(197): App\Filters\CheckPermissions->__construct()
 4 SYSTEMPATH\Filters\Filters.php(184): CodeIgniter\Filters\Filters->runBefore([...])
 5 SYSTEMPATH\CodeIgniter.php(481): CodeIgniter\Filters\Filters->run('vendor/home/fetch_data', 'before')
 6 SYSTEMPATH\CodeIgniter.php(355): CodeIgniter\CodeIgniter->handleRequest(null, Object(Config\Cache), false)
 7 SYSTEMPATH\Boot.php(325): CodeIgniter\CodeIgniter->run()
 8 SYSTEMPATH\Boot.php(67): CodeIgniter\Boot::runCodeIgniter(Object(CodeIgniter\CodeIgniter))
 9 FCPATH\index.php(56): CodeIgniter\Boot::bootWeb(Object(Config\Paths))
WARNING - 2025-02-13 09:19:59 --> [DEPRECATED] Creation of dynamic property IonAuth\Models\IonAuthModel::$hashMethod is deprecated in FCPATH\vendor\benedmunds\codeigniter-ion-auth\Models\IonAuthModel.php on line 234.
 1 APPPATH\Libraries\IonAuth.php(71): IonAuth\Models\IonAuthModel->__construct()
 2 APPPATH\Filters\CheckPermissions.php(16): App\Libraries\IonAuth->__construct()
 3 SYSTEMPATH\Filters\Filters.php(197): App\Filters\CheckPermissions->__construct()
 4 SYSTEMPATH\Filters\Filters.php(184): CodeIgniter\Filters\Filters->runBefore([...])
 5 SYSTEMPATH\CodeIgniter.php(481): CodeIgniter\Filters\Filters->run('vendor/home/fetch_data', 'before')
 6 SYSTEMPATH\CodeIgniter.php(355): CodeIgniter\CodeIgniter->handleRequest(null, Object(Config\Cache), false)
 7 SYSTEMPATH\Boot.php(325): CodeIgniter\CodeIgniter->run()
 8 SYSTEMPATH\Boot.php(67): CodeIgniter\Boot::runCodeIgniter(Object(CodeIgniter\CodeIgniter))
 9 FCPATH\index.php(56): CodeIgniter\Boot::bootWeb(Object(Config\Paths))
WARNING - 2025-02-13 09:19:59 --> [DEPRECATED] Creation of dynamic property IonAuth\Models\IonAuthModel::$messagesTemplates is deprecated in FCPATH\vendor\benedmunds\codeigniter-ion-auth\Models\IonAuthModel.php on line 237.
 1 APPPATH\Libraries\IonAuth.php(71): IonAuth\Models\IonAuthModel->__construct()
 2 APPPATH\Filters\CheckPermissions.php(16): App\Libraries\IonAuth->__construct()
 3 SYSTEMPATH\Filters\Filters.php(197): App\Filters\CheckPermissions->__construct()
 4 SYSTEMPATH\Filters\Filters.php(184): CodeIgniter\Filters\Filters->runBefore([...])
 5 SYSTEMPATH\CodeIgniter.php(481): CodeIgniter\Filters\Filters->run('vendor/home/fetch_data', 'before')
 6 SYSTEMPATH\CodeIgniter.php(355): CodeIgniter\CodeIgniter->handleRequest(null, Object(Config\Cache), false)
 7 SYSTEMPATH\Boot.php(325): CodeIgniter\CodeIgniter->run()
 8 SYSTEMPATH\Boot.php(67): CodeIgniter\Boot::runCodeIgniter(Object(CodeIgniter\CodeIgniter))
 9 FCPATH\index.php(56): CodeIgniter\Boot::bootWeb(Object(Config\Paths))
WARNING - 2025-02-13 09:19:59 --> [DEPRECATED] Creation of dynamic property IonAuth\Models\IonAuthModel::$join is deprecated in FCPATH\vendor\benedmunds\codeigniter-ion-auth\Models\IonAuthModel.php on line 231.
 1 APPPATH\Libraries\IonAuth.php(71): IonAuth\Models\IonAuthModel->__construct()
 2 APPPATH\Controllers\vendor\Home.php(17): App\Libraries\IonAuth->__construct()
 3 SYSTEMPATH\CodeIgniter.php(903): App\Controllers\vendor\Home->__construct()
 4 SYSTEMPATH\CodeIgniter.php(500): CodeIgniter\CodeIgniter->createController()
 5 SYSTEMPATH\CodeIgniter.php(355): CodeIgniter\CodeIgniter->handleRequest(null, Object(Config\Cache), false)
 6 SYSTEMPATH\Boot.php(325): CodeIgniter\CodeIgniter->run()
 7 SYSTEMPATH\Boot.php(67): CodeIgniter\Boot::runCodeIgniter(Object(CodeIgniter\CodeIgniter))
 8 FCPATH\index.php(56): CodeIgniter\Boot::bootWeb(Object(Config\Paths))
WARNING - 2025-02-13 09:19:59 --> [DEPRECATED] Creation of dynamic property IonAuth\Models\IonAuthModel::$hashMethod is deprecated in FCPATH\vendor\benedmunds\codeigniter-ion-auth\Models\IonAuthModel.php on line 234.
 1 APPPATH\Libraries\IonAuth.php(71): IonAuth\Models\IonAuthModel->__construct()
 2 APPPATH\Controllers\vendor\Home.php(17): App\Libraries\IonAuth->__construct()
 3 SYSTEMPATH\CodeIgniter.php(903): App\Controllers\vendor\Home->__construct()
 4 SYSTEMPATH\CodeIgniter.php(500): CodeIgniter\CodeIgniter->createController()
 5 SYSTEMPATH\CodeIgniter.php(355): CodeIgniter\CodeIgniter->handleRequest(null, Object(Config\Cache), false)
 6 SYSTEMPATH\Boot.php(325): CodeIgniter\CodeIgniter->run()
 7 SYSTEMPATH\Boot.php(67): CodeIgniter\Boot::runCodeIgniter(Object(CodeIgniter\CodeIgniter))
 8 FCPATH\index.php(56): CodeIgniter\Boot::bootWeb(Object(Config\Paths))
WARNING - 2025-02-13 09:19:59 --> [DEPRECATED] Creation of dynamic property IonAuth\Models\IonAuthModel::$messagesTemplates is deprecated in FCPATH\vendor\benedmunds\codeigniter-ion-auth\Models\IonAuthModel.php on line 237.
 1 APPPATH\Libraries\IonAuth.php(71): IonAuth\Models\IonAuthModel->__construct()
 2 APPPATH\Controllers\vendor\Home.php(17): App\Libraries\IonAuth->__construct()
 3 SYSTEMPATH\CodeIgniter.php(903): App\Controllers\vendor\Home->__construct()
 4 SYSTEMPATH\CodeIgniter.php(500): CodeIgniter\CodeIgniter->createController()
 5 SYSTEMPATH\CodeIgniter.php(355): CodeIgniter\CodeIgniter->handleRequest(null, Object(Config\Cache), false)
 6 SYSTEMPATH\Boot.php(325): CodeIgniter\CodeIgniter->run()
 7 SYSTEMPATH\Boot.php(67): CodeIgniter\Boot::runCodeIgniter(Object(CodeIgniter\CodeIgniter))
 8 FCPATH\index.php(56): CodeIgniter\Boot::bootWeb(Object(Config\Paths))
WARNING - 2025-02-13 14:49:59 --> [DEPRECATED] Creation of dynamic property IonAuth\Models\IonAuthModel::$join is deprecated in FCPATH\vendor\benedmunds\codeigniter-ion-auth\Models\IonAuthModel.php on line 231.
 1 APPPATH\Libraries\IonAuth.php(71): IonAuth\Models\IonAuthModel->__construct()
 2 APPPATH\Filters\CheckPermissions.php(16): App\Libraries\IonAuth->__construct()
 3 SYSTEMPATH\Filters\Filters.php(235): App\Filters\CheckPermissions->__construct()
 4 SYSTEMPATH\Filters\Filters.php(188): CodeIgniter\Filters\Filters->runAfter([...])
 5 SYSTEMPATH\CodeIgniter.php(527): CodeIgniter\Filters\Filters->run('vendor/home/fetch_data', 'after')
 6 SYSTEMPATH\CodeIgniter.php(355): CodeIgniter\CodeIgniter->handleRequest(null, Object(Config\Cache), false)
 7 SYSTEMPATH\Boot.php(325): CodeIgniter\CodeIgniter->run()
 8 SYSTEMPATH\Boot.php(67): CodeIgniter\Boot::runCodeIgniter(Object(CodeIgniter\CodeIgniter))
 9 FCPATH\index.php(56): CodeIgniter\Boot::bootWeb(Object(Config\Paths))
WARNING - 2025-02-13 14:49:59 --> [DEPRECATED] Creation of dynamic property IonAuth\Models\IonAuthModel::$hashMethod is deprecated in FCPATH\vendor\benedmunds\codeigniter-ion-auth\Models\IonAuthModel.php on line 234.
 1 APPPATH\Libraries\IonAuth.php(71): IonAuth\Models\IonAuthModel->__construct()
 2 APPPATH\Filters\CheckPermissions.php(16): App\Libraries\IonAuth->__construct()
 3 SYSTEMPATH\Filters\Filters.php(235): App\Filters\CheckPermissions->__construct()
 4 SYSTEMPATH\Filters\Filters.php(188): CodeIgniter\Filters\Filters->runAfter([...])
 5 SYSTEMPATH\CodeIgniter.php(527): CodeIgniter\Filters\Filters->run('vendor/home/fetch_data', 'after')
 6 SYSTEMPATH\CodeIgniter.php(355): CodeIgniter\CodeIgniter->handleRequest(null, Object(Config\Cache), false)
 7 SYSTEMPATH\Boot.php(325): CodeIgniter\CodeIgniter->run()
 8 SYSTEMPATH\Boot.php(67): CodeIgniter\Boot::runCodeIgniter(Object(CodeIgniter\CodeIgniter))
 9 FCPATH\index.php(56): CodeIgniter\Boot::bootWeb(Object(Config\Paths))
WARNING - 2025-02-13 14:49:59 --> [DEPRECATED] Creation of dynamic property IonAuth\Models\IonAuthModel::$messagesTemplates is deprecated in FCPATH\vendor\benedmunds\codeigniter-ion-auth\Models\IonAuthModel.php on line 237.
 1 APPPATH\Libraries\IonAuth.php(71): IonAuth\Models\IonAuthModel->__construct()
 2 APPPATH\Filters\CheckPermissions.php(16): App\Libraries\IonAuth->__construct()
 3 SYSTEMPATH\Filters\Filters.php(235): App\Filters\CheckPermissions->__construct()
 4 SYSTEMPATH\Filters\Filters.php(188): CodeIgniter\Filters\Filters->runAfter([...])
 5 SYSTEMPATH\CodeIgniter.php(527): CodeIgniter\Filters\Filters->run('vendor/home/fetch_data', 'after')
 6 SYSTEMPATH\CodeIgniter.php(355): CodeIgniter\CodeIgniter->handleRequest(null, Object(Config\Cache), false)
 7 SYSTEMPATH\Boot.php(325): CodeIgniter\CodeIgniter->run()
 8 SYSTEMPATH\Boot.php(67): CodeIgniter\Boot::runCodeIgniter(Object(CodeIgniter\CodeIgniter))
 9 FCPATH\index.php(56): CodeIgniter\Boot::bootWeb(Object(Config\Paths))
INFO - 2025-02-13 09:19:59 --> Session: Class initialized using 'CodeIgniter\Session\Handlers\FileHandler' driver.
WARNING - 2025-02-13 09:19:59 --> [DEPRECATED] Creation of dynamic property IonAuth\Models\IonAuthModel::$join is deprecated in FCPATH\vendor\benedmunds\codeigniter-ion-auth\Models\IonAuthModel.php on line 231.
 1 APPPATH\Libraries\IonAuth.php(71): IonAuth\Models\IonAuthModel->__construct()
 2 APPPATH\Filters\CheckPermissions.php(16): App\Libraries\IonAuth->__construct()
 3 SYSTEMPATH\Filters\Filters.php(197): App\Filters\CheckPermissions->__construct()
 4 SYSTEMPATH\Filters\Filters.php(184): CodeIgniter\Filters\Filters->runBefore([...])
 5 SYSTEMPATH\CodeIgniter.php(481): CodeIgniter\Filters\Filters->run('vendor/home/fetch_purchases', 'before')
 6 SYSTEMPATH\CodeIgniter.php(355): CodeIgniter\CodeIgniter->handleRequest(null, Object(Config\Cache), false)
 7 SYSTEMPATH\Boot.php(325): CodeIgniter\CodeIgniter->run()
 8 SYSTEMPATH\Boot.php(67): CodeIgniter\Boot::runCodeIgniter(Object(CodeIgniter\CodeIgniter))
 9 FCPATH\index.php(56): CodeIgniter\Boot::bootWeb(Object(Config\Paths))
WARNING - 2025-02-13 09:19:59 --> [DEPRECATED] Creation of dynamic property IonAuth\Models\IonAuthModel::$hashMethod is deprecated in FCPATH\vendor\benedmunds\codeigniter-ion-auth\Models\IonAuthModel.php on line 234.
 1 APPPATH\Libraries\IonAuth.php(71): IonAuth\Models\IonAuthModel->__construct()
 2 APPPATH\Filters\CheckPermissions.php(16): App\Libraries\IonAuth->__construct()
 3 SYSTEMPATH\Filters\Filters.php(197): App\Filters\CheckPermissions->__construct()
 4 SYSTEMPATH\Filters\Filters.php(184): CodeIgniter\Filters\Filters->runBefore([...])
 5 SYSTEMPATH\CodeIgniter.php(481): CodeIgniter\Filters\Filters->run('vendor/home/fetch_purchases', 'before')
 6 SYSTEMPATH\CodeIgniter.php(355): CodeIgniter\CodeIgniter->handleRequest(null, Object(Config\Cache), false)
 7 SYSTEMPATH\Boot.php(325): CodeIgniter\CodeIgniter->run()
 8 SYSTEMPATH\Boot.php(67): CodeIgniter\Boot::runCodeIgniter(Object(CodeIgniter\CodeIgniter))
 9 FCPATH\index.php(56): CodeIgniter\Boot::bootWeb(Object(Config\Paths))
WARNING - 2025-02-13 09:19:59 --> [DEPRECATED] Creation of dynamic property IonAuth\Models\IonAuthModel::$messagesTemplates is deprecated in FCPATH\vendor\benedmunds\codeigniter-ion-auth\Models\IonAuthModel.php on line 237.
 1 APPPATH\Libraries\IonAuth.php(71): IonAuth\Models\IonAuthModel->__construct()
 2 APPPATH\Filters\CheckPermissions.php(16): App\Libraries\IonAuth->__construct()
 3 SYSTEMPATH\Filters\Filters.php(197): App\Filters\CheckPermissions->__construct()
 4 SYSTEMPATH\Filters\Filters.php(184): CodeIgniter\Filters\Filters->runBefore([...])
 5 SYSTEMPATH\CodeIgniter.php(481): CodeIgniter\Filters\Filters->run('vendor/home/fetch_purchases', 'before')
 6 SYSTEMPATH\CodeIgniter.php(355): CodeIgniter\CodeIgniter->handleRequest(null, Object(Config\Cache), false)
 7 SYSTEMPATH\Boot.php(325): CodeIgniter\CodeIgniter->run()
 8 SYSTEMPATH\Boot.php(67): CodeIgniter\Boot::runCodeIgniter(Object(CodeIgniter\CodeIgniter))
 9 FCPATH\index.php(56): CodeIgniter\Boot::bootWeb(Object(Config\Paths))
WARNING - 2025-02-13 09:19:59 --> [DEPRECATED] Creation of dynamic property IonAuth\Models\IonAuthModel::$join is deprecated in FCPATH\vendor\benedmunds\codeigniter-ion-auth\Models\IonAuthModel.php on line 231.
 1 APPPATH\Libraries\IonAuth.php(71): IonAuth\Models\IonAuthModel->__construct()
 2 APPPATH\Controllers\vendor\Home.php(17): App\Libraries\IonAuth->__construct()
 3 SYSTEMPATH\CodeIgniter.php(903): App\Controllers\vendor\Home->__construct()
 4 SYSTEMPATH\CodeIgniter.php(500): CodeIgniter\CodeIgniter->createController()
 5 SYSTEMPATH\CodeIgniter.php(355): CodeIgniter\CodeIgniter->handleRequest(null, Object(Config\Cache), false)
 6 SYSTEMPATH\Boot.php(325): CodeIgniter\CodeIgniter->run()
 7 SYSTEMPATH\Boot.php(67): CodeIgniter\Boot::runCodeIgniter(Object(CodeIgniter\CodeIgniter))
 8 FCPATH\index.php(56): CodeIgniter\Boot::bootWeb(Object(Config\Paths))
WARNING - 2025-02-13 09:19:59 --> [DEPRECATED] Creation of dynamic property IonAuth\Models\IonAuthModel::$hashMethod is deprecated in FCPATH\vendor\benedmunds\codeigniter-ion-auth\Models\IonAuthModel.php on line 234.
 1 APPPATH\Libraries\IonAuth.php(71): IonAuth\Models\IonAuthModel->__construct()
 2 APPPATH\Controllers\vendor\Home.php(17): App\Libraries\IonAuth->__construct()
 3 SYSTEMPATH\CodeIgniter.php(903): App\Controllers\vendor\Home->__construct()
 4 SYSTEMPATH\CodeIgniter.php(500): CodeIgniter\CodeIgniter->createController()
 5 SYSTEMPATH\CodeIgniter.php(355): CodeIgniter\CodeIgniter->handleRequest(null, Object(Config\Cache), false)
 6 SYSTEMPATH\Boot.php(325): CodeIgniter\CodeIgniter->run()
 7 SYSTEMPATH\Boot.php(67): CodeIgniter\Boot::runCodeIgniter(Object(CodeIgniter\CodeIgniter))
 8 FCPATH\index.php(56): CodeIgniter\Boot::bootWeb(Object(Config\Paths))
WARNING - 2025-02-13 09:19:59 --> [DEPRECATED] Creation of dynamic property IonAuth\Models\IonAuthModel::$messagesTemplates is deprecated in FCPATH\vendor\benedmunds\codeigniter-ion-auth\Models\IonAuthModel.php on line 237.
 1 APPPATH\Libraries\IonAuth.php(71): IonAuth\Models\IonAuthModel->__construct()
 2 APPPATH\Controllers\vendor\Home.php(17): App\Libraries\IonAuth->__construct()
 3 SYSTEMPATH\CodeIgniter.php(903): App\Controllers\vendor\Home->__construct()
 4 SYSTEMPATH\CodeIgniter.php(500): CodeIgniter\CodeIgniter->createController()
 5 SYSTEMPATH\CodeIgniter.php(355): CodeIgniter\CodeIgniter->handleRequest(null, Object(Config\Cache), false)
 6 SYSTEMPATH\Boot.php(325): CodeIgniter\CodeIgniter->run()
 7 SYSTEMPATH\Boot.php(67): CodeIgniter\Boot::runCodeIgniter(Object(CodeIgniter\CodeIgniter))
 8 FCPATH\index.php(56): CodeIgniter\Boot::bootWeb(Object(Config\Paths))
WARNING - 2025-02-13 14:49:59 --> [DEPRECATED] Creation of dynamic property IonAuth\Models\IonAuthModel::$join is deprecated in FCPATH\vendor\benedmunds\codeigniter-ion-auth\Models\IonAuthModel.php on line 231.
 1 APPPATH\Libraries\IonAuth.php(71): IonAuth\Models\IonAuthModel->__construct()
 2 APPPATH\Filters\CheckPermissions.php(16): App\Libraries\IonAuth->__construct()
 3 SYSTEMPATH\Filters\Filters.php(235): App\Filters\CheckPermissions->__construct()
 4 SYSTEMPATH\Filters\Filters.php(188): CodeIgniter\Filters\Filters->runAfter([...])
 5 SYSTEMPATH\CodeIgniter.php(527): CodeIgniter\Filters\Filters->run('vendor/home/fetch_purchases', 'after')
 6 SYSTEMPATH\CodeIgniter.php(355): CodeIgniter\CodeIgniter->handleRequest(null, Object(Config\Cache), false)
 7 SYSTEMPATH\Boot.php(325): CodeIgniter\CodeIgniter->run()
 8 SYSTEMPATH\Boot.php(67): CodeIgniter\Boot::runCodeIgniter(Object(CodeIgniter\CodeIgniter))
 9 FCPATH\index.php(56): CodeIgniter\Boot::bootWeb(Object(Config\Paths))
WARNING - 2025-02-13 14:49:59 --> [DEPRECATED] Creation of dynamic property IonAuth\Models\IonAuthModel::$hashMethod is deprecated in FCPATH\vendor\benedmunds\codeigniter-ion-auth\Models\IonAuthModel.php on line 234.
 1 APPPATH\Libraries\IonAuth.php(71): IonAuth\Models\IonAuthModel->__construct()
 2 APPPATH\Filters\CheckPermissions.php(16): App\Libraries\IonAuth->__construct()
 3 SYSTEMPATH\Filters\Filters.php(235): App\Filters\CheckPermissions->__construct()
 4 SYSTEMPATH\Filters\Filters.php(188): CodeIgniter\Filters\Filters->runAfter([...])
 5 SYSTEMPATH\CodeIgniter.php(527): CodeIgniter\Filters\Filters->run('vendor/home/fetch_purchases', 'after')
 6 SYSTEMPATH\CodeIgniter.php(355): CodeIgniter\CodeIgniter->handleRequest(null, Object(Config\Cache), false)
 7 SYSTEMPATH\Boot.php(325): CodeIgniter\CodeIgniter->run()
 8 SYSTEMPATH\Boot.php(67): CodeIgniter\Boot::runCodeIgniter(Object(CodeIgniter\CodeIgniter))
 9 FCPATH\index.php(56): CodeIgniter\Boot::bootWeb(Object(Config\Paths))
WARNING - 2025-02-13 14:49:59 --> [DEPRECATED] Creation of dynamic property IonAuth\Models\IonAuthModel::$messagesTemplates is deprecated in FCPATH\vendor\benedmunds\codeigniter-ion-auth\Models\IonAuthModel.php on line 237.
 1 APPPATH\Libraries\IonAuth.php(71): IonAuth\Models\IonAuthModel->__construct()
 2 APPPATH\Filters\CheckPermissions.php(16): App\Libraries\IonAuth->__construct()
 3 SYSTEMPATH\Filters\Filters.php(235): App\Filters\CheckPermissions->__construct()
 4 SYSTEMPATH\Filters\Filters.php(188): CodeIgniter\Filters\Filters->runAfter([...])
 5 SYSTEMPATH\CodeIgniter.php(527): CodeIgniter\Filters\Filters->run('vendor/home/fetch_purchases', 'after')
 6 SYSTEMPATH\CodeIgniter.php(355): CodeIgniter\CodeIgniter->handleRequest(null, Object(Config\Cache), false)
 7 SYSTEMPATH\Boot.php(325): CodeIgniter\CodeIgniter->run()
 8 SYSTEMPATH\Boot.php(67): CodeIgniter\Boot::runCodeIgniter(Object(CodeIgniter\CodeIgniter))
 9 FCPATH\index.php(56): CodeIgniter\Boot::bootWeb(Object(Config\Paths))
INFO - 2025-02-13 09:20:16 --> Session: Class initialized using 'CodeIgniter\Session\Handlers\FileHandler' driver.
WARNING - 2025-02-13 09:20:16 --> [DEPRECATED] Creation of dynamic property IonAuth\Models\IonAuthModel::$join is deprecated in FCPATH\vendor\benedmunds\codeigniter-ion-auth\Models\IonAuthModel.php on line 231.
 1 APPPATH\Libraries\IonAuth.php(71): IonAuth\Models\IonAuthModel->__construct()
 2 APPPATH\Controllers\vendor\Brand.php(16): App\Libraries\IonAuth->__construct()
 3 SYSTEMPATH\CodeIgniter.php(903): App\Controllers\Vendor\Brand->__construct()
 4 SYSTEMPATH\CodeIgniter.php(500): CodeIgniter\CodeIgniter->createController()
 5 SYSTEMPATH\CodeIgniter.php(355): CodeIgniter\CodeIgniter->handleRequest(null, Object(Config\Cache), false)
 6 SYSTEMPATH\Boot.php(325): CodeIgniter\CodeIgniter->run()
 7 SYSTEMPATH\Boot.php(67): CodeIgniter\Boot::runCodeIgniter(Object(CodeIgniter\CodeIgniter))
 8 FCPATH\index.php(56): CodeIgniter\Boot::bootWeb(Object(Config\Paths))
WARNING - 2025-02-13 09:20:16 --> [DEPRECATED] Creation of dynamic property IonAuth\Models\IonAuthModel::$hashMethod is deprecated in FCPATH\vendor\benedmunds\codeigniter-ion-auth\Models\IonAuthModel.php on line 234.
 1 APPPATH\Libraries\IonAuth.php(71): IonAuth\Models\IonAuthModel->__construct()
 2 APPPATH\Controllers\vendor\Brand.php(16): App\Libraries\IonAuth->__construct()
 3 SYSTEMPATH\CodeIgniter.php(903): App\Controllers\Vendor\Brand->__construct()
 4 SYSTEMPATH\CodeIgniter.php(500): CodeIgniter\CodeIgniter->createController()
 5 SYSTEMPATH\CodeIgniter.php(355): CodeIgniter\CodeIgniter->handleRequest(null, Object(Config\Cache), false)
 6 SYSTEMPATH\Boot.php(325): CodeIgniter\CodeIgniter->run()
 7 SYSTEMPATH\Boot.php(67): CodeIgniter\Boot::runCodeIgniter(Object(CodeIgniter\CodeIgniter))
 8 FCPATH\index.php(56): CodeIgniter\Boot::bootWeb(Object(Config\Paths))
WARNING - 2025-02-13 09:20:16 --> [DEPRECATED] Creation of dynamic property IonAuth\Models\IonAuthModel::$messagesTemplates is deprecated in FCPATH\vendor\benedmunds\codeigniter-ion-auth\Models\IonAuthModel.php on line 237.
 1 APPPATH\Libraries\IonAuth.php(71): IonAuth\Models\IonAuthModel->__construct()
 2 APPPATH\Controllers\vendor\Brand.php(16): App\Libraries\IonAuth->__construct()
 3 SYSTEMPATH\CodeIgniter.php(903): App\Controllers\Vendor\Brand->__construct()
 4 SYSTEMPATH\CodeIgniter.php(500): CodeIgniter\CodeIgniter->createController()
 5 SYSTEMPATH\CodeIgniter.php(355): CodeIgniter\CodeIgniter->handleRequest(null, Object(Config\Cache), false)
 6 SYSTEMPATH\Boot.php(325): CodeIgniter\CodeIgniter->run()
 7 SYSTEMPATH\Boot.php(67): CodeIgniter\Boot::runCodeIgniter(Object(CodeIgniter\CodeIgniter))
 8 FCPATH\index.php(56): CodeIgniter\Boot::bootWeb(Object(Config\Paths))
INFO - 2025-02-13 09:20:16 --> Session: Class initialized using 'CodeIgniter\Session\Handlers\FileHandler' driver.
WARNING - 2025-02-13 09:20:16 --> [DEPRECATED] Creation of dynamic property IonAuth\Libraries\IonAuth::$session is deprecated in FCPATH\vendor\benedmunds\codeigniter-ion-auth\Libraries\IonAuth.php on line 65.
 1 APPPATH\Controllers\Login.php(13): IonAuth\Libraries\IonAuth->__construct()
 2 SYSTEMPATH\CodeIgniter.php(903): App\Controllers\Login->__construct()
 3 SYSTEMPATH\CodeIgniter.php(500): CodeIgniter\CodeIgniter->createController()
 4 SYSTEMPATH\CodeIgniter.php(355): CodeIgniter\CodeIgniter->handleRequest(null, Object(Config\Cache), false)
 5 SYSTEMPATH\Boot.php(325): CodeIgniter\CodeIgniter->run()
 6 SYSTEMPATH\Boot.php(67): CodeIgniter\Boot::runCodeIgniter(Object(CodeIgniter\CodeIgniter))
 7 FCPATH\index.php(56): CodeIgniter\Boot::bootWeb(Object(Config\Paths))
WARNING - 2025-02-13 09:20:16 --> [DEPRECATED] Creation of dynamic property IonAuth\Models\IonAuthModel::$join is deprecated in FCPATH\vendor\benedmunds\codeigniter-ion-auth\Models\IonAuthModel.php on line 231.
 1 FCPATH\vendor\benedmunds\codeigniter-ion-auth\Libraries\IonAuth.php(67): IonAuth\Models\IonAuthModel->__construct()
 2 APPPATH\Controllers\Login.php(13): IonAuth\Libraries\IonAuth->__construct()
 3 SYSTEMPATH\CodeIgniter.php(903): App\Controllers\Login->__construct()
 4 SYSTEMPATH\CodeIgniter.php(500): CodeIgniter\CodeIgniter->createController()
 5 SYSTEMPATH\CodeIgniter.php(355): CodeIgniter\CodeIgniter->handleRequest(null, Object(Config\Cache), false)
 6 SYSTEMPATH\Boot.php(325): CodeIgniter\CodeIgniter->run()
 7 SYSTEMPATH\Boot.php(67): CodeIgniter\Boot::runCodeIgniter(Object(CodeIgniter\CodeIgniter))
 8 FCPATH\index.php(56): CodeIgniter\Boot::bootWeb(Object(Config\Paths))
WARNING - 2025-02-13 09:20:16 --> [DEPRECATED] Creation of dynamic property IonAuth\Models\IonAuthModel::$hashMethod is deprecated in FCPATH\vendor\benedmunds\codeigniter-ion-auth\Models\IonAuthModel.php on line 234.
 1 FCPATH\vendor\benedmunds\codeigniter-ion-auth\Libraries\IonAuth.php(67): IonAuth\Models\IonAuthModel->__construct()
 2 APPPATH\Controllers\Login.php(13): IonAuth\Libraries\IonAuth->__construct()
 3 SYSTEMPATH\CodeIgniter.php(903): App\Controllers\Login->__construct()
 4 SYSTEMPATH\CodeIgniter.php(500): CodeIgniter\CodeIgniter->createController()
 5 SYSTEMPATH\CodeIgniter.php(355): CodeIgniter\CodeIgniter->handleRequest(null, Object(Config\Cache), false)
 6 SYSTEMPATH\Boot.php(325): CodeIgniter\CodeIgniter->run()
 7 SYSTEMPATH\Boot.php(67): CodeIgniter\Boot::runCodeIgniter(Object(CodeIgniter\CodeIgniter))
 8 FCPATH\index.php(56): CodeIgniter\Boot::bootWeb(Object(Config\Paths))
WARNING - 2025-02-13 09:20:16 --> [DEPRECATED] Creation of dynamic property IonAuth\Models\IonAuthModel::$messagesTemplates is deprecated in FCPATH\vendor\benedmunds\codeigniter-ion-auth\Models\IonAuthModel.php on line 237.
 1 FCPATH\vendor\benedmunds\codeigniter-ion-auth\Libraries\IonAuth.php(67): IonAuth\Models\IonAuthModel->__construct()
 2 APPPATH\Controllers\Login.php(13): IonAuth\Libraries\IonAuth->__construct()
 3 SYSTEMPATH\CodeIgniter.php(903): App\Controllers\Login->__construct()
 4 SYSTEMPATH\CodeIgniter.php(500): CodeIgniter\CodeIgniter->createController()
 5 SYSTEMPATH\CodeIgniter.php(355): CodeIgniter\CodeIgniter->handleRequest(null, Object(Config\Cache), false)
 6 SYSTEMPATH\Boot.php(325): CodeIgniter\CodeIgniter->run()
 7 SYSTEMPATH\Boot.php(67): CodeIgniter\Boot::runCodeIgniter(Object(CodeIgniter\CodeIgniter))
 8 FCPATH\index.php(56): CodeIgniter\Boot::bootWeb(Object(Config\Paths))
CRITICAL - 2025-02-13 14:50:16 --> Exception: Undefined method Ion_auth::isVendor() called
[Method: GET, Route: login]
in FCPATH\vendor\benedmunds\codeigniter-ion-auth\Libraries\IonAuth.php on line 94.
 1 APPPATH\Controllers\Login.php(21): IonAuth\Libraries\IonAuth->__call('isVendor', [])
 2 SYSTEMPATH\CodeIgniter.php(933): App\Controllers\Login->index()
 3 SYSTEMPATH\CodeIgniter.php(509): CodeIgniter\CodeIgniter->runController(Object(App\Controllers\Login))
 4 SYSTEMPATH\CodeIgniter.php(355): CodeIgniter\CodeIgniter->handleRequest(null, Object(Config\Cache), false)
 5 SYSTEMPATH\Boot.php(325): CodeIgniter\CodeIgniter->run()
 6 SYSTEMPATH\Boot.php(67): CodeIgniter\Boot::runCodeIgniter(Object(CodeIgniter\CodeIgniter))
 7 FCPATH\index.php(56): CodeIgniter\Boot::bootWeb(Object(Config\Paths))
CRITICAL - 2025-02-13 14:50:16 --> ErrorException: Uncaught Error: Call to undefined method CodeIgniter\Debug\ExceptionHandler::cleanPath() in C:\xampp1\htdocs\upbiz-sass-git\app\Views\errors\html\error_exception.php:33
Stack trace:
#0 C:\xampp1\htdocs\upbiz-sass-git\vendor\codeigniter4\framework\system\Debug\BaseExceptionHandler.php(266): include()
#1 C:\xampp1\htdocs\upbiz-sass-git\vendor\codeigniter4\framework\system\Debug\BaseExceptionHandler.php(269): CodeIgniter\Debug\BaseExceptionHandler->CodeIgniter\Debug\{closure}()
#2 C:\xampp1\htdocs\upbiz-sass-git\vendor\codeigniter4\framework\system\Debug\ExceptionHandler.php(114): CodeIgniter\Debug\BaseExceptionHandler->render(Object(Exception), 500, 'C:\\xampp1\\htdoc...')
#3 C:\xampp1\htdocs\upbiz-sass-git\vendor\codeigniter4\framework\system\Debug\Exceptions.php(163): CodeIgniter\Debug\ExceptionHandler->handle(Object(Exception), Object(CodeIgniter\HTTP\IncomingRequest), Object(CodeIgniter\HTTP\Response), 500, 1)
#4 [internal function]: CodeIgniter\Debug\Exceptions->exceptionHandler(Object(Exception))
#5 {main}
  thrown
【Previous Exception】
Exception
Undefined method Ion_auth::isVendor() called
#0 C:\xampp1\htdocs\upbiz-sass-git\app\Controllers\Login.php(21): IonAuth\Libraries\IonAuth->__call('isVendor', Array)
#1 C:\xampp1\htdocs\upbiz-sass-git\vendor\codeigniter4\framework\system\CodeIgniter.php(933): App\Controllers\Login->index()
#2 C:\xampp1\htdocs\upbiz-sass-git\vendor\codeigniter4\framework\system\CodeIgniter.php(509): CodeIgniter\CodeIgniter->runController(Object(App\Controllers\Login))
#3 C:\xampp1\htdocs\upbiz-sass-git\vendor\codeigniter4\framework\system\CodeIgniter.php(355): CodeIgniter\CodeIgniter->handleRequest(NULL, Object(Config\Cache), false)
#4 C:\xampp1\htdocs\upbiz-sass-git\vendor\codeigniter4\framework\system\Boot.php(325): CodeIgniter\CodeIgniter->run()
#5 C:\xampp1\htdocs\upbiz-sass-git\vendor\codeigniter4\framework\system\Boot.php(67): CodeIgniter\Boot::runCodeIgniter(Object(CodeIgniter\CodeIgniter))
#6 C:\xampp1\htdocs\upbiz-sass-git\index.php(56): CodeIgniter\Boot::bootWeb(Object(Config\Paths))
#7 {main}
[Method: GET, Route: login]
in APPPATH\Views\errors\html\error_exception.php on line 33.
 1 [internal function]: CodeIgniter\Debug\Exceptions->shutdownHandler()
INFO - 2025-02-13 09:21:16 --> Session: Class initialized using 'CodeIgniter\Session\Handlers\FileHandler' driver.
WARNING - 2025-02-13 09:21:16 --> [DEPRECATED] Creation of dynamic property IonAuth\Models\IonAuthModel::$join is deprecated in FCPATH\vendor\benedmunds\codeigniter-ion-auth\Models\IonAuthModel.php on line 231.
 1 APPPATH\Libraries\IonAuth.php(71): IonAuth\Models\IonAuthModel->__construct()
 2 APPPATH\Controllers\vendor\Home.php(17): App\Libraries\IonAuth->__construct()
 3 SYSTEMPATH\CodeIgniter.php(903): App\Controllers\vendor\Home->__construct()
 4 SYSTEMPATH\CodeIgniter.php(500): CodeIgniter\CodeIgniter->createController()
 5 SYSTEMPATH\CodeIgniter.php(355): CodeIgniter\CodeIgniter->handleRequest(null, Object(Config\Cache), false)
 6 SYSTEMPATH\Boot.php(325): CodeIgniter\CodeIgniter->run()
 7 SYSTEMPATH\Boot.php(67): CodeIgniter\Boot::runCodeIgniter(Object(CodeIgniter\CodeIgniter))
 8 FCPATH\index.php(56): CodeIgniter\Boot::bootWeb(Object(Config\Paths))
WARNING - 2025-02-13 09:21:16 --> [DEPRECATED] Creation of dynamic property IonAuth\Models\IonAuthModel::$hashMethod is deprecated in FCPATH\vendor\benedmunds\codeigniter-ion-auth\Models\IonAuthModel.php on line 234.
 1 APPPATH\Libraries\IonAuth.php(71): IonAuth\Models\IonAuthModel->__construct()
 2 APPPATH\Controllers\vendor\Home.php(17): App\Libraries\IonAuth->__construct()
 3 SYSTEMPATH\CodeIgniter.php(903): App\Controllers\vendor\Home->__construct()
 4 SYSTEMPATH\CodeIgniter.php(500): CodeIgniter\CodeIgniter->createController()
 5 SYSTEMPATH\CodeIgniter.php(355): CodeIgniter\CodeIgniter->handleRequest(null, Object(Config\Cache), false)
 6 SYSTEMPATH\Boot.php(325): CodeIgniter\CodeIgniter->run()
 7 SYSTEMPATH\Boot.php(67): CodeIgniter\Boot::runCodeIgniter(Object(CodeIgniter\CodeIgniter))
 8 FCPATH\index.php(56): CodeIgniter\Boot::bootWeb(Object(Config\Paths))
WARNING - 2025-02-13 09:21:16 --> [DEPRECATED] Creation of dynamic property IonAuth\Models\IonAuthModel::$messagesTemplates is deprecated in FCPATH\vendor\benedmunds\codeigniter-ion-auth\Models\IonAuthModel.php on line 237.
 1 APPPATH\Libraries\IonAuth.php(71): IonAuth\Models\IonAuthModel->__construct()
 2 APPPATH\Controllers\vendor\Home.php(17): App\Libraries\IonAuth->__construct()
 3 SYSTEMPATH\CodeIgniter.php(903): App\Controllers\vendor\Home->__construct()
 4 SYSTEMPATH\CodeIgniter.php(500): CodeIgniter\CodeIgniter->createController()
 5 SYSTEMPATH\CodeIgniter.php(355): CodeIgniter\CodeIgniter->handleRequest(null, Object(Config\Cache), false)
 6 SYSTEMPATH\Boot.php(325): CodeIgniter\CodeIgniter->run()
 7 SYSTEMPATH\Boot.php(67): CodeIgniter\Boot::runCodeIgniter(Object(CodeIgniter\CodeIgniter))
 8 FCPATH\index.php(56): CodeIgniter\Boot::bootWeb(Object(Config\Paths))
INFO - 2025-02-13 09:21:17 --> Session: Class initialized using 'CodeIgniter\Session\Handlers\FileHandler' driver.
WARNING - 2025-02-13 09:21:17 --> [DEPRECATED] Creation of dynamic property IonAuth\Models\IonAuthModel::$join is deprecated in FCPATH\vendor\benedmunds\codeigniter-ion-auth\Models\IonAuthModel.php on line 231.
 1 APPPATH\Libraries\IonAuth.php(71): IonAuth\Models\IonAuthModel->__construct()
 2 APPPATH\Filters\CheckPermissions.php(16): App\Libraries\IonAuth->__construct()
 3 SYSTEMPATH\Filters\Filters.php(197): App\Filters\CheckPermissions->__construct()
 4 SYSTEMPATH\Filters\Filters.php(184): CodeIgniter\Filters\Filters->runBefore([...])
 5 SYSTEMPATH\CodeIgniter.php(481): CodeIgniter\Filters\Filters->run('vendor/home/fetch_purchases', 'before')
 6 SYSTEMPATH\CodeIgniter.php(355): CodeIgniter\CodeIgniter->handleRequest(null, Object(Config\Cache), false)
 7 SYSTEMPATH\Boot.php(325): CodeIgniter\CodeIgniter->run()
 8 SYSTEMPATH\Boot.php(67): CodeIgniter\Boot::runCodeIgniter(Object(CodeIgniter\CodeIgniter))
 9 FCPATH\index.php(56): CodeIgniter\Boot::bootWeb(Object(Config\Paths))
WARNING - 2025-02-13 09:21:17 --> [DEPRECATED] Creation of dynamic property IonAuth\Models\IonAuthModel::$hashMethod is deprecated in FCPATH\vendor\benedmunds\codeigniter-ion-auth\Models\IonAuthModel.php on line 234.
 1 APPPATH\Libraries\IonAuth.php(71): IonAuth\Models\IonAuthModel->__construct()
 2 APPPATH\Filters\CheckPermissions.php(16): App\Libraries\IonAuth->__construct()
 3 SYSTEMPATH\Filters\Filters.php(197): App\Filters\CheckPermissions->__construct()
 4 SYSTEMPATH\Filters\Filters.php(184): CodeIgniter\Filters\Filters->runBefore([...])
 5 SYSTEMPATH\CodeIgniter.php(481): CodeIgniter\Filters\Filters->run('vendor/home/fetch_purchases', 'before')
 6 SYSTEMPATH\CodeIgniter.php(355): CodeIgniter\CodeIgniter->handleRequest(null, Object(Config\Cache), false)
 7 SYSTEMPATH\Boot.php(325): CodeIgniter\CodeIgniter->run()
 8 SYSTEMPATH\Boot.php(67): CodeIgniter\Boot::runCodeIgniter(Object(CodeIgniter\CodeIgniter))
 9 FCPATH\index.php(56): CodeIgniter\Boot::bootWeb(Object(Config\Paths))
WARNING - 2025-02-13 09:21:17 --> [DEPRECATED] Creation of dynamic property IonAuth\Models\IonAuthModel::$messagesTemplates is deprecated in FCPATH\vendor\benedmunds\codeigniter-ion-auth\Models\IonAuthModel.php on line 237.
 1 APPPATH\Libraries\IonAuth.php(71): IonAuth\Models\IonAuthModel->__construct()
 2 APPPATH\Filters\CheckPermissions.php(16): App\Libraries\IonAuth->__construct()
 3 SYSTEMPATH\Filters\Filters.php(197): App\Filters\CheckPermissions->__construct()
 4 SYSTEMPATH\Filters\Filters.php(184): CodeIgniter\Filters\Filters->runBefore([...])
 5 SYSTEMPATH\CodeIgniter.php(481): CodeIgniter\Filters\Filters->run('vendor/home/fetch_purchases', 'before')
 6 SYSTEMPATH\CodeIgniter.php(355): CodeIgniter\CodeIgniter->handleRequest(null, Object(Config\Cache), false)
 7 SYSTEMPATH\Boot.php(325): CodeIgniter\CodeIgniter->run()
 8 SYSTEMPATH\Boot.php(67): CodeIgniter\Boot::runCodeIgniter(Object(CodeIgniter\CodeIgniter))
 9 FCPATH\index.php(56): CodeIgniter\Boot::bootWeb(Object(Config\Paths))
WARNING - 2025-02-13 09:21:17 --> [DEPRECATED] Creation of dynamic property IonAuth\Models\IonAuthModel::$join is deprecated in FCPATH\vendor\benedmunds\codeigniter-ion-auth\Models\IonAuthModel.php on line 231.
 1 APPPATH\Libraries\IonAuth.php(71): IonAuth\Models\IonAuthModel->__construct()
 2 APPPATH\Controllers\vendor\Home.php(17): App\Libraries\IonAuth->__construct()
 3 SYSTEMPATH\CodeIgniter.php(903): App\Controllers\vendor\Home->__construct()
 4 SYSTEMPATH\CodeIgniter.php(500): CodeIgniter\CodeIgniter->createController()
 5 SYSTEMPATH\CodeIgniter.php(355): CodeIgniter\CodeIgniter->handleRequest(null, Object(Config\Cache), false)
 6 SYSTEMPATH\Boot.php(325): CodeIgniter\CodeIgniter->run()
 7 SYSTEMPATH\Boot.php(67): CodeIgniter\Boot::runCodeIgniter(Object(CodeIgniter\CodeIgniter))
 8 FCPATH\index.php(56): CodeIgniter\Boot::bootWeb(Object(Config\Paths))
WARNING - 2025-02-13 09:21:17 --> [DEPRECATED] Creation of dynamic property IonAuth\Models\IonAuthModel::$hashMethod is deprecated in FCPATH\vendor\benedmunds\codeigniter-ion-auth\Models\IonAuthModel.php on line 234.
 1 APPPATH\Libraries\IonAuth.php(71): IonAuth\Models\IonAuthModel->__construct()
 2 APPPATH\Controllers\vendor\Home.php(17): App\Libraries\IonAuth->__construct()
 3 SYSTEMPATH\CodeIgniter.php(903): App\Controllers\vendor\Home->__construct()
 4 SYSTEMPATH\CodeIgniter.php(500): CodeIgniter\CodeIgniter->createController()
 5 SYSTEMPATH\CodeIgniter.php(355): CodeIgniter\CodeIgniter->handleRequest(null, Object(Config\Cache), false)
 6 SYSTEMPATH\Boot.php(325): CodeIgniter\CodeIgniter->run()
 7 SYSTEMPATH\Boot.php(67): CodeIgniter\Boot::runCodeIgniter(Object(CodeIgniter\CodeIgniter))
 8 FCPATH\index.php(56): CodeIgniter\Boot::bootWeb(Object(Config\Paths))
WARNING - 2025-02-13 09:21:17 --> [DEPRECATED] Creation of dynamic property IonAuth\Models\IonAuthModel::$messagesTemplates is deprecated in FCPATH\vendor\benedmunds\codeigniter-ion-auth\Models\IonAuthModel.php on line 237.
 1 APPPATH\Libraries\IonAuth.php(71): IonAuth\Models\IonAuthModel->__construct()
 2 APPPATH\Controllers\vendor\Home.php(17): App\Libraries\IonAuth->__construct()
 3 SYSTEMPATH\CodeIgniter.php(903): App\Controllers\vendor\Home->__construct()
 4 SYSTEMPATH\CodeIgniter.php(500): CodeIgniter\CodeIgniter->createController()
 5 SYSTEMPATH\CodeIgniter.php(355): CodeIgniter\CodeIgniter->handleRequest(null, Object(Config\Cache), false)
 6 SYSTEMPATH\Boot.php(325): CodeIgniter\CodeIgniter->run()
 7 SYSTEMPATH\Boot.php(67): CodeIgniter\Boot::runCodeIgniter(Object(CodeIgniter\CodeIgniter))
 8 FCPATH\index.php(56): CodeIgniter\Boot::bootWeb(Object(Config\Paths))
WARNING - 2025-02-13 14:51:17 --> [DEPRECATED] Creation of dynamic property IonAuth\Models\IonAuthModel::$join is deprecated in FCPATH\vendor\benedmunds\codeigniter-ion-auth\Models\IonAuthModel.php on line 231.
 1 APPPATH\Libraries\IonAuth.php(71): IonAuth\Models\IonAuthModel->__construct()
 2 APPPATH\Filters\CheckPermissions.php(16): App\Libraries\IonAuth->__construct()
 3 SYSTEMPATH\Filters\Filters.php(235): App\Filters\CheckPermissions->__construct()
 4 SYSTEMPATH\Filters\Filters.php(188): CodeIgniter\Filters\Filters->runAfter([...])
 5 SYSTEMPATH\CodeIgniter.php(527): CodeIgniter\Filters\Filters->run('vendor/home/fetch_purchases', 'after')
 6 SYSTEMPATH\CodeIgniter.php(355): CodeIgniter\CodeIgniter->handleRequest(null, Object(Config\Cache), false)
 7 SYSTEMPATH\Boot.php(325): CodeIgniter\CodeIgniter->run()
 8 SYSTEMPATH\Boot.php(67): CodeIgniter\Boot::runCodeIgniter(Object(CodeIgniter\CodeIgniter))
 9 FCPATH\index.php(56): CodeIgniter\Boot::bootWeb(Object(Config\Paths))
WARNING - 2025-02-13 14:51:17 --> [DEPRECATED] Creation of dynamic property IonAuth\Models\IonAuthModel::$hashMethod is deprecated in FCPATH\vendor\benedmunds\codeigniter-ion-auth\Models\IonAuthModel.php on line 234.
 1 APPPATH\Libraries\IonAuth.php(71): IonAuth\Models\IonAuthModel->__construct()
 2 APPPATH\Filters\CheckPermissions.php(16): App\Libraries\IonAuth->__construct()
 3 SYSTEMPATH\Filters\Filters.php(235): App\Filters\CheckPermissions->__construct()
 4 SYSTEMPATH\Filters\Filters.php(188): CodeIgniter\Filters\Filters->runAfter([...])
 5 SYSTEMPATH\CodeIgniter.php(527): CodeIgniter\Filters\Filters->run('vendor/home/fetch_purchases', 'after')
 6 SYSTEMPATH\CodeIgniter.php(355): CodeIgniter\CodeIgniter->handleRequest(null, Object(Config\Cache), false)
 7 SYSTEMPATH\Boot.php(325): CodeIgniter\CodeIgniter->run()
 8 SYSTEMPATH\Boot.php(67): CodeIgniter\Boot::runCodeIgniter(Object(CodeIgniter\CodeIgniter))
 9 FCPATH\index.php(56): CodeIgniter\Boot::bootWeb(Object(Config\Paths))
WARNING - 2025-02-13 14:51:17 --> [DEPRECATED] Creation of dynamic property IonAuth\Models\IonAuthModel::$messagesTemplates is deprecated in FCPATH\vendor\benedmunds\codeigniter-ion-auth\Models\IonAuthModel.php on line 237.
 1 APPPATH\Libraries\IonAuth.php(71): IonAuth\Models\IonAuthModel->__construct()
 2 APPPATH\Filters\CheckPermissions.php(16): App\Libraries\IonAuth->__construct()
 3 SYSTEMPATH\Filters\Filters.php(235): App\Filters\CheckPermissions->__construct()
 4 SYSTEMPATH\Filters\Filters.php(188): CodeIgniter\Filters\Filters->runAfter([...])
 5 SYSTEMPATH\CodeIgniter.php(527): CodeIgniter\Filters\Filters->run('vendor/home/fetch_purchases', 'after')
 6 SYSTEMPATH\CodeIgniter.php(355): CodeIgniter\CodeIgniter->handleRequest(null, Object(Config\Cache), false)
 7 SYSTEMPATH\Boot.php(325): CodeIgniter\CodeIgniter->run()
 8 SYSTEMPATH\Boot.php(67): CodeIgniter\Boot::runCodeIgniter(Object(CodeIgniter\CodeIgniter))
 9 FCPATH\index.php(56): CodeIgniter\Boot::bootWeb(Object(Config\Paths))
INFO - 2025-02-13 09:21:17 --> Session: Class initialized using 'CodeIgniter\Session\Handlers\FileHandler' driver.
WARNING - 2025-02-13 09:21:17 --> [DEPRECATED] Creation of dynamic property IonAuth\Models\IonAuthModel::$join is deprecated in FCPATH\vendor\benedmunds\codeigniter-ion-auth\Models\IonAuthModel.php on line 231.
 1 APPPATH\Libraries\IonAuth.php(71): IonAuth\Models\IonAuthModel->__construct()
 2 APPPATH\Controllers\vendor\Home.php(17): App\Libraries\IonAuth->__construct()
 3 SYSTEMPATH\CodeIgniter.php(903): App\Controllers\vendor\Home->__construct()
 4 SYSTEMPATH\CodeIgniter.php(500): CodeIgniter\CodeIgniter->createController()
 5 SYSTEMPATH\CodeIgniter.php(355): CodeIgniter\CodeIgniter->handleRequest(null, Object(Config\Cache), false)
 6 SYSTEMPATH\Boot.php(325): CodeIgniter\CodeIgniter->run()
 7 SYSTEMPATH\Boot.php(67): CodeIgniter\Boot::runCodeIgniter(Object(CodeIgniter\CodeIgniter))
 8 FCPATH\index.php(56): CodeIgniter\Boot::bootWeb(Object(Config\Paths))
WARNING - 2025-02-13 09:21:17 --> [DEPRECATED] Creation of dynamic property IonAuth\Models\IonAuthModel::$hashMethod is deprecated in FCPATH\vendor\benedmunds\codeigniter-ion-auth\Models\IonAuthModel.php on line 234.
 1 APPPATH\Libraries\IonAuth.php(71): IonAuth\Models\IonAuthModel->__construct()
 2 APPPATH\Controllers\vendor\Home.php(17): App\Libraries\IonAuth->__construct()
 3 SYSTEMPATH\CodeIgniter.php(903): App\Controllers\vendor\Home->__construct()
 4 SYSTEMPATH\CodeIgniter.php(500): CodeIgniter\CodeIgniter->createController()
 5 SYSTEMPATH\CodeIgniter.php(355): CodeIgniter\CodeIgniter->handleRequest(null, Object(Config\Cache), false)
 6 SYSTEMPATH\Boot.php(325): CodeIgniter\CodeIgniter->run()
 7 SYSTEMPATH\Boot.php(67): CodeIgniter\Boot::runCodeIgniter(Object(CodeIgniter\CodeIgniter))
 8 FCPATH\index.php(56): CodeIgniter\Boot::bootWeb(Object(Config\Paths))
WARNING - 2025-02-13 09:21:17 --> [DEPRECATED] Creation of dynamic property IonAuth\Models\IonAuthModel::$messagesTemplates is deprecated in FCPATH\vendor\benedmunds\codeigniter-ion-auth\Models\IonAuthModel.php on line 237.
 1 APPPATH\Libraries\IonAuth.php(71): IonAuth\Models\IonAuthModel->__construct()
 2 APPPATH\Controllers\vendor\Home.php(17): App\Libraries\IonAuth->__construct()
 3 SYSTEMPATH\CodeIgniter.php(903): App\Controllers\vendor\Home->__construct()
 4 SYSTEMPATH\CodeIgniter.php(500): CodeIgniter\CodeIgniter->createController()
 5 SYSTEMPATH\CodeIgniter.php(355): CodeIgniter\CodeIgniter->handleRequest(null, Object(Config\Cache), false)
 6 SYSTEMPATH\Boot.php(325): CodeIgniter\CodeIgniter->run()
 7 SYSTEMPATH\Boot.php(67): CodeIgniter\Boot::runCodeIgniter(Object(CodeIgniter\CodeIgniter))
 8 FCPATH\index.php(56): CodeIgniter\Boot::bootWeb(Object(Config\Paths))
INFO - 2025-02-13 09:21:18 --> Session: Class initialized using 'CodeIgniter\Session\Handlers\FileHandler' driver.
WARNING - 2025-02-13 09:21:18 --> [DEPRECATED] Creation of dynamic property IonAuth\Models\IonAuthModel::$join is deprecated in FCPATH\vendor\benedmunds\codeigniter-ion-auth\Models\IonAuthModel.php on line 231.
 1 APPPATH\Libraries\IonAuth.php(71): IonAuth\Models\IonAuthModel->__construct()
 2 APPPATH\Filters\CheckPermissions.php(16): App\Libraries\IonAuth->__construct()
 3 SYSTEMPATH\Filters\Filters.php(197): App\Filters\CheckPermissions->__construct()
 4 SYSTEMPATH\Filters\Filters.php(184): CodeIgniter\Filters\Filters->runBefore([...])
 5 SYSTEMPATH\CodeIgniter.php(481): CodeIgniter\Filters\Filters->run('vendor/home/fetch_sales', 'before')
 6 SYSTEMPATH\CodeIgniter.php(355): CodeIgniter\CodeIgniter->handleRequest(null, Object(Config\Cache), false)
 7 SYSTEMPATH\Boot.php(325): CodeIgniter\CodeIgniter->run()
 8 SYSTEMPATH\Boot.php(67): CodeIgniter\Boot::runCodeIgniter(Object(CodeIgniter\CodeIgniter))
 9 FCPATH\index.php(56): CodeIgniter\Boot::bootWeb(Object(Config\Paths))
WARNING - 2025-02-13 09:21:18 --> [DEPRECATED] Creation of dynamic property IonAuth\Models\IonAuthModel::$hashMethod is deprecated in FCPATH\vendor\benedmunds\codeigniter-ion-auth\Models\IonAuthModel.php on line 234.
 1 APPPATH\Libraries\IonAuth.php(71): IonAuth\Models\IonAuthModel->__construct()
 2 APPPATH\Filters\CheckPermissions.php(16): App\Libraries\IonAuth->__construct()
 3 SYSTEMPATH\Filters\Filters.php(197): App\Filters\CheckPermissions->__construct()
 4 SYSTEMPATH\Filters\Filters.php(184): CodeIgniter\Filters\Filters->runBefore([...])
 5 SYSTEMPATH\CodeIgniter.php(481): CodeIgniter\Filters\Filters->run('vendor/home/fetch_sales', 'before')
 6 SYSTEMPATH\CodeIgniter.php(355): CodeIgniter\CodeIgniter->handleRequest(null, Object(Config\Cache), false)
 7 SYSTEMPATH\Boot.php(325): CodeIgniter\CodeIgniter->run()
 8 SYSTEMPATH\Boot.php(67): CodeIgniter\Boot::runCodeIgniter(Object(CodeIgniter\CodeIgniter))
 9 FCPATH\index.php(56): CodeIgniter\Boot::bootWeb(Object(Config\Paths))
WARNING - 2025-02-13 09:21:18 --> [DEPRECATED] Creation of dynamic property IonAuth\Models\IonAuthModel::$messagesTemplates is deprecated in FCPATH\vendor\benedmunds\codeigniter-ion-auth\Models\IonAuthModel.php on line 237.
 1 APPPATH\Libraries\IonAuth.php(71): IonAuth\Models\IonAuthModel->__construct()
 2 APPPATH\Filters\CheckPermissions.php(16): App\Libraries\IonAuth->__construct()
 3 SYSTEMPATH\Filters\Filters.php(197): App\Filters\CheckPermissions->__construct()
 4 SYSTEMPATH\Filters\Filters.php(184): CodeIgniter\Filters\Filters->runBefore([...])
 5 SYSTEMPATH\CodeIgniter.php(481): CodeIgniter\Filters\Filters->run('vendor/home/fetch_sales', 'before')
 6 SYSTEMPATH\CodeIgniter.php(355): CodeIgniter\CodeIgniter->handleRequest(null, Object(Config\Cache), false)
 7 SYSTEMPATH\Boot.php(325): CodeIgniter\CodeIgniter->run()
 8 SYSTEMPATH\Boot.php(67): CodeIgniter\Boot::runCodeIgniter(Object(CodeIgniter\CodeIgniter))
 9 FCPATH\index.php(56): CodeIgniter\Boot::bootWeb(Object(Config\Paths))
WARNING - 2025-02-13 09:21:18 --> [DEPRECATED] Creation of dynamic property IonAuth\Models\IonAuthModel::$join is deprecated in FCPATH\vendor\benedmunds\codeigniter-ion-auth\Models\IonAuthModel.php on line 231.
 1 APPPATH\Libraries\IonAuth.php(71): IonAuth\Models\IonAuthModel->__construct()
 2 APPPATH\Controllers\vendor\Home.php(17): App\Libraries\IonAuth->__construct()
 3 SYSTEMPATH\CodeIgniter.php(903): App\Controllers\vendor\Home->__construct()
 4 SYSTEMPATH\CodeIgniter.php(500): CodeIgniter\CodeIgniter->createController()
 5 SYSTEMPATH\CodeIgniter.php(355): CodeIgniter\CodeIgniter->handleRequest(null, Object(Config\Cache), false)
 6 SYSTEMPATH\Boot.php(325): CodeIgniter\CodeIgniter->run()
 7 SYSTEMPATH\Boot.php(67): CodeIgniter\Boot::runCodeIgniter(Object(CodeIgniter\CodeIgniter))
 8 FCPATH\index.php(56): CodeIgniter\Boot::bootWeb(Object(Config\Paths))
WARNING - 2025-02-13 09:21:18 --> [DEPRECATED] Creation of dynamic property IonAuth\Models\IonAuthModel::$hashMethod is deprecated in FCPATH\vendor\benedmunds\codeigniter-ion-auth\Models\IonAuthModel.php on line 234.
 1 APPPATH\Libraries\IonAuth.php(71): IonAuth\Models\IonAuthModel->__construct()
 2 APPPATH\Controllers\vendor\Home.php(17): App\Libraries\IonAuth->__construct()
 3 SYSTEMPATH\CodeIgniter.php(903): App\Controllers\vendor\Home->__construct()
 4 SYSTEMPATH\CodeIgniter.php(500): CodeIgniter\CodeIgniter->createController()
 5 SYSTEMPATH\CodeIgniter.php(355): CodeIgniter\CodeIgniter->handleRequest(null, Object(Config\Cache), false)
 6 SYSTEMPATH\Boot.php(325): CodeIgniter\CodeIgniter->run()
 7 SYSTEMPATH\Boot.php(67): CodeIgniter\Boot::runCodeIgniter(Object(CodeIgniter\CodeIgniter))
 8 FCPATH\index.php(56): CodeIgniter\Boot::bootWeb(Object(Config\Paths))
WARNING - 2025-02-13 09:21:18 --> [DEPRECATED] Creation of dynamic property IonAuth\Models\IonAuthModel::$messagesTemplates is deprecated in FCPATH\vendor\benedmunds\codeigniter-ion-auth\Models\IonAuthModel.php on line 237.
 1 APPPATH\Libraries\IonAuth.php(71): IonAuth\Models\IonAuthModel->__construct()
 2 APPPATH\Controllers\vendor\Home.php(17): App\Libraries\IonAuth->__construct()
 3 SYSTEMPATH\CodeIgniter.php(903): App\Controllers\vendor\Home->__construct()
 4 SYSTEMPATH\CodeIgniter.php(500): CodeIgniter\CodeIgniter->createController()
 5 SYSTEMPATH\CodeIgniter.php(355): CodeIgniter\CodeIgniter->handleRequest(null, Object(Config\Cache), false)
 6 SYSTEMPATH\Boot.php(325): CodeIgniter\CodeIgniter->run()
 7 SYSTEMPATH\Boot.php(67): CodeIgniter\Boot::runCodeIgniter(Object(CodeIgniter\CodeIgniter))
 8 FCPATH\index.php(56): CodeIgniter\Boot::bootWeb(Object(Config\Paths))
WARNING - 2025-02-13 14:51:18 --> [DEPRECATED] Creation of dynamic property IonAuth\Models\IonAuthModel::$join is deprecated in FCPATH\vendor\benedmunds\codeigniter-ion-auth\Models\IonAuthModel.php on line 231.
 1 APPPATH\Libraries\IonAuth.php(71): IonAuth\Models\IonAuthModel->__construct()
 2 APPPATH\Filters\CheckPermissions.php(16): App\Libraries\IonAuth->__construct()
 3 SYSTEMPATH\Filters\Filters.php(235): App\Filters\CheckPermissions->__construct()
 4 SYSTEMPATH\Filters\Filters.php(188): CodeIgniter\Filters\Filters->runAfter([...])
 5 SYSTEMPATH\CodeIgniter.php(527): CodeIgniter\Filters\Filters->run('vendor/home/fetch_sales', 'after')
 6 SYSTEMPATH\CodeIgniter.php(355): CodeIgniter\CodeIgniter->handleRequest(null, Object(Config\Cache), false)
 7 SYSTEMPATH\Boot.php(325): CodeIgniter\CodeIgniter->run()
 8 SYSTEMPATH\Boot.php(67): CodeIgniter\Boot::runCodeIgniter(Object(CodeIgniter\CodeIgniter))
 9 FCPATH\index.php(56): CodeIgniter\Boot::bootWeb(Object(Config\Paths))
WARNING - 2025-02-13 14:51:18 --> [DEPRECATED] Creation of dynamic property IonAuth\Models\IonAuthModel::$hashMethod is deprecated in FCPATH\vendor\benedmunds\codeigniter-ion-auth\Models\IonAuthModel.php on line 234.
 1 APPPATH\Libraries\IonAuth.php(71): IonAuth\Models\IonAuthModel->__construct()
 2 APPPATH\Filters\CheckPermissions.php(16): App\Libraries\IonAuth->__construct()
 3 SYSTEMPATH\Filters\Filters.php(235): App\Filters\CheckPermissions->__construct()
 4 SYSTEMPATH\Filters\Filters.php(188): CodeIgniter\Filters\Filters->runAfter([...])
 5 SYSTEMPATH\CodeIgniter.php(527): CodeIgniter\Filters\Filters->run('vendor/home/fetch_sales', 'after')
 6 SYSTEMPATH\CodeIgniter.php(355): CodeIgniter\CodeIgniter->handleRequest(null, Object(Config\Cache), false)
 7 SYSTEMPATH\Boot.php(325): CodeIgniter\CodeIgniter->run()
 8 SYSTEMPATH\Boot.php(67): CodeIgniter\Boot::runCodeIgniter(Object(CodeIgniter\CodeIgniter))
 9 FCPATH\index.php(56): CodeIgniter\Boot::bootWeb(Object(Config\Paths))
WARNING - 2025-02-13 14:51:18 --> [DEPRECATED] Creation of dynamic property IonAuth\Models\IonAuthModel::$messagesTemplates is deprecated in FCPATH\vendor\benedmunds\codeigniter-ion-auth\Models\IonAuthModel.php on line 237.
 1 APPPATH\Libraries\IonAuth.php(71): IonAuth\Models\IonAuthModel->__construct()
 2 APPPATH\Filters\CheckPermissions.php(16): App\Libraries\IonAuth->__construct()
 3 SYSTEMPATH\Filters\Filters.php(235): App\Filters\CheckPermissions->__construct()
 4 SYSTEMPATH\Filters\Filters.php(188): CodeIgniter\Filters\Filters->runAfter([...])
 5 SYSTEMPATH\CodeIgniter.php(527): CodeIgniter\Filters\Filters->run('vendor/home/fetch_sales', 'after')
 6 SYSTEMPATH\CodeIgniter.php(355): CodeIgniter\CodeIgniter->handleRequest(null, Object(Config\Cache), false)
 7 SYSTEMPATH\Boot.php(325): CodeIgniter\CodeIgniter->run()
 8 SYSTEMPATH\Boot.php(67): CodeIgniter\Boot::runCodeIgniter(Object(CodeIgniter\CodeIgniter))
 9 FCPATH\index.php(56): CodeIgniter\Boot::bootWeb(Object(Config\Paths))
INFO - 2025-02-13 09:21:18 --> Session: Class initialized using 'CodeIgniter\Session\Handlers\FileHandler' driver.
WARNING - 2025-02-13 09:21:18 --> [DEPRECATED] Creation of dynamic property IonAuth\Models\IonAuthModel::$join is deprecated in FCPATH\vendor\benedmunds\codeigniter-ion-auth\Models\IonAuthModel.php on line 231.
 1 APPPATH\Libraries\IonAuth.php(71): IonAuth\Models\IonAuthModel->__construct()
 2 APPPATH\Filters\CheckPermissions.php(16): App\Libraries\IonAuth->__construct()
 3 SYSTEMPATH\Filters\Filters.php(197): App\Filters\CheckPermissions->__construct()
 4 SYSTEMPATH\Filters\Filters.php(184): CodeIgniter\Filters\Filters->runBefore([...])
 5 SYSTEMPATH\CodeIgniter.php(481): CodeIgniter\Filters\Filters->run('vendor/home/fetch_data', 'before')
 6 SYSTEMPATH\CodeIgniter.php(355): CodeIgniter\CodeIgniter->handleRequest(null, Object(Config\Cache), false)
 7 SYSTEMPATH\Boot.php(325): CodeIgniter\CodeIgniter->run()
 8 SYSTEMPATH\Boot.php(67): CodeIgniter\Boot::runCodeIgniter(Object(CodeIgniter\CodeIgniter))
 9 FCPATH\index.php(56): CodeIgniter\Boot::bootWeb(Object(Config\Paths))
WARNING - 2025-02-13 09:21:18 --> [DEPRECATED] Creation of dynamic property IonAuth\Models\IonAuthModel::$hashMethod is deprecated in FCPATH\vendor\benedmunds\codeigniter-ion-auth\Models\IonAuthModel.php on line 234.
 1 APPPATH\Libraries\IonAuth.php(71): IonAuth\Models\IonAuthModel->__construct()
 2 APPPATH\Filters\CheckPermissions.php(16): App\Libraries\IonAuth->__construct()
 3 SYSTEMPATH\Filters\Filters.php(197): App\Filters\CheckPermissions->__construct()
 4 SYSTEMPATH\Filters\Filters.php(184): CodeIgniter\Filters\Filters->runBefore([...])
 5 SYSTEMPATH\CodeIgniter.php(481): CodeIgniter\Filters\Filters->run('vendor/home/fetch_data', 'before')
 6 SYSTEMPATH\CodeIgniter.php(355): CodeIgniter\CodeIgniter->handleRequest(null, Object(Config\Cache), false)
 7 SYSTEMPATH\Boot.php(325): CodeIgniter\CodeIgniter->run()
 8 SYSTEMPATH\Boot.php(67): CodeIgniter\Boot::runCodeIgniter(Object(CodeIgniter\CodeIgniter))
 9 FCPATH\index.php(56): CodeIgniter\Boot::bootWeb(Object(Config\Paths))
WARNING - 2025-02-13 09:21:18 --> [DEPRECATED] Creation of dynamic property IonAuth\Models\IonAuthModel::$messagesTemplates is deprecated in FCPATH\vendor\benedmunds\codeigniter-ion-auth\Models\IonAuthModel.php on line 237.
 1 APPPATH\Libraries\IonAuth.php(71): IonAuth\Models\IonAuthModel->__construct()
 2 APPPATH\Filters\CheckPermissions.php(16): App\Libraries\IonAuth->__construct()
 3 SYSTEMPATH\Filters\Filters.php(197): App\Filters\CheckPermissions->__construct()
 4 SYSTEMPATH\Filters\Filters.php(184): CodeIgniter\Filters\Filters->runBefore([...])
 5 SYSTEMPATH\CodeIgniter.php(481): CodeIgniter\Filters\Filters->run('vendor/home/fetch_data', 'before')
 6 SYSTEMPATH\CodeIgniter.php(355): CodeIgniter\CodeIgniter->handleRequest(null, Object(Config\Cache), false)
 7 SYSTEMPATH\Boot.php(325): CodeIgniter\CodeIgniter->run()
 8 SYSTEMPATH\Boot.php(67): CodeIgniter\Boot::runCodeIgniter(Object(CodeIgniter\CodeIgniter))
 9 FCPATH\index.php(56): CodeIgniter\Boot::bootWeb(Object(Config\Paths))
WARNING - 2025-02-13 09:21:18 --> [DEPRECATED] Creation of dynamic property IonAuth\Models\IonAuthModel::$join is deprecated in FCPATH\vendor\benedmunds\codeigniter-ion-auth\Models\IonAuthModel.php on line 231.
 1 APPPATH\Libraries\IonAuth.php(71): IonAuth\Models\IonAuthModel->__construct()
 2 APPPATH\Controllers\vendor\Home.php(17): App\Libraries\IonAuth->__construct()
 3 SYSTEMPATH\CodeIgniter.php(903): App\Controllers\vendor\Home->__construct()
 4 SYSTEMPATH\CodeIgniter.php(500): CodeIgniter\CodeIgniter->createController()
 5 SYSTEMPATH\CodeIgniter.php(355): CodeIgniter\CodeIgniter->handleRequest(null, Object(Config\Cache), false)
 6 SYSTEMPATH\Boot.php(325): CodeIgniter\CodeIgniter->run()
 7 SYSTEMPATH\Boot.php(67): CodeIgniter\Boot::runCodeIgniter(Object(CodeIgniter\CodeIgniter))
 8 FCPATH\index.php(56): CodeIgniter\Boot::bootWeb(Object(Config\Paths))
WARNING - 2025-02-13 09:21:18 --> [DEPRECATED] Creation of dynamic property IonAuth\Models\IonAuthModel::$hashMethod is deprecated in FCPATH\vendor\benedmunds\codeigniter-ion-auth\Models\IonAuthModel.php on line 234.
 1 APPPATH\Libraries\IonAuth.php(71): IonAuth\Models\IonAuthModel->__construct()
 2 APPPATH\Controllers\vendor\Home.php(17): App\Libraries\IonAuth->__construct()
 3 SYSTEMPATH\CodeIgniter.php(903): App\Controllers\vendor\Home->__construct()
 4 SYSTEMPATH\CodeIgniter.php(500): CodeIgniter\CodeIgniter->createController()
 5 SYSTEMPATH\CodeIgniter.php(355): CodeIgniter\CodeIgniter->handleRequest(null, Object(Config\Cache), false)
 6 SYSTEMPATH\Boot.php(325): CodeIgniter\CodeIgniter->run()
 7 SYSTEMPATH\Boot.php(67): CodeIgniter\Boot::runCodeIgniter(Object(CodeIgniter\CodeIgniter))
 8 FCPATH\index.php(56): CodeIgniter\Boot::bootWeb(Object(Config\Paths))
WARNING - 2025-02-13 09:21:18 --> [DEPRECATED] Creation of dynamic property IonAuth\Models\IonAuthModel::$messagesTemplates is deprecated in FCPATH\vendor\benedmunds\codeigniter-ion-auth\Models\IonAuthModel.php on line 237.
 1 APPPATH\Libraries\IonAuth.php(71): IonAuth\Models\IonAuthModel->__construct()
 2 APPPATH\Controllers\vendor\Home.php(17): App\Libraries\IonAuth->__construct()
 3 SYSTEMPATH\CodeIgniter.php(903): App\Controllers\vendor\Home->__construct()
 4 SYSTEMPATH\CodeIgniter.php(500): CodeIgniter\CodeIgniter->createController()
 5 SYSTEMPATH\CodeIgniter.php(355): CodeIgniter\CodeIgniter->handleRequest(null, Object(Config\Cache), false)
 6 SYSTEMPATH\Boot.php(325): CodeIgniter\CodeIgniter->run()
 7 SYSTEMPATH\Boot.php(67): CodeIgniter\Boot::runCodeIgniter(Object(CodeIgniter\CodeIgniter))
 8 FCPATH\index.php(56): CodeIgniter\Boot::bootWeb(Object(Config\Paths))
WARNING - 2025-02-13 14:51:18 --> [DEPRECATED] Creation of dynamic property IonAuth\Models\IonAuthModel::$join is deprecated in FCPATH\vendor\benedmunds\codeigniter-ion-auth\Models\IonAuthModel.php on line 231.
 1 APPPATH\Libraries\IonAuth.php(71): IonAuth\Models\IonAuthModel->__construct()
 2 APPPATH\Filters\CheckPermissions.php(16): App\Libraries\IonAuth->__construct()
 3 SYSTEMPATH\Filters\Filters.php(235): App\Filters\CheckPermissions->__construct()
 4 SYSTEMPATH\Filters\Filters.php(188): CodeIgniter\Filters\Filters->runAfter([...])
 5 SYSTEMPATH\CodeIgniter.php(527): CodeIgniter\Filters\Filters->run('vendor/home/fetch_data', 'after')
 6 SYSTEMPATH\CodeIgniter.php(355): CodeIgniter\CodeIgniter->handleRequest(null, Object(Config\Cache), false)
 7 SYSTEMPATH\Boot.php(325): CodeIgniter\CodeIgniter->run()
 8 SYSTEMPATH\Boot.php(67): CodeIgniter\Boot::runCodeIgniter(Object(CodeIgniter\CodeIgniter))
 9 FCPATH\index.php(56): CodeIgniter\Boot::bootWeb(Object(Config\Paths))
WARNING - 2025-02-13 14:51:18 --> [DEPRECATED] Creation of dynamic property IonAuth\Models\IonAuthModel::$hashMethod is deprecated in FCPATH\vendor\benedmunds\codeigniter-ion-auth\Models\IonAuthModel.php on line 234.
 1 APPPATH\Libraries\IonAuth.php(71): IonAuth\Models\IonAuthModel->__construct()
 2 APPPATH\Filters\CheckPermissions.php(16): App\Libraries\IonAuth->__construct()
 3 SYSTEMPATH\Filters\Filters.php(235): App\Filters\CheckPermissions->__construct()
 4 SYSTEMPATH\Filters\Filters.php(188): CodeIgniter\Filters\Filters->runAfter([...])
 5 SYSTEMPATH\CodeIgniter.php(527): CodeIgniter\Filters\Filters->run('vendor/home/fetch_data', 'after')
 6 SYSTEMPATH\CodeIgniter.php(355): CodeIgniter\CodeIgniter->handleRequest(null, Object(Config\Cache), false)
 7 SYSTEMPATH\Boot.php(325): CodeIgniter\CodeIgniter->run()
 8 SYSTEMPATH\Boot.php(67): CodeIgniter\Boot::runCodeIgniter(Object(CodeIgniter\CodeIgniter))
 9 FCPATH\index.php(56): CodeIgniter\Boot::bootWeb(Object(Config\Paths))
WARNING - 2025-02-13 14:51:18 --> [DEPRECATED] Creation of dynamic property IonAuth\Models\IonAuthModel::$messagesTemplates is deprecated in FCPATH\vendor\benedmunds\codeigniter-ion-auth\Models\IonAuthModel.php on line 237.
 1 APPPATH\Libraries\IonAuth.php(71): IonAuth\Models\IonAuthModel->__construct()
 2 APPPATH\Filters\CheckPermissions.php(16): App\Libraries\IonAuth->__construct()
 3 SYSTEMPATH\Filters\Filters.php(235): App\Filters\CheckPermissions->__construct()
 4 SYSTEMPATH\Filters\Filters.php(188): CodeIgniter\Filters\Filters->runAfter([...])
 5 SYSTEMPATH\CodeIgniter.php(527): CodeIgniter\Filters\Filters->run('vendor/home/fetch_data', 'after')
 6 SYSTEMPATH\CodeIgniter.php(355): CodeIgniter\CodeIgniter->handleRequest(null, Object(Config\Cache), false)
 7 SYSTEMPATH\Boot.php(325): CodeIgniter\CodeIgniter->run()
 8 SYSTEMPATH\Boot.php(67): CodeIgniter\Boot::runCodeIgniter(Object(CodeIgniter\CodeIgniter))
 9 FCPATH\index.php(56): CodeIgniter\Boot::bootWeb(Object(Config\Paths))
INFO - 2025-02-13 09:21:18 --> Session: Class initialized using 'CodeIgniter\Session\Handlers\FileHandler' driver.
WARNING - 2025-02-13 09:21:18 --> [DEPRECATED] Creation of dynamic property IonAuth\Models\IonAuthModel::$join is deprecated in FCPATH\vendor\benedmunds\codeigniter-ion-auth\Models\IonAuthModel.php on line 231.
 1 APPPATH\Libraries\IonAuth.php(71): IonAuth\Models\IonAuthModel->__construct()
 2 APPPATH\Filters\CheckPermissions.php(16): App\Libraries\IonAuth->__construct()
 3 SYSTEMPATH\Filters\Filters.php(197): App\Filters\CheckPermissions->__construct()
 4 SYSTEMPATH\Filters\Filters.php(184): CodeIgniter\Filters\Filters->runBefore([...])
 5 SYSTEMPATH\CodeIgniter.php(481): CodeIgniter\Filters\Filters->run('vendor/products/products_table', 'before')
 6 SYSTEMPATH\CodeIgniter.php(355): CodeIgniter\CodeIgniter->handleRequest(null, Object(Config\Cache), false)
 7 SYSTEMPATH\Boot.php(325): CodeIgniter\CodeIgniter->run()
 8 SYSTEMPATH\Boot.php(67): CodeIgniter\Boot::runCodeIgniter(Object(CodeIgniter\CodeIgniter))
 9 FCPATH\index.php(56): CodeIgniter\Boot::bootWeb(Object(Config\Paths))
WARNING - 2025-02-13 09:21:18 --> [DEPRECATED] Creation of dynamic property IonAuth\Models\IonAuthModel::$hashMethod is deprecated in FCPATH\vendor\benedmunds\codeigniter-ion-auth\Models\IonAuthModel.php on line 234.
 1 APPPATH\Libraries\IonAuth.php(71): IonAuth\Models\IonAuthModel->__construct()
 2 APPPATH\Filters\CheckPermissions.php(16): App\Libraries\IonAuth->__construct()
 3 SYSTEMPATH\Filters\Filters.php(197): App\Filters\CheckPermissions->__construct()
 4 SYSTEMPATH\Filters\Filters.php(184): CodeIgniter\Filters\Filters->runBefore([...])
 5 SYSTEMPATH\CodeIgniter.php(481): CodeIgniter\Filters\Filters->run('vendor/products/products_table', 'before')
 6 SYSTEMPATH\CodeIgniter.php(355): CodeIgniter\CodeIgniter->handleRequest(null, Object(Config\Cache), false)
 7 SYSTEMPATH\Boot.php(325): CodeIgniter\CodeIgniter->run()
 8 SYSTEMPATH\Boot.php(67): CodeIgniter\Boot::runCodeIgniter(Object(CodeIgniter\CodeIgniter))
 9 FCPATH\index.php(56): CodeIgniter\Boot::bootWeb(Object(Config\Paths))
WARNING - 2025-02-13 09:21:18 --> [DEPRECATED] Creation of dynamic property IonAuth\Models\IonAuthModel::$messagesTemplates is deprecated in FCPATH\vendor\benedmunds\codeigniter-ion-auth\Models\IonAuthModel.php on line 237.
 1 APPPATH\Libraries\IonAuth.php(71): IonAuth\Models\IonAuthModel->__construct()
 2 APPPATH\Filters\CheckPermissions.php(16): App\Libraries\IonAuth->__construct()
 3 SYSTEMPATH\Filters\Filters.php(197): App\Filters\CheckPermissions->__construct()
 4 SYSTEMPATH\Filters\Filters.php(184): CodeIgniter\Filters\Filters->runBefore([...])
 5 SYSTEMPATH\CodeIgniter.php(481): CodeIgniter\Filters\Filters->run('vendor/products/products_table', 'before')
 6 SYSTEMPATH\CodeIgniter.php(355): CodeIgniter\CodeIgniter->handleRequest(null, Object(Config\Cache), false)
 7 SYSTEMPATH\Boot.php(325): CodeIgniter\CodeIgniter->run()
 8 SYSTEMPATH\Boot.php(67): CodeIgniter\Boot::runCodeIgniter(Object(CodeIgniter\CodeIgniter))
 9 FCPATH\index.php(56): CodeIgniter\Boot::bootWeb(Object(Config\Paths))
WARNING - 2025-02-13 09:21:18 --> [DEPRECATED] Creation of dynamic property IonAuth\Models\IonAuthModel::$join is deprecated in FCPATH\vendor\benedmunds\codeigniter-ion-auth\Models\IonAuthModel.php on line 231.
 1 APPPATH\Libraries\IonAuth.php(71): IonAuth\Models\IonAuthModel->__construct()
 2 APPPATH\Controllers\vendor\Products.php(25): App\Libraries\IonAuth->__construct()
 3 SYSTEMPATH\CodeIgniter.php(903): App\Controllers\vendor\Products->__construct()
 4 SYSTEMPATH\CodeIgniter.php(500): CodeIgniter\CodeIgniter->createController()
 5 SYSTEMPATH\CodeIgniter.php(355): CodeIgniter\CodeIgniter->handleRequest(null, Object(Config\Cache), false)
 6 SYSTEMPATH\Boot.php(325): CodeIgniter\CodeIgniter->run()
 7 SYSTEMPATH\Boot.php(67): CodeIgniter\Boot::runCodeIgniter(Object(CodeIgniter\CodeIgniter))
 8 FCPATH\index.php(56): CodeIgniter\Boot::bootWeb(Object(Config\Paths))
WARNING - 2025-02-13 09:21:18 --> [DEPRECATED] Creation of dynamic property IonAuth\Models\IonAuthModel::$hashMethod is deprecated in FCPATH\vendor\benedmunds\codeigniter-ion-auth\Models\IonAuthModel.php on line 234.
 1 APPPATH\Libraries\IonAuth.php(71): IonAuth\Models\IonAuthModel->__construct()
 2 APPPATH\Controllers\vendor\Products.php(25): App\Libraries\IonAuth->__construct()
 3 SYSTEMPATH\CodeIgniter.php(903): App\Controllers\vendor\Products->__construct()
 4 SYSTEMPATH\CodeIgniter.php(500): CodeIgniter\CodeIgniter->createController()
 5 SYSTEMPATH\CodeIgniter.php(355): CodeIgniter\CodeIgniter->handleRequest(null, Object(Config\Cache), false)
 6 SYSTEMPATH\Boot.php(325): CodeIgniter\CodeIgniter->run()
 7 SYSTEMPATH\Boot.php(67): CodeIgniter\Boot::runCodeIgniter(Object(CodeIgniter\CodeIgniter))
 8 FCPATH\index.php(56): CodeIgniter\Boot::bootWeb(Object(Config\Paths))
WARNING - 2025-02-13 09:21:18 --> [DEPRECATED] Creation of dynamic property IonAuth\Models\IonAuthModel::$messagesTemplates is deprecated in FCPATH\vendor\benedmunds\codeigniter-ion-auth\Models\IonAuthModel.php on line 237.
 1 APPPATH\Libraries\IonAuth.php(71): IonAuth\Models\IonAuthModel->__construct()
 2 APPPATH\Controllers\vendor\Products.php(25): App\Libraries\IonAuth->__construct()
 3 SYSTEMPATH\CodeIgniter.php(903): App\Controllers\vendor\Products->__construct()
 4 SYSTEMPATH\CodeIgniter.php(500): CodeIgniter\CodeIgniter->createController()
 5 SYSTEMPATH\CodeIgniter.php(355): CodeIgniter\CodeIgniter->handleRequest(null, Object(Config\Cache), false)
 6 SYSTEMPATH\Boot.php(325): CodeIgniter\CodeIgniter->run()
 7 SYSTEMPATH\Boot.php(67): CodeIgniter\Boot::runCodeIgniter(Object(CodeIgniter\CodeIgniter))
 8 FCPATH\index.php(56): CodeIgniter\Boot::bootWeb(Object(Config\Paths))
WARNING - 2025-02-13 14:51:18 --> [DEPRECATED] Creation of dynamic property IonAuth\Models\IonAuthModel::$join is deprecated in FCPATH\vendor\benedmunds\codeigniter-ion-auth\Models\IonAuthModel.php on line 231.
 1 APPPATH\Libraries\IonAuth.php(71): IonAuth\Models\IonAuthModel->__construct()
 2 APPPATH\Filters\CheckPermissions.php(16): App\Libraries\IonAuth->__construct()
 3 SYSTEMPATH\Filters\Filters.php(235): App\Filters\CheckPermissions->__construct()
 4 SYSTEMPATH\Filters\Filters.php(188): CodeIgniter\Filters\Filters->runAfter([...])
 5 SYSTEMPATH\CodeIgniter.php(527): CodeIgniter\Filters\Filters->run('vendor/products/products_table', 'after')
 6 SYSTEMPATH\CodeIgniter.php(355): CodeIgniter\CodeIgniter->handleRequest(null, Object(Config\Cache), false)
 7 SYSTEMPATH\Boot.php(325): CodeIgniter\CodeIgniter->run()
 8 SYSTEMPATH\Boot.php(67): CodeIgniter\Boot::runCodeIgniter(Object(CodeIgniter\CodeIgniter))
 9 FCPATH\index.php(56): CodeIgniter\Boot::bootWeb(Object(Config\Paths))
WARNING - 2025-02-13 14:51:18 --> [DEPRECATED] Creation of dynamic property IonAuth\Models\IonAuthModel::$hashMethod is deprecated in FCPATH\vendor\benedmunds\codeigniter-ion-auth\Models\IonAuthModel.php on line 234.
 1 APPPATH\Libraries\IonAuth.php(71): IonAuth\Models\IonAuthModel->__construct()
 2 APPPATH\Filters\CheckPermissions.php(16): App\Libraries\IonAuth->__construct()
 3 SYSTEMPATH\Filters\Filters.php(235): App\Filters\CheckPermissions->__construct()
 4 SYSTEMPATH\Filters\Filters.php(188): CodeIgniter\Filters\Filters->runAfter([...])
 5 SYSTEMPATH\CodeIgniter.php(527): CodeIgniter\Filters\Filters->run('vendor/products/products_table', 'after')
 6 SYSTEMPATH\CodeIgniter.php(355): CodeIgniter\CodeIgniter->handleRequest(null, Object(Config\Cache), false)
 7 SYSTEMPATH\Boot.php(325): CodeIgniter\CodeIgniter->run()
 8 SYSTEMPATH\Boot.php(67): CodeIgniter\Boot::runCodeIgniter(Object(CodeIgniter\CodeIgniter))
 9 FCPATH\index.php(56): CodeIgniter\Boot::bootWeb(Object(Config\Paths))
WARNING - 2025-02-13 14:51:18 --> [DEPRECATED] Creation of dynamic property IonAuth\Models\IonAuthModel::$messagesTemplates is deprecated in FCPATH\vendor\benedmunds\codeigniter-ion-auth\Models\IonAuthModel.php on line 237.
 1 APPPATH\Libraries\IonAuth.php(71): IonAuth\Models\IonAuthModel->__construct()
 2 APPPATH\Filters\CheckPermissions.php(16): App\Libraries\IonAuth->__construct()
 3 SYSTEMPATH\Filters\Filters.php(235): App\Filters\CheckPermissions->__construct()
 4 SYSTEMPATH\Filters\Filters.php(188): CodeIgniter\Filters\Filters->runAfter([...])
 5 SYSTEMPATH\CodeIgniter.php(527): CodeIgniter\Filters\Filters->run('vendor/products/products_table', 'after')
 6 SYSTEMPATH\CodeIgniter.php(355): CodeIgniter\CodeIgniter->handleRequest(null, Object(Config\Cache), false)
 7 SYSTEMPATH\Boot.php(325): CodeIgniter\CodeIgniter->run()
 8 SYSTEMPATH\Boot.php(67): CodeIgniter\Boot::runCodeIgniter(Object(CodeIgniter\CodeIgniter))
 9 FCPATH\index.php(56): CodeIgniter\Boot::bootWeb(Object(Config\Paths))
INFO - 2025-02-13 09:21:18 --> Session: Class initialized using 'CodeIgniter\Session\Handlers\FileHandler' driver.
WARNING - 2025-02-13 09:21:18 --> [DEPRECATED] Creation of dynamic property IonAuth\Models\IonAuthModel::$join is deprecated in FCPATH\vendor\benedmunds\codeigniter-ion-auth\Models\IonAuthModel.php on line 231.
 1 APPPATH\Libraries\IonAuth.php(71): IonAuth\Models\IonAuthModel->__construct()
 2 APPPATH\Filters\CheckPermissions.php(16): App\Libraries\IonAuth->__construct()
 3 SYSTEMPATH\Filters\Filters.php(197): App\Filters\CheckPermissions->__construct()
 4 SYSTEMPATH\Filters\Filters.php(184): CodeIgniter\Filters\Filters->runBefore([...])
 5 SYSTEMPATH\CodeIgniter.php(481): CodeIgniter\Filters\Filters->run('vendor/products/stock_alert', 'before')
 6 SYSTEMPATH\CodeIgniter.php(355): CodeIgniter\CodeIgniter->handleRequest(null, Object(Config\Cache), false)
 7 SYSTEMPATH\Boot.php(325): CodeIgniter\CodeIgniter->run()
 8 SYSTEMPATH\Boot.php(67): CodeIgniter\Boot::runCodeIgniter(Object(CodeIgniter\CodeIgniter))
 9 FCPATH\index.php(56): CodeIgniter\Boot::bootWeb(Object(Config\Paths))
WARNING - 2025-02-13 09:21:18 --> [DEPRECATED] Creation of dynamic property IonAuth\Models\IonAuthModel::$hashMethod is deprecated in FCPATH\vendor\benedmunds\codeigniter-ion-auth\Models\IonAuthModel.php on line 234.
 1 APPPATH\Libraries\IonAuth.php(71): IonAuth\Models\IonAuthModel->__construct()
 2 APPPATH\Filters\CheckPermissions.php(16): App\Libraries\IonAuth->__construct()
 3 SYSTEMPATH\Filters\Filters.php(197): App\Filters\CheckPermissions->__construct()
 4 SYSTEMPATH\Filters\Filters.php(184): CodeIgniter\Filters\Filters->runBefore([...])
 5 SYSTEMPATH\CodeIgniter.php(481): CodeIgniter\Filters\Filters->run('vendor/products/stock_alert', 'before')
 6 SYSTEMPATH\CodeIgniter.php(355): CodeIgniter\CodeIgniter->handleRequest(null, Object(Config\Cache), false)
 7 SYSTEMPATH\Boot.php(325): CodeIgniter\CodeIgniter->run()
 8 SYSTEMPATH\Boot.php(67): CodeIgniter\Boot::runCodeIgniter(Object(CodeIgniter\CodeIgniter))
 9 FCPATH\index.php(56): CodeIgniter\Boot::bootWeb(Object(Config\Paths))
WARNING - 2025-02-13 09:21:18 --> [DEPRECATED] Creation of dynamic property IonAuth\Models\IonAuthModel::$messagesTemplates is deprecated in FCPATH\vendor\benedmunds\codeigniter-ion-auth\Models\IonAuthModel.php on line 237.
 1 APPPATH\Libraries\IonAuth.php(71): IonAuth\Models\IonAuthModel->__construct()
 2 APPPATH\Filters\CheckPermissions.php(16): App\Libraries\IonAuth->__construct()
 3 SYSTEMPATH\Filters\Filters.php(197): App\Filters\CheckPermissions->__construct()
 4 SYSTEMPATH\Filters\Filters.php(184): CodeIgniter\Filters\Filters->runBefore([...])
 5 SYSTEMPATH\CodeIgniter.php(481): CodeIgniter\Filters\Filters->run('vendor/products/stock_alert', 'before')
 6 SYSTEMPATH\CodeIgniter.php(355): CodeIgniter\CodeIgniter->handleRequest(null, Object(Config\Cache), false)
 7 SYSTEMPATH\Boot.php(325): CodeIgniter\CodeIgniter->run()
 8 SYSTEMPATH\Boot.php(67): CodeIgniter\Boot::runCodeIgniter(Object(CodeIgniter\CodeIgniter))
 9 FCPATH\index.php(56): CodeIgniter\Boot::bootWeb(Object(Config\Paths))
WARNING - 2025-02-13 09:21:18 --> [DEPRECATED] Creation of dynamic property IonAuth\Models\IonAuthModel::$join is deprecated in FCPATH\vendor\benedmunds\codeigniter-ion-auth\Models\IonAuthModel.php on line 231.
 1 APPPATH\Libraries\IonAuth.php(71): IonAuth\Models\IonAuthModel->__construct()
 2 APPPATH\Controllers\vendor\Products.php(25): App\Libraries\IonAuth->__construct()
 3 SYSTEMPATH\CodeIgniter.php(903): App\Controllers\vendor\Products->__construct()
 4 SYSTEMPATH\CodeIgniter.php(500): CodeIgniter\CodeIgniter->createController()
 5 SYSTEMPATH\CodeIgniter.php(355): CodeIgniter\CodeIgniter->handleRequest(null, Object(Config\Cache), false)
 6 SYSTEMPATH\Boot.php(325): CodeIgniter\CodeIgniter->run()
 7 SYSTEMPATH\Boot.php(67): CodeIgniter\Boot::runCodeIgniter(Object(CodeIgniter\CodeIgniter))
 8 FCPATH\index.php(56): CodeIgniter\Boot::bootWeb(Object(Config\Paths))
WARNING - 2025-02-13 09:21:18 --> [DEPRECATED] Creation of dynamic property IonAuth\Models\IonAuthModel::$hashMethod is deprecated in FCPATH\vendor\benedmunds\codeigniter-ion-auth\Models\IonAuthModel.php on line 234.
 1 APPPATH\Libraries\IonAuth.php(71): IonAuth\Models\IonAuthModel->__construct()
 2 APPPATH\Controllers\vendor\Products.php(25): App\Libraries\IonAuth->__construct()
 3 SYSTEMPATH\CodeIgniter.php(903): App\Controllers\vendor\Products->__construct()
 4 SYSTEMPATH\CodeIgniter.php(500): CodeIgniter\CodeIgniter->createController()
 5 SYSTEMPATH\CodeIgniter.php(355): CodeIgniter\CodeIgniter->handleRequest(null, Object(Config\Cache), false)
 6 SYSTEMPATH\Boot.php(325): CodeIgniter\CodeIgniter->run()
 7 SYSTEMPATH\Boot.php(67): CodeIgniter\Boot::runCodeIgniter(Object(CodeIgniter\CodeIgniter))
 8 FCPATH\index.php(56): CodeIgniter\Boot::bootWeb(Object(Config\Paths))
WARNING - 2025-02-13 09:21:18 --> [DEPRECATED] Creation of dynamic property IonAuth\Models\IonAuthModel::$messagesTemplates is deprecated in FCPATH\vendor\benedmunds\codeigniter-ion-auth\Models\IonAuthModel.php on line 237.
 1 APPPATH\Libraries\IonAuth.php(71): IonAuth\Models\IonAuthModel->__construct()
 2 APPPATH\Controllers\vendor\Products.php(25): App\Libraries\IonAuth->__construct()
 3 SYSTEMPATH\CodeIgniter.php(903): App\Controllers\vendor\Products->__construct()
 4 SYSTEMPATH\CodeIgniter.php(500): CodeIgniter\CodeIgniter->createController()
 5 SYSTEMPATH\CodeIgniter.php(355): CodeIgniter\CodeIgniter->handleRequest(null, Object(Config\Cache), false)
 6 SYSTEMPATH\Boot.php(325): CodeIgniter\CodeIgniter->run()
 7 SYSTEMPATH\Boot.php(67): CodeIgniter\Boot::runCodeIgniter(Object(CodeIgniter\CodeIgniter))
 8 FCPATH\index.php(56): CodeIgniter\Boot::bootWeb(Object(Config\Paths))
WARNING - 2025-02-13 14:51:18 --> [DEPRECATED] Creation of dynamic property IonAuth\Models\IonAuthModel::$join is deprecated in FCPATH\vendor\benedmunds\codeigniter-ion-auth\Models\IonAuthModel.php on line 231.
 1 APPPATH\Libraries\IonAuth.php(71): IonAuth\Models\IonAuthModel->__construct()
 2 APPPATH\Filters\CheckPermissions.php(16): App\Libraries\IonAuth->__construct()
 3 SYSTEMPATH\Filters\Filters.php(235): App\Filters\CheckPermissions->__construct()
 4 SYSTEMPATH\Filters\Filters.php(188): CodeIgniter\Filters\Filters->runAfter([...])
 5 SYSTEMPATH\CodeIgniter.php(527): CodeIgniter\Filters\Filters->run('vendor/products/stock_alert', 'after')
 6 SYSTEMPATH\CodeIgniter.php(355): CodeIgniter\CodeIgniter->handleRequest(null, Object(Config\Cache), false)
 7 SYSTEMPATH\Boot.php(325): CodeIgniter\CodeIgniter->run()
 8 SYSTEMPATH\Boot.php(67): CodeIgniter\Boot::runCodeIgniter(Object(CodeIgniter\CodeIgniter))
 9 FCPATH\index.php(56): CodeIgniter\Boot::bootWeb(Object(Config\Paths))
WARNING - 2025-02-13 14:51:18 --> [DEPRECATED] Creation of dynamic property IonAuth\Models\IonAuthModel::$hashMethod is deprecated in FCPATH\vendor\benedmunds\codeigniter-ion-auth\Models\IonAuthModel.php on line 234.
 1 APPPATH\Libraries\IonAuth.php(71): IonAuth\Models\IonAuthModel->__construct()
 2 APPPATH\Filters\CheckPermissions.php(16): App\Libraries\IonAuth->__construct()
 3 SYSTEMPATH\Filters\Filters.php(235): App\Filters\CheckPermissions->__construct()
 4 SYSTEMPATH\Filters\Filters.php(188): CodeIgniter\Filters\Filters->runAfter([...])
 5 SYSTEMPATH\CodeIgniter.php(527): CodeIgniter\Filters\Filters->run('vendor/products/stock_alert', 'after')
 6 SYSTEMPATH\CodeIgniter.php(355): CodeIgniter\CodeIgniter->handleRequest(null, Object(Config\Cache), false)
 7 SYSTEMPATH\Boot.php(325): CodeIgniter\CodeIgniter->run()
 8 SYSTEMPATH\Boot.php(67): CodeIgniter\Boot::runCodeIgniter(Object(CodeIgniter\CodeIgniter))
 9 FCPATH\index.php(56): CodeIgniter\Boot::bootWeb(Object(Config\Paths))
WARNING - 2025-02-13 14:51:18 --> [DEPRECATED] Creation of dynamic property IonAuth\Models\IonAuthModel::$messagesTemplates is deprecated in FCPATH\vendor\benedmunds\codeigniter-ion-auth\Models\IonAuthModel.php on line 237.
 1 APPPATH\Libraries\IonAuth.php(71): IonAuth\Models\IonAuthModel->__construct()
 2 APPPATH\Filters\CheckPermissions.php(16): App\Libraries\IonAuth->__construct()
 3 SYSTEMPATH\Filters\Filters.php(235): App\Filters\CheckPermissions->__construct()
 4 SYSTEMPATH\Filters\Filters.php(188): CodeIgniter\Filters\Filters->runAfter([...])
 5 SYSTEMPATH\CodeIgniter.php(527): CodeIgniter\Filters\Filters->run('vendor/products/stock_alert', 'after')
 6 SYSTEMPATH\CodeIgniter.php(355): CodeIgniter\CodeIgniter->handleRequest(null, Object(Config\Cache), false)
 7 SYSTEMPATH\Boot.php(325): CodeIgniter\CodeIgniter->run()
 8 SYSTEMPATH\Boot.php(67): CodeIgniter\Boot::runCodeIgniter(Object(CodeIgniter\CodeIgniter))
 9 FCPATH\index.php(56): CodeIgniter\Boot::bootWeb(Object(Config\Paths))
INFO - 2025-02-13 09:21:23 --> Session: Class initialized using 'CodeIgniter\Session\Handlers\FileHandler' driver.
WARNING - 2025-02-13 09:21:23 --> [DEPRECATED] Creation of dynamic property IonAuth\Models\IonAuthModel::$join is deprecated in FCPATH\vendor\benedmunds\codeigniter-ion-auth\Models\IonAuthModel.php on line 231.
 1 APPPATH\Libraries\IonAuth.php(71): IonAuth\Models\IonAuthModel->__construct()
 2 APPPATH\Controllers\vendor\Brand.php(16): App\Libraries\IonAuth->__construct()
 3 SYSTEMPATH\CodeIgniter.php(903): App\Controllers\Vendor\Brand->__construct()
 4 SYSTEMPATH\CodeIgniter.php(500): CodeIgniter\CodeIgniter->createController()
 5 SYSTEMPATH\CodeIgniter.php(355): CodeIgniter\CodeIgniter->handleRequest(null, Object(Config\Cache), false)
 6 SYSTEMPATH\Boot.php(325): CodeIgniter\CodeIgniter->run()
 7 SYSTEMPATH\Boot.php(67): CodeIgniter\Boot::runCodeIgniter(Object(CodeIgniter\CodeIgniter))
 8 FCPATH\index.php(56): CodeIgniter\Boot::bootWeb(Object(Config\Paths))
WARNING - 2025-02-13 09:21:23 --> [DEPRECATED] Creation of dynamic property IonAuth\Models\IonAuthModel::$hashMethod is deprecated in FCPATH\vendor\benedmunds\codeigniter-ion-auth\Models\IonAuthModel.php on line 234.
 1 APPPATH\Libraries\IonAuth.php(71): IonAuth\Models\IonAuthModel->__construct()
 2 APPPATH\Controllers\vendor\Brand.php(16): App\Libraries\IonAuth->__construct()
 3 SYSTEMPATH\CodeIgniter.php(903): App\Controllers\Vendor\Brand->__construct()
 4 SYSTEMPATH\CodeIgniter.php(500): CodeIgniter\CodeIgniter->createController()
 5 SYSTEMPATH\CodeIgniter.php(355): CodeIgniter\CodeIgniter->handleRequest(null, Object(Config\Cache), false)
 6 SYSTEMPATH\Boot.php(325): CodeIgniter\CodeIgniter->run()
 7 SYSTEMPATH\Boot.php(67): CodeIgniter\Boot::runCodeIgniter(Object(CodeIgniter\CodeIgniter))
 8 FCPATH\index.php(56): CodeIgniter\Boot::bootWeb(Object(Config\Paths))
WARNING - 2025-02-13 09:21:23 --> [DEPRECATED] Creation of dynamic property IonAuth\Models\IonAuthModel::$messagesTemplates is deprecated in FCPATH\vendor\benedmunds\codeigniter-ion-auth\Models\IonAuthModel.php on line 237.
 1 APPPATH\Libraries\IonAuth.php(71): IonAuth\Models\IonAuthModel->__construct()
 2 APPPATH\Controllers\vendor\Brand.php(16): App\Libraries\IonAuth->__construct()
 3 SYSTEMPATH\CodeIgniter.php(903): App\Controllers\Vendor\Brand->__construct()
 4 SYSTEMPATH\CodeIgniter.php(500): CodeIgniter\CodeIgniter->createController()
 5 SYSTEMPATH\CodeIgniter.php(355): CodeIgniter\CodeIgniter->handleRequest(null, Object(Config\Cache), false)
 6 SYSTEMPATH\Boot.php(325): CodeIgniter\CodeIgniter->run()
 7 SYSTEMPATH\Boot.php(67): CodeIgniter\Boot::runCodeIgniter(Object(CodeIgniter\CodeIgniter))
 8 FCPATH\index.php(56): CodeIgniter\Boot::bootWeb(Object(Config\Paths))
CRITICAL - 2025-02-13 14:51:23 --> CodeIgniter\View\Exceptions\ViewException: Invalid file: "admin/pages/forms/brand.php"
[Method: GET, Route: vendor/brand]
in SYSTEMPATH\Exceptions\FrameworkException.php on line 41.
 1 SYSTEMPATH\View\View.php(222): CodeIgniter\Exceptions\FrameworkException::forInvalidFile('admin/pages/forms/brand.php')
 2 SYSTEMPATH\Common.php(1171): CodeIgniter\View\View->render('admin/pages/forms/brand', [], true)
 3 APPPATH\Views\admin\template.php(46): view('admin/pages/forms/brand')
 4 SYSTEMPATH\View\View.php(234): include('C:\\xampp1\\htdocs\\upbiz-sass-git\\app\\Views\\admin\\template.php')
 5 SYSTEMPATH\View\View.php(237): CodeIgniter\View\View->CodeIgniter\View\{closure}()
 6 SYSTEMPATH\Common.php(1171): CodeIgniter\View\View->render('admin/template', [], true)
 7 APPPATH\Controllers\vendor\Brand.php(66): view('admin/template', [...])
 8 SYSTEMPATH\CodeIgniter.php(933): App\Controllers\Vendor\Brand->index()
 9 SYSTEMPATH\CodeIgniter.php(509): CodeIgniter\CodeIgniter->runController(Object(App\Controllers\Vendor\Brand))
10 SYSTEMPATH\CodeIgniter.php(355): CodeIgniter\CodeIgniter->handleRequest(null, Object(Config\Cache), false)
11 SYSTEMPATH\Boot.php(325): CodeIgniter\CodeIgniter->run()
12 SYSTEMPATH\Boot.php(67): CodeIgniter\Boot::runCodeIgniter(Object(CodeIgniter\CodeIgniter))
13 FCPATH\index.php(56): CodeIgniter\Boot::bootWeb(Object(Config\Paths))
CRITICAL - 2025-02-13 14:51:23 --> ErrorException: Uncaught Error: Call to undefined method CodeIgniter\Debug\ExceptionHandler::cleanPath() in C:\xampp1\htdocs\upbiz-sass-git\app\Views\errors\html\error_exception.php:33
Stack trace:
#0 C:\xampp1\htdocs\upbiz-sass-git\vendor\codeigniter4\framework\system\Debug\BaseExceptionHandler.php(266): include()
#1 C:\xampp1\htdocs\upbiz-sass-git\vendor\codeigniter4\framework\system\Debug\BaseExceptionHandler.php(269): CodeIgniter\Debug\BaseExceptionHandler->CodeIgniter\Debug\{closure}()
#2 C:\xampp1\htdocs\upbiz-sass-git\vendor\codeigniter4\framework\system\Debug\ExceptionHandler.php(114): CodeIgniter\Debug\BaseExceptionHandler->render(Object(CodeIgniter\View\Exceptions\ViewException), 500, 'C:\\xampp1\\htdoc...')
#3 C:\xampp1\htdocs\upbiz-sass-git\vendor\codeigniter4\framework\system\Debug\Exceptions.php(163): CodeIgniter\Debug\ExceptionHandler->handle(Object(CodeIgniter\View\Exceptions\ViewException), Object(CodeIgniter\HTTP\IncomingRequest), Object(CodeIgniter\HTTP\Response), 500, 1)
#4 [internal function]: CodeIgniter\Debug\Exceptions->exceptionHandler(Object(CodeIgniter\View\Exceptions\ViewException))
#5 {main}
  thrown
【Previous Exception】
CodeIgniter\View\Exceptions\ViewException
Invalid file: "admin/pages/forms/brand.php"
#0 C:\xampp1\htdocs\upbiz-sass-git\vendor\codeigniter4\framework\system\View\View.php(222): CodeIgniter\Exceptions\FrameworkException::forInvalidFile('admin/pages/for...')
#1 C:\xampp1\htdocs\upbiz-sass-git\vendor\codeigniter4\framework\system\Common.php(1171): CodeIgniter\View\View->render('admin/pages/for...', Array, true)
#2 C:\xampp1\htdocs\upbiz-sass-git\app\Views\admin\template.php(46): view('admin/pages/for...')
#3 C:\xampp1\htdocs\upbiz-sass-git\vendor\codeigniter4\framework\system\View\View.php(234): include('C:\\xampp1\\htdoc...')
#4 C:\xampp1\htdocs\upbiz-sass-git\vendor\codeigniter4\framework\system\View\View.php(237): CodeIgniter\View\View->CodeIgniter\View\{closure}()
#5 C:\xampp1\htdocs\upbiz-sass-git\vendor\codeigniter4\framework\system\Common.php(1171): CodeIgniter\View\View->render('admin/template', Array, true)
#6 C:\xampp1\htdocs\upbiz-sass-git\app\Controllers\vendor\Brand.php(66): view('admin/template', Array)
#7 C:\xampp1\htdocs\upbiz-sass-git\vendor\codeigniter4\framework\system\CodeIgniter.php(933): App\Controllers\Vendor\Brand->index()
#8 C:\xampp1\htdocs\upbiz-sass-git\vendor\codeigniter4\framework\system\CodeIgniter.php(509): CodeIgniter\CodeIgniter->runController(Object(App\Controllers\Vendor\Brand))
#9 C:\xampp1\htdocs\upbiz-sass-git\vendor\codeigniter4\framework\system\CodeIgniter.php(355): CodeIgniter\CodeIgniter->handleRequest(NULL, Object(Config\Cache), false)
#10 C:\xampp1\htdocs\upbiz-sass-git\vendor\codeigniter4\framework\system\Boot.php(325): CodeIgniter\CodeIgniter->run()
#11 C:\xampp1\htdocs\upbiz-sass-git\vendor\codeigniter4\framework\system\Boot.php(67): CodeIgniter\Boot::runCodeIgniter(Object(CodeIgniter\CodeIgniter))
#12 C:\xampp1\htdocs\upbiz-sass-git\index.php(56): CodeIgniter\Boot::bootWeb(Object(Config\Paths))
#13 {main}
[Method: GET, Route: vendor/brand]
in APPPATH\Views\errors\html\error_exception.php on line 33.
 1 [internal function]: CodeIgniter\Debug\Exceptions->shutdownHandler()
INFO - 2025-02-13 09:21:39 --> Session: Class initialized using 'CodeIgniter\Session\Handlers\FileHandler' driver.
WARNING - 2025-02-13 09:21:39 --> [DEPRECATED] Creation of dynamic property IonAuth\Models\IonAuthModel::$join is deprecated in FCPATH\vendor\benedmunds\codeigniter-ion-auth\Models\IonAuthModel.php on line 231.
 1 APPPATH\Libraries\IonAuth.php(71): IonAuth\Models\IonAuthModel->__construct()
 2 APPPATH\Controllers\vendor\Brand.php(16): App\Libraries\IonAuth->__construct()
 3 SYSTEMPATH\CodeIgniter.php(903): App\Controllers\Vendor\Brand->__construct()
 4 SYSTEMPATH\CodeIgniter.php(500): CodeIgniter\CodeIgniter->createController()
 5 SYSTEMPATH\CodeIgniter.php(355): CodeIgniter\CodeIgniter->handleRequest(null, Object(Config\Cache), false)
 6 SYSTEMPATH\Boot.php(325): CodeIgniter\CodeIgniter->run()
 7 SYSTEMPATH\Boot.php(67): CodeIgniter\Boot::runCodeIgniter(Object(CodeIgniter\CodeIgniter))
 8 FCPATH\index.php(56): CodeIgniter\Boot::bootWeb(Object(Config\Paths))
WARNING - 2025-02-13 09:21:39 --> [DEPRECATED] Creation of dynamic property IonAuth\Models\IonAuthModel::$hashMethod is deprecated in FCPATH\vendor\benedmunds\codeigniter-ion-auth\Models\IonAuthModel.php on line 234.
 1 APPPATH\Libraries\IonAuth.php(71): IonAuth\Models\IonAuthModel->__construct()
 2 APPPATH\Controllers\vendor\Brand.php(16): App\Libraries\IonAuth->__construct()
 3 SYSTEMPATH\CodeIgniter.php(903): App\Controllers\Vendor\Brand->__construct()
 4 SYSTEMPATH\CodeIgniter.php(500): CodeIgniter\CodeIgniter->createController()
 5 SYSTEMPATH\CodeIgniter.php(355): CodeIgniter\CodeIgniter->handleRequest(null, Object(Config\Cache), false)
 6 SYSTEMPATH\Boot.php(325): CodeIgniter\CodeIgniter->run()
 7 SYSTEMPATH\Boot.php(67): CodeIgniter\Boot::runCodeIgniter(Object(CodeIgniter\CodeIgniter))
 8 FCPATH\index.php(56): CodeIgniter\Boot::bootWeb(Object(Config\Paths))
WARNING - 2025-02-13 09:21:39 --> [DEPRECATED] Creation of dynamic property IonAuth\Models\IonAuthModel::$messagesTemplates is deprecated in FCPATH\vendor\benedmunds\codeigniter-ion-auth\Models\IonAuthModel.php on line 237.
 1 APPPATH\Libraries\IonAuth.php(71): IonAuth\Models\IonAuthModel->__construct()
 2 APPPATH\Controllers\vendor\Brand.php(16): App\Libraries\IonAuth->__construct()
 3 SYSTEMPATH\CodeIgniter.php(903): App\Controllers\Vendor\Brand->__construct()
 4 SYSTEMPATH\CodeIgniter.php(500): CodeIgniter\CodeIgniter->createController()
 5 SYSTEMPATH\CodeIgniter.php(355): CodeIgniter\CodeIgniter->handleRequest(null, Object(Config\Cache), false)
 6 SYSTEMPATH\Boot.php(325): CodeIgniter\CodeIgniter->run()
 7 SYSTEMPATH\Boot.php(67): CodeIgniter\Boot::runCodeIgniter(Object(CodeIgniter\CodeIgniter))
 8 FCPATH\index.php(56): CodeIgniter\Boot::bootWeb(Object(Config\Paths))
CRITICAL - 2025-02-13 14:51:39 --> CodeIgniter\View\Exceptions\ViewException: Invalid file: "admin/pages/forms/brand.php"
[Method: GET, Route: vendor/brand]
in SYSTEMPATH\Exceptions\FrameworkException.php on line 41.
 1 SYSTEMPATH\View\View.php(222): CodeIgniter\Exceptions\FrameworkException::forInvalidFile('admin/pages/forms/brand.php')
 2 SYSTEMPATH\Common.php(1171): CodeIgniter\View\View->render('admin/pages/forms/brand', [], true)
 3 APPPATH\Views\admin\template.php(46): view('admin/pages/forms/brand')
 4 SYSTEMPATH\View\View.php(234): include('C:\\xampp1\\htdocs\\upbiz-sass-git\\app\\Views\\admin\\template.php')
 5 SYSTEMPATH\View\View.php(237): CodeIgniter\View\View->CodeIgniter\View\{closure}()
 6 SYSTEMPATH\Common.php(1171): CodeIgniter\View\View->render('admin/template', [], true)
 7 APPPATH\Controllers\vendor\Brand.php(66): view('admin/template', [...])
 8 SYSTEMPATH\CodeIgniter.php(933): App\Controllers\Vendor\Brand->index()
 9 SYSTEMPATH\CodeIgniter.php(509): CodeIgniter\CodeIgniter->runController(Object(App\Controllers\Vendor\Brand))
10 SYSTEMPATH\CodeIgniter.php(355): CodeIgniter\CodeIgniter->handleRequest(null, Object(Config\Cache), false)
11 SYSTEMPATH\Boot.php(325): CodeIgniter\CodeIgniter->run()
12 SYSTEMPATH\Boot.php(67): CodeIgniter\Boot::runCodeIgniter(Object(CodeIgniter\CodeIgniter))
13 FCPATH\index.php(56): CodeIgniter\Boot::bootWeb(Object(Config\Paths))
CRITICAL - 2025-02-13 14:51:39 --> ErrorException: Uncaught Error: Call to undefined method CodeIgniter\Debug\ExceptionHandler::cleanPath() in C:\xampp1\htdocs\upbiz-sass-git\app\Views\errors\html\error_exception.php:33
Stack trace:
#0 C:\xampp1\htdocs\upbiz-sass-git\vendor\codeigniter4\framework\system\Debug\BaseExceptionHandler.php(266): include()
#1 C:\xampp1\htdocs\upbiz-sass-git\vendor\codeigniter4\framework\system\Debug\BaseExceptionHandler.php(269): CodeIgniter\Debug\BaseExceptionHandler->CodeIgniter\Debug\{closure}()
#2 C:\xampp1\htdocs\upbiz-sass-git\vendor\codeigniter4\framework\system\Debug\ExceptionHandler.php(114): CodeIgniter\Debug\BaseExceptionHandler->render(Object(CodeIgniter\View\Exceptions\ViewException), 500, 'C:\\xampp1\\htdoc...')
#3 C:\xampp1\htdocs\upbiz-sass-git\vendor\codeigniter4\framework\system\Debug\Exceptions.php(163): CodeIgniter\Debug\ExceptionHandler->handle(Object(CodeIgniter\View\Exceptions\ViewException), Object(CodeIgniter\HTTP\IncomingRequest), Object(CodeIgniter\HTTP\Response), 500, 1)
#4 [internal function]: CodeIgniter\Debug\Exceptions->exceptionHandler(Object(CodeIgniter\View\Exceptions\ViewException))
#5 {main}
  thrown
【Previous Exception】
CodeIgniter\View\Exceptions\ViewException
Invalid file: "admin/pages/forms/brand.php"
#0 C:\xampp1\htdocs\upbiz-sass-git\vendor\codeigniter4\framework\system\View\View.php(222): CodeIgniter\Exceptions\FrameworkException::forInvalidFile('admin/pages/for...')
#1 C:\xampp1\htdocs\upbiz-sass-git\vendor\codeigniter4\framework\system\Common.php(1171): CodeIgniter\View\View->render('admin/pages/for...', Array, true)
#2 C:\xampp1\htdocs\upbiz-sass-git\app\Views\admin\template.php(46): view('admin/pages/for...')
#3 C:\xampp1\htdocs\upbiz-sass-git\vendor\codeigniter4\framework\system\View\View.php(234): include('C:\\xampp1\\htdoc...')
#4 C:\xampp1\htdocs\upbiz-sass-git\vendor\codeigniter4\framework\system\View\View.php(237): CodeIgniter\View\View->CodeIgniter\View\{closure}()
#5 C:\xampp1\htdocs\upbiz-sass-git\vendor\codeigniter4\framework\system\Common.php(1171): CodeIgniter\View\View->render('admin/template', Array, true)
#6 C:\xampp1\htdocs\upbiz-sass-git\app\Controllers\vendor\Brand.php(66): view('admin/template', Array)
#7 C:\xampp1\htdocs\upbiz-sass-git\vendor\codeigniter4\framework\system\CodeIgniter.php(933): App\Controllers\Vendor\Brand->index()
#8 C:\xampp1\htdocs\upbiz-sass-git\vendor\codeigniter4\framework\system\CodeIgniter.php(509): CodeIgniter\CodeIgniter->runController(Object(App\Controllers\Vendor\Brand))
#9 C:\xampp1\htdocs\upbiz-sass-git\vendor\codeigniter4\framework\system\CodeIgniter.php(355): CodeIgniter\CodeIgniter->handleRequest(NULL, Object(Config\Cache), false)
#10 C:\xampp1\htdocs\upbiz-sass-git\vendor\codeigniter4\framework\system\Boot.php(325): CodeIgniter\CodeIgniter->run()
#11 C:\xampp1\htdocs\upbiz-sass-git\vendor\codeigniter4\framework\system\Boot.php(67): CodeIgniter\Boot::runCodeIgniter(Object(CodeIgniter\CodeIgniter))
#12 C:\xampp1\htdocs\upbiz-sass-git\index.php(56): CodeIgniter\Boot::bootWeb(Object(Config\Paths))
#13 {main}
[Method: GET, Route: vendor/brand]
in APPPATH\Views\errors\html\error_exception.php on line 33.
 1 [internal function]: CodeIgniter\Debug\Exceptions->shutdownHandler()
INFO - 2025-02-13 09:21:52 --> Session: Class initialized using 'CodeIgniter\Session\Handlers\FileHandler' driver.
WARNING - 2025-02-13 09:21:52 --> [DEPRECATED] Creation of dynamic property IonAuth\Models\IonAuthModel::$join is deprecated in FCPATH\vendor\benedmunds\codeigniter-ion-auth\Models\IonAuthModel.php on line 231.
 1 APPPATH\Libraries\IonAuth.php(71): IonAuth\Models\IonAuthModel->__construct()
 2 APPPATH\Controllers\vendor\Brand.php(16): App\Libraries\IonAuth->__construct()
 3 SYSTEMPATH\CodeIgniter.php(903): App\Controllers\Vendor\Brand->__construct()
 4 SYSTEMPATH\CodeIgniter.php(500): CodeIgniter\CodeIgniter->createController()
 5 SYSTEMPATH\CodeIgniter.php(355): CodeIgniter\CodeIgniter->handleRequest(null, Object(Config\Cache), false)
 6 SYSTEMPATH\Boot.php(325): CodeIgniter\CodeIgniter->run()
 7 SYSTEMPATH\Boot.php(67): CodeIgniter\Boot::runCodeIgniter(Object(CodeIgniter\CodeIgniter))
 8 FCPATH\index.php(56): CodeIgniter\Boot::bootWeb(Object(Config\Paths))
WARNING - 2025-02-13 09:21:52 --> [DEPRECATED] Creation of dynamic property IonAuth\Models\IonAuthModel::$hashMethod is deprecated in FCPATH\vendor\benedmunds\codeigniter-ion-auth\Models\IonAuthModel.php on line 234.
 1 APPPATH\Libraries\IonAuth.php(71): IonAuth\Models\IonAuthModel->__construct()
 2 APPPATH\Controllers\vendor\Brand.php(16): App\Libraries\IonAuth->__construct()
 3 SYSTEMPATH\CodeIgniter.php(903): App\Controllers\Vendor\Brand->__construct()
 4 SYSTEMPATH\CodeIgniter.php(500): CodeIgniter\CodeIgniter->createController()
 5 SYSTEMPATH\CodeIgniter.php(355): CodeIgniter\CodeIgniter->handleRequest(null, Object(Config\Cache), false)
 6 SYSTEMPATH\Boot.php(325): CodeIgniter\CodeIgniter->run()
 7 SYSTEMPATH\Boot.php(67): CodeIgniter\Boot::runCodeIgniter(Object(CodeIgniter\CodeIgniter))
 8 FCPATH\index.php(56): CodeIgniter\Boot::bootWeb(Object(Config\Paths))
WARNING - 2025-02-13 09:21:52 --> [DEPRECATED] Creation of dynamic property IonAuth\Models\IonAuthModel::$messagesTemplates is deprecated in FCPATH\vendor\benedmunds\codeigniter-ion-auth\Models\IonAuthModel.php on line 237.
 1 APPPATH\Libraries\IonAuth.php(71): IonAuth\Models\IonAuthModel->__construct()
 2 APPPATH\Controllers\vendor\Brand.php(16): App\Libraries\IonAuth->__construct()
 3 SYSTEMPATH\CodeIgniter.php(903): App\Controllers\Vendor\Brand->__construct()
 4 SYSTEMPATH\CodeIgniter.php(500): CodeIgniter\CodeIgniter->createController()
 5 SYSTEMPATH\CodeIgniter.php(355): CodeIgniter\CodeIgniter->handleRequest(null, Object(Config\Cache), false)
 6 SYSTEMPATH\Boot.php(325): CodeIgniter\CodeIgniter->run()
 7 SYSTEMPATH\Boot.php(67): CodeIgniter\Boot::runCodeIgniter(Object(CodeIgniter\CodeIgniter))
 8 FCPATH\index.php(56): CodeIgniter\Boot::bootWeb(Object(Config\Paths))
INFO - 2025-02-13 09:21:54 --> Session: Class initialized using 'CodeIgniter\Session\Handlers\FileHandler' driver.
WARNING - 2025-02-13 09:21:54 --> [DEPRECATED] Creation of dynamic property IonAuth\Models\IonAuthModel::$join is deprecated in FCPATH\vendor\benedmunds\codeigniter-ion-auth\Models\IonAuthModel.php on line 231.
 1 APPPATH\Libraries\IonAuth.php(71): IonAuth\Models\IonAuthModel->__construct()
 2 APPPATH\Filters\CheckPermissions.php(16): App\Libraries\IonAuth->__construct()
 3 SYSTEMPATH\Filters\Filters.php(197): App\Filters\CheckPermissions->__construct()
 4 SYSTEMPATH\Filters\Filters.php(184): CodeIgniter\Filters\Filters->runBefore([...])
 5 SYSTEMPATH\CodeIgniter.php(481): CodeIgniter\Filters\Filters->run('vendor/products/stock_alert', 'before')
 6 SYSTEMPATH\CodeIgniter.php(355): CodeIgniter\CodeIgniter->handleRequest(null, Object(Config\Cache), false)
 7 SYSTEMPATH\Boot.php(325): CodeIgniter\CodeIgniter->run()
 8 SYSTEMPATH\Boot.php(67): CodeIgniter\Boot::runCodeIgniter(Object(CodeIgniter\CodeIgniter))
 9 FCPATH\index.php(56): CodeIgniter\Boot::bootWeb(Object(Config\Paths))
WARNING - 2025-02-13 09:21:54 --> [DEPRECATED] Creation of dynamic property IonAuth\Models\IonAuthModel::$hashMethod is deprecated in FCPATH\vendor\benedmunds\codeigniter-ion-auth\Models\IonAuthModel.php on line 234.
 1 APPPATH\Libraries\IonAuth.php(71): IonAuth\Models\IonAuthModel->__construct()
 2 APPPATH\Filters\CheckPermissions.php(16): App\Libraries\IonAuth->__construct()
 3 SYSTEMPATH\Filters\Filters.php(197): App\Filters\CheckPermissions->__construct()
 4 SYSTEMPATH\Filters\Filters.php(184): CodeIgniter\Filters\Filters->runBefore([...])
 5 SYSTEMPATH\CodeIgniter.php(481): CodeIgniter\Filters\Filters->run('vendor/products/stock_alert', 'before')
 6 SYSTEMPATH\CodeIgniter.php(355): CodeIgniter\CodeIgniter->handleRequest(null, Object(Config\Cache), false)
 7 SYSTEMPATH\Boot.php(325): CodeIgniter\CodeIgniter->run()
 8 SYSTEMPATH\Boot.php(67): CodeIgniter\Boot::runCodeIgniter(Object(CodeIgniter\CodeIgniter))
 9 FCPATH\index.php(56): CodeIgniter\Boot::bootWeb(Object(Config\Paths))
WARNING - 2025-02-13 09:21:54 --> [DEPRECATED] Creation of dynamic property IonAuth\Models\IonAuthModel::$messagesTemplates is deprecated in FCPATH\vendor\benedmunds\codeigniter-ion-auth\Models\IonAuthModel.php on line 237.
 1 APPPATH\Libraries\IonAuth.php(71): IonAuth\Models\IonAuthModel->__construct()
 2 APPPATH\Filters\CheckPermissions.php(16): App\Libraries\IonAuth->__construct()
 3 SYSTEMPATH\Filters\Filters.php(197): App\Filters\CheckPermissions->__construct()
 4 SYSTEMPATH\Filters\Filters.php(184): CodeIgniter\Filters\Filters->runBefore([...])
 5 SYSTEMPATH\CodeIgniter.php(481): CodeIgniter\Filters\Filters->run('vendor/products/stock_alert', 'before')
 6 SYSTEMPATH\CodeIgniter.php(355): CodeIgniter\CodeIgniter->handleRequest(null, Object(Config\Cache), false)
 7 SYSTEMPATH\Boot.php(325): CodeIgniter\CodeIgniter->run()
 8 SYSTEMPATH\Boot.php(67): CodeIgniter\Boot::runCodeIgniter(Object(CodeIgniter\CodeIgniter))
 9 FCPATH\index.php(56): CodeIgniter\Boot::bootWeb(Object(Config\Paths))
WARNING - 2025-02-13 09:21:54 --> [DEPRECATED] Creation of dynamic property IonAuth\Models\IonAuthModel::$join is deprecated in FCPATH\vendor\benedmunds\codeigniter-ion-auth\Models\IonAuthModel.php on line 231.
 1 APPPATH\Libraries\IonAuth.php(71): IonAuth\Models\IonAuthModel->__construct()
 2 APPPATH\Controllers\vendor\Products.php(25): App\Libraries\IonAuth->__construct()
 3 SYSTEMPATH\CodeIgniter.php(903): App\Controllers\vendor\Products->__construct()
 4 SYSTEMPATH\CodeIgniter.php(500): CodeIgniter\CodeIgniter->createController()
 5 SYSTEMPATH\CodeIgniter.php(355): CodeIgniter\CodeIgniter->handleRequest(null, Object(Config\Cache), false)
 6 SYSTEMPATH\Boot.php(325): CodeIgniter\CodeIgniter->run()
 7 SYSTEMPATH\Boot.php(67): CodeIgniter\Boot::runCodeIgniter(Object(CodeIgniter\CodeIgniter))
 8 FCPATH\index.php(56): CodeIgniter\Boot::bootWeb(Object(Config\Paths))
WARNING - 2025-02-13 09:21:54 --> [DEPRECATED] Creation of dynamic property IonAuth\Models\IonAuthModel::$hashMethod is deprecated in FCPATH\vendor\benedmunds\codeigniter-ion-auth\Models\IonAuthModel.php on line 234.
 1 APPPATH\Libraries\IonAuth.php(71): IonAuth\Models\IonAuthModel->__construct()
 2 APPPATH\Controllers\vendor\Products.php(25): App\Libraries\IonAuth->__construct()
 3 SYSTEMPATH\CodeIgniter.php(903): App\Controllers\vendor\Products->__construct()
 4 SYSTEMPATH\CodeIgniter.php(500): CodeIgniter\CodeIgniter->createController()
 5 SYSTEMPATH\CodeIgniter.php(355): CodeIgniter\CodeIgniter->handleRequest(null, Object(Config\Cache), false)
 6 SYSTEMPATH\Boot.php(325): CodeIgniter\CodeIgniter->run()
 7 SYSTEMPATH\Boot.php(67): CodeIgniter\Boot::runCodeIgniter(Object(CodeIgniter\CodeIgniter))
 8 FCPATH\index.php(56): CodeIgniter\Boot::bootWeb(Object(Config\Paths))
WARNING - 2025-02-13 09:21:54 --> [DEPRECATED] Creation of dynamic property IonAuth\Models\IonAuthModel::$messagesTemplates is deprecated in FCPATH\vendor\benedmunds\codeigniter-ion-auth\Models\IonAuthModel.php on line 237.
 1 APPPATH\Libraries\IonAuth.php(71): IonAuth\Models\IonAuthModel->__construct()
 2 APPPATH\Controllers\vendor\Products.php(25): App\Libraries\IonAuth->__construct()
 3 SYSTEMPATH\CodeIgniter.php(903): App\Controllers\vendor\Products->__construct()
 4 SYSTEMPATH\CodeIgniter.php(500): CodeIgniter\CodeIgniter->createController()
 5 SYSTEMPATH\CodeIgniter.php(355): CodeIgniter\CodeIgniter->handleRequest(null, Object(Config\Cache), false)
 6 SYSTEMPATH\Boot.php(325): CodeIgniter\CodeIgniter->run()
 7 SYSTEMPATH\Boot.php(67): CodeIgniter\Boot::runCodeIgniter(Object(CodeIgniter\CodeIgniter))
 8 FCPATH\index.php(56): CodeIgniter\Boot::bootWeb(Object(Config\Paths))
WARNING - 2025-02-13 14:51:54 --> [DEPRECATED] Creation of dynamic property IonAuth\Models\IonAuthModel::$join is deprecated in FCPATH\vendor\benedmunds\codeigniter-ion-auth\Models\IonAuthModel.php on line 231.
 1 APPPATH\Libraries\IonAuth.php(71): IonAuth\Models\IonAuthModel->__construct()
 2 APPPATH\Filters\CheckPermissions.php(16): App\Libraries\IonAuth->__construct()
 3 SYSTEMPATH\Filters\Filters.php(235): App\Filters\CheckPermissions->__construct()
 4 SYSTEMPATH\Filters\Filters.php(188): CodeIgniter\Filters\Filters->runAfter([...])
 5 SYSTEMPATH\CodeIgniter.php(527): CodeIgniter\Filters\Filters->run('vendor/products/stock_alert', 'after')
 6 SYSTEMPATH\CodeIgniter.php(355): CodeIgniter\CodeIgniter->handleRequest(null, Object(Config\Cache), false)
 7 SYSTEMPATH\Boot.php(325): CodeIgniter\CodeIgniter->run()
 8 SYSTEMPATH\Boot.php(67): CodeIgniter\Boot::runCodeIgniter(Object(CodeIgniter\CodeIgniter))
 9 FCPATH\index.php(56): CodeIgniter\Boot::bootWeb(Object(Config\Paths))
WARNING - 2025-02-13 14:51:54 --> [DEPRECATED] Creation of dynamic property IonAuth\Models\IonAuthModel::$hashMethod is deprecated in FCPATH\vendor\benedmunds\codeigniter-ion-auth\Models\IonAuthModel.php on line 234.
 1 APPPATH\Libraries\IonAuth.php(71): IonAuth\Models\IonAuthModel->__construct()
 2 APPPATH\Filters\CheckPermissions.php(16): App\Libraries\IonAuth->__construct()
 3 SYSTEMPATH\Filters\Filters.php(235): App\Filters\CheckPermissions->__construct()
 4 SYSTEMPATH\Filters\Filters.php(188): CodeIgniter\Filters\Filters->runAfter([...])
 5 SYSTEMPATH\CodeIgniter.php(527): CodeIgniter\Filters\Filters->run('vendor/products/stock_alert', 'after')
 6 SYSTEMPATH\CodeIgniter.php(355): CodeIgniter\CodeIgniter->handleRequest(null, Object(Config\Cache), false)
 7 SYSTEMPATH\Boot.php(325): CodeIgniter\CodeIgniter->run()
 8 SYSTEMPATH\Boot.php(67): CodeIgniter\Boot::runCodeIgniter(Object(CodeIgniter\CodeIgniter))
 9 FCPATH\index.php(56): CodeIgniter\Boot::bootWeb(Object(Config\Paths))
WARNING - 2025-02-13 14:51:54 --> [DEPRECATED] Creation of dynamic property IonAuth\Models\IonAuthModel::$messagesTemplates is deprecated in FCPATH\vendor\benedmunds\codeigniter-ion-auth\Models\IonAuthModel.php on line 237.
 1 APPPATH\Libraries\IonAuth.php(71): IonAuth\Models\IonAuthModel->__construct()
 2 APPPATH\Filters\CheckPermissions.php(16): App\Libraries\IonAuth->__construct()
 3 SYSTEMPATH\Filters\Filters.php(235): App\Filters\CheckPermissions->__construct()
 4 SYSTEMPATH\Filters\Filters.php(188): CodeIgniter\Filters\Filters->runAfter([...])
 5 SYSTEMPATH\CodeIgniter.php(527): CodeIgniter\Filters\Filters->run('vendor/products/stock_alert', 'after')
 6 SYSTEMPATH\CodeIgniter.php(355): CodeIgniter\CodeIgniter->handleRequest(null, Object(Config\Cache), false)
 7 SYSTEMPATH\Boot.php(325): CodeIgniter\CodeIgniter->run()
 8 SYSTEMPATH\Boot.php(67): CodeIgniter\Boot::runCodeIgniter(Object(CodeIgniter\CodeIgniter))
 9 FCPATH\index.php(56): CodeIgniter\Boot::bootWeb(Object(Config\Paths))
INFO - 2025-02-13 09:24:47 --> Session: Class initialized using 'CodeIgniter\Session\Handlers\FileHandler' driver.
WARNING - 2025-02-13 09:24:47 --> [DEPRECATED] Creation of dynamic property IonAuth\Models\IonAuthModel::$join is deprecated in FCPATH\vendor\benedmunds\codeigniter-ion-auth\Models\IonAuthModel.php on line 231.
 1 APPPATH\Libraries\IonAuth.php(71): IonAuth\Models\IonAuthModel->__construct()
 2 APPPATH\Controllers\vendor\Brand.php(17): App\Libraries\IonAuth->__construct()
 3 SYSTEMPATH\CodeIgniter.php(903): App\Controllers\Vendor\Brand->__construct()
 4 SYSTEMPATH\CodeIgniter.php(500): CodeIgniter\CodeIgniter->createController()
 5 SYSTEMPATH\CodeIgniter.php(355): CodeIgniter\CodeIgniter->handleRequest(null, Object(Config\Cache), false)
 6 SYSTEMPATH\Boot.php(325): CodeIgniter\CodeIgniter->run()
 7 SYSTEMPATH\Boot.php(67): CodeIgniter\Boot::runCodeIgniter(Object(CodeIgniter\CodeIgniter))
 8 FCPATH\index.php(56): CodeIgniter\Boot::bootWeb(Object(Config\Paths))
WARNING - 2025-02-13 09:24:47 --> [DEPRECATED] Creation of dynamic property IonAuth\Models\IonAuthModel::$hashMethod is deprecated in FCPATH\vendor\benedmunds\codeigniter-ion-auth\Models\IonAuthModel.php on line 234.
 1 APPPATH\Libraries\IonAuth.php(71): IonAuth\Models\IonAuthModel->__construct()
 2 APPPATH\Controllers\vendor\Brand.php(17): App\Libraries\IonAuth->__construct()
 3 SYSTEMPATH\CodeIgniter.php(903): App\Controllers\Vendor\Brand->__construct()
 4 SYSTEMPATH\CodeIgniter.php(500): CodeIgniter\CodeIgniter->createController()
 5 SYSTEMPATH\CodeIgniter.php(355): CodeIgniter\CodeIgniter->handleRequest(null, Object(Config\Cache), false)
 6 SYSTEMPATH\Boot.php(325): CodeIgniter\CodeIgniter->run()
 7 SYSTEMPATH\Boot.php(67): CodeIgniter\Boot::runCodeIgniter(Object(CodeIgniter\CodeIgniter))
 8 FCPATH\index.php(56): CodeIgniter\Boot::bootWeb(Object(Config\Paths))
WARNING - 2025-02-13 09:24:47 --> [DEPRECATED] Creation of dynamic property IonAuth\Models\IonAuthModel::$messagesTemplates is deprecated in FCPATH\vendor\benedmunds\codeigniter-ion-auth\Models\IonAuthModel.php on line 237.
 1 APPPATH\Libraries\IonAuth.php(71): IonAuth\Models\IonAuthModel->__construct()
 2 APPPATH\Controllers\vendor\Brand.php(17): App\Libraries\IonAuth->__construct()
 3 SYSTEMPATH\CodeIgniter.php(903): App\Controllers\Vendor\Brand->__construct()
 4 SYSTEMPATH\CodeIgniter.php(500): CodeIgniter\CodeIgniter->createController()
 5 SYSTEMPATH\CodeIgniter.php(355): CodeIgniter\CodeIgniter->handleRequest(null, Object(Config\Cache), false)
 6 SYSTEMPATH\Boot.php(325): CodeIgniter\CodeIgniter->run()
 7 SYSTEMPATH\Boot.php(67): CodeIgniter\Boot::runCodeIgniter(Object(CodeIgniter\CodeIgniter))
 8 FCPATH\index.php(56): CodeIgniter\Boot::bootWeb(Object(Config\Paths))
INFO - 2025-02-13 09:24:48 --> Session: Class initialized using 'CodeIgniter\Session\Handlers\FileHandler' driver.
WARNING - 2025-02-13 09:24:48 --> [DEPRECATED] Creation of dynamic property IonAuth\Models\IonAuthModel::$join is deprecated in FCPATH\vendor\benedmunds\codeigniter-ion-auth\Models\IonAuthModel.php on line 231.
 1 APPPATH\Libraries\IonAuth.php(71): IonAuth\Models\IonAuthModel->__construct()
 2 APPPATH\Filters\CheckPermissions.php(16): App\Libraries\IonAuth->__construct()
 3 SYSTEMPATH\Filters\Filters.php(197): App\Filters\CheckPermissions->__construct()
 4 SYSTEMPATH\Filters\Filters.php(184): CodeIgniter\Filters\Filters->runBefore([...])
 5 SYSTEMPATH\CodeIgniter.php(481): CodeIgniter\Filters\Filters->run('vendor/products/stock_alert', 'before')
 6 SYSTEMPATH\CodeIgniter.php(355): CodeIgniter\CodeIgniter->handleRequest(null, Object(Config\Cache), false)
 7 SYSTEMPATH\Boot.php(325): CodeIgniter\CodeIgniter->run()
 8 SYSTEMPATH\Boot.php(67): CodeIgniter\Boot::runCodeIgniter(Object(CodeIgniter\CodeIgniter))
 9 FCPATH\index.php(56): CodeIgniter\Boot::bootWeb(Object(Config\Paths))
WARNING - 2025-02-13 09:24:48 --> [DEPRECATED] Creation of dynamic property IonAuth\Models\IonAuthModel::$hashMethod is deprecated in FCPATH\vendor\benedmunds\codeigniter-ion-auth\Models\IonAuthModel.php on line 234.
 1 APPPATH\Libraries\IonAuth.php(71): IonAuth\Models\IonAuthModel->__construct()
 2 APPPATH\Filters\CheckPermissions.php(16): App\Libraries\IonAuth->__construct()
 3 SYSTEMPATH\Filters\Filters.php(197): App\Filters\CheckPermissions->__construct()
 4 SYSTEMPATH\Filters\Filters.php(184): CodeIgniter\Filters\Filters->runBefore([...])
 5 SYSTEMPATH\CodeIgniter.php(481): CodeIgniter\Filters\Filters->run('vendor/products/stock_alert', 'before')
 6 SYSTEMPATH\CodeIgniter.php(355): CodeIgniter\CodeIgniter->handleRequest(null, Object(Config\Cache), false)
 7 SYSTEMPATH\Boot.php(325): CodeIgniter\CodeIgniter->run()
 8 SYSTEMPATH\Boot.php(67): CodeIgniter\Boot::runCodeIgniter(Object(CodeIgniter\CodeIgniter))
 9 FCPATH\index.php(56): CodeIgniter\Boot::bootWeb(Object(Config\Paths))
WARNING - 2025-02-13 09:24:48 --> [DEPRECATED] Creation of dynamic property IonAuth\Models\IonAuthModel::$messagesTemplates is deprecated in FCPATH\vendor\benedmunds\codeigniter-ion-auth\Models\IonAuthModel.php on line 237.
 1 APPPATH\Libraries\IonAuth.php(71): IonAuth\Models\IonAuthModel->__construct()
 2 APPPATH\Filters\CheckPermissions.php(16): App\Libraries\IonAuth->__construct()
 3 SYSTEMPATH\Filters\Filters.php(197): App\Filters\CheckPermissions->__construct()
 4 SYSTEMPATH\Filters\Filters.php(184): CodeIgniter\Filters\Filters->runBefore([...])
 5 SYSTEMPATH\CodeIgniter.php(481): CodeIgniter\Filters\Filters->run('vendor/products/stock_alert', 'before')
 6 SYSTEMPATH\CodeIgniter.php(355): CodeIgniter\CodeIgniter->handleRequest(null, Object(Config\Cache), false)
 7 SYSTEMPATH\Boot.php(325): CodeIgniter\CodeIgniter->run()
 8 SYSTEMPATH\Boot.php(67): CodeIgniter\Boot::runCodeIgniter(Object(CodeIgniter\CodeIgniter))
 9 FCPATH\index.php(56): CodeIgniter\Boot::bootWeb(Object(Config\Paths))
WARNING - 2025-02-13 09:24:48 --> [DEPRECATED] Creation of dynamic property IonAuth\Models\IonAuthModel::$join is deprecated in FCPATH\vendor\benedmunds\codeigniter-ion-auth\Models\IonAuthModel.php on line 231.
 1 APPPATH\Libraries\IonAuth.php(71): IonAuth\Models\IonAuthModel->__construct()
 2 APPPATH\Controllers\vendor\Products.php(25): App\Libraries\IonAuth->__construct()
 3 SYSTEMPATH\CodeIgniter.php(903): App\Controllers\vendor\Products->__construct()
 4 SYSTEMPATH\CodeIgniter.php(500): CodeIgniter\CodeIgniter->createController()
 5 SYSTEMPATH\CodeIgniter.php(355): CodeIgniter\CodeIgniter->handleRequest(null, Object(Config\Cache), false)
 6 SYSTEMPATH\Boot.php(325): CodeIgniter\CodeIgniter->run()
 7 SYSTEMPATH\Boot.php(67): CodeIgniter\Boot::runCodeIgniter(Object(CodeIgniter\CodeIgniter))
 8 FCPATH\index.php(56): CodeIgniter\Boot::bootWeb(Object(Config\Paths))
WARNING - 2025-02-13 09:24:48 --> [DEPRECATED] Creation of dynamic property IonAuth\Models\IonAuthModel::$hashMethod is deprecated in FCPATH\vendor\benedmunds\codeigniter-ion-auth\Models\IonAuthModel.php on line 234.
 1 APPPATH\Libraries\IonAuth.php(71): IonAuth\Models\IonAuthModel->__construct()
 2 APPPATH\Controllers\vendor\Products.php(25): App\Libraries\IonAuth->__construct()
 3 SYSTEMPATH\CodeIgniter.php(903): App\Controllers\vendor\Products->__construct()
 4 SYSTEMPATH\CodeIgniter.php(500): CodeIgniter\CodeIgniter->createController()
 5 SYSTEMPATH\CodeIgniter.php(355): CodeIgniter\CodeIgniter->handleRequest(null, Object(Config\Cache), false)
 6 SYSTEMPATH\Boot.php(325): CodeIgniter\CodeIgniter->run()
 7 SYSTEMPATH\Boot.php(67): CodeIgniter\Boot::runCodeIgniter(Object(CodeIgniter\CodeIgniter))
 8 FCPATH\index.php(56): CodeIgniter\Boot::bootWeb(Object(Config\Paths))
WARNING - 2025-02-13 09:24:48 --> [DEPRECATED] Creation of dynamic property IonAuth\Models\IonAuthModel::$messagesTemplates is deprecated in FCPATH\vendor\benedmunds\codeigniter-ion-auth\Models\IonAuthModel.php on line 237.
 1 APPPATH\Libraries\IonAuth.php(71): IonAuth\Models\IonAuthModel->__construct()
 2 APPPATH\Controllers\vendor\Products.php(25): App\Libraries\IonAuth->__construct()
 3 SYSTEMPATH\CodeIgniter.php(903): App\Controllers\vendor\Products->__construct()
 4 SYSTEMPATH\CodeIgniter.php(500): CodeIgniter\CodeIgniter->createController()
 5 SYSTEMPATH\CodeIgniter.php(355): CodeIgniter\CodeIgniter->handleRequest(null, Object(Config\Cache), false)
 6 SYSTEMPATH\Boot.php(325): CodeIgniter\CodeIgniter->run()
 7 SYSTEMPATH\Boot.php(67): CodeIgniter\Boot::runCodeIgniter(Object(CodeIgniter\CodeIgniter))
 8 FCPATH\index.php(56): CodeIgniter\Boot::bootWeb(Object(Config\Paths))
WARNING - 2025-02-13 14:54:48 --> [DEPRECATED] Creation of dynamic property IonAuth\Models\IonAuthModel::$join is deprecated in FCPATH\vendor\benedmunds\codeigniter-ion-auth\Models\IonAuthModel.php on line 231.
 1 APPPATH\Libraries\IonAuth.php(71): IonAuth\Models\IonAuthModel->__construct()
 2 APPPATH\Filters\CheckPermissions.php(16): App\Libraries\IonAuth->__construct()
 3 SYSTEMPATH\Filters\Filters.php(235): App\Filters\CheckPermissions->__construct()
 4 SYSTEMPATH\Filters\Filters.php(188): CodeIgniter\Filters\Filters->runAfter([...])
 5 SYSTEMPATH\CodeIgniter.php(527): CodeIgniter\Filters\Filters->run('vendor/products/stock_alert', 'after')
 6 SYSTEMPATH\CodeIgniter.php(355): CodeIgniter\CodeIgniter->handleRequest(null, Object(Config\Cache), false)
 7 SYSTEMPATH\Boot.php(325): CodeIgniter\CodeIgniter->run()
 8 SYSTEMPATH\Boot.php(67): CodeIgniter\Boot::runCodeIgniter(Object(CodeIgniter\CodeIgniter))
 9 FCPATH\index.php(56): CodeIgniter\Boot::bootWeb(Object(Config\Paths))
WARNING - 2025-02-13 14:54:48 --> [DEPRECATED] Creation of dynamic property IonAuth\Models\IonAuthModel::$hashMethod is deprecated in FCPATH\vendor\benedmunds\codeigniter-ion-auth\Models\IonAuthModel.php on line 234.
 1 APPPATH\Libraries\IonAuth.php(71): IonAuth\Models\IonAuthModel->__construct()
 2 APPPATH\Filters\CheckPermissions.php(16): App\Libraries\IonAuth->__construct()
 3 SYSTEMPATH\Filters\Filters.php(235): App\Filters\CheckPermissions->__construct()
 4 SYSTEMPATH\Filters\Filters.php(188): CodeIgniter\Filters\Filters->runAfter([...])
 5 SYSTEMPATH\CodeIgniter.php(527): CodeIgniter\Filters\Filters->run('vendor/products/stock_alert', 'after')
 6 SYSTEMPATH\CodeIgniter.php(355): CodeIgniter\CodeIgniter->handleRequest(null, Object(Config\Cache), false)
 7 SYSTEMPATH\Boot.php(325): CodeIgniter\CodeIgniter->run()
 8 SYSTEMPATH\Boot.php(67): CodeIgniter\Boot::runCodeIgniter(Object(CodeIgniter\CodeIgniter))
 9 FCPATH\index.php(56): CodeIgniter\Boot::bootWeb(Object(Config\Paths))
WARNING - 2025-02-13 14:54:48 --> [DEPRECATED] Creation of dynamic property IonAuth\Models\IonAuthModel::$messagesTemplates is deprecated in FCPATH\vendor\benedmunds\codeigniter-ion-auth\Models\IonAuthModel.php on line 237.
 1 APPPATH\Libraries\IonAuth.php(71): IonAuth\Models\IonAuthModel->__construct()
 2 APPPATH\Filters\CheckPermissions.php(16): App\Libraries\IonAuth->__construct()
 3 SYSTEMPATH\Filters\Filters.php(235): App\Filters\CheckPermissions->__construct()
 4 SYSTEMPATH\Filters\Filters.php(188): CodeIgniter\Filters\Filters->runAfter([...])
 5 SYSTEMPATH\CodeIgniter.php(527): CodeIgniter\Filters\Filters->run('vendor/products/stock_alert', 'after')
 6 SYSTEMPATH\CodeIgniter.php(355): CodeIgniter\CodeIgniter->handleRequest(null, Object(Config\Cache), false)
 7 SYSTEMPATH\Boot.php(325): CodeIgniter\CodeIgniter->run()
 8 SYSTEMPATH\Boot.php(67): CodeIgniter\Boot::runCodeIgniter(Object(CodeIgniter\CodeIgniter))
 9 FCPATH\index.php(56): CodeIgniter\Boot::bootWeb(Object(Config\Paths))
INFO - 2025-02-13 09:28:06 --> Session: Class initialized using 'CodeIgniter\Session\Handlers\FileHandler' driver.
WARNING - 2025-02-13 09:28:06 --> [DEPRECATED] Creation of dynamic property IonAuth\Models\IonAuthModel::$join is deprecated in FCPATH\vendor\benedmunds\codeigniter-ion-auth\Models\IonAuthModel.php on line 231.
 1 APPPATH\Libraries\IonAuth.php(71): IonAuth\Models\IonAuthModel->__construct()
 2 APPPATH\Controllers\vendor\Brand.php(18): App\Libraries\IonAuth->__construct()
 3 SYSTEMPATH\CodeIgniter.php(903): App\Controllers\Vendor\Brand->__construct()
 4 SYSTEMPATH\CodeIgniter.php(500): CodeIgniter\CodeIgniter->createController()
 5 SYSTEMPATH\CodeIgniter.php(355): CodeIgniter\CodeIgniter->handleRequest(null, Object(Config\Cache), false)
 6 SYSTEMPATH\Boot.php(325): CodeIgniter\CodeIgniter->run()
 7 SYSTEMPATH\Boot.php(67): CodeIgniter\Boot::runCodeIgniter(Object(CodeIgniter\CodeIgniter))
 8 FCPATH\index.php(56): CodeIgniter\Boot::bootWeb(Object(Config\Paths))
WARNING - 2025-02-13 09:28:06 --> [DEPRECATED] Creation of dynamic property IonAuth\Models\IonAuthModel::$hashMethod is deprecated in FCPATH\vendor\benedmunds\codeigniter-ion-auth\Models\IonAuthModel.php on line 234.
 1 APPPATH\Libraries\IonAuth.php(71): IonAuth\Models\IonAuthModel->__construct()
 2 APPPATH\Controllers\vendor\Brand.php(18): App\Libraries\IonAuth->__construct()
 3 SYSTEMPATH\CodeIgniter.php(903): App\Controllers\Vendor\Brand->__construct()
 4 SYSTEMPATH\CodeIgniter.php(500): CodeIgniter\CodeIgniter->createController()
 5 SYSTEMPATH\CodeIgniter.php(355): CodeIgniter\CodeIgniter->handleRequest(null, Object(Config\Cache), false)
 6 SYSTEMPATH\Boot.php(325): CodeIgniter\CodeIgniter->run()
 7 SYSTEMPATH\Boot.php(67): CodeIgniter\Boot::runCodeIgniter(Object(CodeIgniter\CodeIgniter))
 8 FCPATH\index.php(56): CodeIgniter\Boot::bootWeb(Object(Config\Paths))
WARNING - 2025-02-13 09:28:06 --> [DEPRECATED] Creation of dynamic property IonAuth\Models\IonAuthModel::$messagesTemplates is deprecated in FCPATH\vendor\benedmunds\codeigniter-ion-auth\Models\IonAuthModel.php on line 237.
 1 APPPATH\Libraries\IonAuth.php(71): IonAuth\Models\IonAuthModel->__construct()
 2 APPPATH\Controllers\vendor\Brand.php(18): App\Libraries\IonAuth->__construct()
 3 SYSTEMPATH\CodeIgniter.php(903): App\Controllers\Vendor\Brand->__construct()
 4 SYSTEMPATH\CodeIgniter.php(500): CodeIgniter\CodeIgniter->createController()
 5 SYSTEMPATH\CodeIgniter.php(355): CodeIgniter\CodeIgniter->handleRequest(null, Object(Config\Cache), false)
 6 SYSTEMPATH\Boot.php(325): CodeIgniter\CodeIgniter->run()
 7 SYSTEMPATH\Boot.php(67): CodeIgniter\Boot::runCodeIgniter(Object(CodeIgniter\CodeIgniter))
 8 FCPATH\index.php(56): CodeIgniter\Boot::bootWeb(Object(Config\Paths))
INFO - 2025-02-13 09:28:07 --> Session: Class initialized using 'CodeIgniter\Session\Handlers\FileHandler' driver.
WARNING - 2025-02-13 09:28:07 --> [DEPRECATED] Creation of dynamic property IonAuth\Models\IonAuthModel::$join is deprecated in FCPATH\vendor\benedmunds\codeigniter-ion-auth\Models\IonAuthModel.php on line 231.
 1 APPPATH\Libraries\IonAuth.php(71): IonAuth\Models\IonAuthModel->__construct()
 2 APPPATH\Filters\CheckPermissions.php(16): App\Libraries\IonAuth->__construct()
 3 SYSTEMPATH\Filters\Filters.php(197): App\Filters\CheckPermissions->__construct()
 4 SYSTEMPATH\Filters\Filters.php(184): CodeIgniter\Filters\Filters->runBefore([...])
 5 SYSTEMPATH\CodeIgniter.php(481): CodeIgniter\Filters\Filters->run('vendor/products/stock_alert', 'before')
 6 SYSTEMPATH\CodeIgniter.php(355): CodeIgniter\CodeIgniter->handleRequest(null, Object(Config\Cache), false)
 7 SYSTEMPATH\Boot.php(325): CodeIgniter\CodeIgniter->run()
 8 SYSTEMPATH\Boot.php(67): CodeIgniter\Boot::runCodeIgniter(Object(CodeIgniter\CodeIgniter))
 9 FCPATH\index.php(56): CodeIgniter\Boot::bootWeb(Object(Config\Paths))
WARNING - 2025-02-13 09:28:07 --> [DEPRECATED] Creation of dynamic property IonAuth\Models\IonAuthModel::$hashMethod is deprecated in FCPATH\vendor\benedmunds\codeigniter-ion-auth\Models\IonAuthModel.php on line 234.
 1 APPPATH\Libraries\IonAuth.php(71): IonAuth\Models\IonAuthModel->__construct()
 2 APPPATH\Filters\CheckPermissions.php(16): App\Libraries\IonAuth->__construct()
 3 SYSTEMPATH\Filters\Filters.php(197): App\Filters\CheckPermissions->__construct()
 4 SYSTEMPATH\Filters\Filters.php(184): CodeIgniter\Filters\Filters->runBefore([...])
 5 SYSTEMPATH\CodeIgniter.php(481): CodeIgniter\Filters\Filters->run('vendor/products/stock_alert', 'before')
 6 SYSTEMPATH\CodeIgniter.php(355): CodeIgniter\CodeIgniter->handleRequest(null, Object(Config\Cache), false)
 7 SYSTEMPATH\Boot.php(325): CodeIgniter\CodeIgniter->run()
 8 SYSTEMPATH\Boot.php(67): CodeIgniter\Boot::runCodeIgniter(Object(CodeIgniter\CodeIgniter))
 9 FCPATH\index.php(56): CodeIgniter\Boot::bootWeb(Object(Config\Paths))
WARNING - 2025-02-13 09:28:07 --> [DEPRECATED] Creation of dynamic property IonAuth\Models\IonAuthModel::$messagesTemplates is deprecated in FCPATH\vendor\benedmunds\codeigniter-ion-auth\Models\IonAuthModel.php on line 237.
 1 APPPATH\Libraries\IonAuth.php(71): IonAuth\Models\IonAuthModel->__construct()
 2 APPPATH\Filters\CheckPermissions.php(16): App\Libraries\IonAuth->__construct()
 3 SYSTEMPATH\Filters\Filters.php(197): App\Filters\CheckPermissions->__construct()
 4 SYSTEMPATH\Filters\Filters.php(184): CodeIgniter\Filters\Filters->runBefore([...])
 5 SYSTEMPATH\CodeIgniter.php(481): CodeIgniter\Filters\Filters->run('vendor/products/stock_alert', 'before')
 6 SYSTEMPATH\CodeIgniter.php(355): CodeIgniter\CodeIgniter->handleRequest(null, Object(Config\Cache), false)
 7 SYSTEMPATH\Boot.php(325): CodeIgniter\CodeIgniter->run()
 8 SYSTEMPATH\Boot.php(67): CodeIgniter\Boot::runCodeIgniter(Object(CodeIgniter\CodeIgniter))
 9 FCPATH\index.php(56): CodeIgniter\Boot::bootWeb(Object(Config\Paths))
WARNING - 2025-02-13 09:28:07 --> [DEPRECATED] Creation of dynamic property IonAuth\Models\IonAuthModel::$join is deprecated in FCPATH\vendor\benedmunds\codeigniter-ion-auth\Models\IonAuthModel.php on line 231.
 1 APPPATH\Libraries\IonAuth.php(71): IonAuth\Models\IonAuthModel->__construct()
 2 APPPATH\Controllers\vendor\Products.php(25): App\Libraries\IonAuth->__construct()
 3 SYSTEMPATH\CodeIgniter.php(903): App\Controllers\vendor\Products->__construct()
 4 SYSTEMPATH\CodeIgniter.php(500): CodeIgniter\CodeIgniter->createController()
 5 SYSTEMPATH\CodeIgniter.php(355): CodeIgniter\CodeIgniter->handleRequest(null, Object(Config\Cache), false)
 6 SYSTEMPATH\Boot.php(325): CodeIgniter\CodeIgniter->run()
 7 SYSTEMPATH\Boot.php(67): CodeIgniter\Boot::runCodeIgniter(Object(CodeIgniter\CodeIgniter))
 8 FCPATH\index.php(56): CodeIgniter\Boot::bootWeb(Object(Config\Paths))
WARNING - 2025-02-13 09:28:07 --> [DEPRECATED] Creation of dynamic property IonAuth\Models\IonAuthModel::$hashMethod is deprecated in FCPATH\vendor\benedmunds\codeigniter-ion-auth\Models\IonAuthModel.php on line 234.
 1 APPPATH\Libraries\IonAuth.php(71): IonAuth\Models\IonAuthModel->__construct()
 2 APPPATH\Controllers\vendor\Products.php(25): App\Libraries\IonAuth->__construct()
 3 SYSTEMPATH\CodeIgniter.php(903): App\Controllers\vendor\Products->__construct()
 4 SYSTEMPATH\CodeIgniter.php(500): CodeIgniter\CodeIgniter->createController()
 5 SYSTEMPATH\CodeIgniter.php(355): CodeIgniter\CodeIgniter->handleRequest(null, Object(Config\Cache), false)
 6 SYSTEMPATH\Boot.php(325): CodeIgniter\CodeIgniter->run()
 7 SYSTEMPATH\Boot.php(67): CodeIgniter\Boot::runCodeIgniter(Object(CodeIgniter\CodeIgniter))
 8 FCPATH\index.php(56): CodeIgniter\Boot::bootWeb(Object(Config\Paths))
WARNING - 2025-02-13 09:28:07 --> [DEPRECATED] Creation of dynamic property IonAuth\Models\IonAuthModel::$messagesTemplates is deprecated in FCPATH\vendor\benedmunds\codeigniter-ion-auth\Models\IonAuthModel.php on line 237.
 1 APPPATH\Libraries\IonAuth.php(71): IonAuth\Models\IonAuthModel->__construct()
 2 APPPATH\Controllers\vendor\Products.php(25): App\Libraries\IonAuth->__construct()
 3 SYSTEMPATH\CodeIgniter.php(903): App\Controllers\vendor\Products->__construct()
 4 SYSTEMPATH\CodeIgniter.php(500): CodeIgniter\CodeIgniter->createController()
 5 SYSTEMPATH\CodeIgniter.php(355): CodeIgniter\CodeIgniter->handleRequest(null, Object(Config\Cache), false)
 6 SYSTEMPATH\Boot.php(325): CodeIgniter\CodeIgniter->run()
 7 SYSTEMPATH\Boot.php(67): CodeIgniter\Boot::runCodeIgniter(Object(CodeIgniter\CodeIgniter))
 8 FCPATH\index.php(56): CodeIgniter\Boot::bootWeb(Object(Config\Paths))
WARNING - 2025-02-13 14:58:07 --> [DEPRECATED] Creation of dynamic property IonAuth\Models\IonAuthModel::$join is deprecated in FCPATH\vendor\benedmunds\codeigniter-ion-auth\Models\IonAuthModel.php on line 231.
 1 APPPATH\Libraries\IonAuth.php(71): IonAuth\Models\IonAuthModel->__construct()
 2 APPPATH\Filters\CheckPermissions.php(16): App\Libraries\IonAuth->__construct()
 3 SYSTEMPATH\Filters\Filters.php(235): App\Filters\CheckPermissions->__construct()
 4 SYSTEMPATH\Filters\Filters.php(188): CodeIgniter\Filters\Filters->runAfter([...])
 5 SYSTEMPATH\CodeIgniter.php(527): CodeIgniter\Filters\Filters->run('vendor/products/stock_alert', 'after')
 6 SYSTEMPATH\CodeIgniter.php(355): CodeIgniter\CodeIgniter->handleRequest(null, Object(Config\Cache), false)
 7 SYSTEMPATH\Boot.php(325): CodeIgniter\CodeIgniter->run()
 8 SYSTEMPATH\Boot.php(67): CodeIgniter\Boot::runCodeIgniter(Object(CodeIgniter\CodeIgniter))
 9 FCPATH\index.php(56): CodeIgniter\Boot::bootWeb(Object(Config\Paths))
WARNING - 2025-02-13 14:58:07 --> [DEPRECATED] Creation of dynamic property IonAuth\Models\IonAuthModel::$hashMethod is deprecated in FCPATH\vendor\benedmunds\codeigniter-ion-auth\Models\IonAuthModel.php on line 234.
 1 APPPATH\Libraries\IonAuth.php(71): IonAuth\Models\IonAuthModel->__construct()
 2 APPPATH\Filters\CheckPermissions.php(16): App\Libraries\IonAuth->__construct()
 3 SYSTEMPATH\Filters\Filters.php(235): App\Filters\CheckPermissions->__construct()
 4 SYSTEMPATH\Filters\Filters.php(188): CodeIgniter\Filters\Filters->runAfter([...])
 5 SYSTEMPATH\CodeIgniter.php(527): CodeIgniter\Filters\Filters->run('vendor/products/stock_alert', 'after')
 6 SYSTEMPATH\CodeIgniter.php(355): CodeIgniter\CodeIgniter->handleRequest(null, Object(Config\Cache), false)
 7 SYSTEMPATH\Boot.php(325): CodeIgniter\CodeIgniter->run()
 8 SYSTEMPATH\Boot.php(67): CodeIgniter\Boot::runCodeIgniter(Object(CodeIgniter\CodeIgniter))
 9 FCPATH\index.php(56): CodeIgniter\Boot::bootWeb(Object(Config\Paths))
WARNING - 2025-02-13 14:58:07 --> [DEPRECATED] Creation of dynamic property IonAuth\Models\IonAuthModel::$messagesTemplates is deprecated in FCPATH\vendor\benedmunds\codeigniter-ion-auth\Models\IonAuthModel.php on line 237.
 1 APPPATH\Libraries\IonAuth.php(71): IonAuth\Models\IonAuthModel->__construct()
 2 APPPATH\Filters\CheckPermissions.php(16): App\Libraries\IonAuth->__construct()
 3 SYSTEMPATH\Filters\Filters.php(235): App\Filters\CheckPermissions->__construct()
 4 SYSTEMPATH\Filters\Filters.php(188): CodeIgniter\Filters\Filters->runAfter([...])
 5 SYSTEMPATH\CodeIgniter.php(527): CodeIgniter\Filters\Filters->run('vendor/products/stock_alert', 'after')
 6 SYSTEMPATH\CodeIgniter.php(355): CodeIgniter\CodeIgniter->handleRequest(null, Object(Config\Cache), false)
 7 SYSTEMPATH\Boot.php(325): CodeIgniter\CodeIgniter->run()
 8 SYSTEMPATH\Boot.php(67): CodeIgniter\Boot::runCodeIgniter(Object(CodeIgniter\CodeIgniter))
 9 FCPATH\index.php(56): CodeIgniter\Boot::bootWeb(Object(Config\Paths))
INFO - 2025-02-13 09:35:15 --> Session: Class initialized using 'CodeIgniter\Session\Handlers\FileHandler' driver.
WARNING - 2025-02-13 09:35:15 --> [DEPRECATED] Creation of dynamic property IonAuth\Models\IonAuthModel::$join is deprecated in FCPATH\vendor\benedmunds\codeigniter-ion-auth\Models\IonAuthModel.php on line 231.
 1 APPPATH\Libraries\IonAuth.php(71): IonAuth\Models\IonAuthModel->__construct()
 2 APPPATH\Controllers\vendor\Brand.php(18): App\Libraries\IonAuth->__construct()
 3 SYSTEMPATH\CodeIgniter.php(903): App\Controllers\Vendor\Brand->__construct()
 4 SYSTEMPATH\CodeIgniter.php(500): CodeIgniter\CodeIgniter->createController()
 5 SYSTEMPATH\CodeIgniter.php(355): CodeIgniter\CodeIgniter->handleRequest(null, Object(Config\Cache), false)
 6 SYSTEMPATH\Boot.php(325): CodeIgniter\CodeIgniter->run()
 7 SYSTEMPATH\Boot.php(67): CodeIgniter\Boot::runCodeIgniter(Object(CodeIgniter\CodeIgniter))
 8 FCPATH\index.php(56): CodeIgniter\Boot::bootWeb(Object(Config\Paths))
WARNING - 2025-02-13 09:35:15 --> [DEPRECATED] Creation of dynamic property IonAuth\Models\IonAuthModel::$hashMethod is deprecated in FCPATH\vendor\benedmunds\codeigniter-ion-auth\Models\IonAuthModel.php on line 234.
 1 APPPATH\Libraries\IonAuth.php(71): IonAuth\Models\IonAuthModel->__construct()
 2 APPPATH\Controllers\vendor\Brand.php(18): App\Libraries\IonAuth->__construct()
 3 SYSTEMPATH\CodeIgniter.php(903): App\Controllers\Vendor\Brand->__construct()
 4 SYSTEMPATH\CodeIgniter.php(500): CodeIgniter\CodeIgniter->createController()
 5 SYSTEMPATH\CodeIgniter.php(355): CodeIgniter\CodeIgniter->handleRequest(null, Object(Config\Cache), false)
 6 SYSTEMPATH\Boot.php(325): CodeIgniter\CodeIgniter->run()
 7 SYSTEMPATH\Boot.php(67): CodeIgniter\Boot::runCodeIgniter(Object(CodeIgniter\CodeIgniter))
 8 FCPATH\index.php(56): CodeIgniter\Boot::bootWeb(Object(Config\Paths))
WARNING - 2025-02-13 09:35:15 --> [DEPRECATED] Creation of dynamic property IonAuth\Models\IonAuthModel::$messagesTemplates is deprecated in FCPATH\vendor\benedmunds\codeigniter-ion-auth\Models\IonAuthModel.php on line 237.
 1 APPPATH\Libraries\IonAuth.php(71): IonAuth\Models\IonAuthModel->__construct()
 2 APPPATH\Controllers\vendor\Brand.php(18): App\Libraries\IonAuth->__construct()
 3 SYSTEMPATH\CodeIgniter.php(903): App\Controllers\Vendor\Brand->__construct()
 4 SYSTEMPATH\CodeIgniter.php(500): CodeIgniter\CodeIgniter->createController()
 5 SYSTEMPATH\CodeIgniter.php(355): CodeIgniter\CodeIgniter->handleRequest(null, Object(Config\Cache), false)
 6 SYSTEMPATH\Boot.php(325): CodeIgniter\CodeIgniter->run()
 7 SYSTEMPATH\Boot.php(67): CodeIgniter\Boot::runCodeIgniter(Object(CodeIgniter\CodeIgniter))
 8 FCPATH\index.php(56): CodeIgniter\Boot::bootWeb(Object(Config\Paths))
INFO - 2025-02-13 09:35:15 --> Session: Class initialized using 'CodeIgniter\Session\Handlers\FileHandler' driver.
WARNING - 2025-02-13 09:35:15 --> [DEPRECATED] Creation of dynamic property IonAuth\Models\IonAuthModel::$join is deprecated in FCPATH\vendor\benedmunds\codeigniter-ion-auth\Models\IonAuthModel.php on line 231.
 1 APPPATH\Libraries\IonAuth.php(71): IonAuth\Models\IonAuthModel->__construct()
 2 APPPATH\Controllers\vendor\Brand.php(18): App\Libraries\IonAuth->__construct()
 3 SYSTEMPATH\CodeIgniter.php(903): App\Controllers\Vendor\Brand->__construct()
 4 SYSTEMPATH\CodeIgniter.php(500): CodeIgniter\CodeIgniter->createController()
 5 SYSTEMPATH\CodeIgniter.php(355): CodeIgniter\CodeIgniter->handleRequest(null, Object(Config\Cache), false)
 6 SYSTEMPATH\Boot.php(325): CodeIgniter\CodeIgniter->run()
 7 SYSTEMPATH\Boot.php(67): CodeIgniter\Boot::runCodeIgniter(Object(CodeIgniter\CodeIgniter))
 8 FCPATH\index.php(56): CodeIgniter\Boot::bootWeb(Object(Config\Paths))
WARNING - 2025-02-13 09:35:15 --> [DEPRECATED] Creation of dynamic property IonAuth\Models\IonAuthModel::$hashMethod is deprecated in FCPATH\vendor\benedmunds\codeigniter-ion-auth\Models\IonAuthModel.php on line 234.
 1 APPPATH\Libraries\IonAuth.php(71): IonAuth\Models\IonAuthModel->__construct()
 2 APPPATH\Controllers\vendor\Brand.php(18): App\Libraries\IonAuth->__construct()
 3 SYSTEMPATH\CodeIgniter.php(903): App\Controllers\Vendor\Brand->__construct()
 4 SYSTEMPATH\CodeIgniter.php(500): CodeIgniter\CodeIgniter->createController()
 5 SYSTEMPATH\CodeIgniter.php(355): CodeIgniter\CodeIgniter->handleRequest(null, Object(Config\Cache), false)
 6 SYSTEMPATH\Boot.php(325): CodeIgniter\CodeIgniter->run()
 7 SYSTEMPATH\Boot.php(67): CodeIgniter\Boot::runCodeIgniter(Object(CodeIgniter\CodeIgniter))
 8 FCPATH\index.php(56): CodeIgniter\Boot::bootWeb(Object(Config\Paths))
WARNING - 2025-02-13 09:35:15 --> [DEPRECATED] Creation of dynamic property IonAuth\Models\IonAuthModel::$messagesTemplates is deprecated in FCPATH\vendor\benedmunds\codeigniter-ion-auth\Models\IonAuthModel.php on line 237.
 1 APPPATH\Libraries\IonAuth.php(71): IonAuth\Models\IonAuthModel->__construct()
 2 APPPATH\Controllers\vendor\Brand.php(18): App\Libraries\IonAuth->__construct()
 3 SYSTEMPATH\CodeIgniter.php(903): App\Controllers\Vendor\Brand->__construct()
 4 SYSTEMPATH\CodeIgniter.php(500): CodeIgniter\CodeIgniter->createController()
 5 SYSTEMPATH\CodeIgniter.php(355): CodeIgniter\CodeIgniter->handleRequest(null, Object(Config\Cache), false)
 6 SYSTEMPATH\Boot.php(325): CodeIgniter\CodeIgniter->run()
 7 SYSTEMPATH\Boot.php(67): CodeIgniter\Boot::runCodeIgniter(Object(CodeIgniter\CodeIgniter))
 8 FCPATH\index.php(56): CodeIgniter\Boot::bootWeb(Object(Config\Paths))
INFO - 2025-02-13 09:35:15 --> Session: Class initialized using 'CodeIgniter\Session\Handlers\FileHandler' driver.
WARNING - 2025-02-13 09:35:15 --> [DEPRECATED] Creation of dynamic property IonAuth\Models\IonAuthModel::$join is deprecated in FCPATH\vendor\benedmunds\codeigniter-ion-auth\Models\IonAuthModel.php on line 231.
 1 APPPATH\Libraries\IonAuth.php(71): IonAuth\Models\IonAuthModel->__construct()
 2 APPPATH\Controllers\vendor\Brand.php(18): App\Libraries\IonAuth->__construct()
 3 SYSTEMPATH\CodeIgniter.php(903): App\Controllers\Vendor\Brand->__construct()
 4 SYSTEMPATH\CodeIgniter.php(500): CodeIgniter\CodeIgniter->createController()
 5 SYSTEMPATH\CodeIgniter.php(355): CodeIgniter\CodeIgniter->handleRequest(null, Object(Config\Cache), false)
 6 SYSTEMPATH\Boot.php(325): CodeIgniter\CodeIgniter->run()
 7 SYSTEMPATH\Boot.php(67): CodeIgniter\Boot::runCodeIgniter(Object(CodeIgniter\CodeIgniter))
 8 FCPATH\index.php(56): CodeIgniter\Boot::bootWeb(Object(Config\Paths))
WARNING - 2025-02-13 09:35:15 --> [DEPRECATED] Creation of dynamic property IonAuth\Models\IonAuthModel::$hashMethod is deprecated in FCPATH\vendor\benedmunds\codeigniter-ion-auth\Models\IonAuthModel.php on line 234.
 1 APPPATH\Libraries\IonAuth.php(71): IonAuth\Models\IonAuthModel->__construct()
 2 APPPATH\Controllers\vendor\Brand.php(18): App\Libraries\IonAuth->__construct()
 3 SYSTEMPATH\CodeIgniter.php(903): App\Controllers\Vendor\Brand->__construct()
 4 SYSTEMPATH\CodeIgniter.php(500): CodeIgniter\CodeIgniter->createController()
 5 SYSTEMPATH\CodeIgniter.php(355): CodeIgniter\CodeIgniter->handleRequest(null, Object(Config\Cache), false)
 6 SYSTEMPATH\Boot.php(325): CodeIgniter\CodeIgniter->run()
 7 SYSTEMPATH\Boot.php(67): CodeIgniter\Boot::runCodeIgniter(Object(CodeIgniter\CodeIgniter))
 8 FCPATH\index.php(56): CodeIgniter\Boot::bootWeb(Object(Config\Paths))
WARNING - 2025-02-13 09:35:15 --> [DEPRECATED] Creation of dynamic property IonAuth\Models\IonAuthModel::$messagesTemplates is deprecated in FCPATH\vendor\benedmunds\codeigniter-ion-auth\Models\IonAuthModel.php on line 237.
 1 APPPATH\Libraries\IonAuth.php(71): IonAuth\Models\IonAuthModel->__construct()
 2 APPPATH\Controllers\vendor\Brand.php(18): App\Libraries\IonAuth->__construct()
 3 SYSTEMPATH\CodeIgniter.php(903): App\Controllers\Vendor\Brand->__construct()
 4 SYSTEMPATH\CodeIgniter.php(500): CodeIgniter\CodeIgniter->createController()
 5 SYSTEMPATH\CodeIgniter.php(355): CodeIgniter\CodeIgniter->handleRequest(null, Object(Config\Cache), false)
 6 SYSTEMPATH\Boot.php(325): CodeIgniter\CodeIgniter->run()
 7 SYSTEMPATH\Boot.php(67): CodeIgniter\Boot::runCodeIgniter(Object(CodeIgniter\CodeIgniter))
 8 FCPATH\index.php(56): CodeIgniter\Boot::bootWeb(Object(Config\Paths))
INFO - 2025-02-13 09:35:15 --> Session: Class initialized using 'CodeIgniter\Session\Handlers\FileHandler' driver.
WARNING - 2025-02-13 09:35:15 --> [DEPRECATED] Creation of dynamic property IonAuth\Models\IonAuthModel::$join is deprecated in FCPATH\vendor\benedmunds\codeigniter-ion-auth\Models\IonAuthModel.php on line 231.
 1 APPPATH\Libraries\IonAuth.php(71): IonAuth\Models\IonAuthModel->__construct()
 2 APPPATH\Controllers\vendor\Brand.php(18): App\Libraries\IonAuth->__construct()
 3 SYSTEMPATH\CodeIgniter.php(903): App\Controllers\Vendor\Brand->__construct()
 4 SYSTEMPATH\CodeIgniter.php(500): CodeIgniter\CodeIgniter->createController()
 5 SYSTEMPATH\CodeIgniter.php(355): CodeIgniter\CodeIgniter->handleRequest(null, Object(Config\Cache), false)
 6 SYSTEMPATH\Boot.php(325): CodeIgniter\CodeIgniter->run()
 7 SYSTEMPATH\Boot.php(67): CodeIgniter\Boot::runCodeIgniter(Object(CodeIgniter\CodeIgniter))
 8 FCPATH\index.php(56): CodeIgniter\Boot::bootWeb(Object(Config\Paths))
WARNING - 2025-02-13 09:35:15 --> [DEPRECATED] Creation of dynamic property IonAuth\Models\IonAuthModel::$hashMethod is deprecated in FCPATH\vendor\benedmunds\codeigniter-ion-auth\Models\IonAuthModel.php on line 234.
 1 APPPATH\Libraries\IonAuth.php(71): IonAuth\Models\IonAuthModel->__construct()
 2 APPPATH\Controllers\vendor\Brand.php(18): App\Libraries\IonAuth->__construct()
 3 SYSTEMPATH\CodeIgniter.php(903): App\Controllers\Vendor\Brand->__construct()
 4 SYSTEMPATH\CodeIgniter.php(500): CodeIgniter\CodeIgniter->createController()
 5 SYSTEMPATH\CodeIgniter.php(355): CodeIgniter\CodeIgniter->handleRequest(null, Object(Config\Cache), false)
 6 SYSTEMPATH\Boot.php(325): CodeIgniter\CodeIgniter->run()
 7 SYSTEMPATH\Boot.php(67): CodeIgniter\Boot::runCodeIgniter(Object(CodeIgniter\CodeIgniter))
 8 FCPATH\index.php(56): CodeIgniter\Boot::bootWeb(Object(Config\Paths))
WARNING - 2025-02-13 09:35:15 --> [DEPRECATED] Creation of dynamic property IonAuth\Models\IonAuthModel::$messagesTemplates is deprecated in FCPATH\vendor\benedmunds\codeigniter-ion-auth\Models\IonAuthModel.php on line 237.
 1 APPPATH\Libraries\IonAuth.php(71): IonAuth\Models\IonAuthModel->__construct()
 2 APPPATH\Controllers\vendor\Brand.php(18): App\Libraries\IonAuth->__construct()
 3 SYSTEMPATH\CodeIgniter.php(903): App\Controllers\Vendor\Brand->__construct()
 4 SYSTEMPATH\CodeIgniter.php(500): CodeIgniter\CodeIgniter->createController()
 5 SYSTEMPATH\CodeIgniter.php(355): CodeIgniter\CodeIgniter->handleRequest(null, Object(Config\Cache), false)
 6 SYSTEMPATH\Boot.php(325): CodeIgniter\CodeIgniter->run()
 7 SYSTEMPATH\Boot.php(67): CodeIgniter\Boot::runCodeIgniter(Object(CodeIgniter\CodeIgniter))
 8 FCPATH\index.php(56): CodeIgniter\Boot::bootWeb(Object(Config\Paths))
INFO - 2025-02-13 09:35:16 --> Session: Class initialized using 'CodeIgniter\Session\Handlers\FileHandler' driver.
WARNING - 2025-02-13 09:35:16 --> [DEPRECATED] Creation of dynamic property IonAuth\Models\IonAuthModel::$join is deprecated in FCPATH\vendor\benedmunds\codeigniter-ion-auth\Models\IonAuthModel.php on line 231.
 1 APPPATH\Libraries\IonAuth.php(71): IonAuth\Models\IonAuthModel->__construct()
 2 APPPATH\Controllers\vendor\Brand.php(18): App\Libraries\IonAuth->__construct()
 3 SYSTEMPATH\CodeIgniter.php(903): App\Controllers\Vendor\Brand->__construct()
 4 SYSTEMPATH\CodeIgniter.php(500): CodeIgniter\CodeIgniter->createController()
 5 SYSTEMPATH\CodeIgniter.php(355): CodeIgniter\CodeIgniter->handleRequest(null, Object(Config\Cache), false)
 6 SYSTEMPATH\Boot.php(325): CodeIgniter\CodeIgniter->run()
 7 SYSTEMPATH\Boot.php(67): CodeIgniter\Boot::runCodeIgniter(Object(CodeIgniter\CodeIgniter))
 8 FCPATH\index.php(56): CodeIgniter\Boot::bootWeb(Object(Config\Paths))
WARNING - 2025-02-13 09:35:16 --> [DEPRECATED] Creation of dynamic property IonAuth\Models\IonAuthModel::$hashMethod is deprecated in FCPATH\vendor\benedmunds\codeigniter-ion-auth\Models\IonAuthModel.php on line 234.
 1 APPPATH\Libraries\IonAuth.php(71): IonAuth\Models\IonAuthModel->__construct()
 2 APPPATH\Controllers\vendor\Brand.php(18): App\Libraries\IonAuth->__construct()
 3 SYSTEMPATH\CodeIgniter.php(903): App\Controllers\Vendor\Brand->__construct()
 4 SYSTEMPATH\CodeIgniter.php(500): CodeIgniter\CodeIgniter->createController()
 5 SYSTEMPATH\CodeIgniter.php(355): CodeIgniter\CodeIgniter->handleRequest(null, Object(Config\Cache), false)
 6 SYSTEMPATH\Boot.php(325): CodeIgniter\CodeIgniter->run()
 7 SYSTEMPATH\Boot.php(67): CodeIgniter\Boot::runCodeIgniter(Object(CodeIgniter\CodeIgniter))
 8 FCPATH\index.php(56): CodeIgniter\Boot::bootWeb(Object(Config\Paths))
WARNING - 2025-02-13 09:35:16 --> [DEPRECATED] Creation of dynamic property IonAuth\Models\IonAuthModel::$messagesTemplates is deprecated in FCPATH\vendor\benedmunds\codeigniter-ion-auth\Models\IonAuthModel.php on line 237.
 1 APPPATH\Libraries\IonAuth.php(71): IonAuth\Models\IonAuthModel->__construct()
 2 APPPATH\Controllers\vendor\Brand.php(18): App\Libraries\IonAuth->__construct()
 3 SYSTEMPATH\CodeIgniter.php(903): App\Controllers\Vendor\Brand->__construct()
 4 SYSTEMPATH\CodeIgniter.php(500): CodeIgniter\CodeIgniter->createController()
 5 SYSTEMPATH\CodeIgniter.php(355): CodeIgniter\CodeIgniter->handleRequest(null, Object(Config\Cache), false)
 6 SYSTEMPATH\Boot.php(325): CodeIgniter\CodeIgniter->run()
 7 SYSTEMPATH\Boot.php(67): CodeIgniter\Boot::runCodeIgniter(Object(CodeIgniter\CodeIgniter))
 8 FCPATH\index.php(56): CodeIgniter\Boot::bootWeb(Object(Config\Paths))
INFO - 2025-02-13 09:35:17 --> Session: Class initialized using 'CodeIgniter\Session\Handlers\FileHandler' driver.
WARNING - 2025-02-13 09:35:17 --> [DEPRECATED] Creation of dynamic property IonAuth\Models\IonAuthModel::$join is deprecated in FCPATH\vendor\benedmunds\codeigniter-ion-auth\Models\IonAuthModel.php on line 231.
 1 APPPATH\Libraries\IonAuth.php(71): IonAuth\Models\IonAuthModel->__construct()
 2 APPPATH\Controllers\vendor\Brand.php(18): App\Libraries\IonAuth->__construct()
 3 SYSTEMPATH\CodeIgniter.php(903): App\Controllers\Vendor\Brand->__construct()
 4 SYSTEMPATH\CodeIgniter.php(500): CodeIgniter\CodeIgniter->createController()
 5 SYSTEMPATH\CodeIgniter.php(355): CodeIgniter\CodeIgniter->handleRequest(null, Object(Config\Cache), false)
 6 SYSTEMPATH\Boot.php(325): CodeIgniter\CodeIgniter->run()
 7 SYSTEMPATH\Boot.php(67): CodeIgniter\Boot::runCodeIgniter(Object(CodeIgniter\CodeIgniter))
 8 FCPATH\index.php(56): CodeIgniter\Boot::bootWeb(Object(Config\Paths))
WARNING - 2025-02-13 09:35:17 --> [DEPRECATED] Creation of dynamic property IonAuth\Models\IonAuthModel::$hashMethod is deprecated in FCPATH\vendor\benedmunds\codeigniter-ion-auth\Models\IonAuthModel.php on line 234.
 1 APPPATH\Libraries\IonAuth.php(71): IonAuth\Models\IonAuthModel->__construct()
 2 APPPATH\Controllers\vendor\Brand.php(18): App\Libraries\IonAuth->__construct()
 3 SYSTEMPATH\CodeIgniter.php(903): App\Controllers\Vendor\Brand->__construct()
 4 SYSTEMPATH\CodeIgniter.php(500): CodeIgniter\CodeIgniter->createController()
 5 SYSTEMPATH\CodeIgniter.php(355): CodeIgniter\CodeIgniter->handleRequest(null, Object(Config\Cache), false)
 6 SYSTEMPATH\Boot.php(325): CodeIgniter\CodeIgniter->run()
 7 SYSTEMPATH\Boot.php(67): CodeIgniter\Boot::runCodeIgniter(Object(CodeIgniter\CodeIgniter))
 8 FCPATH\index.php(56): CodeIgniter\Boot::bootWeb(Object(Config\Paths))
WARNING - 2025-02-13 09:35:17 --> [DEPRECATED] Creation of dynamic property IonAuth\Models\IonAuthModel::$messagesTemplates is deprecated in FCPATH\vendor\benedmunds\codeigniter-ion-auth\Models\IonAuthModel.php on line 237.
 1 APPPATH\Libraries\IonAuth.php(71): IonAuth\Models\IonAuthModel->__construct()
 2 APPPATH\Controllers\vendor\Brand.php(18): App\Libraries\IonAuth->__construct()
 3 SYSTEMPATH\CodeIgniter.php(903): App\Controllers\Vendor\Brand->__construct()
 4 SYSTEMPATH\CodeIgniter.php(500): CodeIgniter\CodeIgniter->createController()
 5 SYSTEMPATH\CodeIgniter.php(355): CodeIgniter\CodeIgniter->handleRequest(null, Object(Config\Cache), false)
 6 SYSTEMPATH\Boot.php(325): CodeIgniter\CodeIgniter->run()
 7 SYSTEMPATH\Boot.php(67): CodeIgniter\Boot::runCodeIgniter(Object(CodeIgniter\CodeIgniter))
 8 FCPATH\index.php(56): CodeIgniter\Boot::bootWeb(Object(Config\Paths))
INFO - 2025-02-13 09:35:17 --> Session: Class initialized using 'CodeIgniter\Session\Handlers\FileHandler' driver.
WARNING - 2025-02-13 09:35:17 --> [DEPRECATED] Creation of dynamic property IonAuth\Models\IonAuthModel::$join is deprecated in FCPATH\vendor\benedmunds\codeigniter-ion-auth\Models\IonAuthModel.php on line 231.
 1 APPPATH\Libraries\IonAuth.php(71): IonAuth\Models\IonAuthModel->__construct()
 2 APPPATH\Controllers\vendor\Brand.php(18): App\Libraries\IonAuth->__construct()
 3 SYSTEMPATH\CodeIgniter.php(903): App\Controllers\Vendor\Brand->__construct()
 4 SYSTEMPATH\CodeIgniter.php(500): CodeIgniter\CodeIgniter->createController()
 5 SYSTEMPATH\CodeIgniter.php(355): CodeIgniter\CodeIgniter->handleRequest(null, Object(Config\Cache), false)
 6 SYSTEMPATH\Boot.php(325): CodeIgniter\CodeIgniter->run()
 7 SYSTEMPATH\Boot.php(67): CodeIgniter\Boot::runCodeIgniter(Object(CodeIgniter\CodeIgniter))
 8 FCPATH\index.php(56): CodeIgniter\Boot::bootWeb(Object(Config\Paths))
WARNING - 2025-02-13 09:35:17 --> [DEPRECATED] Creation of dynamic property IonAuth\Models\IonAuthModel::$hashMethod is deprecated in FCPATH\vendor\benedmunds\codeigniter-ion-auth\Models\IonAuthModel.php on line 234.
 1 APPPATH\Libraries\IonAuth.php(71): IonAuth\Models\IonAuthModel->__construct()
 2 APPPATH\Controllers\vendor\Brand.php(18): App\Libraries\IonAuth->__construct()
 3 SYSTEMPATH\CodeIgniter.php(903): App\Controllers\Vendor\Brand->__construct()
 4 SYSTEMPATH\CodeIgniter.php(500): CodeIgniter\CodeIgniter->createController()
 5 SYSTEMPATH\CodeIgniter.php(355): CodeIgniter\CodeIgniter->handleRequest(null, Object(Config\Cache), false)
 6 SYSTEMPATH\Boot.php(325): CodeIgniter\CodeIgniter->run()
 7 SYSTEMPATH\Boot.php(67): CodeIgniter\Boot::runCodeIgniter(Object(CodeIgniter\CodeIgniter))
 8 FCPATH\index.php(56): CodeIgniter\Boot::bootWeb(Object(Config\Paths))
WARNING - 2025-02-13 09:35:17 --> [DEPRECATED] Creation of dynamic property IonAuth\Models\IonAuthModel::$messagesTemplates is deprecated in FCPATH\vendor\benedmunds\codeigniter-ion-auth\Models\IonAuthModel.php on line 237.
 1 APPPATH\Libraries\IonAuth.php(71): IonAuth\Models\IonAuthModel->__construct()
 2 APPPATH\Controllers\vendor\Brand.php(18): App\Libraries\IonAuth->__construct()
 3 SYSTEMPATH\CodeIgniter.php(903): App\Controllers\Vendor\Brand->__construct()
 4 SYSTEMPATH\CodeIgniter.php(500): CodeIgniter\CodeIgniter->createController()
 5 SYSTEMPATH\CodeIgniter.php(355): CodeIgniter\CodeIgniter->handleRequest(null, Object(Config\Cache), false)
 6 SYSTEMPATH\Boot.php(325): CodeIgniter\CodeIgniter->run()
 7 SYSTEMPATH\Boot.php(67): CodeIgniter\Boot::runCodeIgniter(Object(CodeIgniter\CodeIgniter))
 8 FCPATH\index.php(56): CodeIgniter\Boot::bootWeb(Object(Config\Paths))
INFO - 2025-02-13 09:35:17 --> Session: Class initialized using 'CodeIgniter\Session\Handlers\FileHandler' driver.
WARNING - 2025-02-13 09:35:17 --> [DEPRECATED] Creation of dynamic property IonAuth\Models\IonAuthModel::$join is deprecated in FCPATH\vendor\benedmunds\codeigniter-ion-auth\Models\IonAuthModel.php on line 231.
 1 APPPATH\Libraries\IonAuth.php(71): IonAuth\Models\IonAuthModel->__construct()
 2 APPPATH\Controllers\vendor\Brand.php(18): App\Libraries\IonAuth->__construct()
 3 SYSTEMPATH\CodeIgniter.php(903): App\Controllers\Vendor\Brand->__construct()
 4 SYSTEMPATH\CodeIgniter.php(500): CodeIgniter\CodeIgniter->createController()
 5 SYSTEMPATH\CodeIgniter.php(355): CodeIgniter\CodeIgniter->handleRequest(null, Object(Config\Cache), false)
 6 SYSTEMPATH\Boot.php(325): CodeIgniter\CodeIgniter->run()
 7 SYSTEMPATH\Boot.php(67): CodeIgniter\Boot::runCodeIgniter(Object(CodeIgniter\CodeIgniter))
 8 FCPATH\index.php(56): CodeIgniter\Boot::bootWeb(Object(Config\Paths))
WARNING - 2025-02-13 09:35:17 --> [DEPRECATED] Creation of dynamic property IonAuth\Models\IonAuthModel::$hashMethod is deprecated in FCPATH\vendor\benedmunds\codeigniter-ion-auth\Models\IonAuthModel.php on line 234.
 1 APPPATH\Libraries\IonAuth.php(71): IonAuth\Models\IonAuthModel->__construct()
 2 APPPATH\Controllers\vendor\Brand.php(18): App\Libraries\IonAuth->__construct()
 3 SYSTEMPATH\CodeIgniter.php(903): App\Controllers\Vendor\Brand->__construct()
 4 SYSTEMPATH\CodeIgniter.php(500): CodeIgniter\CodeIgniter->createController()
 5 SYSTEMPATH\CodeIgniter.php(355): CodeIgniter\CodeIgniter->handleRequest(null, Object(Config\Cache), false)
 6 SYSTEMPATH\Boot.php(325): CodeIgniter\CodeIgniter->run()
 7 SYSTEMPATH\Boot.php(67): CodeIgniter\Boot::runCodeIgniter(Object(CodeIgniter\CodeIgniter))
 8 FCPATH\index.php(56): CodeIgniter\Boot::bootWeb(Object(Config\Paths))
WARNING - 2025-02-13 09:35:17 --> [DEPRECATED] Creation of dynamic property IonAuth\Models\IonAuthModel::$messagesTemplates is deprecated in FCPATH\vendor\benedmunds\codeigniter-ion-auth\Models\IonAuthModel.php on line 237.
 1 APPPATH\Libraries\IonAuth.php(71): IonAuth\Models\IonAuthModel->__construct()
 2 APPPATH\Controllers\vendor\Brand.php(18): App\Libraries\IonAuth->__construct()
 3 SYSTEMPATH\CodeIgniter.php(903): App\Controllers\Vendor\Brand->__construct()
 4 SYSTEMPATH\CodeIgniter.php(500): CodeIgniter\CodeIgniter->createController()
 5 SYSTEMPATH\CodeIgniter.php(355): CodeIgniter\CodeIgniter->handleRequest(null, Object(Config\Cache), false)
 6 SYSTEMPATH\Boot.php(325): CodeIgniter\CodeIgniter->run()
 7 SYSTEMPATH\Boot.php(67): CodeIgniter\Boot::runCodeIgniter(Object(CodeIgniter\CodeIgniter))
 8 FCPATH\index.php(56): CodeIgniter\Boot::bootWeb(Object(Config\Paths))
INFO - 2025-02-13 09:35:20 --> Session: Class initialized using 'CodeIgniter\Session\Handlers\FileHandler' driver.
WARNING - 2025-02-13 09:35:20 --> [DEPRECATED] Creation of dynamic property IonAuth\Models\IonAuthModel::$join is deprecated in FCPATH\vendor\benedmunds\codeigniter-ion-auth\Models\IonAuthModel.php on line 231.
 1 APPPATH\Libraries\IonAuth.php(71): IonAuth\Models\IonAuthModel->__construct()
 2 APPPATH\Filters\CheckPermissions.php(16): App\Libraries\IonAuth->__construct()
 3 SYSTEMPATH\Filters\Filters.php(197): App\Filters\CheckPermissions->__construct()
 4 SYSTEMPATH\Filters\Filters.php(184): CodeIgniter\Filters\Filters->runBefore([...])
 5 SYSTEMPATH\CodeIgniter.php(481): CodeIgniter\Filters\Filters->run('vendor/products/stock_alert', 'before')
 6 SYSTEMPATH\CodeIgniter.php(355): CodeIgniter\CodeIgniter->handleRequest(null, Object(Config\Cache), false)
 7 SYSTEMPATH\Boot.php(325): CodeIgniter\CodeIgniter->run()
 8 SYSTEMPATH\Boot.php(67): CodeIgniter\Boot::runCodeIgniter(Object(CodeIgniter\CodeIgniter))
 9 FCPATH\index.php(56): CodeIgniter\Boot::bootWeb(Object(Config\Paths))
WARNING - 2025-02-13 09:35:20 --> [DEPRECATED] Creation of dynamic property IonAuth\Models\IonAuthModel::$hashMethod is deprecated in FCPATH\vendor\benedmunds\codeigniter-ion-auth\Models\IonAuthModel.php on line 234.
 1 APPPATH\Libraries\IonAuth.php(71): IonAuth\Models\IonAuthModel->__construct()
 2 APPPATH\Filters\CheckPermissions.php(16): App\Libraries\IonAuth->__construct()
 3 SYSTEMPATH\Filters\Filters.php(197): App\Filters\CheckPermissions->__construct()
 4 SYSTEMPATH\Filters\Filters.php(184): CodeIgniter\Filters\Filters->runBefore([...])
 5 SYSTEMPATH\CodeIgniter.php(481): CodeIgniter\Filters\Filters->run('vendor/products/stock_alert', 'before')
 6 SYSTEMPATH\CodeIgniter.php(355): CodeIgniter\CodeIgniter->handleRequest(null, Object(Config\Cache), false)
 7 SYSTEMPATH\Boot.php(325): CodeIgniter\CodeIgniter->run()
 8 SYSTEMPATH\Boot.php(67): CodeIgniter\Boot::runCodeIgniter(Object(CodeIgniter\CodeIgniter))
 9 FCPATH\index.php(56): CodeIgniter\Boot::bootWeb(Object(Config\Paths))
WARNING - 2025-02-13 09:35:20 --> [DEPRECATED] Creation of dynamic property IonAuth\Models\IonAuthModel::$messagesTemplates is deprecated in FCPATH\vendor\benedmunds\codeigniter-ion-auth\Models\IonAuthModel.php on line 237.
 1 APPPATH\Libraries\IonAuth.php(71): IonAuth\Models\IonAuthModel->__construct()
 2 APPPATH\Filters\CheckPermissions.php(16): App\Libraries\IonAuth->__construct()
 3 SYSTEMPATH\Filters\Filters.php(197): App\Filters\CheckPermissions->__construct()
 4 SYSTEMPATH\Filters\Filters.php(184): CodeIgniter\Filters\Filters->runBefore([...])
 5 SYSTEMPATH\CodeIgniter.php(481): CodeIgniter\Filters\Filters->run('vendor/products/stock_alert', 'before')
 6 SYSTEMPATH\CodeIgniter.php(355): CodeIgniter\CodeIgniter->handleRequest(null, Object(Config\Cache), false)
 7 SYSTEMPATH\Boot.php(325): CodeIgniter\CodeIgniter->run()
 8 SYSTEMPATH\Boot.php(67): CodeIgniter\Boot::runCodeIgniter(Object(CodeIgniter\CodeIgniter))
 9 FCPATH\index.php(56): CodeIgniter\Boot::bootWeb(Object(Config\Paths))
WARNING - 2025-02-13 09:35:20 --> [DEPRECATED] Creation of dynamic property IonAuth\Models\IonAuthModel::$join is deprecated in FCPATH\vendor\benedmunds\codeigniter-ion-auth\Models\IonAuthModel.php on line 231.
 1 APPPATH\Libraries\IonAuth.php(71): IonAuth\Models\IonAuthModel->__construct()
 2 APPPATH\Controllers\vendor\Products.php(25): App\Libraries\IonAuth->__construct()
 3 SYSTEMPATH\CodeIgniter.php(903): App\Controllers\vendor\Products->__construct()
 4 SYSTEMPATH\CodeIgniter.php(500): CodeIgniter\CodeIgniter->createController()
 5 SYSTEMPATH\CodeIgniter.php(355): CodeIgniter\CodeIgniter->handleRequest(null, Object(Config\Cache), false)
 6 SYSTEMPATH\Boot.php(325): CodeIgniter\CodeIgniter->run()
 7 SYSTEMPATH\Boot.php(67): CodeIgniter\Boot::runCodeIgniter(Object(CodeIgniter\CodeIgniter))
 8 FCPATH\index.php(56): CodeIgniter\Boot::bootWeb(Object(Config\Paths))
WARNING - 2025-02-13 09:35:20 --> [DEPRECATED] Creation of dynamic property IonAuth\Models\IonAuthModel::$hashMethod is deprecated in FCPATH\vendor\benedmunds\codeigniter-ion-auth\Models\IonAuthModel.php on line 234.
 1 APPPATH\Libraries\IonAuth.php(71): IonAuth\Models\IonAuthModel->__construct()
 2 APPPATH\Controllers\vendor\Products.php(25): App\Libraries\IonAuth->__construct()
 3 SYSTEMPATH\CodeIgniter.php(903): App\Controllers\vendor\Products->__construct()
 4 SYSTEMPATH\CodeIgniter.php(500): CodeIgniter\CodeIgniter->createController()
 5 SYSTEMPATH\CodeIgniter.php(355): CodeIgniter\CodeIgniter->handleRequest(null, Object(Config\Cache), false)
 6 SYSTEMPATH\Boot.php(325): CodeIgniter\CodeIgniter->run()
 7 SYSTEMPATH\Boot.php(67): CodeIgniter\Boot::runCodeIgniter(Object(CodeIgniter\CodeIgniter))
 8 FCPATH\index.php(56): CodeIgniter\Boot::bootWeb(Object(Config\Paths))
WARNING - 2025-02-13 09:35:20 --> [DEPRECATED] Creation of dynamic property IonAuth\Models\IonAuthModel::$messagesTemplates is deprecated in FCPATH\vendor\benedmunds\codeigniter-ion-auth\Models\IonAuthModel.php on line 237.
 1 APPPATH\Libraries\IonAuth.php(71): IonAuth\Models\IonAuthModel->__construct()
 2 APPPATH\Controllers\vendor\Products.php(25): App\Libraries\IonAuth->__construct()
 3 SYSTEMPATH\CodeIgniter.php(903): App\Controllers\vendor\Products->__construct()
 4 SYSTEMPATH\CodeIgniter.php(500): CodeIgniter\CodeIgniter->createController()
 5 SYSTEMPATH\CodeIgniter.php(355): CodeIgniter\CodeIgniter->handleRequest(null, Object(Config\Cache), false)
 6 SYSTEMPATH\Boot.php(325): CodeIgniter\CodeIgniter->run()
 7 SYSTEMPATH\Boot.php(67): CodeIgniter\Boot::runCodeIgniter(Object(CodeIgniter\CodeIgniter))
 8 FCPATH\index.php(56): CodeIgniter\Boot::bootWeb(Object(Config\Paths))
WARNING - 2025-02-13 15:05:20 --> [DEPRECATED] Creation of dynamic property IonAuth\Models\IonAuthModel::$join is deprecated in FCPATH\vendor\benedmunds\codeigniter-ion-auth\Models\IonAuthModel.php on line 231.
 1 APPPATH\Libraries\IonAuth.php(71): IonAuth\Models\IonAuthModel->__construct()
 2 APPPATH\Filters\CheckPermissions.php(16): App\Libraries\IonAuth->__construct()
 3 SYSTEMPATH\Filters\Filters.php(235): App\Filters\CheckPermissions->__construct()
 4 SYSTEMPATH\Filters\Filters.php(188): CodeIgniter\Filters\Filters->runAfter([...])
 5 SYSTEMPATH\CodeIgniter.php(527): CodeIgniter\Filters\Filters->run('vendor/products/stock_alert', 'after')
 6 SYSTEMPATH\CodeIgniter.php(355): CodeIgniter\CodeIgniter->handleRequest(null, Object(Config\Cache), false)
 7 SYSTEMPATH\Boot.php(325): CodeIgniter\CodeIgniter->run()
 8 SYSTEMPATH\Boot.php(67): CodeIgniter\Boot::runCodeIgniter(Object(CodeIgniter\CodeIgniter))
 9 FCPATH\index.php(56): CodeIgniter\Boot::bootWeb(Object(Config\Paths))
WARNING - 2025-02-13 15:05:20 --> [DEPRECATED] Creation of dynamic property IonAuth\Models\IonAuthModel::$hashMethod is deprecated in FCPATH\vendor\benedmunds\codeigniter-ion-auth\Models\IonAuthModel.php on line 234.
 1 APPPATH\Libraries\IonAuth.php(71): IonAuth\Models\IonAuthModel->__construct()
 2 APPPATH\Filters\CheckPermissions.php(16): App\Libraries\IonAuth->__construct()
 3 SYSTEMPATH\Filters\Filters.php(235): App\Filters\CheckPermissions->__construct()
 4 SYSTEMPATH\Filters\Filters.php(188): CodeIgniter\Filters\Filters->runAfter([...])
 5 SYSTEMPATH\CodeIgniter.php(527): CodeIgniter\Filters\Filters->run('vendor/products/stock_alert', 'after')
 6 SYSTEMPATH\CodeIgniter.php(355): CodeIgniter\CodeIgniter->handleRequest(null, Object(Config\Cache), false)
 7 SYSTEMPATH\Boot.php(325): CodeIgniter\CodeIgniter->run()
 8 SYSTEMPATH\Boot.php(67): CodeIgniter\Boot::runCodeIgniter(Object(CodeIgniter\CodeIgniter))
 9 FCPATH\index.php(56): CodeIgniter\Boot::bootWeb(Object(Config\Paths))
WARNING - 2025-02-13 15:05:20 --> [DEPRECATED] Creation of dynamic property IonAuth\Models\IonAuthModel::$messagesTemplates is deprecated in FCPATH\vendor\benedmunds\codeigniter-ion-auth\Models\IonAuthModel.php on line 237.
 1 APPPATH\Libraries\IonAuth.php(71): IonAuth\Models\IonAuthModel->__construct()
 2 APPPATH\Filters\CheckPermissions.php(16): App\Libraries\IonAuth->__construct()
 3 SYSTEMPATH\Filters\Filters.php(235): App\Filters\CheckPermissions->__construct()
 4 SYSTEMPATH\Filters\Filters.php(188): CodeIgniter\Filters\Filters->runAfter([...])
 5 SYSTEMPATH\CodeIgniter.php(527): CodeIgniter\Filters\Filters->run('vendor/products/stock_alert', 'after')
 6 SYSTEMPATH\CodeIgniter.php(355): CodeIgniter\CodeIgniter->handleRequest(null, Object(Config\Cache), false)
 7 SYSTEMPATH\Boot.php(325): CodeIgniter\CodeIgniter->run()
 8 SYSTEMPATH\Boot.php(67): CodeIgniter\Boot::runCodeIgniter(Object(CodeIgniter\CodeIgniter))
 9 FCPATH\index.php(56): CodeIgniter\Boot::bootWeb(Object(Config\Paths))
INFO - 2025-02-13 09:36:19 --> Session: Class initialized using 'CodeIgniter\Session\Handlers\FileHandler' driver.
WARNING - 2025-02-13 09:36:19 --> [DEPRECATED] Creation of dynamic property IonAuth\Models\IonAuthModel::$join is deprecated in FCPATH\vendor\benedmunds\codeigniter-ion-auth\Models\IonAuthModel.php on line 231.
 1 APPPATH\Libraries\IonAuth.php(71): IonAuth\Models\IonAuthModel->__construct()
 2 APPPATH\Controllers\vendor\Brand.php(18): App\Libraries\IonAuth->__construct()
 3 SYSTEMPATH\CodeIgniter.php(903): App\Controllers\Vendor\Brand->__construct()
 4 SYSTEMPATH\CodeIgniter.php(500): CodeIgniter\CodeIgniter->createController()
 5 SYSTEMPATH\CodeIgniter.php(355): CodeIgniter\CodeIgniter->handleRequest(null, Object(Config\Cache), false)
 6 SYSTEMPATH\Boot.php(325): CodeIgniter\CodeIgniter->run()
 7 SYSTEMPATH\Boot.php(67): CodeIgniter\Boot::runCodeIgniter(Object(CodeIgniter\CodeIgniter))
 8 FCPATH\index.php(56): CodeIgniter\Boot::bootWeb(Object(Config\Paths))
WARNING - 2025-02-13 09:36:19 --> [DEPRECATED] Creation of dynamic property IonAuth\Models\IonAuthModel::$hashMethod is deprecated in FCPATH\vendor\benedmunds\codeigniter-ion-auth\Models\IonAuthModel.php on line 234.
 1 APPPATH\Libraries\IonAuth.php(71): IonAuth\Models\IonAuthModel->__construct()
 2 APPPATH\Controllers\vendor\Brand.php(18): App\Libraries\IonAuth->__construct()
 3 SYSTEMPATH\CodeIgniter.php(903): App\Controllers\Vendor\Brand->__construct()
 4 SYSTEMPATH\CodeIgniter.php(500): CodeIgniter\CodeIgniter->createController()
 5 SYSTEMPATH\CodeIgniter.php(355): CodeIgniter\CodeIgniter->handleRequest(null, Object(Config\Cache), false)
 6 SYSTEMPATH\Boot.php(325): CodeIgniter\CodeIgniter->run()
 7 SYSTEMPATH\Boot.php(67): CodeIgniter\Boot::runCodeIgniter(Object(CodeIgniter\CodeIgniter))
 8 FCPATH\index.php(56): CodeIgniter\Boot::bootWeb(Object(Config\Paths))
WARNING - 2025-02-13 09:36:19 --> [DEPRECATED] Creation of dynamic property IonAuth\Models\IonAuthModel::$messagesTemplates is deprecated in FCPATH\vendor\benedmunds\codeigniter-ion-auth\Models\IonAuthModel.php on line 237.
 1 APPPATH\Libraries\IonAuth.php(71): IonAuth\Models\IonAuthModel->__construct()
 2 APPPATH\Controllers\vendor\Brand.php(18): App\Libraries\IonAuth->__construct()
 3 SYSTEMPATH\CodeIgniter.php(903): App\Controllers\Vendor\Brand->__construct()
 4 SYSTEMPATH\CodeIgniter.php(500): CodeIgniter\CodeIgniter->createController()
 5 SYSTEMPATH\CodeIgniter.php(355): CodeIgniter\CodeIgniter->handleRequest(null, Object(Config\Cache), false)
 6 SYSTEMPATH\Boot.php(325): CodeIgniter\CodeIgniter->run()
 7 SYSTEMPATH\Boot.php(67): CodeIgniter\Boot::runCodeIgniter(Object(CodeIgniter\CodeIgniter))
 8 FCPATH\index.php(56): CodeIgniter\Boot::bootWeb(Object(Config\Paths))
INFO - 2025-02-13 09:36:21 --> Session: Class initialized using 'CodeIgniter\Session\Handlers\FileHandler' driver.
WARNING - 2025-02-13 09:36:21 --> [DEPRECATED] Creation of dynamic property IonAuth\Models\IonAuthModel::$join is deprecated in FCPATH\vendor\benedmunds\codeigniter-ion-auth\Models\IonAuthModel.php on line 231.
 1 APPPATH\Libraries\IonAuth.php(71): IonAuth\Models\IonAuthModel->__construct()
 2 APPPATH\Filters\CheckPermissions.php(16): App\Libraries\IonAuth->__construct()
 3 SYSTEMPATH\Filters\Filters.php(197): App\Filters\CheckPermissions->__construct()
 4 SYSTEMPATH\Filters\Filters.php(184): CodeIgniter\Filters\Filters->runBefore([...])
 5 SYSTEMPATH\CodeIgniter.php(481): CodeIgniter\Filters\Filters->run('vendor/brand/brand-table', 'before')
 6 SYSTEMPATH\CodeIgniter.php(355): CodeIgniter\CodeIgniter->handleRequest(null, Object(Config\Cache), false)
 7 SYSTEMPATH\Boot.php(325): CodeIgniter\CodeIgniter->run()
 8 SYSTEMPATH\Boot.php(67): CodeIgniter\Boot::runCodeIgniter(Object(CodeIgniter\CodeIgniter))
 9 FCPATH\index.php(56): CodeIgniter\Boot::bootWeb(Object(Config\Paths))
WARNING - 2025-02-13 09:36:21 --> [DEPRECATED] Creation of dynamic property IonAuth\Models\IonAuthModel::$hashMethod is deprecated in FCPATH\vendor\benedmunds\codeigniter-ion-auth\Models\IonAuthModel.php on line 234.
 1 APPPATH\Libraries\IonAuth.php(71): IonAuth\Models\IonAuthModel->__construct()
 2 APPPATH\Filters\CheckPermissions.php(16): App\Libraries\IonAuth->__construct()
 3 SYSTEMPATH\Filters\Filters.php(197): App\Filters\CheckPermissions->__construct()
 4 SYSTEMPATH\Filters\Filters.php(184): CodeIgniter\Filters\Filters->runBefore([...])
 5 SYSTEMPATH\CodeIgniter.php(481): CodeIgniter\Filters\Filters->run('vendor/brand/brand-table', 'before')
 6 SYSTEMPATH\CodeIgniter.php(355): CodeIgniter\CodeIgniter->handleRequest(null, Object(Config\Cache), false)
 7 SYSTEMPATH\Boot.php(325): CodeIgniter\CodeIgniter->run()
 8 SYSTEMPATH\Boot.php(67): CodeIgniter\Boot::runCodeIgniter(Object(CodeIgniter\CodeIgniter))
 9 FCPATH\index.php(56): CodeIgniter\Boot::bootWeb(Object(Config\Paths))
WARNING - 2025-02-13 09:36:21 --> [DEPRECATED] Creation of dynamic property IonAuth\Models\IonAuthModel::$messagesTemplates is deprecated in FCPATH\vendor\benedmunds\codeigniter-ion-auth\Models\IonAuthModel.php on line 237.
 1 APPPATH\Libraries\IonAuth.php(71): IonAuth\Models\IonAuthModel->__construct()
 2 APPPATH\Filters\CheckPermissions.php(16): App\Libraries\IonAuth->__construct()
 3 SYSTEMPATH\Filters\Filters.php(197): App\Filters\CheckPermissions->__construct()
 4 SYSTEMPATH\Filters\Filters.php(184): CodeIgniter\Filters\Filters->runBefore([...])
 5 SYSTEMPATH\CodeIgniter.php(481): CodeIgniter\Filters\Filters->run('vendor/brand/brand-table', 'before')
 6 SYSTEMPATH\CodeIgniter.php(355): CodeIgniter\CodeIgniter->handleRequest(null, Object(Config\Cache), false)
 7 SYSTEMPATH\Boot.php(325): CodeIgniter\CodeIgniter->run()
 8 SYSTEMPATH\Boot.php(67): CodeIgniter\Boot::runCodeIgniter(Object(CodeIgniter\CodeIgniter))
 9 FCPATH\index.php(56): CodeIgniter\Boot::bootWeb(Object(Config\Paths))
INFO - 2025-02-13 09:36:21 --> Session: Class initialized using 'CodeIgniter\Session\Handlers\FileHandler' driver.
WARNING - 2025-02-13 09:36:21 --> [DEPRECATED] Creation of dynamic property IonAuth\Models\IonAuthModel::$join is deprecated in FCPATH\vendor\benedmunds\codeigniter-ion-auth\Models\IonAuthModel.php on line 231.
 1 APPPATH\Libraries\IonAuth.php(71): IonAuth\Models\IonAuthModel->__construct()
 2 APPPATH\Filters\CheckPermissions.php(16): App\Libraries\IonAuth->__construct()
 3 SYSTEMPATH\Filters\Filters.php(197): App\Filters\CheckPermissions->__construct()
 4 SYSTEMPATH\Filters\Filters.php(184): CodeIgniter\Filters\Filters->runBefore([...])
 5 SYSTEMPATH\CodeIgniter.php(481): CodeIgniter\Filters\Filters->run('vendor/products/stock_alert', 'before')
 6 SYSTEMPATH\CodeIgniter.php(355): CodeIgniter\CodeIgniter->handleRequest(null, Object(Config\Cache), false)
 7 SYSTEMPATH\Boot.php(325): CodeIgniter\CodeIgniter->run()
 8 SYSTEMPATH\Boot.php(67): CodeIgniter\Boot::runCodeIgniter(Object(CodeIgniter\CodeIgniter))
 9 FCPATH\index.php(56): CodeIgniter\Boot::bootWeb(Object(Config\Paths))
WARNING - 2025-02-13 09:36:21 --> [DEPRECATED] Creation of dynamic property IonAuth\Models\IonAuthModel::$hashMethod is deprecated in FCPATH\vendor\benedmunds\codeigniter-ion-auth\Models\IonAuthModel.php on line 234.
 1 APPPATH\Libraries\IonAuth.php(71): IonAuth\Models\IonAuthModel->__construct()
 2 APPPATH\Filters\CheckPermissions.php(16): App\Libraries\IonAuth->__construct()
 3 SYSTEMPATH\Filters\Filters.php(197): App\Filters\CheckPermissions->__construct()
 4 SYSTEMPATH\Filters\Filters.php(184): CodeIgniter\Filters\Filters->runBefore([...])
 5 SYSTEMPATH\CodeIgniter.php(481): CodeIgniter\Filters\Filters->run('vendor/products/stock_alert', 'before')
 6 SYSTEMPATH\CodeIgniter.php(355): CodeIgniter\CodeIgniter->handleRequest(null, Object(Config\Cache), false)
 7 SYSTEMPATH\Boot.php(325): CodeIgniter\CodeIgniter->run()
 8 SYSTEMPATH\Boot.php(67): CodeIgniter\Boot::runCodeIgniter(Object(CodeIgniter\CodeIgniter))
 9 FCPATH\index.php(56): CodeIgniter\Boot::bootWeb(Object(Config\Paths))
WARNING - 2025-02-13 09:36:21 --> [DEPRECATED] Creation of dynamic property IonAuth\Models\IonAuthModel::$messagesTemplates is deprecated in FCPATH\vendor\benedmunds\codeigniter-ion-auth\Models\IonAuthModel.php on line 237.
 1 APPPATH\Libraries\IonAuth.php(71): IonAuth\Models\IonAuthModel->__construct()
 2 APPPATH\Filters\CheckPermissions.php(16): App\Libraries\IonAuth->__construct()
 3 SYSTEMPATH\Filters\Filters.php(197): App\Filters\CheckPermissions->__construct()
 4 SYSTEMPATH\Filters\Filters.php(184): CodeIgniter\Filters\Filters->runBefore([...])
 5 SYSTEMPATH\CodeIgniter.php(481): CodeIgniter\Filters\Filters->run('vendor/products/stock_alert', 'before')
 6 SYSTEMPATH\CodeIgniter.php(355): CodeIgniter\CodeIgniter->handleRequest(null, Object(Config\Cache), false)
 7 SYSTEMPATH\Boot.php(325): CodeIgniter\CodeIgniter->run()
 8 SYSTEMPATH\Boot.php(67): CodeIgniter\Boot::runCodeIgniter(Object(CodeIgniter\CodeIgniter))
 9 FCPATH\index.php(56): CodeIgniter\Boot::bootWeb(Object(Config\Paths))
WARNING - 2025-02-13 09:36:21 --> [DEPRECATED] Creation of dynamic property IonAuth\Models\IonAuthModel::$join is deprecated in FCPATH\vendor\benedmunds\codeigniter-ion-auth\Models\IonAuthModel.php on line 231.
 1 APPPATH\Libraries\IonAuth.php(71): IonAuth\Models\IonAuthModel->__construct()
 2 APPPATH\Controllers\vendor\Products.php(25): App\Libraries\IonAuth->__construct()
 3 SYSTEMPATH\CodeIgniter.php(903): App\Controllers\vendor\Products->__construct()
 4 SYSTEMPATH\CodeIgniter.php(500): CodeIgniter\CodeIgniter->createController()
 5 SYSTEMPATH\CodeIgniter.php(355): CodeIgniter\CodeIgniter->handleRequest(null, Object(Config\Cache), false)
 6 SYSTEMPATH\Boot.php(325): CodeIgniter\CodeIgniter->run()
 7 SYSTEMPATH\Boot.php(67): CodeIgniter\Boot::runCodeIgniter(Object(CodeIgniter\CodeIgniter))
 8 FCPATH\index.php(56): CodeIgniter\Boot::bootWeb(Object(Config\Paths))
WARNING - 2025-02-13 09:36:21 --> [DEPRECATED] Creation of dynamic property IonAuth\Models\IonAuthModel::$hashMethod is deprecated in FCPATH\vendor\benedmunds\codeigniter-ion-auth\Models\IonAuthModel.php on line 234.
 1 APPPATH\Libraries\IonAuth.php(71): IonAuth\Models\IonAuthModel->__construct()
 2 APPPATH\Controllers\vendor\Products.php(25): App\Libraries\IonAuth->__construct()
 3 SYSTEMPATH\CodeIgniter.php(903): App\Controllers\vendor\Products->__construct()
 4 SYSTEMPATH\CodeIgniter.php(500): CodeIgniter\CodeIgniter->createController()
 5 SYSTEMPATH\CodeIgniter.php(355): CodeIgniter\CodeIgniter->handleRequest(null, Object(Config\Cache), false)
 6 SYSTEMPATH\Boot.php(325): CodeIgniter\CodeIgniter->run()
 7 SYSTEMPATH\Boot.php(67): CodeIgniter\Boot::runCodeIgniter(Object(CodeIgniter\CodeIgniter))
 8 FCPATH\index.php(56): CodeIgniter\Boot::bootWeb(Object(Config\Paths))
WARNING - 2025-02-13 09:36:21 --> [DEPRECATED] Creation of dynamic property IonAuth\Models\IonAuthModel::$messagesTemplates is deprecated in FCPATH\vendor\benedmunds\codeigniter-ion-auth\Models\IonAuthModel.php on line 237.
 1 APPPATH\Libraries\IonAuth.php(71): IonAuth\Models\IonAuthModel->__construct()
 2 APPPATH\Controllers\vendor\Products.php(25): App\Libraries\IonAuth->__construct()
 3 SYSTEMPATH\CodeIgniter.php(903): App\Controllers\vendor\Products->__construct()
 4 SYSTEMPATH\CodeIgniter.php(500): CodeIgniter\CodeIgniter->createController()
 5 SYSTEMPATH\CodeIgniter.php(355): CodeIgniter\CodeIgniter->handleRequest(null, Object(Config\Cache), false)
 6 SYSTEMPATH\Boot.php(325): CodeIgniter\CodeIgniter->run()
 7 SYSTEMPATH\Boot.php(67): CodeIgniter\Boot::runCodeIgniter(Object(CodeIgniter\CodeIgniter))
 8 FCPATH\index.php(56): CodeIgniter\Boot::bootWeb(Object(Config\Paths))
WARNING - 2025-02-13 15:06:21 --> [DEPRECATED] Creation of dynamic property IonAuth\Models\IonAuthModel::$join is deprecated in FCPATH\vendor\benedmunds\codeigniter-ion-auth\Models\IonAuthModel.php on line 231.
 1 APPPATH\Libraries\IonAuth.php(71): IonAuth\Models\IonAuthModel->__construct()
 2 APPPATH\Filters\CheckPermissions.php(16): App\Libraries\IonAuth->__construct()
 3 SYSTEMPATH\Filters\Filters.php(235): App\Filters\CheckPermissions->__construct()
 4 SYSTEMPATH\Filters\Filters.php(188): CodeIgniter\Filters\Filters->runAfter([...])
 5 SYSTEMPATH\CodeIgniter.php(527): CodeIgniter\Filters\Filters->run('vendor/products/stock_alert', 'after')
 6 SYSTEMPATH\CodeIgniter.php(355): CodeIgniter\CodeIgniter->handleRequest(null, Object(Config\Cache), false)
 7 SYSTEMPATH\Boot.php(325): CodeIgniter\CodeIgniter->run()
 8 SYSTEMPATH\Boot.php(67): CodeIgniter\Boot::runCodeIgniter(Object(CodeIgniter\CodeIgniter))
 9 FCPATH\index.php(56): CodeIgniter\Boot::bootWeb(Object(Config\Paths))
WARNING - 2025-02-13 15:06:21 --> [DEPRECATED] Creation of dynamic property IonAuth\Models\IonAuthModel::$hashMethod is deprecated in FCPATH\vendor\benedmunds\codeigniter-ion-auth\Models\IonAuthModel.php on line 234.
 1 APPPATH\Libraries\IonAuth.php(71): IonAuth\Models\IonAuthModel->__construct()
 2 APPPATH\Filters\CheckPermissions.php(16): App\Libraries\IonAuth->__construct()
 3 SYSTEMPATH\Filters\Filters.php(235): App\Filters\CheckPermissions->__construct()
 4 SYSTEMPATH\Filters\Filters.php(188): CodeIgniter\Filters\Filters->runAfter([...])
 5 SYSTEMPATH\CodeIgniter.php(527): CodeIgniter\Filters\Filters->run('vendor/products/stock_alert', 'after')
 6 SYSTEMPATH\CodeIgniter.php(355): CodeIgniter\CodeIgniter->handleRequest(null, Object(Config\Cache), false)
 7 SYSTEMPATH\Boot.php(325): CodeIgniter\CodeIgniter->run()
 8 SYSTEMPATH\Boot.php(67): CodeIgniter\Boot::runCodeIgniter(Object(CodeIgniter\CodeIgniter))
 9 FCPATH\index.php(56): CodeIgniter\Boot::bootWeb(Object(Config\Paths))
WARNING - 2025-02-13 15:06:21 --> [DEPRECATED] Creation of dynamic property IonAuth\Models\IonAuthModel::$messagesTemplates is deprecated in FCPATH\vendor\benedmunds\codeigniter-ion-auth\Models\IonAuthModel.php on line 237.
 1 APPPATH\Libraries\IonAuth.php(71): IonAuth\Models\IonAuthModel->__construct()
 2 APPPATH\Filters\CheckPermissions.php(16): App\Libraries\IonAuth->__construct()
 3 SYSTEMPATH\Filters\Filters.php(235): App\Filters\CheckPermissions->__construct()
 4 SYSTEMPATH\Filters\Filters.php(188): CodeIgniter\Filters\Filters->runAfter([...])
 5 SYSTEMPATH\CodeIgniter.php(527): CodeIgniter\Filters\Filters->run('vendor/products/stock_alert', 'after')
 6 SYSTEMPATH\CodeIgniter.php(355): CodeIgniter\CodeIgniter->handleRequest(null, Object(Config\Cache), false)
 7 SYSTEMPATH\Boot.php(325): CodeIgniter\CodeIgniter->run()
 8 SYSTEMPATH\Boot.php(67): CodeIgniter\Boot::runCodeIgniter(Object(CodeIgniter\CodeIgniter))
 9 FCPATH\index.php(56): CodeIgniter\Boot::bootWeb(Object(Config\Paths))
INFO - 2025-02-13 09:36:22 --> Session: Class initialized using 'CodeIgniter\Session\Handlers\FileHandler' driver.
WARNING - 2025-02-13 09:36:22 --> [DEPRECATED] Creation of dynamic property IonAuth\Models\IonAuthModel::$join is deprecated in FCPATH\vendor\benedmunds\codeigniter-ion-auth\Models\IonAuthModel.php on line 231.
 1 APPPATH\Libraries\IonAuth.php(71): IonAuth\Models\IonAuthModel->__construct()
 2 APPPATH\Controllers\vendor\Brand.php(18): App\Libraries\IonAuth->__construct()
 3 SYSTEMPATH\CodeIgniter.php(903): App\Controllers\Vendor\Brand->__construct()
 4 SYSTEMPATH\CodeIgniter.php(500): CodeIgniter\CodeIgniter->createController()
 5 SYSTEMPATH\CodeIgniter.php(355): CodeIgniter\CodeIgniter->handleRequest(null, Object(Config\Cache), false)
 6 SYSTEMPATH\Boot.php(325): CodeIgniter\CodeIgniter->run()
 7 SYSTEMPATH\Boot.php(67): CodeIgniter\Boot::runCodeIgniter(Object(CodeIgniter\CodeIgniter))
 8 FCPATH\index.php(56): CodeIgniter\Boot::bootWeb(Object(Config\Paths))
WARNING - 2025-02-13 09:36:22 --> [DEPRECATED] Creation of dynamic property IonAuth\Models\IonAuthModel::$hashMethod is deprecated in FCPATH\vendor\benedmunds\codeigniter-ion-auth\Models\IonAuthModel.php on line 234.
 1 APPPATH\Libraries\IonAuth.php(71): IonAuth\Models\IonAuthModel->__construct()
 2 APPPATH\Controllers\vendor\Brand.php(18): App\Libraries\IonAuth->__construct()
 3 SYSTEMPATH\CodeIgniter.php(903): App\Controllers\Vendor\Brand->__construct()
 4 SYSTEMPATH\CodeIgniter.php(500): CodeIgniter\CodeIgniter->createController()
 5 SYSTEMPATH\CodeIgniter.php(355): CodeIgniter\CodeIgniter->handleRequest(null, Object(Config\Cache), false)
 6 SYSTEMPATH\Boot.php(325): CodeIgniter\CodeIgniter->run()
 7 SYSTEMPATH\Boot.php(67): CodeIgniter\Boot::runCodeIgniter(Object(CodeIgniter\CodeIgniter))
 8 FCPATH\index.php(56): CodeIgniter\Boot::bootWeb(Object(Config\Paths))
WARNING - 2025-02-13 09:36:22 --> [DEPRECATED] Creation of dynamic property IonAuth\Models\IonAuthModel::$messagesTemplates is deprecated in FCPATH\vendor\benedmunds\codeigniter-ion-auth\Models\IonAuthModel.php on line 237.
 1 APPPATH\Libraries\IonAuth.php(71): IonAuth\Models\IonAuthModel->__construct()
 2 APPPATH\Controllers\vendor\Brand.php(18): App\Libraries\IonAuth->__construct()
 3 SYSTEMPATH\CodeIgniter.php(903): App\Controllers\Vendor\Brand->__construct()
 4 SYSTEMPATH\CodeIgniter.php(500): CodeIgniter\CodeIgniter->createController()
 5 SYSTEMPATH\CodeIgniter.php(355): CodeIgniter\CodeIgniter->handleRequest(null, Object(Config\Cache), false)
 6 SYSTEMPATH\Boot.php(325): CodeIgniter\CodeIgniter->run()
 7 SYSTEMPATH\Boot.php(67): CodeIgniter\Boot::runCodeIgniter(Object(CodeIgniter\CodeIgniter))
 8 FCPATH\index.php(56): CodeIgniter\Boot::bootWeb(Object(Config\Paths))
INFO - 2025-02-13 09:36:24 --> Session: Class initialized using 'CodeIgniter\Session\Handlers\FileHandler' driver.
WARNING - 2025-02-13 09:36:24 --> [DEPRECATED] Creation of dynamic property IonAuth\Models\IonAuthModel::$join is deprecated in FCPATH\vendor\benedmunds\codeigniter-ion-auth\Models\IonAuthModel.php on line 231.
 1 APPPATH\Libraries\IonAuth.php(71): IonAuth\Models\IonAuthModel->__construct()
 2 APPPATH\Filters\CheckPermissions.php(16): App\Libraries\IonAuth->__construct()
 3 SYSTEMPATH\Filters\Filters.php(197): App\Filters\CheckPermissions->__construct()
 4 SYSTEMPATH\Filters\Filters.php(184): CodeIgniter\Filters\Filters->runBefore([...])
 5 SYSTEMPATH\CodeIgniter.php(481): CodeIgniter\Filters\Filters->run('vendor/brand/brand-table', 'before')
 6 SYSTEMPATH\CodeIgniter.php(355): CodeIgniter\CodeIgniter->handleRequest(null, Object(Config\Cache), false)
 7 SYSTEMPATH\Boot.php(325): CodeIgniter\CodeIgniter->run()
 8 SYSTEMPATH\Boot.php(67): CodeIgniter\Boot::runCodeIgniter(Object(CodeIgniter\CodeIgniter))
 9 FCPATH\index.php(56): CodeIgniter\Boot::bootWeb(Object(Config\Paths))
WARNING - 2025-02-13 09:36:24 --> [DEPRECATED] Creation of dynamic property IonAuth\Models\IonAuthModel::$hashMethod is deprecated in FCPATH\vendor\benedmunds\codeigniter-ion-auth\Models\IonAuthModel.php on line 234.
 1 APPPATH\Libraries\IonAuth.php(71): IonAuth\Models\IonAuthModel->__construct()
 2 APPPATH\Filters\CheckPermissions.php(16): App\Libraries\IonAuth->__construct()
 3 SYSTEMPATH\Filters\Filters.php(197): App\Filters\CheckPermissions->__construct()
 4 SYSTEMPATH\Filters\Filters.php(184): CodeIgniter\Filters\Filters->runBefore([...])
 5 SYSTEMPATH\CodeIgniter.php(481): CodeIgniter\Filters\Filters->run('vendor/brand/brand-table', 'before')
 6 SYSTEMPATH\CodeIgniter.php(355): CodeIgniter\CodeIgniter->handleRequest(null, Object(Config\Cache), false)
 7 SYSTEMPATH\Boot.php(325): CodeIgniter\CodeIgniter->run()
 8 SYSTEMPATH\Boot.php(67): CodeIgniter\Boot::runCodeIgniter(Object(CodeIgniter\CodeIgniter))
 9 FCPATH\index.php(56): CodeIgniter\Boot::bootWeb(Object(Config\Paths))
WARNING - 2025-02-13 09:36:24 --> [DEPRECATED] Creation of dynamic property IonAuth\Models\IonAuthModel::$messagesTemplates is deprecated in FCPATH\vendor\benedmunds\codeigniter-ion-auth\Models\IonAuthModel.php on line 237.
 1 APPPATH\Libraries\IonAuth.php(71): IonAuth\Models\IonAuthModel->__construct()
 2 APPPATH\Filters\CheckPermissions.php(16): App\Libraries\IonAuth->__construct()
 3 SYSTEMPATH\Filters\Filters.php(197): App\Filters\CheckPermissions->__construct()
 4 SYSTEMPATH\Filters\Filters.php(184): CodeIgniter\Filters\Filters->runBefore([...])
 5 SYSTEMPATH\CodeIgniter.php(481): CodeIgniter\Filters\Filters->run('vendor/brand/brand-table', 'before')
 6 SYSTEMPATH\CodeIgniter.php(355): CodeIgniter\CodeIgniter->handleRequest(null, Object(Config\Cache), false)
 7 SYSTEMPATH\Boot.php(325): CodeIgniter\CodeIgniter->run()
 8 SYSTEMPATH\Boot.php(67): CodeIgniter\Boot::runCodeIgniter(Object(CodeIgniter\CodeIgniter))
 9 FCPATH\index.php(56): CodeIgniter\Boot::bootWeb(Object(Config\Paths))
INFO - 2025-02-13 09:36:24 --> Session: Class initialized using 'CodeIgniter\Session\Handlers\FileHandler' driver.
WARNING - 2025-02-13 09:36:24 --> [DEPRECATED] Creation of dynamic property IonAuth\Models\IonAuthModel::$join is deprecated in FCPATH\vendor\benedmunds\codeigniter-ion-auth\Models\IonAuthModel.php on line 231.
 1 APPPATH\Libraries\IonAuth.php(71): IonAuth\Models\IonAuthModel->__construct()
 2 APPPATH\Filters\CheckPermissions.php(16): App\Libraries\IonAuth->__construct()
 3 SYSTEMPATH\Filters\Filters.php(197): App\Filters\CheckPermissions->__construct()
 4 SYSTEMPATH\Filters\Filters.php(184): CodeIgniter\Filters\Filters->runBefore([...])
 5 SYSTEMPATH\CodeIgniter.php(481): CodeIgniter\Filters\Filters->run('vendor/products/stock_alert', 'before')
 6 SYSTEMPATH\CodeIgniter.php(355): CodeIgniter\CodeIgniter->handleRequest(null, Object(Config\Cache), false)
 7 SYSTEMPATH\Boot.php(325): CodeIgniter\CodeIgniter->run()
 8 SYSTEMPATH\Boot.php(67): CodeIgniter\Boot::runCodeIgniter(Object(CodeIgniter\CodeIgniter))
 9 FCPATH\index.php(56): CodeIgniter\Boot::bootWeb(Object(Config\Paths))
WARNING - 2025-02-13 09:36:24 --> [DEPRECATED] Creation of dynamic property IonAuth\Models\IonAuthModel::$hashMethod is deprecated in FCPATH\vendor\benedmunds\codeigniter-ion-auth\Models\IonAuthModel.php on line 234.
 1 APPPATH\Libraries\IonAuth.php(71): IonAuth\Models\IonAuthModel->__construct()
 2 APPPATH\Filters\CheckPermissions.php(16): App\Libraries\IonAuth->__construct()
 3 SYSTEMPATH\Filters\Filters.php(197): App\Filters\CheckPermissions->__construct()
 4 SYSTEMPATH\Filters\Filters.php(184): CodeIgniter\Filters\Filters->runBefore([...])
 5 SYSTEMPATH\CodeIgniter.php(481): CodeIgniter\Filters\Filters->run('vendor/products/stock_alert', 'before')
 6 SYSTEMPATH\CodeIgniter.php(355): CodeIgniter\CodeIgniter->handleRequest(null, Object(Config\Cache), false)
 7 SYSTEMPATH\Boot.php(325): CodeIgniter\CodeIgniter->run()
 8 SYSTEMPATH\Boot.php(67): CodeIgniter\Boot::runCodeIgniter(Object(CodeIgniter\CodeIgniter))
 9 FCPATH\index.php(56): CodeIgniter\Boot::bootWeb(Object(Config\Paths))
WARNING - 2025-02-13 09:36:24 --> [DEPRECATED] Creation of dynamic property IonAuth\Models\IonAuthModel::$messagesTemplates is deprecated in FCPATH\vendor\benedmunds\codeigniter-ion-auth\Models\IonAuthModel.php on line 237.
 1 APPPATH\Libraries\IonAuth.php(71): IonAuth\Models\IonAuthModel->__construct()
 2 APPPATH\Filters\CheckPermissions.php(16): App\Libraries\IonAuth->__construct()
 3 SYSTEMPATH\Filters\Filters.php(197): App\Filters\CheckPermissions->__construct()
 4 SYSTEMPATH\Filters\Filters.php(184): CodeIgniter\Filters\Filters->runBefore([...])
 5 SYSTEMPATH\CodeIgniter.php(481): CodeIgniter\Filters\Filters->run('vendor/products/stock_alert', 'before')
 6 SYSTEMPATH\CodeIgniter.php(355): CodeIgniter\CodeIgniter->handleRequest(null, Object(Config\Cache), false)
 7 SYSTEMPATH\Boot.php(325): CodeIgniter\CodeIgniter->run()
 8 SYSTEMPATH\Boot.php(67): CodeIgniter\Boot::runCodeIgniter(Object(CodeIgniter\CodeIgniter))
 9 FCPATH\index.php(56): CodeIgniter\Boot::bootWeb(Object(Config\Paths))
WARNING - 2025-02-13 09:36:24 --> [DEPRECATED] Creation of dynamic property IonAuth\Models\IonAuthModel::$join is deprecated in FCPATH\vendor\benedmunds\codeigniter-ion-auth\Models\IonAuthModel.php on line 231.
 1 APPPATH\Libraries\IonAuth.php(71): IonAuth\Models\IonAuthModel->__construct()
 2 APPPATH\Controllers\vendor\Products.php(25): App\Libraries\IonAuth->__construct()
 3 SYSTEMPATH\CodeIgniter.php(903): App\Controllers\vendor\Products->__construct()
 4 SYSTEMPATH\CodeIgniter.php(500): CodeIgniter\CodeIgniter->createController()
 5 SYSTEMPATH\CodeIgniter.php(355): CodeIgniter\CodeIgniter->handleRequest(null, Object(Config\Cache), false)
 6 SYSTEMPATH\Boot.php(325): CodeIgniter\CodeIgniter->run()
 7 SYSTEMPATH\Boot.php(67): CodeIgniter\Boot::runCodeIgniter(Object(CodeIgniter\CodeIgniter))
 8 FCPATH\index.php(56): CodeIgniter\Boot::bootWeb(Object(Config\Paths))
WARNING - 2025-02-13 09:36:24 --> [DEPRECATED] Creation of dynamic property IonAuth\Models\IonAuthModel::$hashMethod is deprecated in FCPATH\vendor\benedmunds\codeigniter-ion-auth\Models\IonAuthModel.php on line 234.
 1 APPPATH\Libraries\IonAuth.php(71): IonAuth\Models\IonAuthModel->__construct()
 2 APPPATH\Controllers\vendor\Products.php(25): App\Libraries\IonAuth->__construct()
 3 SYSTEMPATH\CodeIgniter.php(903): App\Controllers\vendor\Products->__construct()
 4 SYSTEMPATH\CodeIgniter.php(500): CodeIgniter\CodeIgniter->createController()
 5 SYSTEMPATH\CodeIgniter.php(355): CodeIgniter\CodeIgniter->handleRequest(null, Object(Config\Cache), false)
 6 SYSTEMPATH\Boot.php(325): CodeIgniter\CodeIgniter->run()
 7 SYSTEMPATH\Boot.php(67): CodeIgniter\Boot::runCodeIgniter(Object(CodeIgniter\CodeIgniter))
 8 FCPATH\index.php(56): CodeIgniter\Boot::bootWeb(Object(Config\Paths))
WARNING - 2025-02-13 09:36:24 --> [DEPRECATED] Creation of dynamic property IonAuth\Models\IonAuthModel::$messagesTemplates is deprecated in FCPATH\vendor\benedmunds\codeigniter-ion-auth\Models\IonAuthModel.php on line 237.
 1 APPPATH\Libraries\IonAuth.php(71): IonAuth\Models\IonAuthModel->__construct()
 2 APPPATH\Controllers\vendor\Products.php(25): App\Libraries\IonAuth->__construct()
 3 SYSTEMPATH\CodeIgniter.php(903): App\Controllers\vendor\Products->__construct()
 4 SYSTEMPATH\CodeIgniter.php(500): CodeIgniter\CodeIgniter->createController()
 5 SYSTEMPATH\CodeIgniter.php(355): CodeIgniter\CodeIgniter->handleRequest(null, Object(Config\Cache), false)
 6 SYSTEMPATH\Boot.php(325): CodeIgniter\CodeIgniter->run()
 7 SYSTEMPATH\Boot.php(67): CodeIgniter\Boot::runCodeIgniter(Object(CodeIgniter\CodeIgniter))
 8 FCPATH\index.php(56): CodeIgniter\Boot::bootWeb(Object(Config\Paths))
WARNING - 2025-02-13 15:06:24 --> [DEPRECATED] Creation of dynamic property IonAuth\Models\IonAuthModel::$join is deprecated in FCPATH\vendor\benedmunds\codeigniter-ion-auth\Models\IonAuthModel.php on line 231.
 1 APPPATH\Libraries\IonAuth.php(71): IonAuth\Models\IonAuthModel->__construct()
 2 APPPATH\Filters\CheckPermissions.php(16): App\Libraries\IonAuth->__construct()
 3 SYSTEMPATH\Filters\Filters.php(235): App\Filters\CheckPermissions->__construct()
 4 SYSTEMPATH\Filters\Filters.php(188): CodeIgniter\Filters\Filters->runAfter([...])
 5 SYSTEMPATH\CodeIgniter.php(527): CodeIgniter\Filters\Filters->run('vendor/products/stock_alert', 'after')
 6 SYSTEMPATH\CodeIgniter.php(355): CodeIgniter\CodeIgniter->handleRequest(null, Object(Config\Cache), false)
 7 SYSTEMPATH\Boot.php(325): CodeIgniter\CodeIgniter->run()
 8 SYSTEMPATH\Boot.php(67): CodeIgniter\Boot::runCodeIgniter(Object(CodeIgniter\CodeIgniter))
 9 FCPATH\index.php(56): CodeIgniter\Boot::bootWeb(Object(Config\Paths))
WARNING - 2025-02-13 15:06:24 --> [DEPRECATED] Creation of dynamic property IonAuth\Models\IonAuthModel::$hashMethod is deprecated in FCPATH\vendor\benedmunds\codeigniter-ion-auth\Models\IonAuthModel.php on line 234.
 1 APPPATH\Libraries\IonAuth.php(71): IonAuth\Models\IonAuthModel->__construct()
 2 APPPATH\Filters\CheckPermissions.php(16): App\Libraries\IonAuth->__construct()
 3 SYSTEMPATH\Filters\Filters.php(235): App\Filters\CheckPermissions->__construct()
 4 SYSTEMPATH\Filters\Filters.php(188): CodeIgniter\Filters\Filters->runAfter([...])
 5 SYSTEMPATH\CodeIgniter.php(527): CodeIgniter\Filters\Filters->run('vendor/products/stock_alert', 'after')
 6 SYSTEMPATH\CodeIgniter.php(355): CodeIgniter\CodeIgniter->handleRequest(null, Object(Config\Cache), false)
 7 SYSTEMPATH\Boot.php(325): CodeIgniter\CodeIgniter->run()
 8 SYSTEMPATH\Boot.php(67): CodeIgniter\Boot::runCodeIgniter(Object(CodeIgniter\CodeIgniter))
 9 FCPATH\index.php(56): CodeIgniter\Boot::bootWeb(Object(Config\Paths))
WARNING - 2025-02-13 15:06:24 --> [DEPRECATED] Creation of dynamic property IonAuth\Models\IonAuthModel::$messagesTemplates is deprecated in FCPATH\vendor\benedmunds\codeigniter-ion-auth\Models\IonAuthModel.php on line 237.
 1 APPPATH\Libraries\IonAuth.php(71): IonAuth\Models\IonAuthModel->__construct()
 2 APPPATH\Filters\CheckPermissions.php(16): App\Libraries\IonAuth->__construct()
 3 SYSTEMPATH\Filters\Filters.php(235): App\Filters\CheckPermissions->__construct()
 4 SYSTEMPATH\Filters\Filters.php(188): CodeIgniter\Filters\Filters->runAfter([...])
 5 SYSTEMPATH\CodeIgniter.php(527): CodeIgniter\Filters\Filters->run('vendor/products/stock_alert', 'after')
 6 SYSTEMPATH\CodeIgniter.php(355): CodeIgniter\CodeIgniter->handleRequest(null, Object(Config\Cache), false)
 7 SYSTEMPATH\Boot.php(325): CodeIgniter\CodeIgniter->run()
 8 SYSTEMPATH\Boot.php(67): CodeIgniter\Boot::runCodeIgniter(Object(CodeIgniter\CodeIgniter))
 9 FCPATH\index.php(56): CodeIgniter\Boot::bootWeb(Object(Config\Paths))
INFO - 2025-02-13 09:37:07 --> Session: Class initialized using 'CodeIgniter\Session\Handlers\FileHandler' driver.
WARNING - 2025-02-13 09:37:07 --> [DEPRECATED] Creation of dynamic property IonAuth\Models\IonAuthModel::$join is deprecated in FCPATH\vendor\benedmunds\codeigniter-ion-auth\Models\IonAuthModel.php on line 231.
 1 APPPATH\Libraries\IonAuth.php(71): IonAuth\Models\IonAuthModel->__construct()
 2 APPPATH\Controllers\vendor\Brand.php(18): App\Libraries\IonAuth->__construct()
 3 SYSTEMPATH\CodeIgniter.php(903): App\Controllers\Vendor\Brand->__construct()
 4 SYSTEMPATH\CodeIgniter.php(500): CodeIgniter\CodeIgniter->createController()
 5 SYSTEMPATH\CodeIgniter.php(355): CodeIgniter\CodeIgniter->handleRequest(null, Object(Config\Cache), false)
 6 SYSTEMPATH\Boot.php(325): CodeIgniter\CodeIgniter->run()
 7 SYSTEMPATH\Boot.php(67): CodeIgniter\Boot::runCodeIgniter(Object(CodeIgniter\CodeIgniter))
 8 FCPATH\index.php(56): CodeIgniter\Boot::bootWeb(Object(Config\Paths))
WARNING - 2025-02-13 09:37:07 --> [DEPRECATED] Creation of dynamic property IonAuth\Models\IonAuthModel::$hashMethod is deprecated in FCPATH\vendor\benedmunds\codeigniter-ion-auth\Models\IonAuthModel.php on line 234.
 1 APPPATH\Libraries\IonAuth.php(71): IonAuth\Models\IonAuthModel->__construct()
 2 APPPATH\Controllers\vendor\Brand.php(18): App\Libraries\IonAuth->__construct()
 3 SYSTEMPATH\CodeIgniter.php(903): App\Controllers\Vendor\Brand->__construct()
 4 SYSTEMPATH\CodeIgniter.php(500): CodeIgniter\CodeIgniter->createController()
 5 SYSTEMPATH\CodeIgniter.php(355): CodeIgniter\CodeIgniter->handleRequest(null, Object(Config\Cache), false)
 6 SYSTEMPATH\Boot.php(325): CodeIgniter\CodeIgniter->run()
 7 SYSTEMPATH\Boot.php(67): CodeIgniter\Boot::runCodeIgniter(Object(CodeIgniter\CodeIgniter))
 8 FCPATH\index.php(56): CodeIgniter\Boot::bootWeb(Object(Config\Paths))
WARNING - 2025-02-13 09:37:07 --> [DEPRECATED] Creation of dynamic property IonAuth\Models\IonAuthModel::$messagesTemplates is deprecated in FCPATH\vendor\benedmunds\codeigniter-ion-auth\Models\IonAuthModel.php on line 237.
 1 APPPATH\Libraries\IonAuth.php(71): IonAuth\Models\IonAuthModel->__construct()
 2 APPPATH\Controllers\vendor\Brand.php(18): App\Libraries\IonAuth->__construct()
 3 SYSTEMPATH\CodeIgniter.php(903): App\Controllers\Vendor\Brand->__construct()
 4 SYSTEMPATH\CodeIgniter.php(500): CodeIgniter\CodeIgniter->createController()
 5 SYSTEMPATH\CodeIgniter.php(355): CodeIgniter\CodeIgniter->handleRequest(null, Object(Config\Cache), false)
 6 SYSTEMPATH\Boot.php(325): CodeIgniter\CodeIgniter->run()
 7 SYSTEMPATH\Boot.php(67): CodeIgniter\Boot::runCodeIgniter(Object(CodeIgniter\CodeIgniter))
 8 FCPATH\index.php(56): CodeIgniter\Boot::bootWeb(Object(Config\Paths))
INFO - 2025-02-13 09:37:09 --> Session: Class initialized using 'CodeIgniter\Session\Handlers\FileHandler' driver.
WARNING - 2025-02-13 09:37:09 --> [DEPRECATED] Creation of dynamic property IonAuth\Models\IonAuthModel::$join is deprecated in FCPATH\vendor\benedmunds\codeigniter-ion-auth\Models\IonAuthModel.php on line 231.
 1 APPPATH\Libraries\IonAuth.php(71): IonAuth\Models\IonAuthModel->__construct()
 2 APPPATH\Filters\CheckPermissions.php(16): App\Libraries\IonAuth->__construct()
 3 SYSTEMPATH\Filters\Filters.php(197): App\Filters\CheckPermissions->__construct()
 4 SYSTEMPATH\Filters\Filters.php(184): CodeIgniter\Filters\Filters->runBefore([...])
 5 SYSTEMPATH\CodeIgniter.php(481): CodeIgniter\Filters\Filters->run('vendor/brand/brand-table', 'before')
 6 SYSTEMPATH\CodeIgniter.php(355): CodeIgniter\CodeIgniter->handleRequest(null, Object(Config\Cache), false)
 7 SYSTEMPATH\Boot.php(325): CodeIgniter\CodeIgniter->run()
 8 SYSTEMPATH\Boot.php(67): CodeIgniter\Boot::runCodeIgniter(Object(CodeIgniter\CodeIgniter))
 9 FCPATH\index.php(56): CodeIgniter\Boot::bootWeb(Object(Config\Paths))
WARNING - 2025-02-13 09:37:09 --> [DEPRECATED] Creation of dynamic property IonAuth\Models\IonAuthModel::$hashMethod is deprecated in FCPATH\vendor\benedmunds\codeigniter-ion-auth\Models\IonAuthModel.php on line 234.
 1 APPPATH\Libraries\IonAuth.php(71): IonAuth\Models\IonAuthModel->__construct()
 2 APPPATH\Filters\CheckPermissions.php(16): App\Libraries\IonAuth->__construct()
 3 SYSTEMPATH\Filters\Filters.php(197): App\Filters\CheckPermissions->__construct()
 4 SYSTEMPATH\Filters\Filters.php(184): CodeIgniter\Filters\Filters->runBefore([...])
 5 SYSTEMPATH\CodeIgniter.php(481): CodeIgniter\Filters\Filters->run('vendor/brand/brand-table', 'before')
 6 SYSTEMPATH\CodeIgniter.php(355): CodeIgniter\CodeIgniter->handleRequest(null, Object(Config\Cache), false)
 7 SYSTEMPATH\Boot.php(325): CodeIgniter\CodeIgniter->run()
 8 SYSTEMPATH\Boot.php(67): CodeIgniter\Boot::runCodeIgniter(Object(CodeIgniter\CodeIgniter))
 9 FCPATH\index.php(56): CodeIgniter\Boot::bootWeb(Object(Config\Paths))
WARNING - 2025-02-13 09:37:09 --> [DEPRECATED] Creation of dynamic property IonAuth\Models\IonAuthModel::$messagesTemplates is deprecated in FCPATH\vendor\benedmunds\codeigniter-ion-auth\Models\IonAuthModel.php on line 237.
 1 APPPATH\Libraries\IonAuth.php(71): IonAuth\Models\IonAuthModel->__construct()
 2 APPPATH\Filters\CheckPermissions.php(16): App\Libraries\IonAuth->__construct()
 3 SYSTEMPATH\Filters\Filters.php(197): App\Filters\CheckPermissions->__construct()
 4 SYSTEMPATH\Filters\Filters.php(184): CodeIgniter\Filters\Filters->runBefore([...])
 5 SYSTEMPATH\CodeIgniter.php(481): CodeIgniter\Filters\Filters->run('vendor/brand/brand-table', 'before')
 6 SYSTEMPATH\CodeIgniter.php(355): CodeIgniter\CodeIgniter->handleRequest(null, Object(Config\Cache), false)
 7 SYSTEMPATH\Boot.php(325): CodeIgniter\CodeIgniter->run()
 8 SYSTEMPATH\Boot.php(67): CodeIgniter\Boot::runCodeIgniter(Object(CodeIgniter\CodeIgniter))
 9 FCPATH\index.php(56): CodeIgniter\Boot::bootWeb(Object(Config\Paths))
WARNING - 2025-02-13 09:37:09 --> [DEPRECATED] Creation of dynamic property IonAuth\Models\IonAuthModel::$join is deprecated in FCPATH\vendor\benedmunds\codeigniter-ion-auth\Models\IonAuthModel.php on line 231.
 1 APPPATH\Libraries\IonAuth.php(71): IonAuth\Models\IonAuthModel->__construct()
 2 APPPATH\Controllers\vendor\Brand.php(18): App\Libraries\IonAuth->__construct()
 3 SYSTEMPATH\CodeIgniter.php(903): App\Controllers\Vendor\Brand->__construct()
 4 SYSTEMPATH\CodeIgniter.php(500): CodeIgniter\CodeIgniter->createController()
 5 SYSTEMPATH\CodeIgniter.php(355): CodeIgniter\CodeIgniter->handleRequest(null, Object(Config\Cache), false)
 6 SYSTEMPATH\Boot.php(325): CodeIgniter\CodeIgniter->run()
 7 SYSTEMPATH\Boot.php(67): CodeIgniter\Boot::runCodeIgniter(Object(CodeIgniter\CodeIgniter))
 8 FCPATH\index.php(56): CodeIgniter\Boot::bootWeb(Object(Config\Paths))
WARNING - 2025-02-13 09:37:09 --> [DEPRECATED] Creation of dynamic property IonAuth\Models\IonAuthModel::$hashMethod is deprecated in FCPATH\vendor\benedmunds\codeigniter-ion-auth\Models\IonAuthModel.php on line 234.
 1 APPPATH\Libraries\IonAuth.php(71): IonAuth\Models\IonAuthModel->__construct()
 2 APPPATH\Controllers\vendor\Brand.php(18): App\Libraries\IonAuth->__construct()
 3 SYSTEMPATH\CodeIgniter.php(903): App\Controllers\Vendor\Brand->__construct()
 4 SYSTEMPATH\CodeIgniter.php(500): CodeIgniter\CodeIgniter->createController()
 5 SYSTEMPATH\CodeIgniter.php(355): CodeIgniter\CodeIgniter->handleRequest(null, Object(Config\Cache), false)
 6 SYSTEMPATH\Boot.php(325): CodeIgniter\CodeIgniter->run()
 7 SYSTEMPATH\Boot.php(67): CodeIgniter\Boot::runCodeIgniter(Object(CodeIgniter\CodeIgniter))
 8 FCPATH\index.php(56): CodeIgniter\Boot::bootWeb(Object(Config\Paths))
WARNING - 2025-02-13 09:37:09 --> [DEPRECATED] Creation of dynamic property IonAuth\Models\IonAuthModel::$messagesTemplates is deprecated in FCPATH\vendor\benedmunds\codeigniter-ion-auth\Models\IonAuthModel.php on line 237.
 1 APPPATH\Libraries\IonAuth.php(71): IonAuth\Models\IonAuthModel->__construct()
 2 APPPATH\Controllers\vendor\Brand.php(18): App\Libraries\IonAuth->__construct()
 3 SYSTEMPATH\CodeIgniter.php(903): App\Controllers\Vendor\Brand->__construct()
 4 SYSTEMPATH\CodeIgniter.php(500): CodeIgniter\CodeIgniter->createController()
 5 SYSTEMPATH\CodeIgniter.php(355): CodeIgniter\CodeIgniter->handleRequest(null, Object(Config\Cache), false)
 6 SYSTEMPATH\Boot.php(325): CodeIgniter\CodeIgniter->run()
 7 SYSTEMPATH\Boot.php(67): CodeIgniter\Boot::runCodeIgniter(Object(CodeIgniter\CodeIgniter))
 8 FCPATH\index.php(56): CodeIgniter\Boot::bootWeb(Object(Config\Paths))
WARNING - 2025-02-13 15:07:10 --> [DEPRECATED] Creation of dynamic property IonAuth\Models\IonAuthModel::$join is deprecated in FCPATH\vendor\benedmunds\codeigniter-ion-auth\Models\IonAuthModel.php on line 231.
 1 APPPATH\Libraries\IonAuth.php(71): IonAuth\Models\IonAuthModel->__construct()
 2 APPPATH\Filters\CheckPermissions.php(16): App\Libraries\IonAuth->__construct()
 3 SYSTEMPATH\Filters\Filters.php(235): App\Filters\CheckPermissions->__construct()
 4 SYSTEMPATH\Filters\Filters.php(188): CodeIgniter\Filters\Filters->runAfter([...])
 5 SYSTEMPATH\CodeIgniter.php(527): CodeIgniter\Filters\Filters->run('vendor/brand/brand-table', 'after')
 6 SYSTEMPATH\CodeIgniter.php(355): CodeIgniter\CodeIgniter->handleRequest(null, Object(Config\Cache), false)
 7 SYSTEMPATH\Boot.php(325): CodeIgniter\CodeIgniter->run()
 8 SYSTEMPATH\Boot.php(67): CodeIgniter\Boot::runCodeIgniter(Object(CodeIgniter\CodeIgniter))
 9 FCPATH\index.php(56): CodeIgniter\Boot::bootWeb(Object(Config\Paths))
WARNING - 2025-02-13 15:07:10 --> [DEPRECATED] Creation of dynamic property IonAuth\Models\IonAuthModel::$hashMethod is deprecated in FCPATH\vendor\benedmunds\codeigniter-ion-auth\Models\IonAuthModel.php on line 234.
 1 APPPATH\Libraries\IonAuth.php(71): IonAuth\Models\IonAuthModel->__construct()
 2 APPPATH\Filters\CheckPermissions.php(16): App\Libraries\IonAuth->__construct()
 3 SYSTEMPATH\Filters\Filters.php(235): App\Filters\CheckPermissions->__construct()
 4 SYSTEMPATH\Filters\Filters.php(188): CodeIgniter\Filters\Filters->runAfter([...])
 5 SYSTEMPATH\CodeIgniter.php(527): CodeIgniter\Filters\Filters->run('vendor/brand/brand-table', 'after')
 6 SYSTEMPATH\CodeIgniter.php(355): CodeIgniter\CodeIgniter->handleRequest(null, Object(Config\Cache), false)
 7 SYSTEMPATH\Boot.php(325): CodeIgniter\CodeIgniter->run()
 8 SYSTEMPATH\Boot.php(67): CodeIgniter\Boot::runCodeIgniter(Object(CodeIgniter\CodeIgniter))
 9 FCPATH\index.php(56): CodeIgniter\Boot::bootWeb(Object(Config\Paths))
WARNING - 2025-02-13 15:07:10 --> [DEPRECATED] Creation of dynamic property IonAuth\Models\IonAuthModel::$messagesTemplates is deprecated in FCPATH\vendor\benedmunds\codeigniter-ion-auth\Models\IonAuthModel.php on line 237.
 1 APPPATH\Libraries\IonAuth.php(71): IonAuth\Models\IonAuthModel->__construct()
 2 APPPATH\Filters\CheckPermissions.php(16): App\Libraries\IonAuth->__construct()
 3 SYSTEMPATH\Filters\Filters.php(235): App\Filters\CheckPermissions->__construct()
 4 SYSTEMPATH\Filters\Filters.php(188): CodeIgniter\Filters\Filters->runAfter([...])
 5 SYSTEMPATH\CodeIgniter.php(527): CodeIgniter\Filters\Filters->run('vendor/brand/brand-table', 'after')
 6 SYSTEMPATH\CodeIgniter.php(355): CodeIgniter\CodeIgniter->handleRequest(null, Object(Config\Cache), false)
 7 SYSTEMPATH\Boot.php(325): CodeIgniter\CodeIgniter->run()
 8 SYSTEMPATH\Boot.php(67): CodeIgniter\Boot::runCodeIgniter(Object(CodeIgniter\CodeIgniter))
 9 FCPATH\index.php(56): CodeIgniter\Boot::bootWeb(Object(Config\Paths))
INFO - 2025-02-13 09:37:10 --> Session: Class initialized using 'CodeIgniter\Session\Handlers\FileHandler' driver.
WARNING - 2025-02-13 09:37:10 --> [DEPRECATED] Creation of dynamic property IonAuth\Models\IonAuthModel::$join is deprecated in FCPATH\vendor\benedmunds\codeigniter-ion-auth\Models\IonAuthModel.php on line 231.
 1 APPPATH\Libraries\IonAuth.php(71): IonAuth\Models\IonAuthModel->__construct()
 2 APPPATH\Filters\CheckPermissions.php(16): App\Libraries\IonAuth->__construct()
 3 SYSTEMPATH\Filters\Filters.php(197): App\Filters\CheckPermissions->__construct()
 4 SYSTEMPATH\Filters\Filters.php(184): CodeIgniter\Filters\Filters->runBefore([...])
 5 SYSTEMPATH\CodeIgniter.php(481): CodeIgniter\Filters\Filters->run('vendor/products/stock_alert', 'before')
 6 SYSTEMPATH\CodeIgniter.php(355): CodeIgniter\CodeIgniter->handleRequest(null, Object(Config\Cache), false)
 7 SYSTEMPATH\Boot.php(325): CodeIgniter\CodeIgniter->run()
 8 SYSTEMPATH\Boot.php(67): CodeIgniter\Boot::runCodeIgniter(Object(CodeIgniter\CodeIgniter))
 9 FCPATH\index.php(56): CodeIgniter\Boot::bootWeb(Object(Config\Paths))
WARNING - 2025-02-13 09:37:10 --> [DEPRECATED] Creation of dynamic property IonAuth\Models\IonAuthModel::$hashMethod is deprecated in FCPATH\vendor\benedmunds\codeigniter-ion-auth\Models\IonAuthModel.php on line 234.
 1 APPPATH\Libraries\IonAuth.php(71): IonAuth\Models\IonAuthModel->__construct()
 2 APPPATH\Filters\CheckPermissions.php(16): App\Libraries\IonAuth->__construct()
 3 SYSTEMPATH\Filters\Filters.php(197): App\Filters\CheckPermissions->__construct()
 4 SYSTEMPATH\Filters\Filters.php(184): CodeIgniter\Filters\Filters->runBefore([...])
 5 SYSTEMPATH\CodeIgniter.php(481): CodeIgniter\Filters\Filters->run('vendor/products/stock_alert', 'before')
 6 SYSTEMPATH\CodeIgniter.php(355): CodeIgniter\CodeIgniter->handleRequest(null, Object(Config\Cache), false)
 7 SYSTEMPATH\Boot.php(325): CodeIgniter\CodeIgniter->run()
 8 SYSTEMPATH\Boot.php(67): CodeIgniter\Boot::runCodeIgniter(Object(CodeIgniter\CodeIgniter))
 9 FCPATH\index.php(56): CodeIgniter\Boot::bootWeb(Object(Config\Paths))
WARNING - 2025-02-13 09:37:10 --> [DEPRECATED] Creation of dynamic property IonAuth\Models\IonAuthModel::$messagesTemplates is deprecated in FCPATH\vendor\benedmunds\codeigniter-ion-auth\Models\IonAuthModel.php on line 237.
 1 APPPATH\Libraries\IonAuth.php(71): IonAuth\Models\IonAuthModel->__construct()
 2 APPPATH\Filters\CheckPermissions.php(16): App\Libraries\IonAuth->__construct()
 3 SYSTEMPATH\Filters\Filters.php(197): App\Filters\CheckPermissions->__construct()
 4 SYSTEMPATH\Filters\Filters.php(184): CodeIgniter\Filters\Filters->runBefore([...])
 5 SYSTEMPATH\CodeIgniter.php(481): CodeIgniter\Filters\Filters->run('vendor/products/stock_alert', 'before')
 6 SYSTEMPATH\CodeIgniter.php(355): CodeIgniter\CodeIgniter->handleRequest(null, Object(Config\Cache), false)
 7 SYSTEMPATH\Boot.php(325): CodeIgniter\CodeIgniter->run()
 8 SYSTEMPATH\Boot.php(67): CodeIgniter\Boot::runCodeIgniter(Object(CodeIgniter\CodeIgniter))
 9 FCPATH\index.php(56): CodeIgniter\Boot::bootWeb(Object(Config\Paths))
WARNING - 2025-02-13 09:37:10 --> [DEPRECATED] Creation of dynamic property IonAuth\Models\IonAuthModel::$join is deprecated in FCPATH\vendor\benedmunds\codeigniter-ion-auth\Models\IonAuthModel.php on line 231.
 1 APPPATH\Libraries\IonAuth.php(71): IonAuth\Models\IonAuthModel->__construct()
 2 APPPATH\Controllers\vendor\Products.php(25): App\Libraries\IonAuth->__construct()
 3 SYSTEMPATH\CodeIgniter.php(903): App\Controllers\vendor\Products->__construct()
 4 SYSTEMPATH\CodeIgniter.php(500): CodeIgniter\CodeIgniter->createController()
 5 SYSTEMPATH\CodeIgniter.php(355): CodeIgniter\CodeIgniter->handleRequest(null, Object(Config\Cache), false)
 6 SYSTEMPATH\Boot.php(325): CodeIgniter\CodeIgniter->run()
 7 SYSTEMPATH\Boot.php(67): CodeIgniter\Boot::runCodeIgniter(Object(CodeIgniter\CodeIgniter))
 8 FCPATH\index.php(56): CodeIgniter\Boot::bootWeb(Object(Config\Paths))
WARNING - 2025-02-13 09:37:10 --> [DEPRECATED] Creation of dynamic property IonAuth\Models\IonAuthModel::$hashMethod is deprecated in FCPATH\vendor\benedmunds\codeigniter-ion-auth\Models\IonAuthModel.php on line 234.
 1 APPPATH\Libraries\IonAuth.php(71): IonAuth\Models\IonAuthModel->__construct()
 2 APPPATH\Controllers\vendor\Products.php(25): App\Libraries\IonAuth->__construct()
 3 SYSTEMPATH\CodeIgniter.php(903): App\Controllers\vendor\Products->__construct()
 4 SYSTEMPATH\CodeIgniter.php(500): CodeIgniter\CodeIgniter->createController()
 5 SYSTEMPATH\CodeIgniter.php(355): CodeIgniter\CodeIgniter->handleRequest(null, Object(Config\Cache), false)
 6 SYSTEMPATH\Boot.php(325): CodeIgniter\CodeIgniter->run()
 7 SYSTEMPATH\Boot.php(67): CodeIgniter\Boot::runCodeIgniter(Object(CodeIgniter\CodeIgniter))
 8 FCPATH\index.php(56): CodeIgniter\Boot::bootWeb(Object(Config\Paths))
WARNING - 2025-02-13 09:37:10 --> [DEPRECATED] Creation of dynamic property IonAuth\Models\IonAuthModel::$messagesTemplates is deprecated in FCPATH\vendor\benedmunds\codeigniter-ion-auth\Models\IonAuthModel.php on line 237.
 1 APPPATH\Libraries\IonAuth.php(71): IonAuth\Models\IonAuthModel->__construct()
 2 APPPATH\Controllers\vendor\Products.php(25): App\Libraries\IonAuth->__construct()
 3 SYSTEMPATH\CodeIgniter.php(903): App\Controllers\vendor\Products->__construct()
 4 SYSTEMPATH\CodeIgniter.php(500): CodeIgniter\CodeIgniter->createController()
 5 SYSTEMPATH\CodeIgniter.php(355): CodeIgniter\CodeIgniter->handleRequest(null, Object(Config\Cache), false)
 6 SYSTEMPATH\Boot.php(325): CodeIgniter\CodeIgniter->run()
 7 SYSTEMPATH\Boot.php(67): CodeIgniter\Boot::runCodeIgniter(Object(CodeIgniter\CodeIgniter))
 8 FCPATH\index.php(56): CodeIgniter\Boot::bootWeb(Object(Config\Paths))
WARNING - 2025-02-13 15:07:10 --> [DEPRECATED] Creation of dynamic property IonAuth\Models\IonAuthModel::$join is deprecated in FCPATH\vendor\benedmunds\codeigniter-ion-auth\Models\IonAuthModel.php on line 231.
 1 APPPATH\Libraries\IonAuth.php(71): IonAuth\Models\IonAuthModel->__construct()
 2 APPPATH\Filters\CheckPermissions.php(16): App\Libraries\IonAuth->__construct()
 3 SYSTEMPATH\Filters\Filters.php(235): App\Filters\CheckPermissions->__construct()
 4 SYSTEMPATH\Filters\Filters.php(188): CodeIgniter\Filters\Filters->runAfter([...])
 5 SYSTEMPATH\CodeIgniter.php(527): CodeIgniter\Filters\Filters->run('vendor/products/stock_alert', 'after')
 6 SYSTEMPATH\CodeIgniter.php(355): CodeIgniter\CodeIgniter->handleRequest(null, Object(Config\Cache), false)
 7 SYSTEMPATH\Boot.php(325): CodeIgniter\CodeIgniter->run()
 8 SYSTEMPATH\Boot.php(67): CodeIgniter\Boot::runCodeIgniter(Object(CodeIgniter\CodeIgniter))
 9 FCPATH\index.php(56): CodeIgniter\Boot::bootWeb(Object(Config\Paths))
WARNING - 2025-02-13 15:07:10 --> [DEPRECATED] Creation of dynamic property IonAuth\Models\IonAuthModel::$hashMethod is deprecated in FCPATH\vendor\benedmunds\codeigniter-ion-auth\Models\IonAuthModel.php on line 234.
 1 APPPATH\Libraries\IonAuth.php(71): IonAuth\Models\IonAuthModel->__construct()
 2 APPPATH\Filters\CheckPermissions.php(16): App\Libraries\IonAuth->__construct()
 3 SYSTEMPATH\Filters\Filters.php(235): App\Filters\CheckPermissions->__construct()
 4 SYSTEMPATH\Filters\Filters.php(188): CodeIgniter\Filters\Filters->runAfter([...])
 5 SYSTEMPATH\CodeIgniter.php(527): CodeIgniter\Filters\Filters->run('vendor/products/stock_alert', 'after')
 6 SYSTEMPATH\CodeIgniter.php(355): CodeIgniter\CodeIgniter->handleRequest(null, Object(Config\Cache), false)
 7 SYSTEMPATH\Boot.php(325): CodeIgniter\CodeIgniter->run()
 8 SYSTEMPATH\Boot.php(67): CodeIgniter\Boot::runCodeIgniter(Object(CodeIgniter\CodeIgniter))
 9 FCPATH\index.php(56): CodeIgniter\Boot::bootWeb(Object(Config\Paths))
WARNING - 2025-02-13 15:07:10 --> [DEPRECATED] Creation of dynamic property IonAuth\Models\IonAuthModel::$messagesTemplates is deprecated in FCPATH\vendor\benedmunds\codeigniter-ion-auth\Models\IonAuthModel.php on line 237.
 1 APPPATH\Libraries\IonAuth.php(71): IonAuth\Models\IonAuthModel->__construct()
 2 APPPATH\Filters\CheckPermissions.php(16): App\Libraries\IonAuth->__construct()
 3 SYSTEMPATH\Filters\Filters.php(235): App\Filters\CheckPermissions->__construct()
 4 SYSTEMPATH\Filters\Filters.php(188): CodeIgniter\Filters\Filters->runAfter([...])
 5 SYSTEMPATH\CodeIgniter.php(527): CodeIgniter\Filters\Filters->run('vendor/products/stock_alert', 'after')
 6 SYSTEMPATH\CodeIgniter.php(355): CodeIgniter\CodeIgniter->handleRequest(null, Object(Config\Cache), false)
 7 SYSTEMPATH\Boot.php(325): CodeIgniter\CodeIgniter->run()
 8 SYSTEMPATH\Boot.php(67): CodeIgniter\Boot::runCodeIgniter(Object(CodeIgniter\CodeIgniter))
 9 FCPATH\index.php(56): CodeIgniter\Boot::bootWeb(Object(Config\Paths))
INFO - 2025-02-13 09:37:11 --> Session: Class initialized using 'CodeIgniter\Session\Handlers\FileHandler' driver.
WARNING - 2025-02-13 09:37:11 --> [DEPRECATED] Creation of dynamic property IonAuth\Models\IonAuthModel::$join is deprecated in FCPATH\vendor\benedmunds\codeigniter-ion-auth\Models\IonAuthModel.php on line 231.
 1 APPPATH\Libraries\IonAuth.php(71): IonAuth\Models\IonAuthModel->__construct()
 2 APPPATH\Controllers\vendor\Brand.php(18): App\Libraries\IonAuth->__construct()
 3 SYSTEMPATH\CodeIgniter.php(903): App\Controllers\Vendor\Brand->__construct()
 4 SYSTEMPATH\CodeIgniter.php(500): CodeIgniter\CodeIgniter->createController()
 5 SYSTEMPATH\CodeIgniter.php(355): CodeIgniter\CodeIgniter->handleRequest(null, Object(Config\Cache), false)
 6 SYSTEMPATH\Boot.php(325): CodeIgniter\CodeIgniter->run()
 7 SYSTEMPATH\Boot.php(67): CodeIgniter\Boot::runCodeIgniter(Object(CodeIgniter\CodeIgniter))
 8 FCPATH\index.php(56): CodeIgniter\Boot::bootWeb(Object(Config\Paths))
WARNING - 2025-02-13 09:37:11 --> [DEPRECATED] Creation of dynamic property IonAuth\Models\IonAuthModel::$hashMethod is deprecated in FCPATH\vendor\benedmunds\codeigniter-ion-auth\Models\IonAuthModel.php on line 234.
 1 APPPATH\Libraries\IonAuth.php(71): IonAuth\Models\IonAuthModel->__construct()
 2 APPPATH\Controllers\vendor\Brand.php(18): App\Libraries\IonAuth->__construct()
 3 SYSTEMPATH\CodeIgniter.php(903): App\Controllers\Vendor\Brand->__construct()
 4 SYSTEMPATH\CodeIgniter.php(500): CodeIgniter\CodeIgniter->createController()
 5 SYSTEMPATH\CodeIgniter.php(355): CodeIgniter\CodeIgniter->handleRequest(null, Object(Config\Cache), false)
 6 SYSTEMPATH\Boot.php(325): CodeIgniter\CodeIgniter->run()
 7 SYSTEMPATH\Boot.php(67): CodeIgniter\Boot::runCodeIgniter(Object(CodeIgniter\CodeIgniter))
 8 FCPATH\index.php(56): CodeIgniter\Boot::bootWeb(Object(Config\Paths))
WARNING - 2025-02-13 09:37:11 --> [DEPRECATED] Creation of dynamic property IonAuth\Models\IonAuthModel::$messagesTemplates is deprecated in FCPATH\vendor\benedmunds\codeigniter-ion-auth\Models\IonAuthModel.php on line 237.
 1 APPPATH\Libraries\IonAuth.php(71): IonAuth\Models\IonAuthModel->__construct()
 2 APPPATH\Controllers\vendor\Brand.php(18): App\Libraries\IonAuth->__construct()
 3 SYSTEMPATH\CodeIgniter.php(903): App\Controllers\Vendor\Brand->__construct()
 4 SYSTEMPATH\CodeIgniter.php(500): CodeIgniter\CodeIgniter->createController()
 5 SYSTEMPATH\CodeIgniter.php(355): CodeIgniter\CodeIgniter->handleRequest(null, Object(Config\Cache), false)
 6 SYSTEMPATH\Boot.php(325): CodeIgniter\CodeIgniter->run()
 7 SYSTEMPATH\Boot.php(67): CodeIgniter\Boot::runCodeIgniter(Object(CodeIgniter\CodeIgniter))
 8 FCPATH\index.php(56): CodeIgniter\Boot::bootWeb(Object(Config\Paths))
INFO - 2025-02-13 09:37:11 --> Session: Class initialized using 'CodeIgniter\Session\Handlers\FileHandler' driver.
WARNING - 2025-02-13 09:37:11 --> [DEPRECATED] Creation of dynamic property IonAuth\Models\IonAuthModel::$join is deprecated in FCPATH\vendor\benedmunds\codeigniter-ion-auth\Models\IonAuthModel.php on line 231.
 1 APPPATH\Libraries\IonAuth.php(71): IonAuth\Models\IonAuthModel->__construct()
 2 APPPATH\Controllers\vendor\Brand.php(18): App\Libraries\IonAuth->__construct()
 3 SYSTEMPATH\CodeIgniter.php(903): App\Controllers\Vendor\Brand->__construct()
 4 SYSTEMPATH\CodeIgniter.php(500): CodeIgniter\CodeIgniter->createController()
 5 SYSTEMPATH\CodeIgniter.php(355): CodeIgniter\CodeIgniter->handleRequest(null, Object(Config\Cache), false)
 6 SYSTEMPATH\Boot.php(325): CodeIgniter\CodeIgniter->run()
 7 SYSTEMPATH\Boot.php(67): CodeIgniter\Boot::runCodeIgniter(Object(CodeIgniter\CodeIgniter))
 8 FCPATH\index.php(56): CodeIgniter\Boot::bootWeb(Object(Config\Paths))
WARNING - 2025-02-13 09:37:11 --> [DEPRECATED] Creation of dynamic property IonAuth\Models\IonAuthModel::$hashMethod is deprecated in FCPATH\vendor\benedmunds\codeigniter-ion-auth\Models\IonAuthModel.php on line 234.
 1 APPPATH\Libraries\IonAuth.php(71): IonAuth\Models\IonAuthModel->__construct()
 2 APPPATH\Controllers\vendor\Brand.php(18): App\Libraries\IonAuth->__construct()
 3 SYSTEMPATH\CodeIgniter.php(903): App\Controllers\Vendor\Brand->__construct()
 4 SYSTEMPATH\CodeIgniter.php(500): CodeIgniter\CodeIgniter->createController()
 5 SYSTEMPATH\CodeIgniter.php(355): CodeIgniter\CodeIgniter->handleRequest(null, Object(Config\Cache), false)
 6 SYSTEMPATH\Boot.php(325): CodeIgniter\CodeIgniter->run()
 7 SYSTEMPATH\Boot.php(67): CodeIgniter\Boot::runCodeIgniter(Object(CodeIgniter\CodeIgniter))
 8 FCPATH\index.php(56): CodeIgniter\Boot::bootWeb(Object(Config\Paths))
WARNING - 2025-02-13 09:37:11 --> [DEPRECATED] Creation of dynamic property IonAuth\Models\IonAuthModel::$messagesTemplates is deprecated in FCPATH\vendor\benedmunds\codeigniter-ion-auth\Models\IonAuthModel.php on line 237.
 1 APPPATH\Libraries\IonAuth.php(71): IonAuth\Models\IonAuthModel->__construct()
 2 APPPATH\Controllers\vendor\Brand.php(18): App\Libraries\IonAuth->__construct()
 3 SYSTEMPATH\CodeIgniter.php(903): App\Controllers\Vendor\Brand->__construct()
 4 SYSTEMPATH\CodeIgniter.php(500): CodeIgniter\CodeIgniter->createController()
 5 SYSTEMPATH\CodeIgniter.php(355): CodeIgniter\CodeIgniter->handleRequest(null, Object(Config\Cache), false)
 6 SYSTEMPATH\Boot.php(325): CodeIgniter\CodeIgniter->run()
 7 SYSTEMPATH\Boot.php(67): CodeIgniter\Boot::runCodeIgniter(Object(CodeIgniter\CodeIgniter))
 8 FCPATH\index.php(56): CodeIgniter\Boot::bootWeb(Object(Config\Paths))
INFO - 2025-02-13 09:37:11 --> Session: Class initialized using 'CodeIgniter\Session\Handlers\FileHandler' driver.
WARNING - 2025-02-13 09:37:11 --> [DEPRECATED] Creation of dynamic property IonAuth\Models\IonAuthModel::$join is deprecated in FCPATH\vendor\benedmunds\codeigniter-ion-auth\Models\IonAuthModel.php on line 231.
 1 APPPATH\Libraries\IonAuth.php(71): IonAuth\Models\IonAuthModel->__construct()
 2 APPPATH\Controllers\vendor\Brand.php(18): App\Libraries\IonAuth->__construct()
 3 SYSTEMPATH\CodeIgniter.php(903): App\Controllers\Vendor\Brand->__construct()
 4 SYSTEMPATH\CodeIgniter.php(500): CodeIgniter\CodeIgniter->createController()
 5 SYSTEMPATH\CodeIgniter.php(355): CodeIgniter\CodeIgniter->handleRequest(null, Object(Config\Cache), false)
 6 SYSTEMPATH\Boot.php(325): CodeIgniter\CodeIgniter->run()
 7 SYSTEMPATH\Boot.php(67): CodeIgniter\Boot::runCodeIgniter(Object(CodeIgniter\CodeIgniter))
 8 FCPATH\index.php(56): CodeIgniter\Boot::bootWeb(Object(Config\Paths))
WARNING - 2025-02-13 09:37:11 --> [DEPRECATED] Creation of dynamic property IonAuth\Models\IonAuthModel::$hashMethod is deprecated in FCPATH\vendor\benedmunds\codeigniter-ion-auth\Models\IonAuthModel.php on line 234.
 1 APPPATH\Libraries\IonAuth.php(71): IonAuth\Models\IonAuthModel->__construct()
 2 APPPATH\Controllers\vendor\Brand.php(18): App\Libraries\IonAuth->__construct()
 3 SYSTEMPATH\CodeIgniter.php(903): App\Controllers\Vendor\Brand->__construct()
 4 SYSTEMPATH\CodeIgniter.php(500): CodeIgniter\CodeIgniter->createController()
 5 SYSTEMPATH\CodeIgniter.php(355): CodeIgniter\CodeIgniter->handleRequest(null, Object(Config\Cache), false)
 6 SYSTEMPATH\Boot.php(325): CodeIgniter\CodeIgniter->run()
 7 SYSTEMPATH\Boot.php(67): CodeIgniter\Boot::runCodeIgniter(Object(CodeIgniter\CodeIgniter))
 8 FCPATH\index.php(56): CodeIgniter\Boot::bootWeb(Object(Config\Paths))
WARNING - 2025-02-13 09:37:11 --> [DEPRECATED] Creation of dynamic property IonAuth\Models\IonAuthModel::$messagesTemplates is deprecated in FCPATH\vendor\benedmunds\codeigniter-ion-auth\Models\IonAuthModel.php on line 237.
 1 APPPATH\Libraries\IonAuth.php(71): IonAuth\Models\IonAuthModel->__construct()
 2 APPPATH\Controllers\vendor\Brand.php(18): App\Libraries\IonAuth->__construct()
 3 SYSTEMPATH\CodeIgniter.php(903): App\Controllers\Vendor\Brand->__construct()
 4 SYSTEMPATH\CodeIgniter.php(500): CodeIgniter\CodeIgniter->createController()
 5 SYSTEMPATH\CodeIgniter.php(355): CodeIgniter\CodeIgniter->handleRequest(null, Object(Config\Cache), false)
 6 SYSTEMPATH\Boot.php(325): CodeIgniter\CodeIgniter->run()
 7 SYSTEMPATH\Boot.php(67): CodeIgniter\Boot::runCodeIgniter(Object(CodeIgniter\CodeIgniter))
 8 FCPATH\index.php(56): CodeIgniter\Boot::bootWeb(Object(Config\Paths))
INFO - 2025-02-13 09:37:11 --> Session: Class initialized using 'CodeIgniter\Session\Handlers\FileHandler' driver.
WARNING - 2025-02-13 09:37:11 --> [DEPRECATED] Creation of dynamic property IonAuth\Models\IonAuthModel::$join is deprecated in FCPATH\vendor\benedmunds\codeigniter-ion-auth\Models\IonAuthModel.php on line 231.
 1 APPPATH\Libraries\IonAuth.php(71): IonAuth\Models\IonAuthModel->__construct()
 2 APPPATH\Controllers\vendor\Brand.php(18): App\Libraries\IonAuth->__construct()
 3 SYSTEMPATH\CodeIgniter.php(903): App\Controllers\Vendor\Brand->__construct()
 4 SYSTEMPATH\CodeIgniter.php(500): CodeIgniter\CodeIgniter->createController()
 5 SYSTEMPATH\CodeIgniter.php(355): CodeIgniter\CodeIgniter->handleRequest(null, Object(Config\Cache), false)
 6 SYSTEMPATH\Boot.php(325): CodeIgniter\CodeIgniter->run()
 7 SYSTEMPATH\Boot.php(67): CodeIgniter\Boot::runCodeIgniter(Object(CodeIgniter\CodeIgniter))
 8 FCPATH\index.php(56): CodeIgniter\Boot::bootWeb(Object(Config\Paths))
WARNING - 2025-02-13 09:37:11 --> [DEPRECATED] Creation of dynamic property IonAuth\Models\IonAuthModel::$hashMethod is deprecated in FCPATH\vendor\benedmunds\codeigniter-ion-auth\Models\IonAuthModel.php on line 234.
 1 APPPATH\Libraries\IonAuth.php(71): IonAuth\Models\IonAuthModel->__construct()
 2 APPPATH\Controllers\vendor\Brand.php(18): App\Libraries\IonAuth->__construct()
 3 SYSTEMPATH\CodeIgniter.php(903): App\Controllers\Vendor\Brand->__construct()
 4 SYSTEMPATH\CodeIgniter.php(500): CodeIgniter\CodeIgniter->createController()
 5 SYSTEMPATH\CodeIgniter.php(355): CodeIgniter\CodeIgniter->handleRequest(null, Object(Config\Cache), false)
 6 SYSTEMPATH\Boot.php(325): CodeIgniter\CodeIgniter->run()
 7 SYSTEMPATH\Boot.php(67): CodeIgniter\Boot::runCodeIgniter(Object(CodeIgniter\CodeIgniter))
 8 FCPATH\index.php(56): CodeIgniter\Boot::bootWeb(Object(Config\Paths))
WARNING - 2025-02-13 09:37:11 --> [DEPRECATED] Creation of dynamic property IonAuth\Models\IonAuthModel::$messagesTemplates is deprecated in FCPATH\vendor\benedmunds\codeigniter-ion-auth\Models\IonAuthModel.php on line 237.
 1 APPPATH\Libraries\IonAuth.php(71): IonAuth\Models\IonAuthModel->__construct()
 2 APPPATH\Controllers\vendor\Brand.php(18): App\Libraries\IonAuth->__construct()
 3 SYSTEMPATH\CodeIgniter.php(903): App\Controllers\Vendor\Brand->__construct()
 4 SYSTEMPATH\CodeIgniter.php(500): CodeIgniter\CodeIgniter->createController()
 5 SYSTEMPATH\CodeIgniter.php(355): CodeIgniter\CodeIgniter->handleRequest(null, Object(Config\Cache), false)
 6 SYSTEMPATH\Boot.php(325): CodeIgniter\CodeIgniter->run()
 7 SYSTEMPATH\Boot.php(67): CodeIgniter\Boot::runCodeIgniter(Object(CodeIgniter\CodeIgniter))
 8 FCPATH\index.php(56): CodeIgniter\Boot::bootWeb(Object(Config\Paths))
INFO - 2025-02-13 09:37:11 --> Session: Class initialized using 'CodeIgniter\Session\Handlers\FileHandler' driver.
WARNING - 2025-02-13 09:37:11 --> [DEPRECATED] Creation of dynamic property IonAuth\Models\IonAuthModel::$join is deprecated in FCPATH\vendor\benedmunds\codeigniter-ion-auth\Models\IonAuthModel.php on line 231.
 1 APPPATH\Libraries\IonAuth.php(71): IonAuth\Models\IonAuthModel->__construct()
 2 APPPATH\Controllers\vendor\Brand.php(18): App\Libraries\IonAuth->__construct()
 3 SYSTEMPATH\CodeIgniter.php(903): App\Controllers\Vendor\Brand->__construct()
 4 SYSTEMPATH\CodeIgniter.php(500): CodeIgniter\CodeIgniter->createController()
 5 SYSTEMPATH\CodeIgniter.php(355): CodeIgniter\CodeIgniter->handleRequest(null, Object(Config\Cache), false)
 6 SYSTEMPATH\Boot.php(325): CodeIgniter\CodeIgniter->run()
 7 SYSTEMPATH\Boot.php(67): CodeIgniter\Boot::runCodeIgniter(Object(CodeIgniter\CodeIgniter))
 8 FCPATH\index.php(56): CodeIgniter\Boot::bootWeb(Object(Config\Paths))
WARNING - 2025-02-13 09:37:11 --> [DEPRECATED] Creation of dynamic property IonAuth\Models\IonAuthModel::$hashMethod is deprecated in FCPATH\vendor\benedmunds\codeigniter-ion-auth\Models\IonAuthModel.php on line 234.
 1 APPPATH\Libraries\IonAuth.php(71): IonAuth\Models\IonAuthModel->__construct()
 2 APPPATH\Controllers\vendor\Brand.php(18): App\Libraries\IonAuth->__construct()
 3 SYSTEMPATH\CodeIgniter.php(903): App\Controllers\Vendor\Brand->__construct()
 4 SYSTEMPATH\CodeIgniter.php(500): CodeIgniter\CodeIgniter->createController()
 5 SYSTEMPATH\CodeIgniter.php(355): CodeIgniter\CodeIgniter->handleRequest(null, Object(Config\Cache), false)
 6 SYSTEMPATH\Boot.php(325): CodeIgniter\CodeIgniter->run()
 7 SYSTEMPATH\Boot.php(67): CodeIgniter\Boot::runCodeIgniter(Object(CodeIgniter\CodeIgniter))
 8 FCPATH\index.php(56): CodeIgniter\Boot::bootWeb(Object(Config\Paths))
WARNING - 2025-02-13 09:37:11 --> [DEPRECATED] Creation of dynamic property IonAuth\Models\IonAuthModel::$messagesTemplates is deprecated in FCPATH\vendor\benedmunds\codeigniter-ion-auth\Models\IonAuthModel.php on line 237.
 1 APPPATH\Libraries\IonAuth.php(71): IonAuth\Models\IonAuthModel->__construct()
 2 APPPATH\Controllers\vendor\Brand.php(18): App\Libraries\IonAuth->__construct()
 3 SYSTEMPATH\CodeIgniter.php(903): App\Controllers\Vendor\Brand->__construct()
 4 SYSTEMPATH\CodeIgniter.php(500): CodeIgniter\CodeIgniter->createController()
 5 SYSTEMPATH\CodeIgniter.php(355): CodeIgniter\CodeIgniter->handleRequest(null, Object(Config\Cache), false)
 6 SYSTEMPATH\Boot.php(325): CodeIgniter\CodeIgniter->run()
 7 SYSTEMPATH\Boot.php(67): CodeIgniter\Boot::runCodeIgniter(Object(CodeIgniter\CodeIgniter))
 8 FCPATH\index.php(56): CodeIgniter\Boot::bootWeb(Object(Config\Paths))
INFO - 2025-02-13 09:37:12 --> Session: Class initialized using 'CodeIgniter\Session\Handlers\FileHandler' driver.
WARNING - 2025-02-13 09:37:12 --> [DEPRECATED] Creation of dynamic property IonAuth\Models\IonAuthModel::$join is deprecated in FCPATH\vendor\benedmunds\codeigniter-ion-auth\Models\IonAuthModel.php on line 231.
 1 APPPATH\Libraries\IonAuth.php(71): IonAuth\Models\IonAuthModel->__construct()
 2 APPPATH\Controllers\vendor\Brand.php(18): App\Libraries\IonAuth->__construct()
 3 SYSTEMPATH\CodeIgniter.php(903): App\Controllers\Vendor\Brand->__construct()
 4 SYSTEMPATH\CodeIgniter.php(500): CodeIgniter\CodeIgniter->createController()
 5 SYSTEMPATH\CodeIgniter.php(355): CodeIgniter\CodeIgniter->handleRequest(null, Object(Config\Cache), false)
 6 SYSTEMPATH\Boot.php(325): CodeIgniter\CodeIgniter->run()
 7 SYSTEMPATH\Boot.php(67): CodeIgniter\Boot::runCodeIgniter(Object(CodeIgniter\CodeIgniter))
 8 FCPATH\index.php(56): CodeIgniter\Boot::bootWeb(Object(Config\Paths))
WARNING - 2025-02-13 09:37:12 --> [DEPRECATED] Creation of dynamic property IonAuth\Models\IonAuthModel::$hashMethod is deprecated in FCPATH\vendor\benedmunds\codeigniter-ion-auth\Models\IonAuthModel.php on line 234.
 1 APPPATH\Libraries\IonAuth.php(71): IonAuth\Models\IonAuthModel->__construct()
 2 APPPATH\Controllers\vendor\Brand.php(18): App\Libraries\IonAuth->__construct()
 3 SYSTEMPATH\CodeIgniter.php(903): App\Controllers\Vendor\Brand->__construct()
 4 SYSTEMPATH\CodeIgniter.php(500): CodeIgniter\CodeIgniter->createController()
 5 SYSTEMPATH\CodeIgniter.php(355): CodeIgniter\CodeIgniter->handleRequest(null, Object(Config\Cache), false)
 6 SYSTEMPATH\Boot.php(325): CodeIgniter\CodeIgniter->run()
 7 SYSTEMPATH\Boot.php(67): CodeIgniter\Boot::runCodeIgniter(Object(CodeIgniter\CodeIgniter))
 8 FCPATH\index.php(56): CodeIgniter\Boot::bootWeb(Object(Config\Paths))
WARNING - 2025-02-13 09:37:12 --> [DEPRECATED] Creation of dynamic property IonAuth\Models\IonAuthModel::$messagesTemplates is deprecated in FCPATH\vendor\benedmunds\codeigniter-ion-auth\Models\IonAuthModel.php on line 237.
 1 APPPATH\Libraries\IonAuth.php(71): IonAuth\Models\IonAuthModel->__construct()
 2 APPPATH\Controllers\vendor\Brand.php(18): App\Libraries\IonAuth->__construct()
 3 SYSTEMPATH\CodeIgniter.php(903): App\Controllers\Vendor\Brand->__construct()
 4 SYSTEMPATH\CodeIgniter.php(500): CodeIgniter\CodeIgniter->createController()
 5 SYSTEMPATH\CodeIgniter.php(355): CodeIgniter\CodeIgniter->handleRequest(null, Object(Config\Cache), false)
 6 SYSTEMPATH\Boot.php(325): CodeIgniter\CodeIgniter->run()
 7 SYSTEMPATH\Boot.php(67): CodeIgniter\Boot::runCodeIgniter(Object(CodeIgniter\CodeIgniter))
 8 FCPATH\index.php(56): CodeIgniter\Boot::bootWeb(Object(Config\Paths))
INFO - 2025-02-13 09:37:12 --> Session: Class initialized using 'CodeIgniter\Session\Handlers\FileHandler' driver.
WARNING - 2025-02-13 09:37:12 --> [DEPRECATED] Creation of dynamic property IonAuth\Models\IonAuthModel::$join is deprecated in FCPATH\vendor\benedmunds\codeigniter-ion-auth\Models\IonAuthModel.php on line 231.
 1 APPPATH\Libraries\IonAuth.php(71): IonAuth\Models\IonAuthModel->__construct()
 2 APPPATH\Controllers\vendor\Brand.php(18): App\Libraries\IonAuth->__construct()
 3 SYSTEMPATH\CodeIgniter.php(903): App\Controllers\Vendor\Brand->__construct()
 4 SYSTEMPATH\CodeIgniter.php(500): CodeIgniter\CodeIgniter->createController()
 5 SYSTEMPATH\CodeIgniter.php(355): CodeIgniter\CodeIgniter->handleRequest(null, Object(Config\Cache), false)
 6 SYSTEMPATH\Boot.php(325): CodeIgniter\CodeIgniter->run()
 7 SYSTEMPATH\Boot.php(67): CodeIgniter\Boot::runCodeIgniter(Object(CodeIgniter\CodeIgniter))
 8 FCPATH\index.php(56): CodeIgniter\Boot::bootWeb(Object(Config\Paths))
WARNING - 2025-02-13 09:37:12 --> [DEPRECATED] Creation of dynamic property IonAuth\Models\IonAuthModel::$hashMethod is deprecated in FCPATH\vendor\benedmunds\codeigniter-ion-auth\Models\IonAuthModel.php on line 234.
 1 APPPATH\Libraries\IonAuth.php(71): IonAuth\Models\IonAuthModel->__construct()
 2 APPPATH\Controllers\vendor\Brand.php(18): App\Libraries\IonAuth->__construct()
 3 SYSTEMPATH\CodeIgniter.php(903): App\Controllers\Vendor\Brand->__construct()
 4 SYSTEMPATH\CodeIgniter.php(500): CodeIgniter\CodeIgniter->createController()
 5 SYSTEMPATH\CodeIgniter.php(355): CodeIgniter\CodeIgniter->handleRequest(null, Object(Config\Cache), false)
 6 SYSTEMPATH\Boot.php(325): CodeIgniter\CodeIgniter->run()
 7 SYSTEMPATH\Boot.php(67): CodeIgniter\Boot::runCodeIgniter(Object(CodeIgniter\CodeIgniter))
 8 FCPATH\index.php(56): CodeIgniter\Boot::bootWeb(Object(Config\Paths))
WARNING - 2025-02-13 09:37:12 --> [DEPRECATED] Creation of dynamic property IonAuth\Models\IonAuthModel::$messagesTemplates is deprecated in FCPATH\vendor\benedmunds\codeigniter-ion-auth\Models\IonAuthModel.php on line 237.
 1 APPPATH\Libraries\IonAuth.php(71): IonAuth\Models\IonAuthModel->__construct()
 2 APPPATH\Controllers\vendor\Brand.php(18): App\Libraries\IonAuth->__construct()
 3 SYSTEMPATH\CodeIgniter.php(903): App\Controllers\Vendor\Brand->__construct()
 4 SYSTEMPATH\CodeIgniter.php(500): CodeIgniter\CodeIgniter->createController()
 5 SYSTEMPATH\CodeIgniter.php(355): CodeIgniter\CodeIgniter->handleRequest(null, Object(Config\Cache), false)
 6 SYSTEMPATH\Boot.php(325): CodeIgniter\CodeIgniter->run()
 7 SYSTEMPATH\Boot.php(67): CodeIgniter\Boot::runCodeIgniter(Object(CodeIgniter\CodeIgniter))
 8 FCPATH\index.php(56): CodeIgniter\Boot::bootWeb(Object(Config\Paths))
INFO - 2025-02-13 09:37:12 --> Session: Class initialized using 'CodeIgniter\Session\Handlers\FileHandler' driver.
WARNING - 2025-02-13 09:37:12 --> [DEPRECATED] Creation of dynamic property IonAuth\Models\IonAuthModel::$join is deprecated in FCPATH\vendor\benedmunds\codeigniter-ion-auth\Models\IonAuthModel.php on line 231.
 1 APPPATH\Libraries\IonAuth.php(71): IonAuth\Models\IonAuthModel->__construct()
 2 APPPATH\Controllers\vendor\Brand.php(18): App\Libraries\IonAuth->__construct()
 3 SYSTEMPATH\CodeIgniter.php(903): App\Controllers\Vendor\Brand->__construct()
 4 SYSTEMPATH\CodeIgniter.php(500): CodeIgniter\CodeIgniter->createController()
 5 SYSTEMPATH\CodeIgniter.php(355): CodeIgniter\CodeIgniter->handleRequest(null, Object(Config\Cache), false)
 6 SYSTEMPATH\Boot.php(325): CodeIgniter\CodeIgniter->run()
 7 SYSTEMPATH\Boot.php(67): CodeIgniter\Boot::runCodeIgniter(Object(CodeIgniter\CodeIgniter))
 8 FCPATH\index.php(56): CodeIgniter\Boot::bootWeb(Object(Config\Paths))
WARNING - 2025-02-13 09:37:12 --> [DEPRECATED] Creation of dynamic property IonAuth\Models\IonAuthModel::$hashMethod is deprecated in FCPATH\vendor\benedmunds\codeigniter-ion-auth\Models\IonAuthModel.php on line 234.
 1 APPPATH\Libraries\IonAuth.php(71): IonAuth\Models\IonAuthModel->__construct()
 2 APPPATH\Controllers\vendor\Brand.php(18): App\Libraries\IonAuth->__construct()
 3 SYSTEMPATH\CodeIgniter.php(903): App\Controllers\Vendor\Brand->__construct()
 4 SYSTEMPATH\CodeIgniter.php(500): CodeIgniter\CodeIgniter->createController()
 5 SYSTEMPATH\CodeIgniter.php(355): CodeIgniter\CodeIgniter->handleRequest(null, Object(Config\Cache), false)
 6 SYSTEMPATH\Boot.php(325): CodeIgniter\CodeIgniter->run()
 7 SYSTEMPATH\Boot.php(67): CodeIgniter\Boot::runCodeIgniter(Object(CodeIgniter\CodeIgniter))
 8 FCPATH\index.php(56): CodeIgniter\Boot::bootWeb(Object(Config\Paths))
WARNING - 2025-02-13 09:37:12 --> [DEPRECATED] Creation of dynamic property IonAuth\Models\IonAuthModel::$messagesTemplates is deprecated in FCPATH\vendor\benedmunds\codeigniter-ion-auth\Models\IonAuthModel.php on line 237.
 1 APPPATH\Libraries\IonAuth.php(71): IonAuth\Models\IonAuthModel->__construct()
 2 APPPATH\Controllers\vendor\Brand.php(18): App\Libraries\IonAuth->__construct()
 3 SYSTEMPATH\CodeIgniter.php(903): App\Controllers\Vendor\Brand->__construct()
 4 SYSTEMPATH\CodeIgniter.php(500): CodeIgniter\CodeIgniter->createController()
 5 SYSTEMPATH\CodeIgniter.php(355): CodeIgniter\CodeIgniter->handleRequest(null, Object(Config\Cache), false)
 6 SYSTEMPATH\Boot.php(325): CodeIgniter\CodeIgniter->run()
 7 SYSTEMPATH\Boot.php(67): CodeIgniter\Boot::runCodeIgniter(Object(CodeIgniter\CodeIgniter))
 8 FCPATH\index.php(56): CodeIgniter\Boot::bootWeb(Object(Config\Paths))
INFO - 2025-02-13 09:37:12 --> Session: Class initialized using 'CodeIgniter\Session\Handlers\FileHandler' driver.
WARNING - 2025-02-13 09:37:12 --> [DEPRECATED] Creation of dynamic property IonAuth\Models\IonAuthModel::$join is deprecated in FCPATH\vendor\benedmunds\codeigniter-ion-auth\Models\IonAuthModel.php on line 231.
 1 APPPATH\Libraries\IonAuth.php(71): IonAuth\Models\IonAuthModel->__construct()
 2 APPPATH\Controllers\vendor\Brand.php(18): App\Libraries\IonAuth->__construct()
 3 SYSTEMPATH\CodeIgniter.php(903): App\Controllers\Vendor\Brand->__construct()
 4 SYSTEMPATH\CodeIgniter.php(500): CodeIgniter\CodeIgniter->createController()
 5 SYSTEMPATH\CodeIgniter.php(355): CodeIgniter\CodeIgniter->handleRequest(null, Object(Config\Cache), false)
 6 SYSTEMPATH\Boot.php(325): CodeIgniter\CodeIgniter->run()
 7 SYSTEMPATH\Boot.php(67): CodeIgniter\Boot::runCodeIgniter(Object(CodeIgniter\CodeIgniter))
 8 FCPATH\index.php(56): CodeIgniter\Boot::bootWeb(Object(Config\Paths))
WARNING - 2025-02-13 09:37:12 --> [DEPRECATED] Creation of dynamic property IonAuth\Models\IonAuthModel::$hashMethod is deprecated in FCPATH\vendor\benedmunds\codeigniter-ion-auth\Models\IonAuthModel.php on line 234.
 1 APPPATH\Libraries\IonAuth.php(71): IonAuth\Models\IonAuthModel->__construct()
 2 APPPATH\Controllers\vendor\Brand.php(18): App\Libraries\IonAuth->__construct()
 3 SYSTEMPATH\CodeIgniter.php(903): App\Controllers\Vendor\Brand->__construct()
 4 SYSTEMPATH\CodeIgniter.php(500): CodeIgniter\CodeIgniter->createController()
 5 SYSTEMPATH\CodeIgniter.php(355): CodeIgniter\CodeIgniter->handleRequest(null, Object(Config\Cache), false)
 6 SYSTEMPATH\Boot.php(325): CodeIgniter\CodeIgniter->run()
 7 SYSTEMPATH\Boot.php(67): CodeIgniter\Boot::runCodeIgniter(Object(CodeIgniter\CodeIgniter))
 8 FCPATH\index.php(56): CodeIgniter\Boot::bootWeb(Object(Config\Paths))
WARNING - 2025-02-13 09:37:12 --> [DEPRECATED] Creation of dynamic property IonAuth\Models\IonAuthModel::$messagesTemplates is deprecated in FCPATH\vendor\benedmunds\codeigniter-ion-auth\Models\IonAuthModel.php on line 237.
 1 APPPATH\Libraries\IonAuth.php(71): IonAuth\Models\IonAuthModel->__construct()
 2 APPPATH\Controllers\vendor\Brand.php(18): App\Libraries\IonAuth->__construct()
 3 SYSTEMPATH\CodeIgniter.php(903): App\Controllers\Vendor\Brand->__construct()
 4 SYSTEMPATH\CodeIgniter.php(500): CodeIgniter\CodeIgniter->createController()
 5 SYSTEMPATH\CodeIgniter.php(355): CodeIgniter\CodeIgniter->handleRequest(null, Object(Config\Cache), false)
 6 SYSTEMPATH\Boot.php(325): CodeIgniter\CodeIgniter->run()
 7 SYSTEMPATH\Boot.php(67): CodeIgniter\Boot::runCodeIgniter(Object(CodeIgniter\CodeIgniter))
 8 FCPATH\index.php(56): CodeIgniter\Boot::bootWeb(Object(Config\Paths))
INFO - 2025-02-13 09:37:12 --> Session: Class initialized using 'CodeIgniter\Session\Handlers\FileHandler' driver.
WARNING - 2025-02-13 09:37:12 --> [DEPRECATED] Creation of dynamic property IonAuth\Models\IonAuthModel::$join is deprecated in FCPATH\vendor\benedmunds\codeigniter-ion-auth\Models\IonAuthModel.php on line 231.
 1 APPPATH\Libraries\IonAuth.php(71): IonAuth\Models\IonAuthModel->__construct()
 2 APPPATH\Controllers\vendor\Brand.php(18): App\Libraries\IonAuth->__construct()
 3 SYSTEMPATH\CodeIgniter.php(903): App\Controllers\Vendor\Brand->__construct()
 4 SYSTEMPATH\CodeIgniter.php(500): CodeIgniter\CodeIgniter->createController()
 5 SYSTEMPATH\CodeIgniter.php(355): CodeIgniter\CodeIgniter->handleRequest(null, Object(Config\Cache), false)
 6 SYSTEMPATH\Boot.php(325): CodeIgniter\CodeIgniter->run()
 7 SYSTEMPATH\Boot.php(67): CodeIgniter\Boot::runCodeIgniter(Object(CodeIgniter\CodeIgniter))
 8 FCPATH\index.php(56): CodeIgniter\Boot::bootWeb(Object(Config\Paths))
WARNING - 2025-02-13 09:37:12 --> [DEPRECATED] Creation of dynamic property IonAuth\Models\IonAuthModel::$hashMethod is deprecated in FCPATH\vendor\benedmunds\codeigniter-ion-auth\Models\IonAuthModel.php on line 234.
 1 APPPATH\Libraries\IonAuth.php(71): IonAuth\Models\IonAuthModel->__construct()
 2 APPPATH\Controllers\vendor\Brand.php(18): App\Libraries\IonAuth->__construct()
 3 SYSTEMPATH\CodeIgniter.php(903): App\Controllers\Vendor\Brand->__construct()
 4 SYSTEMPATH\CodeIgniter.php(500): CodeIgniter\CodeIgniter->createController()
 5 SYSTEMPATH\CodeIgniter.php(355): CodeIgniter\CodeIgniter->handleRequest(null, Object(Config\Cache), false)
 6 SYSTEMPATH\Boot.php(325): CodeIgniter\CodeIgniter->run()
 7 SYSTEMPATH\Boot.php(67): CodeIgniter\Boot::runCodeIgniter(Object(CodeIgniter\CodeIgniter))
 8 FCPATH\index.php(56): CodeIgniter\Boot::bootWeb(Object(Config\Paths))
WARNING - 2025-02-13 09:37:12 --> [DEPRECATED] Creation of dynamic property IonAuth\Models\IonAuthModel::$messagesTemplates is deprecated in FCPATH\vendor\benedmunds\codeigniter-ion-auth\Models\IonAuthModel.php on line 237.
 1 APPPATH\Libraries\IonAuth.php(71): IonAuth\Models\IonAuthModel->__construct()
 2 APPPATH\Controllers\vendor\Brand.php(18): App\Libraries\IonAuth->__construct()
 3 SYSTEMPATH\CodeIgniter.php(903): App\Controllers\Vendor\Brand->__construct()
 4 SYSTEMPATH\CodeIgniter.php(500): CodeIgniter\CodeIgniter->createController()
 5 SYSTEMPATH\CodeIgniter.php(355): CodeIgniter\CodeIgniter->handleRequest(null, Object(Config\Cache), false)
 6 SYSTEMPATH\Boot.php(325): CodeIgniter\CodeIgniter->run()
 7 SYSTEMPATH\Boot.php(67): CodeIgniter\Boot::runCodeIgniter(Object(CodeIgniter\CodeIgniter))
 8 FCPATH\index.php(56): CodeIgniter\Boot::bootWeb(Object(Config\Paths))
INFO - 2025-02-13 09:37:12 --> Session: Class initialized using 'CodeIgniter\Session\Handlers\FileHandler' driver.
WARNING - 2025-02-13 09:37:12 --> [DEPRECATED] Creation of dynamic property IonAuth\Models\IonAuthModel::$join is deprecated in FCPATH\vendor\benedmunds\codeigniter-ion-auth\Models\IonAuthModel.php on line 231.
 1 APPPATH\Libraries\IonAuth.php(71): IonAuth\Models\IonAuthModel->__construct()
 2 APPPATH\Controllers\vendor\Brand.php(18): App\Libraries\IonAuth->__construct()
 3 SYSTEMPATH\CodeIgniter.php(903): App\Controllers\Vendor\Brand->__construct()
 4 SYSTEMPATH\CodeIgniter.php(500): CodeIgniter\CodeIgniter->createController()
 5 SYSTEMPATH\CodeIgniter.php(355): CodeIgniter\CodeIgniter->handleRequest(null, Object(Config\Cache), false)
 6 SYSTEMPATH\Boot.php(325): CodeIgniter\CodeIgniter->run()
 7 SYSTEMPATH\Boot.php(67): CodeIgniter\Boot::runCodeIgniter(Object(CodeIgniter\CodeIgniter))
 8 FCPATH\index.php(56): CodeIgniter\Boot::bootWeb(Object(Config\Paths))
WARNING - 2025-02-13 09:37:12 --> [DEPRECATED] Creation of dynamic property IonAuth\Models\IonAuthModel::$hashMethod is deprecated in FCPATH\vendor\benedmunds\codeigniter-ion-auth\Models\IonAuthModel.php on line 234.
 1 APPPATH\Libraries\IonAuth.php(71): IonAuth\Models\IonAuthModel->__construct()
 2 APPPATH\Controllers\vendor\Brand.php(18): App\Libraries\IonAuth->__construct()
 3 SYSTEMPATH\CodeIgniter.php(903): App\Controllers\Vendor\Brand->__construct()
 4 SYSTEMPATH\CodeIgniter.php(500): CodeIgniter\CodeIgniter->createController()
 5 SYSTEMPATH\CodeIgniter.php(355): CodeIgniter\CodeIgniter->handleRequest(null, Object(Config\Cache), false)
 6 SYSTEMPATH\Boot.php(325): CodeIgniter\CodeIgniter->run()
 7 SYSTEMPATH\Boot.php(67): CodeIgniter\Boot::runCodeIgniter(Object(CodeIgniter\CodeIgniter))
 8 FCPATH\index.php(56): CodeIgniter\Boot::bootWeb(Object(Config\Paths))
WARNING - 2025-02-13 09:37:12 --> [DEPRECATED] Creation of dynamic property IonAuth\Models\IonAuthModel::$messagesTemplates is deprecated in FCPATH\vendor\benedmunds\codeigniter-ion-auth\Models\IonAuthModel.php on line 237.
 1 APPPATH\Libraries\IonAuth.php(71): IonAuth\Models\IonAuthModel->__construct()
 2 APPPATH\Controllers\vendor\Brand.php(18): App\Libraries\IonAuth->__construct()
 3 SYSTEMPATH\CodeIgniter.php(903): App\Controllers\Vendor\Brand->__construct()
 4 SYSTEMPATH\CodeIgniter.php(500): CodeIgniter\CodeIgniter->createController()
 5 SYSTEMPATH\CodeIgniter.php(355): CodeIgniter\CodeIgniter->handleRequest(null, Object(Config\Cache), false)
 6 SYSTEMPATH\Boot.php(325): CodeIgniter\CodeIgniter->run()
 7 SYSTEMPATH\Boot.php(67): CodeIgniter\Boot::runCodeIgniter(Object(CodeIgniter\CodeIgniter))
 8 FCPATH\index.php(56): CodeIgniter\Boot::bootWeb(Object(Config\Paths))
INFO - 2025-02-13 09:37:12 --> Session: Class initialized using 'CodeIgniter\Session\Handlers\FileHandler' driver.
WARNING - 2025-02-13 09:37:12 --> [DEPRECATED] Creation of dynamic property IonAuth\Models\IonAuthModel::$join is deprecated in FCPATH\vendor\benedmunds\codeigniter-ion-auth\Models\IonAuthModel.php on line 231.
 1 APPPATH\Libraries\IonAuth.php(71): IonAuth\Models\IonAuthModel->__construct()
 2 APPPATH\Controllers\vendor\Brand.php(18): App\Libraries\IonAuth->__construct()
 3 SYSTEMPATH\CodeIgniter.php(903): App\Controllers\Vendor\Brand->__construct()
 4 SYSTEMPATH\CodeIgniter.php(500): CodeIgniter\CodeIgniter->createController()
 5 SYSTEMPATH\CodeIgniter.php(355): CodeIgniter\CodeIgniter->handleRequest(null, Object(Config\Cache), false)
 6 SYSTEMPATH\Boot.php(325): CodeIgniter\CodeIgniter->run()
 7 SYSTEMPATH\Boot.php(67): CodeIgniter\Boot::runCodeIgniter(Object(CodeIgniter\CodeIgniter))
 8 FCPATH\index.php(56): CodeIgniter\Boot::bootWeb(Object(Config\Paths))
WARNING - 2025-02-13 09:37:12 --> [DEPRECATED] Creation of dynamic property IonAuth\Models\IonAuthModel::$hashMethod is deprecated in FCPATH\vendor\benedmunds\codeigniter-ion-auth\Models\IonAuthModel.php on line 234.
 1 APPPATH\Libraries\IonAuth.php(71): IonAuth\Models\IonAuthModel->__construct()
 2 APPPATH\Controllers\vendor\Brand.php(18): App\Libraries\IonAuth->__construct()
 3 SYSTEMPATH\CodeIgniter.php(903): App\Controllers\Vendor\Brand->__construct()
 4 SYSTEMPATH\CodeIgniter.php(500): CodeIgniter\CodeIgniter->createController()
 5 SYSTEMPATH\CodeIgniter.php(355): CodeIgniter\CodeIgniter->handleRequest(null, Object(Config\Cache), false)
 6 SYSTEMPATH\Boot.php(325): CodeIgniter\CodeIgniter->run()
 7 SYSTEMPATH\Boot.php(67): CodeIgniter\Boot::runCodeIgniter(Object(CodeIgniter\CodeIgniter))
 8 FCPATH\index.php(56): CodeIgniter\Boot::bootWeb(Object(Config\Paths))
WARNING - 2025-02-13 09:37:12 --> [DEPRECATED] Creation of dynamic property IonAuth\Models\IonAuthModel::$messagesTemplates is deprecated in FCPATH\vendor\benedmunds\codeigniter-ion-auth\Models\IonAuthModel.php on line 237.
 1 APPPATH\Libraries\IonAuth.php(71): IonAuth\Models\IonAuthModel->__construct()
 2 APPPATH\Controllers\vendor\Brand.php(18): App\Libraries\IonAuth->__construct()
 3 SYSTEMPATH\CodeIgniter.php(903): App\Controllers\Vendor\Brand->__construct()
 4 SYSTEMPATH\CodeIgniter.php(500): CodeIgniter\CodeIgniter->createController()
 5 SYSTEMPATH\CodeIgniter.php(355): CodeIgniter\CodeIgniter->handleRequest(null, Object(Config\Cache), false)
 6 SYSTEMPATH\Boot.php(325): CodeIgniter\CodeIgniter->run()
 7 SYSTEMPATH\Boot.php(67): CodeIgniter\Boot::runCodeIgniter(Object(CodeIgniter\CodeIgniter))
 8 FCPATH\index.php(56): CodeIgniter\Boot::bootWeb(Object(Config\Paths))
INFO - 2025-02-13 09:37:12 --> Session: Class initialized using 'CodeIgniter\Session\Handlers\FileHandler' driver.
WARNING - 2025-02-13 09:37:12 --> [DEPRECATED] Creation of dynamic property IonAuth\Models\IonAuthModel::$join is deprecated in FCPATH\vendor\benedmunds\codeigniter-ion-auth\Models\IonAuthModel.php on line 231.
 1 APPPATH\Libraries\IonAuth.php(71): IonAuth\Models\IonAuthModel->__construct()
 2 APPPATH\Controllers\vendor\Brand.php(18): App\Libraries\IonAuth->__construct()
 3 SYSTEMPATH\CodeIgniter.php(903): App\Controllers\Vendor\Brand->__construct()
 4 SYSTEMPATH\CodeIgniter.php(500): CodeIgniter\CodeIgniter->createController()
 5 SYSTEMPATH\CodeIgniter.php(355): CodeIgniter\CodeIgniter->handleRequest(null, Object(Config\Cache), false)
 6 SYSTEMPATH\Boot.php(325): CodeIgniter\CodeIgniter->run()
 7 SYSTEMPATH\Boot.php(67): CodeIgniter\Boot::runCodeIgniter(Object(CodeIgniter\CodeIgniter))
 8 FCPATH\index.php(56): CodeIgniter\Boot::bootWeb(Object(Config\Paths))
WARNING - 2025-02-13 09:37:12 --> [DEPRECATED] Creation of dynamic property IonAuth\Models\IonAuthModel::$hashMethod is deprecated in FCPATH\vendor\benedmunds\codeigniter-ion-auth\Models\IonAuthModel.php on line 234.
 1 APPPATH\Libraries\IonAuth.php(71): IonAuth\Models\IonAuthModel->__construct()
 2 APPPATH\Controllers\vendor\Brand.php(18): App\Libraries\IonAuth->__construct()
 3 SYSTEMPATH\CodeIgniter.php(903): App\Controllers\Vendor\Brand->__construct()
 4 SYSTEMPATH\CodeIgniter.php(500): CodeIgniter\CodeIgniter->createController()
 5 SYSTEMPATH\CodeIgniter.php(355): CodeIgniter\CodeIgniter->handleRequest(null, Object(Config\Cache), false)
 6 SYSTEMPATH\Boot.php(325): CodeIgniter\CodeIgniter->run()
 7 SYSTEMPATH\Boot.php(67): CodeIgniter\Boot::runCodeIgniter(Object(CodeIgniter\CodeIgniter))
 8 FCPATH\index.php(56): CodeIgniter\Boot::bootWeb(Object(Config\Paths))
WARNING - 2025-02-13 09:37:12 --> [DEPRECATED] Creation of dynamic property IonAuth\Models\IonAuthModel::$messagesTemplates is deprecated in FCPATH\vendor\benedmunds\codeigniter-ion-auth\Models\IonAuthModel.php on line 237.
 1 APPPATH\Libraries\IonAuth.php(71): IonAuth\Models\IonAuthModel->__construct()
 2 APPPATH\Controllers\vendor\Brand.php(18): App\Libraries\IonAuth->__construct()
 3 SYSTEMPATH\CodeIgniter.php(903): App\Controllers\Vendor\Brand->__construct()
 4 SYSTEMPATH\CodeIgniter.php(500): CodeIgniter\CodeIgniter->createController()
 5 SYSTEMPATH\CodeIgniter.php(355): CodeIgniter\CodeIgniter->handleRequest(null, Object(Config\Cache), false)
 6 SYSTEMPATH\Boot.php(325): CodeIgniter\CodeIgniter->run()
 7 SYSTEMPATH\Boot.php(67): CodeIgniter\Boot::runCodeIgniter(Object(CodeIgniter\CodeIgniter))
 8 FCPATH\index.php(56): CodeIgniter\Boot::bootWeb(Object(Config\Paths))
INFO - 2025-02-13 09:37:15 --> Session: Class initialized using 'CodeIgniter\Session\Handlers\FileHandler' driver.
WARNING - 2025-02-13 09:37:15 --> [DEPRECATED] Creation of dynamic property IonAuth\Models\IonAuthModel::$join is deprecated in FCPATH\vendor\benedmunds\codeigniter-ion-auth\Models\IonAuthModel.php on line 231.
 1 APPPATH\Libraries\IonAuth.php(71): IonAuth\Models\IonAuthModel->__construct()
 2 APPPATH\Filters\CheckPermissions.php(16): App\Libraries\IonAuth->__construct()
 3 SYSTEMPATH\Filters\Filters.php(197): App\Filters\CheckPermissions->__construct()
 4 SYSTEMPATH\Filters\Filters.php(184): CodeIgniter\Filters\Filters->runBefore([...])
 5 SYSTEMPATH\CodeIgniter.php(481): CodeIgniter\Filters\Filters->run('vendor/brand/brand-table', 'before')
 6 SYSTEMPATH\CodeIgniter.php(355): CodeIgniter\CodeIgniter->handleRequest(null, Object(Config\Cache), false)
 7 SYSTEMPATH\Boot.php(325): CodeIgniter\CodeIgniter->run()
 8 SYSTEMPATH\Boot.php(67): CodeIgniter\Boot::runCodeIgniter(Object(CodeIgniter\CodeIgniter))
 9 FCPATH\index.php(56): CodeIgniter\Boot::bootWeb(Object(Config\Paths))
WARNING - 2025-02-13 09:37:15 --> [DEPRECATED] Creation of dynamic property IonAuth\Models\IonAuthModel::$hashMethod is deprecated in FCPATH\vendor\benedmunds\codeigniter-ion-auth\Models\IonAuthModel.php on line 234.
 1 APPPATH\Libraries\IonAuth.php(71): IonAuth\Models\IonAuthModel->__construct()
 2 APPPATH\Filters\CheckPermissions.php(16): App\Libraries\IonAuth->__construct()
 3 SYSTEMPATH\Filters\Filters.php(197): App\Filters\CheckPermissions->__construct()
 4 SYSTEMPATH\Filters\Filters.php(184): CodeIgniter\Filters\Filters->runBefore([...])
 5 SYSTEMPATH\CodeIgniter.php(481): CodeIgniter\Filters\Filters->run('vendor/brand/brand-table', 'before')
 6 SYSTEMPATH\CodeIgniter.php(355): CodeIgniter\CodeIgniter->handleRequest(null, Object(Config\Cache), false)
 7 SYSTEMPATH\Boot.php(325): CodeIgniter\CodeIgniter->run()
 8 SYSTEMPATH\Boot.php(67): CodeIgniter\Boot::runCodeIgniter(Object(CodeIgniter\CodeIgniter))
 9 FCPATH\index.php(56): CodeIgniter\Boot::bootWeb(Object(Config\Paths))
WARNING - 2025-02-13 09:37:15 --> [DEPRECATED] Creation of dynamic property IonAuth\Models\IonAuthModel::$messagesTemplates is deprecated in FCPATH\vendor\benedmunds\codeigniter-ion-auth\Models\IonAuthModel.php on line 237.
 1 APPPATH\Libraries\IonAuth.php(71): IonAuth\Models\IonAuthModel->__construct()
 2 APPPATH\Filters\CheckPermissions.php(16): App\Libraries\IonAuth->__construct()
 3 SYSTEMPATH\Filters\Filters.php(197): App\Filters\CheckPermissions->__construct()
 4 SYSTEMPATH\Filters\Filters.php(184): CodeIgniter\Filters\Filters->runBefore([...])
 5 SYSTEMPATH\CodeIgniter.php(481): CodeIgniter\Filters\Filters->run('vendor/brand/brand-table', 'before')
 6 SYSTEMPATH\CodeIgniter.php(355): CodeIgniter\CodeIgniter->handleRequest(null, Object(Config\Cache), false)
 7 SYSTEMPATH\Boot.php(325): CodeIgniter\CodeIgniter->run()
 8 SYSTEMPATH\Boot.php(67): CodeIgniter\Boot::runCodeIgniter(Object(CodeIgniter\CodeIgniter))
 9 FCPATH\index.php(56): CodeIgniter\Boot::bootWeb(Object(Config\Paths))
WARNING - 2025-02-13 09:37:15 --> [DEPRECATED] Creation of dynamic property IonAuth\Models\IonAuthModel::$join is deprecated in FCPATH\vendor\benedmunds\codeigniter-ion-auth\Models\IonAuthModel.php on line 231.
 1 APPPATH\Libraries\IonAuth.php(71): IonAuth\Models\IonAuthModel->__construct()
 2 APPPATH\Controllers\vendor\Brand.php(18): App\Libraries\IonAuth->__construct()
 3 SYSTEMPATH\CodeIgniter.php(903): App\Controllers\Vendor\Brand->__construct()
 4 SYSTEMPATH\CodeIgniter.php(500): CodeIgniter\CodeIgniter->createController()
 5 SYSTEMPATH\CodeIgniter.php(355): CodeIgniter\CodeIgniter->handleRequest(null, Object(Config\Cache), false)
 6 SYSTEMPATH\Boot.php(325): CodeIgniter\CodeIgniter->run()
 7 SYSTEMPATH\Boot.php(67): CodeIgniter\Boot::runCodeIgniter(Object(CodeIgniter\CodeIgniter))
 8 FCPATH\index.php(56): CodeIgniter\Boot::bootWeb(Object(Config\Paths))
WARNING - 2025-02-13 09:37:15 --> [DEPRECATED] Creation of dynamic property IonAuth\Models\IonAuthModel::$hashMethod is deprecated in FCPATH\vendor\benedmunds\codeigniter-ion-auth\Models\IonAuthModel.php on line 234.
 1 APPPATH\Libraries\IonAuth.php(71): IonAuth\Models\IonAuthModel->__construct()
 2 APPPATH\Controllers\vendor\Brand.php(18): App\Libraries\IonAuth->__construct()
 3 SYSTEMPATH\CodeIgniter.php(903): App\Controllers\Vendor\Brand->__construct()
 4 SYSTEMPATH\CodeIgniter.php(500): CodeIgniter\CodeIgniter->createController()
 5 SYSTEMPATH\CodeIgniter.php(355): CodeIgniter\CodeIgniter->handleRequest(null, Object(Config\Cache), false)
 6 SYSTEMPATH\Boot.php(325): CodeIgniter\CodeIgniter->run()
 7 SYSTEMPATH\Boot.php(67): CodeIgniter\Boot::runCodeIgniter(Object(CodeIgniter\CodeIgniter))
 8 FCPATH\index.php(56): CodeIgniter\Boot::bootWeb(Object(Config\Paths))
WARNING - 2025-02-13 09:37:15 --> [DEPRECATED] Creation of dynamic property IonAuth\Models\IonAuthModel::$messagesTemplates is deprecated in FCPATH\vendor\benedmunds\codeigniter-ion-auth\Models\IonAuthModel.php on line 237.
 1 APPPATH\Libraries\IonAuth.php(71): IonAuth\Models\IonAuthModel->__construct()
 2 APPPATH\Controllers\vendor\Brand.php(18): App\Libraries\IonAuth->__construct()
 3 SYSTEMPATH\CodeIgniter.php(903): App\Controllers\Vendor\Brand->__construct()
 4 SYSTEMPATH\CodeIgniter.php(500): CodeIgniter\CodeIgniter->createController()
 5 SYSTEMPATH\CodeIgniter.php(355): CodeIgniter\CodeIgniter->handleRequest(null, Object(Config\Cache), false)
 6 SYSTEMPATH\Boot.php(325): CodeIgniter\CodeIgniter->run()
 7 SYSTEMPATH\Boot.php(67): CodeIgniter\Boot::runCodeIgniter(Object(CodeIgniter\CodeIgniter))
 8 FCPATH\index.php(56): CodeIgniter\Boot::bootWeb(Object(Config\Paths))
WARNING - 2025-02-13 15:07:15 --> [DEPRECATED] Creation of dynamic property IonAuth\Models\IonAuthModel::$join is deprecated in FCPATH\vendor\benedmunds\codeigniter-ion-auth\Models\IonAuthModel.php on line 231.
 1 APPPATH\Libraries\IonAuth.php(71): IonAuth\Models\IonAuthModel->__construct()
 2 APPPATH\Filters\CheckPermissions.php(16): App\Libraries\IonAuth->__construct()
 3 SYSTEMPATH\Filters\Filters.php(235): App\Filters\CheckPermissions->__construct()
 4 SYSTEMPATH\Filters\Filters.php(188): CodeIgniter\Filters\Filters->runAfter([...])
 5 SYSTEMPATH\CodeIgniter.php(527): CodeIgniter\Filters\Filters->run('vendor/brand/brand-table', 'after')
 6 SYSTEMPATH\CodeIgniter.php(355): CodeIgniter\CodeIgniter->handleRequest(null, Object(Config\Cache), false)
 7 SYSTEMPATH\Boot.php(325): CodeIgniter\CodeIgniter->run()
 8 SYSTEMPATH\Boot.php(67): CodeIgniter\Boot::runCodeIgniter(Object(CodeIgniter\CodeIgniter))
 9 FCPATH\index.php(56): CodeIgniter\Boot::bootWeb(Object(Config\Paths))
WARNING - 2025-02-13 15:07:15 --> [DEPRECATED] Creation of dynamic property IonAuth\Models\IonAuthModel::$hashMethod is deprecated in FCPATH\vendor\benedmunds\codeigniter-ion-auth\Models\IonAuthModel.php on line 234.
 1 APPPATH\Libraries\IonAuth.php(71): IonAuth\Models\IonAuthModel->__construct()
 2 APPPATH\Filters\CheckPermissions.php(16): App\Libraries\IonAuth->__construct()
 3 SYSTEMPATH\Filters\Filters.php(235): App\Filters\CheckPermissions->__construct()
 4 SYSTEMPATH\Filters\Filters.php(188): CodeIgniter\Filters\Filters->runAfter([...])
 5 SYSTEMPATH\CodeIgniter.php(527): CodeIgniter\Filters\Filters->run('vendor/brand/brand-table', 'after')
 6 SYSTEMPATH\CodeIgniter.php(355): CodeIgniter\CodeIgniter->handleRequest(null, Object(Config\Cache), false)
 7 SYSTEMPATH\Boot.php(325): CodeIgniter\CodeIgniter->run()
 8 SYSTEMPATH\Boot.php(67): CodeIgniter\Boot::runCodeIgniter(Object(CodeIgniter\CodeIgniter))
 9 FCPATH\index.php(56): CodeIgniter\Boot::bootWeb(Object(Config\Paths))
WARNING - 2025-02-13 15:07:15 --> [DEPRECATED] Creation of dynamic property IonAuth\Models\IonAuthModel::$messagesTemplates is deprecated in FCPATH\vendor\benedmunds\codeigniter-ion-auth\Models\IonAuthModel.php on line 237.
 1 APPPATH\Libraries\IonAuth.php(71): IonAuth\Models\IonAuthModel->__construct()
 2 APPPATH\Filters\CheckPermissions.php(16): App\Libraries\IonAuth->__construct()
 3 SYSTEMPATH\Filters\Filters.php(235): App\Filters\CheckPermissions->__construct()
 4 SYSTEMPATH\Filters\Filters.php(188): CodeIgniter\Filters\Filters->runAfter([...])
 5 SYSTEMPATH\CodeIgniter.php(527): CodeIgniter\Filters\Filters->run('vendor/brand/brand-table', 'after')
 6 SYSTEMPATH\CodeIgniter.php(355): CodeIgniter\CodeIgniter->handleRequest(null, Object(Config\Cache), false)
 7 SYSTEMPATH\Boot.php(325): CodeIgniter\CodeIgniter->run()
 8 SYSTEMPATH\Boot.php(67): CodeIgniter\Boot::runCodeIgniter(Object(CodeIgniter\CodeIgniter))
 9 FCPATH\index.php(56): CodeIgniter\Boot::bootWeb(Object(Config\Paths))
INFO - 2025-02-13 09:37:15 --> Session: Class initialized using 'CodeIgniter\Session\Handlers\FileHandler' driver.
WARNING - 2025-02-13 09:37:15 --> [DEPRECATED] Creation of dynamic property IonAuth\Models\IonAuthModel::$join is deprecated in FCPATH\vendor\benedmunds\codeigniter-ion-auth\Models\IonAuthModel.php on line 231.
 1 APPPATH\Libraries\IonAuth.php(71): IonAuth\Models\IonAuthModel->__construct()
 2 APPPATH\Filters\CheckPermissions.php(16): App\Libraries\IonAuth->__construct()
 3 SYSTEMPATH\Filters\Filters.php(197): App\Filters\CheckPermissions->__construct()
 4 SYSTEMPATH\Filters\Filters.php(184): CodeIgniter\Filters\Filters->runBefore([...])
 5 SYSTEMPATH\CodeIgniter.php(481): CodeIgniter\Filters\Filters->run('vendor/products/stock_alert', 'before')
 6 SYSTEMPATH\CodeIgniter.php(355): CodeIgniter\CodeIgniter->handleRequest(null, Object(Config\Cache), false)
 7 SYSTEMPATH\Boot.php(325): CodeIgniter\CodeIgniter->run()
 8 SYSTEMPATH\Boot.php(67): CodeIgniter\Boot::runCodeIgniter(Object(CodeIgniter\CodeIgniter))
 9 FCPATH\index.php(56): CodeIgniter\Boot::bootWeb(Object(Config\Paths))
WARNING - 2025-02-13 09:37:15 --> [DEPRECATED] Creation of dynamic property IonAuth\Models\IonAuthModel::$hashMethod is deprecated in FCPATH\vendor\benedmunds\codeigniter-ion-auth\Models\IonAuthModel.php on line 234.
 1 APPPATH\Libraries\IonAuth.php(71): IonAuth\Models\IonAuthModel->__construct()
 2 APPPATH\Filters\CheckPermissions.php(16): App\Libraries\IonAuth->__construct()
 3 SYSTEMPATH\Filters\Filters.php(197): App\Filters\CheckPermissions->__construct()
 4 SYSTEMPATH\Filters\Filters.php(184): CodeIgniter\Filters\Filters->runBefore([...])
 5 SYSTEMPATH\CodeIgniter.php(481): CodeIgniter\Filters\Filters->run('vendor/products/stock_alert', 'before')
 6 SYSTEMPATH\CodeIgniter.php(355): CodeIgniter\CodeIgniter->handleRequest(null, Object(Config\Cache), false)
 7 SYSTEMPATH\Boot.php(325): CodeIgniter\CodeIgniter->run()
 8 SYSTEMPATH\Boot.php(67): CodeIgniter\Boot::runCodeIgniter(Object(CodeIgniter\CodeIgniter))
 9 FCPATH\index.php(56): CodeIgniter\Boot::bootWeb(Object(Config\Paths))
WARNING - 2025-02-13 09:37:15 --> [DEPRECATED] Creation of dynamic property IonAuth\Models\IonAuthModel::$messagesTemplates is deprecated in FCPATH\vendor\benedmunds\codeigniter-ion-auth\Models\IonAuthModel.php on line 237.
 1 APPPATH\Libraries\IonAuth.php(71): IonAuth\Models\IonAuthModel->__construct()
 2 APPPATH\Filters\CheckPermissions.php(16): App\Libraries\IonAuth->__construct()
 3 SYSTEMPATH\Filters\Filters.php(197): App\Filters\CheckPermissions->__construct()
 4 SYSTEMPATH\Filters\Filters.php(184): CodeIgniter\Filters\Filters->runBefore([...])
 5 SYSTEMPATH\CodeIgniter.php(481): CodeIgniter\Filters\Filters->run('vendor/products/stock_alert', 'before')
 6 SYSTEMPATH\CodeIgniter.php(355): CodeIgniter\CodeIgniter->handleRequest(null, Object(Config\Cache), false)
 7 SYSTEMPATH\Boot.php(325): CodeIgniter\CodeIgniter->run()
 8 SYSTEMPATH\Boot.php(67): CodeIgniter\Boot::runCodeIgniter(Object(CodeIgniter\CodeIgniter))
 9 FCPATH\index.php(56): CodeIgniter\Boot::bootWeb(Object(Config\Paths))
WARNING - 2025-02-13 09:37:15 --> [DEPRECATED] Creation of dynamic property IonAuth\Models\IonAuthModel::$join is deprecated in FCPATH\vendor\benedmunds\codeigniter-ion-auth\Models\IonAuthModel.php on line 231.
 1 APPPATH\Libraries\IonAuth.php(71): IonAuth\Models\IonAuthModel->__construct()
 2 APPPATH\Controllers\vendor\Products.php(25): App\Libraries\IonAuth->__construct()
 3 SYSTEMPATH\CodeIgniter.php(903): App\Controllers\vendor\Products->__construct()
 4 SYSTEMPATH\CodeIgniter.php(500): CodeIgniter\CodeIgniter->createController()
 5 SYSTEMPATH\CodeIgniter.php(355): CodeIgniter\CodeIgniter->handleRequest(null, Object(Config\Cache), false)
 6 SYSTEMPATH\Boot.php(325): CodeIgniter\CodeIgniter->run()
 7 SYSTEMPATH\Boot.php(67): CodeIgniter\Boot::runCodeIgniter(Object(CodeIgniter\CodeIgniter))
 8 FCPATH\index.php(56): CodeIgniter\Boot::bootWeb(Object(Config\Paths))
WARNING - 2025-02-13 09:37:15 --> [DEPRECATED] Creation of dynamic property IonAuth\Models\IonAuthModel::$hashMethod is deprecated in FCPATH\vendor\benedmunds\codeigniter-ion-auth\Models\IonAuthModel.php on line 234.
 1 APPPATH\Libraries\IonAuth.php(71): IonAuth\Models\IonAuthModel->__construct()
 2 APPPATH\Controllers\vendor\Products.php(25): App\Libraries\IonAuth->__construct()
 3 SYSTEMPATH\CodeIgniter.php(903): App\Controllers\vendor\Products->__construct()
 4 SYSTEMPATH\CodeIgniter.php(500): CodeIgniter\CodeIgniter->createController()
 5 SYSTEMPATH\CodeIgniter.php(355): CodeIgniter\CodeIgniter->handleRequest(null, Object(Config\Cache), false)
 6 SYSTEMPATH\Boot.php(325): CodeIgniter\CodeIgniter->run()
 7 SYSTEMPATH\Boot.php(67): CodeIgniter\Boot::runCodeIgniter(Object(CodeIgniter\CodeIgniter))
 8 FCPATH\index.php(56): CodeIgniter\Boot::bootWeb(Object(Config\Paths))
WARNING - 2025-02-13 09:37:15 --> [DEPRECATED] Creation of dynamic property IonAuth\Models\IonAuthModel::$messagesTemplates is deprecated in FCPATH\vendor\benedmunds\codeigniter-ion-auth\Models\IonAuthModel.php on line 237.
 1 APPPATH\Libraries\IonAuth.php(71): IonAuth\Models\IonAuthModel->__construct()
 2 APPPATH\Controllers\vendor\Products.php(25): App\Libraries\IonAuth->__construct()
 3 SYSTEMPATH\CodeIgniter.php(903): App\Controllers\vendor\Products->__construct()
 4 SYSTEMPATH\CodeIgniter.php(500): CodeIgniter\CodeIgniter->createController()
 5 SYSTEMPATH\CodeIgniter.php(355): CodeIgniter\CodeIgniter->handleRequest(null, Object(Config\Cache), false)
 6 SYSTEMPATH\Boot.php(325): CodeIgniter\CodeIgniter->run()
 7 SYSTEMPATH\Boot.php(67): CodeIgniter\Boot::runCodeIgniter(Object(CodeIgniter\CodeIgniter))
 8 FCPATH\index.php(56): CodeIgniter\Boot::bootWeb(Object(Config\Paths))
WARNING - 2025-02-13 15:07:15 --> [DEPRECATED] Creation of dynamic property IonAuth\Models\IonAuthModel::$join is deprecated in FCPATH\vendor\benedmunds\codeigniter-ion-auth\Models\IonAuthModel.php on line 231.
 1 APPPATH\Libraries\IonAuth.php(71): IonAuth\Models\IonAuthModel->__construct()
 2 APPPATH\Filters\CheckPermissions.php(16): App\Libraries\IonAuth->__construct()
 3 SYSTEMPATH\Filters\Filters.php(235): App\Filters\CheckPermissions->__construct()
 4 SYSTEMPATH\Filters\Filters.php(188): CodeIgniter\Filters\Filters->runAfter([...])
 5 SYSTEMPATH\CodeIgniter.php(527): CodeIgniter\Filters\Filters->run('vendor/products/stock_alert', 'after')
 6 SYSTEMPATH\CodeIgniter.php(355): CodeIgniter\CodeIgniter->handleRequest(null, Object(Config\Cache), false)
 7 SYSTEMPATH\Boot.php(325): CodeIgniter\CodeIgniter->run()
 8 SYSTEMPATH\Boot.php(67): CodeIgniter\Boot::runCodeIgniter(Object(CodeIgniter\CodeIgniter))
 9 FCPATH\index.php(56): CodeIgniter\Boot::bootWeb(Object(Config\Paths))
WARNING - 2025-02-13 15:07:15 --> [DEPRECATED] Creation of dynamic property IonAuth\Models\IonAuthModel::$hashMethod is deprecated in FCPATH\vendor\benedmunds\codeigniter-ion-auth\Models\IonAuthModel.php on line 234.
 1 APPPATH\Libraries\IonAuth.php(71): IonAuth\Models\IonAuthModel->__construct()
 2 APPPATH\Filters\CheckPermissions.php(16): App\Libraries\IonAuth->__construct()
 3 SYSTEMPATH\Filters\Filters.php(235): App\Filters\CheckPermissions->__construct()
 4 SYSTEMPATH\Filters\Filters.php(188): CodeIgniter\Filters\Filters->runAfter([...])
 5 SYSTEMPATH\CodeIgniter.php(527): CodeIgniter\Filters\Filters->run('vendor/products/stock_alert', 'after')
 6 SYSTEMPATH\CodeIgniter.php(355): CodeIgniter\CodeIgniter->handleRequest(null, Object(Config\Cache), false)
 7 SYSTEMPATH\Boot.php(325): CodeIgniter\CodeIgniter->run()
 8 SYSTEMPATH\Boot.php(67): CodeIgniter\Boot::runCodeIgniter(Object(CodeIgniter\CodeIgniter))
 9 FCPATH\index.php(56): CodeIgniter\Boot::bootWeb(Object(Config\Paths))
WARNING - 2025-02-13 15:07:15 --> [DEPRECATED] Creation of dynamic property IonAuth\Models\IonAuthModel::$messagesTemplates is deprecated in FCPATH\vendor\benedmunds\codeigniter-ion-auth\Models\IonAuthModel.php on line 237.
 1 APPPATH\Libraries\IonAuth.php(71): IonAuth\Models\IonAuthModel->__construct()
 2 APPPATH\Filters\CheckPermissions.php(16): App\Libraries\IonAuth->__construct()
 3 SYSTEMPATH\Filters\Filters.php(235): App\Filters\CheckPermissions->__construct()
 4 SYSTEMPATH\Filters\Filters.php(188): CodeIgniter\Filters\Filters->runAfter([...])
 5 SYSTEMPATH\CodeIgniter.php(527): CodeIgniter\Filters\Filters->run('vendor/products/stock_alert', 'after')
 6 SYSTEMPATH\CodeIgniter.php(355): CodeIgniter\CodeIgniter->handleRequest(null, Object(Config\Cache), false)
 7 SYSTEMPATH\Boot.php(325): CodeIgniter\CodeIgniter->run()
 8 SYSTEMPATH\Boot.php(67): CodeIgniter\Boot::runCodeIgniter(Object(CodeIgniter\CodeIgniter))
 9 FCPATH\index.php(56): CodeIgniter\Boot::bootWeb(Object(Config\Paths))
INFO - 2025-02-13 09:37:26 --> Session: Class initialized using 'CodeIgniter\Session\Handlers\FileHandler' driver.
WARNING - 2025-02-13 09:37:26 --> [DEPRECATED] Creation of dynamic property IonAuth\Models\IonAuthModel::$join is deprecated in FCPATH\vendor\benedmunds\codeigniter-ion-auth\Models\IonAuthModel.php on line 231.
 1 APPPATH\Libraries\IonAuth.php(71): IonAuth\Models\IonAuthModel->__construct()
 2 APPPATH\Controllers\vendor\Brand.php(18): App\Libraries\IonAuth->__construct()
 3 SYSTEMPATH\CodeIgniter.php(903): App\Controllers\Vendor\Brand->__construct()
 4 SYSTEMPATH\CodeIgniter.php(500): CodeIgniter\CodeIgniter->createController()
 5 SYSTEMPATH\CodeIgniter.php(355): CodeIgniter\CodeIgniter->handleRequest(null, Object(Config\Cache), false)
 6 SYSTEMPATH\Boot.php(325): CodeIgniter\CodeIgniter->run()
 7 SYSTEMPATH\Boot.php(67): CodeIgniter\Boot::runCodeIgniter(Object(CodeIgniter\CodeIgniter))
 8 FCPATH\index.php(56): CodeIgniter\Boot::bootWeb(Object(Config\Paths))
WARNING - 2025-02-13 09:37:26 --> [DEPRECATED] Creation of dynamic property IonAuth\Models\IonAuthModel::$hashMethod is deprecated in FCPATH\vendor\benedmunds\codeigniter-ion-auth\Models\IonAuthModel.php on line 234.
 1 APPPATH\Libraries\IonAuth.php(71): IonAuth\Models\IonAuthModel->__construct()
 2 APPPATH\Controllers\vendor\Brand.php(18): App\Libraries\IonAuth->__construct()
 3 SYSTEMPATH\CodeIgniter.php(903): App\Controllers\Vendor\Brand->__construct()
 4 SYSTEMPATH\CodeIgniter.php(500): CodeIgniter\CodeIgniter->createController()
 5 SYSTEMPATH\CodeIgniter.php(355): CodeIgniter\CodeIgniter->handleRequest(null, Object(Config\Cache), false)
 6 SYSTEMPATH\Boot.php(325): CodeIgniter\CodeIgniter->run()
 7 SYSTEMPATH\Boot.php(67): CodeIgniter\Boot::runCodeIgniter(Object(CodeIgniter\CodeIgniter))
 8 FCPATH\index.php(56): CodeIgniter\Boot::bootWeb(Object(Config\Paths))
WARNING - 2025-02-13 09:37:26 --> [DEPRECATED] Creation of dynamic property IonAuth\Models\IonAuthModel::$messagesTemplates is deprecated in FCPATH\vendor\benedmunds\codeigniter-ion-auth\Models\IonAuthModel.php on line 237.
 1 APPPATH\Libraries\IonAuth.php(71): IonAuth\Models\IonAuthModel->__construct()
 2 APPPATH\Controllers\vendor\Brand.php(18): App\Libraries\IonAuth->__construct()
 3 SYSTEMPATH\CodeIgniter.php(903): App\Controllers\Vendor\Brand->__construct()
 4 SYSTEMPATH\CodeIgniter.php(500): CodeIgniter\CodeIgniter->createController()
 5 SYSTEMPATH\CodeIgniter.php(355): CodeIgniter\CodeIgniter->handleRequest(null, Object(Config\Cache), false)
 6 SYSTEMPATH\Boot.php(325): CodeIgniter\CodeIgniter->run()
 7 SYSTEMPATH\Boot.php(67): CodeIgniter\Boot::runCodeIgniter(Object(CodeIgniter\CodeIgniter))
 8 FCPATH\index.php(56): CodeIgniter\Boot::bootWeb(Object(Config\Paths))
INFO - 2025-02-13 09:37:35 --> Session: Class initialized using 'CodeIgniter\Session\Handlers\FileHandler' driver.
WARNING - 2025-02-13 09:37:35 --> [DEPRECATED] Creation of dynamic property IonAuth\Models\IonAuthModel::$join is deprecated in FCPATH\vendor\benedmunds\codeigniter-ion-auth\Models\IonAuthModel.php on line 231.
 1 APPPATH\Libraries\IonAuth.php(71): IonAuth\Models\IonAuthModel->__construct()
 2 APPPATH\Controllers\vendor\Brand.php(18): App\Libraries\IonAuth->__construct()
 3 SYSTEMPATH\CodeIgniter.php(903): App\Controllers\Vendor\Brand->__construct()
 4 SYSTEMPATH\CodeIgniter.php(500): CodeIgniter\CodeIgniter->createController()
 5 SYSTEMPATH\CodeIgniter.php(355): CodeIgniter\CodeIgniter->handleRequest(null, Object(Config\Cache), false)
 6 SYSTEMPATH\Boot.php(325): CodeIgniter\CodeIgniter->run()
 7 SYSTEMPATH\Boot.php(67): CodeIgniter\Boot::runCodeIgniter(Object(CodeIgniter\CodeIgniter))
 8 FCPATH\index.php(56): CodeIgniter\Boot::bootWeb(Object(Config\Paths))
WARNING - 2025-02-13 09:37:35 --> [DEPRECATED] Creation of dynamic property IonAuth\Models\IonAuthModel::$hashMethod is deprecated in FCPATH\vendor\benedmunds\codeigniter-ion-auth\Models\IonAuthModel.php on line 234.
 1 APPPATH\Libraries\IonAuth.php(71): IonAuth\Models\IonAuthModel->__construct()
 2 APPPATH\Controllers\vendor\Brand.php(18): App\Libraries\IonAuth->__construct()
 3 SYSTEMPATH\CodeIgniter.php(903): App\Controllers\Vendor\Brand->__construct()
 4 SYSTEMPATH\CodeIgniter.php(500): CodeIgniter\CodeIgniter->createController()
 5 SYSTEMPATH\CodeIgniter.php(355): CodeIgniter\CodeIgniter->handleRequest(null, Object(Config\Cache), false)
 6 SYSTEMPATH\Boot.php(325): CodeIgniter\CodeIgniter->run()
 7 SYSTEMPATH\Boot.php(67): CodeIgniter\Boot::runCodeIgniter(Object(CodeIgniter\CodeIgniter))
 8 FCPATH\index.php(56): CodeIgniter\Boot::bootWeb(Object(Config\Paths))
WARNING - 2025-02-13 09:37:35 --> [DEPRECATED] Creation of dynamic property IonAuth\Models\IonAuthModel::$messagesTemplates is deprecated in FCPATH\vendor\benedmunds\codeigniter-ion-auth\Models\IonAuthModel.php on line 237.
 1 APPPATH\Libraries\IonAuth.php(71): IonAuth\Models\IonAuthModel->__construct()
 2 APPPATH\Controllers\vendor\Brand.php(18): App\Libraries\IonAuth->__construct()
 3 SYSTEMPATH\CodeIgniter.php(903): App\Controllers\Vendor\Brand->__construct()
 4 SYSTEMPATH\CodeIgniter.php(500): CodeIgniter\CodeIgniter->createController()
 5 SYSTEMPATH\CodeIgniter.php(355): CodeIgniter\CodeIgniter->handleRequest(null, Object(Config\Cache), false)
 6 SYSTEMPATH\Boot.php(325): CodeIgniter\CodeIgniter->run()
 7 SYSTEMPATH\Boot.php(67): CodeIgniter\Boot::runCodeIgniter(Object(CodeIgniter\CodeIgniter))
 8 FCPATH\index.php(56): CodeIgniter\Boot::bootWeb(Object(Config\Paths))
INFO - 2025-02-13 09:37:36 --> Session: Class initialized using 'CodeIgniter\Session\Handlers\FileHandler' driver.
WARNING - 2025-02-13 09:37:37 --> [DEPRECATED] Creation of dynamic property IonAuth\Models\IonAuthModel::$join is deprecated in FCPATH\vendor\benedmunds\codeigniter-ion-auth\Models\IonAuthModel.php on line 231.
 1 APPPATH\Libraries\IonAuth.php(71): IonAuth\Models\IonAuthModel->__construct()
 2 APPPATH\Filters\CheckPermissions.php(16): App\Libraries\IonAuth->__construct()
 3 SYSTEMPATH\Filters\Filters.php(197): App\Filters\CheckPermissions->__construct()
 4 SYSTEMPATH\Filters\Filters.php(184): CodeIgniter\Filters\Filters->runBefore([...])
 5 SYSTEMPATH\CodeIgniter.php(481): CodeIgniter\Filters\Filters->run('vendor/brand/brand-table', 'before')
 6 SYSTEMPATH\CodeIgniter.php(355): CodeIgniter\CodeIgniter->handleRequest(null, Object(Config\Cache), false)
 7 SYSTEMPATH\Boot.php(325): CodeIgniter\CodeIgniter->run()
 8 SYSTEMPATH\Boot.php(67): CodeIgniter\Boot::runCodeIgniter(Object(CodeIgniter\CodeIgniter))
 9 FCPATH\index.php(56): CodeIgniter\Boot::bootWeb(Object(Config\Paths))
WARNING - 2025-02-13 09:37:37 --> [DEPRECATED] Creation of dynamic property IonAuth\Models\IonAuthModel::$hashMethod is deprecated in FCPATH\vendor\benedmunds\codeigniter-ion-auth\Models\IonAuthModel.php on line 234.
 1 APPPATH\Libraries\IonAuth.php(71): IonAuth\Models\IonAuthModel->__construct()
 2 APPPATH\Filters\CheckPermissions.php(16): App\Libraries\IonAuth->__construct()
 3 SYSTEMPATH\Filters\Filters.php(197): App\Filters\CheckPermissions->__construct()
 4 SYSTEMPATH\Filters\Filters.php(184): CodeIgniter\Filters\Filters->runBefore([...])
 5 SYSTEMPATH\CodeIgniter.php(481): CodeIgniter\Filters\Filters->run('vendor/brand/brand-table', 'before')
 6 SYSTEMPATH\CodeIgniter.php(355): CodeIgniter\CodeIgniter->handleRequest(null, Object(Config\Cache), false)
 7 SYSTEMPATH\Boot.php(325): CodeIgniter\CodeIgniter->run()
 8 SYSTEMPATH\Boot.php(67): CodeIgniter\Boot::runCodeIgniter(Object(CodeIgniter\CodeIgniter))
 9 FCPATH\index.php(56): CodeIgniter\Boot::bootWeb(Object(Config\Paths))
WARNING - 2025-02-13 09:37:37 --> [DEPRECATED] Creation of dynamic property IonAuth\Models\IonAuthModel::$messagesTemplates is deprecated in FCPATH\vendor\benedmunds\codeigniter-ion-auth\Models\IonAuthModel.php on line 237.
 1 APPPATH\Libraries\IonAuth.php(71): IonAuth\Models\IonAuthModel->__construct()
 2 APPPATH\Filters\CheckPermissions.php(16): App\Libraries\IonAuth->__construct()
 3 SYSTEMPATH\Filters\Filters.php(197): App\Filters\CheckPermissions->__construct()
 4 SYSTEMPATH\Filters\Filters.php(184): CodeIgniter\Filters\Filters->runBefore([...])
 5 SYSTEMPATH\CodeIgniter.php(481): CodeIgniter\Filters\Filters->run('vendor/brand/brand-table', 'before')
 6 SYSTEMPATH\CodeIgniter.php(355): CodeIgniter\CodeIgniter->handleRequest(null, Object(Config\Cache), false)
 7 SYSTEMPATH\Boot.php(325): CodeIgniter\CodeIgniter->run()
 8 SYSTEMPATH\Boot.php(67): CodeIgniter\Boot::runCodeIgniter(Object(CodeIgniter\CodeIgniter))
 9 FCPATH\index.php(56): CodeIgniter\Boot::bootWeb(Object(Config\Paths))
WARNING - 2025-02-13 09:37:37 --> [DEPRECATED] Creation of dynamic property IonAuth\Models\IonAuthModel::$join is deprecated in FCPATH\vendor\benedmunds\codeigniter-ion-auth\Models\IonAuthModel.php on line 231.
 1 APPPATH\Libraries\IonAuth.php(71): IonAuth\Models\IonAuthModel->__construct()
 2 APPPATH\Controllers\vendor\Brand.php(18): App\Libraries\IonAuth->__construct()
 3 SYSTEMPATH\CodeIgniter.php(903): App\Controllers\Vendor\Brand->__construct()
 4 SYSTEMPATH\CodeIgniter.php(500): CodeIgniter\CodeIgniter->createController()
 5 SYSTEMPATH\CodeIgniter.php(355): CodeIgniter\CodeIgniter->handleRequest(null, Object(Config\Cache), false)
 6 SYSTEMPATH\Boot.php(325): CodeIgniter\CodeIgniter->run()
 7 SYSTEMPATH\Boot.php(67): CodeIgniter\Boot::runCodeIgniter(Object(CodeIgniter\CodeIgniter))
 8 FCPATH\index.php(56): CodeIgniter\Boot::bootWeb(Object(Config\Paths))
WARNING - 2025-02-13 09:37:37 --> [DEPRECATED] Creation of dynamic property IonAuth\Models\IonAuthModel::$hashMethod is deprecated in FCPATH\vendor\benedmunds\codeigniter-ion-auth\Models\IonAuthModel.php on line 234.
 1 APPPATH\Libraries\IonAuth.php(71): IonAuth\Models\IonAuthModel->__construct()
 2 APPPATH\Controllers\vendor\Brand.php(18): App\Libraries\IonAuth->__construct()
 3 SYSTEMPATH\CodeIgniter.php(903): App\Controllers\Vendor\Brand->__construct()
 4 SYSTEMPATH\CodeIgniter.php(500): CodeIgniter\CodeIgniter->createController()
 5 SYSTEMPATH\CodeIgniter.php(355): CodeIgniter\CodeIgniter->handleRequest(null, Object(Config\Cache), false)
 6 SYSTEMPATH\Boot.php(325): CodeIgniter\CodeIgniter->run()
 7 SYSTEMPATH\Boot.php(67): CodeIgniter\Boot::runCodeIgniter(Object(CodeIgniter\CodeIgniter))
 8 FCPATH\index.php(56): CodeIgniter\Boot::bootWeb(Object(Config\Paths))
WARNING - 2025-02-13 09:37:37 --> [DEPRECATED] Creation of dynamic property IonAuth\Models\IonAuthModel::$messagesTemplates is deprecated in FCPATH\vendor\benedmunds\codeigniter-ion-auth\Models\IonAuthModel.php on line 237.
 1 APPPATH\Libraries\IonAuth.php(71): IonAuth\Models\IonAuthModel->__construct()
 2 APPPATH\Controllers\vendor\Brand.php(18): App\Libraries\IonAuth->__construct()
 3 SYSTEMPATH\CodeIgniter.php(903): App\Controllers\Vendor\Brand->__construct()
 4 SYSTEMPATH\CodeIgniter.php(500): CodeIgniter\CodeIgniter->createController()
 5 SYSTEMPATH\CodeIgniter.php(355): CodeIgniter\CodeIgniter->handleRequest(null, Object(Config\Cache), false)
 6 SYSTEMPATH\Boot.php(325): CodeIgniter\CodeIgniter->run()
 7 SYSTEMPATH\Boot.php(67): CodeIgniter\Boot::runCodeIgniter(Object(CodeIgniter\CodeIgniter))
 8 FCPATH\index.php(56): CodeIgniter\Boot::bootWeb(Object(Config\Paths))
WARNING - 2025-02-13 15:07:37 --> [DEPRECATED] Creation of dynamic property IonAuth\Models\IonAuthModel::$join is deprecated in FCPATH\vendor\benedmunds\codeigniter-ion-auth\Models\IonAuthModel.php on line 231.
 1 APPPATH\Libraries\IonAuth.php(71): IonAuth\Models\IonAuthModel->__construct()
 2 APPPATH\Filters\CheckPermissions.php(16): App\Libraries\IonAuth->__construct()
 3 SYSTEMPATH\Filters\Filters.php(235): App\Filters\CheckPermissions->__construct()
 4 SYSTEMPATH\Filters\Filters.php(188): CodeIgniter\Filters\Filters->runAfter([...])
 5 SYSTEMPATH\CodeIgniter.php(527): CodeIgniter\Filters\Filters->run('vendor/brand/brand-table', 'after')
 6 SYSTEMPATH\CodeIgniter.php(355): CodeIgniter\CodeIgniter->handleRequest(null, Object(Config\Cache), false)
 7 SYSTEMPATH\Boot.php(325): CodeIgniter\CodeIgniter->run()
 8 SYSTEMPATH\Boot.php(67): CodeIgniter\Boot::runCodeIgniter(Object(CodeIgniter\CodeIgniter))
 9 FCPATH\index.php(56): CodeIgniter\Boot::bootWeb(Object(Config\Paths))
WARNING - 2025-02-13 15:07:37 --> [DEPRECATED] Creation of dynamic property IonAuth\Models\IonAuthModel::$hashMethod is deprecated in FCPATH\vendor\benedmunds\codeigniter-ion-auth\Models\IonAuthModel.php on line 234.
 1 APPPATH\Libraries\IonAuth.php(71): IonAuth\Models\IonAuthModel->__construct()
 2 APPPATH\Filters\CheckPermissions.php(16): App\Libraries\IonAuth->__construct()
 3 SYSTEMPATH\Filters\Filters.php(235): App\Filters\CheckPermissions->__construct()
 4 SYSTEMPATH\Filters\Filters.php(188): CodeIgniter\Filters\Filters->runAfter([...])
 5 SYSTEMPATH\CodeIgniter.php(527): CodeIgniter\Filters\Filters->run('vendor/brand/brand-table', 'after')
 6 SYSTEMPATH\CodeIgniter.php(355): CodeIgniter\CodeIgniter->handleRequest(null, Object(Config\Cache), false)
 7 SYSTEMPATH\Boot.php(325): CodeIgniter\CodeIgniter->run()
 8 SYSTEMPATH\Boot.php(67): CodeIgniter\Boot::runCodeIgniter(Object(CodeIgniter\CodeIgniter))
 9 FCPATH\index.php(56): CodeIgniter\Boot::bootWeb(Object(Config\Paths))
WARNING - 2025-02-13 15:07:37 --> [DEPRECATED] Creation of dynamic property IonAuth\Models\IonAuthModel::$messagesTemplates is deprecated in FCPATH\vendor\benedmunds\codeigniter-ion-auth\Models\IonAuthModel.php on line 237.
 1 APPPATH\Libraries\IonAuth.php(71): IonAuth\Models\IonAuthModel->__construct()
 2 APPPATH\Filters\CheckPermissions.php(16): App\Libraries\IonAuth->__construct()
 3 SYSTEMPATH\Filters\Filters.php(235): App\Filters\CheckPermissions->__construct()
 4 SYSTEMPATH\Filters\Filters.php(188): CodeIgniter\Filters\Filters->runAfter([...])
 5 SYSTEMPATH\CodeIgniter.php(527): CodeIgniter\Filters\Filters->run('vendor/brand/brand-table', 'after')
 6 SYSTEMPATH\CodeIgniter.php(355): CodeIgniter\CodeIgniter->handleRequest(null, Object(Config\Cache), false)
 7 SYSTEMPATH\Boot.php(325): CodeIgniter\CodeIgniter->run()
 8 SYSTEMPATH\Boot.php(67): CodeIgniter\Boot::runCodeIgniter(Object(CodeIgniter\CodeIgniter))
 9 FCPATH\index.php(56): CodeIgniter\Boot::bootWeb(Object(Config\Paths))
INFO - 2025-02-13 09:37:37 --> Session: Class initialized using 'CodeIgniter\Session\Handlers\FileHandler' driver.
WARNING - 2025-02-13 09:37:37 --> [DEPRECATED] Creation of dynamic property IonAuth\Models\IonAuthModel::$join is deprecated in FCPATH\vendor\benedmunds\codeigniter-ion-auth\Models\IonAuthModel.php on line 231.
 1 APPPATH\Libraries\IonAuth.php(71): IonAuth\Models\IonAuthModel->__construct()
 2 APPPATH\Filters\CheckPermissions.php(16): App\Libraries\IonAuth->__construct()
 3 SYSTEMPATH\Filters\Filters.php(197): App\Filters\CheckPermissions->__construct()
 4 SYSTEMPATH\Filters\Filters.php(184): CodeIgniter\Filters\Filters->runBefore([...])
 5 SYSTEMPATH\CodeIgniter.php(481): CodeIgniter\Filters\Filters->run('vendor/products/stock_alert', 'before')
 6 SYSTEMPATH\CodeIgniter.php(355): CodeIgniter\CodeIgniter->handleRequest(null, Object(Config\Cache), false)
 7 SYSTEMPATH\Boot.php(325): CodeIgniter\CodeIgniter->run()
 8 SYSTEMPATH\Boot.php(67): CodeIgniter\Boot::runCodeIgniter(Object(CodeIgniter\CodeIgniter))
 9 FCPATH\index.php(56): CodeIgniter\Boot::bootWeb(Object(Config\Paths))
WARNING - 2025-02-13 09:37:37 --> [DEPRECATED] Creation of dynamic property IonAuth\Models\IonAuthModel::$hashMethod is deprecated in FCPATH\vendor\benedmunds\codeigniter-ion-auth\Models\IonAuthModel.php on line 234.
 1 APPPATH\Libraries\IonAuth.php(71): IonAuth\Models\IonAuthModel->__construct()
 2 APPPATH\Filters\CheckPermissions.php(16): App\Libraries\IonAuth->__construct()
 3 SYSTEMPATH\Filters\Filters.php(197): App\Filters\CheckPermissions->__construct()
 4 SYSTEMPATH\Filters\Filters.php(184): CodeIgniter\Filters\Filters->runBefore([...])
 5 SYSTEMPATH\CodeIgniter.php(481): CodeIgniter\Filters\Filters->run('vendor/products/stock_alert', 'before')
 6 SYSTEMPATH\CodeIgniter.php(355): CodeIgniter\CodeIgniter->handleRequest(null, Object(Config\Cache), false)
 7 SYSTEMPATH\Boot.php(325): CodeIgniter\CodeIgniter->run()
 8 SYSTEMPATH\Boot.php(67): CodeIgniter\Boot::runCodeIgniter(Object(CodeIgniter\CodeIgniter))
 9 FCPATH\index.php(56): CodeIgniter\Boot::bootWeb(Object(Config\Paths))
WARNING - 2025-02-13 09:37:37 --> [DEPRECATED] Creation of dynamic property IonAuth\Models\IonAuthModel::$messagesTemplates is deprecated in FCPATH\vendor\benedmunds\codeigniter-ion-auth\Models\IonAuthModel.php on line 237.
 1 APPPATH\Libraries\IonAuth.php(71): IonAuth\Models\IonAuthModel->__construct()
 2 APPPATH\Filters\CheckPermissions.php(16): App\Libraries\IonAuth->__construct()
 3 SYSTEMPATH\Filters\Filters.php(197): App\Filters\CheckPermissions->__construct()
 4 SYSTEMPATH\Filters\Filters.php(184): CodeIgniter\Filters\Filters->runBefore([...])
 5 SYSTEMPATH\CodeIgniter.php(481): CodeIgniter\Filters\Filters->run('vendor/products/stock_alert', 'before')
 6 SYSTEMPATH\CodeIgniter.php(355): CodeIgniter\CodeIgniter->handleRequest(null, Object(Config\Cache), false)
 7 SYSTEMPATH\Boot.php(325): CodeIgniter\CodeIgniter->run()
 8 SYSTEMPATH\Boot.php(67): CodeIgniter\Boot::runCodeIgniter(Object(CodeIgniter\CodeIgniter))
 9 FCPATH\index.php(56): CodeIgniter\Boot::bootWeb(Object(Config\Paths))
WARNING - 2025-02-13 09:37:37 --> [DEPRECATED] Creation of dynamic property IonAuth\Models\IonAuthModel::$join is deprecated in FCPATH\vendor\benedmunds\codeigniter-ion-auth\Models\IonAuthModel.php on line 231.
 1 APPPATH\Libraries\IonAuth.php(71): IonAuth\Models\IonAuthModel->__construct()
 2 APPPATH\Controllers\vendor\Products.php(25): App\Libraries\IonAuth->__construct()
 3 SYSTEMPATH\CodeIgniter.php(903): App\Controllers\vendor\Products->__construct()
 4 SYSTEMPATH\CodeIgniter.php(500): CodeIgniter\CodeIgniter->createController()
 5 SYSTEMPATH\CodeIgniter.php(355): CodeIgniter\CodeIgniter->handleRequest(null, Object(Config\Cache), false)
 6 SYSTEMPATH\Boot.php(325): CodeIgniter\CodeIgniter->run()
 7 SYSTEMPATH\Boot.php(67): CodeIgniter\Boot::runCodeIgniter(Object(CodeIgniter\CodeIgniter))
 8 FCPATH\index.php(56): CodeIgniter\Boot::bootWeb(Object(Config\Paths))
WARNING - 2025-02-13 09:37:37 --> [DEPRECATED] Creation of dynamic property IonAuth\Models\IonAuthModel::$hashMethod is deprecated in FCPATH\vendor\benedmunds\codeigniter-ion-auth\Models\IonAuthModel.php on line 234.
 1 APPPATH\Libraries\IonAuth.php(71): IonAuth\Models\IonAuthModel->__construct()
 2 APPPATH\Controllers\vendor\Products.php(25): App\Libraries\IonAuth->__construct()
 3 SYSTEMPATH\CodeIgniter.php(903): App\Controllers\vendor\Products->__construct()
 4 SYSTEMPATH\CodeIgniter.php(500): CodeIgniter\CodeIgniter->createController()
 5 SYSTEMPATH\CodeIgniter.php(355): CodeIgniter\CodeIgniter->handleRequest(null, Object(Config\Cache), false)
 6 SYSTEMPATH\Boot.php(325): CodeIgniter\CodeIgniter->run()
 7 SYSTEMPATH\Boot.php(67): CodeIgniter\Boot::runCodeIgniter(Object(CodeIgniter\CodeIgniter))
 8 FCPATH\index.php(56): CodeIgniter\Boot::bootWeb(Object(Config\Paths))
WARNING - 2025-02-13 09:37:37 --> [DEPRECATED] Creation of dynamic property IonAuth\Models\IonAuthModel::$messagesTemplates is deprecated in FCPATH\vendor\benedmunds\codeigniter-ion-auth\Models\IonAuthModel.php on line 237.
 1 APPPATH\Libraries\IonAuth.php(71): IonAuth\Models\IonAuthModel->__construct()
 2 APPPATH\Controllers\vendor\Products.php(25): App\Libraries\IonAuth->__construct()
 3 SYSTEMPATH\CodeIgniter.php(903): App\Controllers\vendor\Products->__construct()
 4 SYSTEMPATH\CodeIgniter.php(500): CodeIgniter\CodeIgniter->createController()
 5 SYSTEMPATH\CodeIgniter.php(355): CodeIgniter\CodeIgniter->handleRequest(null, Object(Config\Cache), false)
 6 SYSTEMPATH\Boot.php(325): CodeIgniter\CodeIgniter->run()
 7 SYSTEMPATH\Boot.php(67): CodeIgniter\Boot::runCodeIgniter(Object(CodeIgniter\CodeIgniter))
 8 FCPATH\index.php(56): CodeIgniter\Boot::bootWeb(Object(Config\Paths))
WARNING - 2025-02-13 15:07:37 --> [DEPRECATED] Creation of dynamic property IonAuth\Models\IonAuthModel::$join is deprecated in FCPATH\vendor\benedmunds\codeigniter-ion-auth\Models\IonAuthModel.php on line 231.
 1 APPPATH\Libraries\IonAuth.php(71): IonAuth\Models\IonAuthModel->__construct()
 2 APPPATH\Filters\CheckPermissions.php(16): App\Libraries\IonAuth->__construct()
 3 SYSTEMPATH\Filters\Filters.php(235): App\Filters\CheckPermissions->__construct()
 4 SYSTEMPATH\Filters\Filters.php(188): CodeIgniter\Filters\Filters->runAfter([...])
 5 SYSTEMPATH\CodeIgniter.php(527): CodeIgniter\Filters\Filters->run('vendor/products/stock_alert', 'after')
 6 SYSTEMPATH\CodeIgniter.php(355): CodeIgniter\CodeIgniter->handleRequest(null, Object(Config\Cache), false)
 7 SYSTEMPATH\Boot.php(325): CodeIgniter\CodeIgniter->run()
 8 SYSTEMPATH\Boot.php(67): CodeIgniter\Boot::runCodeIgniter(Object(CodeIgniter\CodeIgniter))
 9 FCPATH\index.php(56): CodeIgniter\Boot::bootWeb(Object(Config\Paths))
WARNING - 2025-02-13 15:07:37 --> [DEPRECATED] Creation of dynamic property IonAuth\Models\IonAuthModel::$hashMethod is deprecated in FCPATH\vendor\benedmunds\codeigniter-ion-auth\Models\IonAuthModel.php on line 234.
 1 APPPATH\Libraries\IonAuth.php(71): IonAuth\Models\IonAuthModel->__construct()
 2 APPPATH\Filters\CheckPermissions.php(16): App\Libraries\IonAuth->__construct()
 3 SYSTEMPATH\Filters\Filters.php(235): App\Filters\CheckPermissions->__construct()
 4 SYSTEMPATH\Filters\Filters.php(188): CodeIgniter\Filters\Filters->runAfter([...])
 5 SYSTEMPATH\CodeIgniter.php(527): CodeIgniter\Filters\Filters->run('vendor/products/stock_alert', 'after')
 6 SYSTEMPATH\CodeIgniter.php(355): CodeIgniter\CodeIgniter->handleRequest(null, Object(Config\Cache), false)
 7 SYSTEMPATH\Boot.php(325): CodeIgniter\CodeIgniter->run()
 8 SYSTEMPATH\Boot.php(67): CodeIgniter\Boot::runCodeIgniter(Object(CodeIgniter\CodeIgniter))
 9 FCPATH\index.php(56): CodeIgniter\Boot::bootWeb(Object(Config\Paths))
WARNING - 2025-02-13 15:07:37 --> [DEPRECATED] Creation of dynamic property IonAuth\Models\IonAuthModel::$messagesTemplates is deprecated in FCPATH\vendor\benedmunds\codeigniter-ion-auth\Models\IonAuthModel.php on line 237.
 1 APPPATH\Libraries\IonAuth.php(71): IonAuth\Models\IonAuthModel->__construct()
 2 APPPATH\Filters\CheckPermissions.php(16): App\Libraries\IonAuth->__construct()
 3 SYSTEMPATH\Filters\Filters.php(235): App\Filters\CheckPermissions->__construct()
 4 SYSTEMPATH\Filters\Filters.php(188): CodeIgniter\Filters\Filters->runAfter([...])
 5 SYSTEMPATH\CodeIgniter.php(527): CodeIgniter\Filters\Filters->run('vendor/products/stock_alert', 'after')
 6 SYSTEMPATH\CodeIgniter.php(355): CodeIgniter\CodeIgniter->handleRequest(null, Object(Config\Cache), false)
 7 SYSTEMPATH\Boot.php(325): CodeIgniter\CodeIgniter->run()
 8 SYSTEMPATH\Boot.php(67): CodeIgniter\Boot::runCodeIgniter(Object(CodeIgniter\CodeIgniter))
 9 FCPATH\index.php(56): CodeIgniter\Boot::bootWeb(Object(Config\Paths))
INFO - 2025-02-13 09:38:14 --> Session: Class initialized using 'CodeIgniter\Session\Handlers\FileHandler' driver.
WARNING - 2025-02-13 09:38:14 --> [DEPRECATED] Creation of dynamic property IonAuth\Models\IonAuthModel::$join is deprecated in FCPATH\vendor\benedmunds\codeigniter-ion-auth\Models\IonAuthModel.php on line 231.
 1 APPPATH\Libraries\IonAuth.php(71): IonAuth\Models\IonAuthModel->__construct()
 2 APPPATH\Controllers\vendor\Brand.php(18): App\Libraries\IonAuth->__construct()
 3 SYSTEMPATH\CodeIgniter.php(903): App\Controllers\Vendor\Brand->__construct()
 4 SYSTEMPATH\CodeIgniter.php(500): CodeIgniter\CodeIgniter->createController()
 5 SYSTEMPATH\CodeIgniter.php(355): CodeIgniter\CodeIgniter->handleRequest(null, Object(Config\Cache), false)
 6 SYSTEMPATH\Boot.php(325): CodeIgniter\CodeIgniter->run()
 7 SYSTEMPATH\Boot.php(67): CodeIgniter\Boot::runCodeIgniter(Object(CodeIgniter\CodeIgniter))
 8 FCPATH\index.php(56): CodeIgniter\Boot::bootWeb(Object(Config\Paths))
WARNING - 2025-02-13 09:38:14 --> [DEPRECATED] Creation of dynamic property IonAuth\Models\IonAuthModel::$hashMethod is deprecated in FCPATH\vendor\benedmunds\codeigniter-ion-auth\Models\IonAuthModel.php on line 234.
 1 APPPATH\Libraries\IonAuth.php(71): IonAuth\Models\IonAuthModel->__construct()
 2 APPPATH\Controllers\vendor\Brand.php(18): App\Libraries\IonAuth->__construct()
 3 SYSTEMPATH\CodeIgniter.php(903): App\Controllers\Vendor\Brand->__construct()
 4 SYSTEMPATH\CodeIgniter.php(500): CodeIgniter\CodeIgniter->createController()
 5 SYSTEMPATH\CodeIgniter.php(355): CodeIgniter\CodeIgniter->handleRequest(null, Object(Config\Cache), false)
 6 SYSTEMPATH\Boot.php(325): CodeIgniter\CodeIgniter->run()
 7 SYSTEMPATH\Boot.php(67): CodeIgniter\Boot::runCodeIgniter(Object(CodeIgniter\CodeIgniter))
 8 FCPATH\index.php(56): CodeIgniter\Boot::bootWeb(Object(Config\Paths))
WARNING - 2025-02-13 09:38:14 --> [DEPRECATED] Creation of dynamic property IonAuth\Models\IonAuthModel::$messagesTemplates is deprecated in FCPATH\vendor\benedmunds\codeigniter-ion-auth\Models\IonAuthModel.php on line 237.
 1 APPPATH\Libraries\IonAuth.php(71): IonAuth\Models\IonAuthModel->__construct()
 2 APPPATH\Controllers\vendor\Brand.php(18): App\Libraries\IonAuth->__construct()
 3 SYSTEMPATH\CodeIgniter.php(903): App\Controllers\Vendor\Brand->__construct()
 4 SYSTEMPATH\CodeIgniter.php(500): CodeIgniter\CodeIgniter->createController()
 5 SYSTEMPATH\CodeIgniter.php(355): CodeIgniter\CodeIgniter->handleRequest(null, Object(Config\Cache), false)
 6 SYSTEMPATH\Boot.php(325): CodeIgniter\CodeIgniter->run()
 7 SYSTEMPATH\Boot.php(67): CodeIgniter\Boot::runCodeIgniter(Object(CodeIgniter\CodeIgniter))
 8 FCPATH\index.php(56): CodeIgniter\Boot::bootWeb(Object(Config\Paths))
INFO - 2025-02-13 09:38:14 --> Session: Class initialized using 'CodeIgniter\Session\Handlers\FileHandler' driver.
WARNING - 2025-02-13 09:38:14 --> [DEPRECATED] Creation of dynamic property IonAuth\Models\IonAuthModel::$join is deprecated in FCPATH\vendor\benedmunds\codeigniter-ion-auth\Models\IonAuthModel.php on line 231.
 1 APPPATH\Libraries\IonAuth.php(71): IonAuth\Models\IonAuthModel->__construct()
 2 APPPATH\Controllers\vendor\Brand.php(18): App\Libraries\IonAuth->__construct()
 3 SYSTEMPATH\CodeIgniter.php(903): App\Controllers\Vendor\Brand->__construct()
 4 SYSTEMPATH\CodeIgniter.php(500): CodeIgniter\CodeIgniter->createController()
 5 SYSTEMPATH\CodeIgniter.php(355): CodeIgniter\CodeIgniter->handleRequest(null, Object(Config\Cache), false)
 6 SYSTEMPATH\Boot.php(325): CodeIgniter\CodeIgniter->run()
 7 SYSTEMPATH\Boot.php(67): CodeIgniter\Boot::runCodeIgniter(Object(CodeIgniter\CodeIgniter))
 8 FCPATH\index.php(56): CodeIgniter\Boot::bootWeb(Object(Config\Paths))
WARNING - 2025-02-13 09:38:14 --> [DEPRECATED] Creation of dynamic property IonAuth\Models\IonAuthModel::$hashMethod is deprecated in FCPATH\vendor\benedmunds\codeigniter-ion-auth\Models\IonAuthModel.php on line 234.
 1 APPPATH\Libraries\IonAuth.php(71): IonAuth\Models\IonAuthModel->__construct()
 2 APPPATH\Controllers\vendor\Brand.php(18): App\Libraries\IonAuth->__construct()
 3 SYSTEMPATH\CodeIgniter.php(903): App\Controllers\Vendor\Brand->__construct()
 4 SYSTEMPATH\CodeIgniter.php(500): CodeIgniter\CodeIgniter->createController()
 5 SYSTEMPATH\CodeIgniter.php(355): CodeIgniter\CodeIgniter->handleRequest(null, Object(Config\Cache), false)
 6 SYSTEMPATH\Boot.php(325): CodeIgniter\CodeIgniter->run()
 7 SYSTEMPATH\Boot.php(67): CodeIgniter\Boot::runCodeIgniter(Object(CodeIgniter\CodeIgniter))
 8 FCPATH\index.php(56): CodeIgniter\Boot::bootWeb(Object(Config\Paths))
WARNING - 2025-02-13 09:38:14 --> [DEPRECATED] Creation of dynamic property IonAuth\Models\IonAuthModel::$messagesTemplates is deprecated in FCPATH\vendor\benedmunds\codeigniter-ion-auth\Models\IonAuthModel.php on line 237.
 1 APPPATH\Libraries\IonAuth.php(71): IonAuth\Models\IonAuthModel->__construct()
 2 APPPATH\Controllers\vendor\Brand.php(18): App\Libraries\IonAuth->__construct()
 3 SYSTEMPATH\CodeIgniter.php(903): App\Controllers\Vendor\Brand->__construct()
 4 SYSTEMPATH\CodeIgniter.php(500): CodeIgniter\CodeIgniter->createController()
 5 SYSTEMPATH\CodeIgniter.php(355): CodeIgniter\CodeIgniter->handleRequest(null, Object(Config\Cache), false)
 6 SYSTEMPATH\Boot.php(325): CodeIgniter\CodeIgniter->run()
 7 SYSTEMPATH\Boot.php(67): CodeIgniter\Boot::runCodeIgniter(Object(CodeIgniter\CodeIgniter))
 8 FCPATH\index.php(56): CodeIgniter\Boot::bootWeb(Object(Config\Paths))
INFO - 2025-02-13 09:38:15 --> Session: Class initialized using 'CodeIgniter\Session\Handlers\FileHandler' driver.
WARNING - 2025-02-13 09:38:15 --> [DEPRECATED] Creation of dynamic property IonAuth\Models\IonAuthModel::$join is deprecated in FCPATH\vendor\benedmunds\codeigniter-ion-auth\Models\IonAuthModel.php on line 231.
 1 APPPATH\Libraries\IonAuth.php(71): IonAuth\Models\IonAuthModel->__construct()
 2 APPPATH\Controllers\vendor\Brand.php(18): App\Libraries\IonAuth->__construct()
 3 SYSTEMPATH\CodeIgniter.php(903): App\Controllers\Vendor\Brand->__construct()
 4 SYSTEMPATH\CodeIgniter.php(500): CodeIgniter\CodeIgniter->createController()
 5 SYSTEMPATH\CodeIgniter.php(355): CodeIgniter\CodeIgniter->handleRequest(null, Object(Config\Cache), false)
 6 SYSTEMPATH\Boot.php(325): CodeIgniter\CodeIgniter->run()
 7 SYSTEMPATH\Boot.php(67): CodeIgniter\Boot::runCodeIgniter(Object(CodeIgniter\CodeIgniter))
 8 FCPATH\index.php(56): CodeIgniter\Boot::bootWeb(Object(Config\Paths))
WARNING - 2025-02-13 09:38:15 --> [DEPRECATED] Creation of dynamic property IonAuth\Models\IonAuthModel::$hashMethod is deprecated in FCPATH\vendor\benedmunds\codeigniter-ion-auth\Models\IonAuthModel.php on line 234.
 1 APPPATH\Libraries\IonAuth.php(71): IonAuth\Models\IonAuthModel->__construct()
 2 APPPATH\Controllers\vendor\Brand.php(18): App\Libraries\IonAuth->__construct()
 3 SYSTEMPATH\CodeIgniter.php(903): App\Controllers\Vendor\Brand->__construct()
 4 SYSTEMPATH\CodeIgniter.php(500): CodeIgniter\CodeIgniter->createController()
 5 SYSTEMPATH\CodeIgniter.php(355): CodeIgniter\CodeIgniter->handleRequest(null, Object(Config\Cache), false)
 6 SYSTEMPATH\Boot.php(325): CodeIgniter\CodeIgniter->run()
 7 SYSTEMPATH\Boot.php(67): CodeIgniter\Boot::runCodeIgniter(Object(CodeIgniter\CodeIgniter))
 8 FCPATH\index.php(56): CodeIgniter\Boot::bootWeb(Object(Config\Paths))
WARNING - 2025-02-13 09:38:15 --> [DEPRECATED] Creation of dynamic property IonAuth\Models\IonAuthModel::$messagesTemplates is deprecated in FCPATH\vendor\benedmunds\codeigniter-ion-auth\Models\IonAuthModel.php on line 237.
 1 APPPATH\Libraries\IonAuth.php(71): IonAuth\Models\IonAuthModel->__construct()
 2 APPPATH\Controllers\vendor\Brand.php(18): App\Libraries\IonAuth->__construct()
 3 SYSTEMPATH\CodeIgniter.php(903): App\Controllers\Vendor\Brand->__construct()
 4 SYSTEMPATH\CodeIgniter.php(500): CodeIgniter\CodeIgniter->createController()
 5 SYSTEMPATH\CodeIgniter.php(355): CodeIgniter\CodeIgniter->handleRequest(null, Object(Config\Cache), false)
 6 SYSTEMPATH\Boot.php(325): CodeIgniter\CodeIgniter->run()
 7 SYSTEMPATH\Boot.php(67): CodeIgniter\Boot::runCodeIgniter(Object(CodeIgniter\CodeIgniter))
 8 FCPATH\index.php(56): CodeIgniter\Boot::bootWeb(Object(Config\Paths))
INFO - 2025-02-13 09:38:15 --> Session: Class initialized using 'CodeIgniter\Session\Handlers\FileHandler' driver.
WARNING - 2025-02-13 09:38:15 --> [DEPRECATED] Creation of dynamic property IonAuth\Models\IonAuthModel::$join is deprecated in FCPATH\vendor\benedmunds\codeigniter-ion-auth\Models\IonAuthModel.php on line 231.
 1 APPPATH\Libraries\IonAuth.php(71): IonAuth\Models\IonAuthModel->__construct()
 2 APPPATH\Controllers\vendor\Brand.php(18): App\Libraries\IonAuth->__construct()
 3 SYSTEMPATH\CodeIgniter.php(903): App\Controllers\Vendor\Brand->__construct()
 4 SYSTEMPATH\CodeIgniter.php(500): CodeIgniter\CodeIgniter->createController()
 5 SYSTEMPATH\CodeIgniter.php(355): CodeIgniter\CodeIgniter->handleRequest(null, Object(Config\Cache), false)
 6 SYSTEMPATH\Boot.php(325): CodeIgniter\CodeIgniter->run()
 7 SYSTEMPATH\Boot.php(67): CodeIgniter\Boot::runCodeIgniter(Object(CodeIgniter\CodeIgniter))
 8 FCPATH\index.php(56): CodeIgniter\Boot::bootWeb(Object(Config\Paths))
WARNING - 2025-02-13 09:38:15 --> [DEPRECATED] Creation of dynamic property IonAuth\Models\IonAuthModel::$hashMethod is deprecated in FCPATH\vendor\benedmunds\codeigniter-ion-auth\Models\IonAuthModel.php on line 234.
 1 APPPATH\Libraries\IonAuth.php(71): IonAuth\Models\IonAuthModel->__construct()
 2 APPPATH\Controllers\vendor\Brand.php(18): App\Libraries\IonAuth->__construct()
 3 SYSTEMPATH\CodeIgniter.php(903): App\Controllers\Vendor\Brand->__construct()
 4 SYSTEMPATH\CodeIgniter.php(500): CodeIgniter\CodeIgniter->createController()
 5 SYSTEMPATH\CodeIgniter.php(355): CodeIgniter\CodeIgniter->handleRequest(null, Object(Config\Cache), false)
 6 SYSTEMPATH\Boot.php(325): CodeIgniter\CodeIgniter->run()
 7 SYSTEMPATH\Boot.php(67): CodeIgniter\Boot::runCodeIgniter(Object(CodeIgniter\CodeIgniter))
 8 FCPATH\index.php(56): CodeIgniter\Boot::bootWeb(Object(Config\Paths))
WARNING - 2025-02-13 09:38:15 --> [DEPRECATED] Creation of dynamic property IonAuth\Models\IonAuthModel::$messagesTemplates is deprecated in FCPATH\vendor\benedmunds\codeigniter-ion-auth\Models\IonAuthModel.php on line 237.
 1 APPPATH\Libraries\IonAuth.php(71): IonAuth\Models\IonAuthModel->__construct()
 2 APPPATH\Controllers\vendor\Brand.php(18): App\Libraries\IonAuth->__construct()
 3 SYSTEMPATH\CodeIgniter.php(903): App\Controllers\Vendor\Brand->__construct()
 4 SYSTEMPATH\CodeIgniter.php(500): CodeIgniter\CodeIgniter->createController()
 5 SYSTEMPATH\CodeIgniter.php(355): CodeIgniter\CodeIgniter->handleRequest(null, Object(Config\Cache), false)
 6 SYSTEMPATH\Boot.php(325): CodeIgniter\CodeIgniter->run()
 7 SYSTEMPATH\Boot.php(67): CodeIgniter\Boot::runCodeIgniter(Object(CodeIgniter\CodeIgniter))
 8 FCPATH\index.php(56): CodeIgniter\Boot::bootWeb(Object(Config\Paths))
INFO - 2025-02-13 09:38:17 --> Session: Class initialized using 'CodeIgniter\Session\Handlers\FileHandler' driver.
WARNING - 2025-02-13 09:38:17 --> [DEPRECATED] Creation of dynamic property IonAuth\Models\IonAuthModel::$join is deprecated in FCPATH\vendor\benedmunds\codeigniter-ion-auth\Models\IonAuthModel.php on line 231.
 1 APPPATH\Libraries\IonAuth.php(71): IonAuth\Models\IonAuthModel->__construct()
 2 APPPATH\Filters\CheckPermissions.php(16): App\Libraries\IonAuth->__construct()
 3 SYSTEMPATH\Filters\Filters.php(197): App\Filters\CheckPermissions->__construct()
 4 SYSTEMPATH\Filters\Filters.php(184): CodeIgniter\Filters\Filters->runBefore([...])
 5 SYSTEMPATH\CodeIgniter.php(481): CodeIgniter\Filters\Filters->run('vendor/brand/brand-table', 'before')
 6 SYSTEMPATH\CodeIgniter.php(355): CodeIgniter\CodeIgniter->handleRequest(null, Object(Config\Cache), false)
 7 SYSTEMPATH\Boot.php(325): CodeIgniter\CodeIgniter->run()
 8 SYSTEMPATH\Boot.php(67): CodeIgniter\Boot::runCodeIgniter(Object(CodeIgniter\CodeIgniter))
 9 FCPATH\index.php(56): CodeIgniter\Boot::bootWeb(Object(Config\Paths))
WARNING - 2025-02-13 09:38:17 --> [DEPRECATED] Creation of dynamic property IonAuth\Models\IonAuthModel::$hashMethod is deprecated in FCPATH\vendor\benedmunds\codeigniter-ion-auth\Models\IonAuthModel.php on line 234.
 1 APPPATH\Libraries\IonAuth.php(71): IonAuth\Models\IonAuthModel->__construct()
 2 APPPATH\Filters\CheckPermissions.php(16): App\Libraries\IonAuth->__construct()
 3 SYSTEMPATH\Filters\Filters.php(197): App\Filters\CheckPermissions->__construct()
 4 SYSTEMPATH\Filters\Filters.php(184): CodeIgniter\Filters\Filters->runBefore([...])
 5 SYSTEMPATH\CodeIgniter.php(481): CodeIgniter\Filters\Filters->run('vendor/brand/brand-table', 'before')
 6 SYSTEMPATH\CodeIgniter.php(355): CodeIgniter\CodeIgniter->handleRequest(null, Object(Config\Cache), false)
 7 SYSTEMPATH\Boot.php(325): CodeIgniter\CodeIgniter->run()
 8 SYSTEMPATH\Boot.php(67): CodeIgniter\Boot::runCodeIgniter(Object(CodeIgniter\CodeIgniter))
 9 FCPATH\index.php(56): CodeIgniter\Boot::bootWeb(Object(Config\Paths))
WARNING - 2025-02-13 09:38:17 --> [DEPRECATED] Creation of dynamic property IonAuth\Models\IonAuthModel::$messagesTemplates is deprecated in FCPATH\vendor\benedmunds\codeigniter-ion-auth\Models\IonAuthModel.php on line 237.
 1 APPPATH\Libraries\IonAuth.php(71): IonAuth\Models\IonAuthModel->__construct()
 2 APPPATH\Filters\CheckPermissions.php(16): App\Libraries\IonAuth->__construct()
 3 SYSTEMPATH\Filters\Filters.php(197): App\Filters\CheckPermissions->__construct()
 4 SYSTEMPATH\Filters\Filters.php(184): CodeIgniter\Filters\Filters->runBefore([...])
 5 SYSTEMPATH\CodeIgniter.php(481): CodeIgniter\Filters\Filters->run('vendor/brand/brand-table', 'before')
 6 SYSTEMPATH\CodeIgniter.php(355): CodeIgniter\CodeIgniter->handleRequest(null, Object(Config\Cache), false)
 7 SYSTEMPATH\Boot.php(325): CodeIgniter\CodeIgniter->run()
 8 SYSTEMPATH\Boot.php(67): CodeIgniter\Boot::runCodeIgniter(Object(CodeIgniter\CodeIgniter))
 9 FCPATH\index.php(56): CodeIgniter\Boot::bootWeb(Object(Config\Paths))
WARNING - 2025-02-13 09:38:17 --> [DEPRECATED] Creation of dynamic property IonAuth\Models\IonAuthModel::$join is deprecated in FCPATH\vendor\benedmunds\codeigniter-ion-auth\Models\IonAuthModel.php on line 231.
 1 APPPATH\Libraries\IonAuth.php(71): IonAuth\Models\IonAuthModel->__construct()
 2 APPPATH\Controllers\vendor\Brand.php(18): App\Libraries\IonAuth->__construct()
 3 SYSTEMPATH\CodeIgniter.php(903): App\Controllers\Vendor\Brand->__construct()
 4 SYSTEMPATH\CodeIgniter.php(500): CodeIgniter\CodeIgniter->createController()
 5 SYSTEMPATH\CodeIgniter.php(355): CodeIgniter\CodeIgniter->handleRequest(null, Object(Config\Cache), false)
 6 SYSTEMPATH\Boot.php(325): CodeIgniter\CodeIgniter->run()
 7 SYSTEMPATH\Boot.php(67): CodeIgniter\Boot::runCodeIgniter(Object(CodeIgniter\CodeIgniter))
 8 FCPATH\index.php(56): CodeIgniter\Boot::bootWeb(Object(Config\Paths))
WARNING - 2025-02-13 09:38:17 --> [DEPRECATED] Creation of dynamic property IonAuth\Models\IonAuthModel::$hashMethod is deprecated in FCPATH\vendor\benedmunds\codeigniter-ion-auth\Models\IonAuthModel.php on line 234.
 1 APPPATH\Libraries\IonAuth.php(71): IonAuth\Models\IonAuthModel->__construct()
 2 APPPATH\Controllers\vendor\Brand.php(18): App\Libraries\IonAuth->__construct()
 3 SYSTEMPATH\CodeIgniter.php(903): App\Controllers\Vendor\Brand->__construct()
 4 SYSTEMPATH\CodeIgniter.php(500): CodeIgniter\CodeIgniter->createController()
 5 SYSTEMPATH\CodeIgniter.php(355): CodeIgniter\CodeIgniter->handleRequest(null, Object(Config\Cache), false)
 6 SYSTEMPATH\Boot.php(325): CodeIgniter\CodeIgniter->run()
 7 SYSTEMPATH\Boot.php(67): CodeIgniter\Boot::runCodeIgniter(Object(CodeIgniter\CodeIgniter))
 8 FCPATH\index.php(56): CodeIgniter\Boot::bootWeb(Object(Config\Paths))
WARNING - 2025-02-13 09:38:17 --> [DEPRECATED] Creation of dynamic property IonAuth\Models\IonAuthModel::$messagesTemplates is deprecated in FCPATH\vendor\benedmunds\codeigniter-ion-auth\Models\IonAuthModel.php on line 237.
 1 APPPATH\Libraries\IonAuth.php(71): IonAuth\Models\IonAuthModel->__construct()
 2 APPPATH\Controllers\vendor\Brand.php(18): App\Libraries\IonAuth->__construct()
 3 SYSTEMPATH\CodeIgniter.php(903): App\Controllers\Vendor\Brand->__construct()
 4 SYSTEMPATH\CodeIgniter.php(500): CodeIgniter\CodeIgniter->createController()
 5 SYSTEMPATH\CodeIgniter.php(355): CodeIgniter\CodeIgniter->handleRequest(null, Object(Config\Cache), false)
 6 SYSTEMPATH\Boot.php(325): CodeIgniter\CodeIgniter->run()
 7 SYSTEMPATH\Boot.php(67): CodeIgniter\Boot::runCodeIgniter(Object(CodeIgniter\CodeIgniter))
 8 FCPATH\index.php(56): CodeIgniter\Boot::bootWeb(Object(Config\Paths))
WARNING - 2025-02-13 15:08:17 --> [DEPRECATED] Creation of dynamic property IonAuth\Models\IonAuthModel::$join is deprecated in FCPATH\vendor\benedmunds\codeigniter-ion-auth\Models\IonAuthModel.php on line 231.
 1 APPPATH\Libraries\IonAuth.php(71): IonAuth\Models\IonAuthModel->__construct()
 2 APPPATH\Filters\CheckPermissions.php(16): App\Libraries\IonAuth->__construct()
 3 SYSTEMPATH\Filters\Filters.php(235): App\Filters\CheckPermissions->__construct()
 4 SYSTEMPATH\Filters\Filters.php(188): CodeIgniter\Filters\Filters->runAfter([...])
 5 SYSTEMPATH\CodeIgniter.php(527): CodeIgniter\Filters\Filters->run('vendor/brand/brand-table', 'after')
 6 SYSTEMPATH\CodeIgniter.php(355): CodeIgniter\CodeIgniter->handleRequest(null, Object(Config\Cache), false)
 7 SYSTEMPATH\Boot.php(325): CodeIgniter\CodeIgniter->run()
 8 SYSTEMPATH\Boot.php(67): CodeIgniter\Boot::runCodeIgniter(Object(CodeIgniter\CodeIgniter))
 9 FCPATH\index.php(56): CodeIgniter\Boot::bootWeb(Object(Config\Paths))
WARNING - 2025-02-13 15:08:17 --> [DEPRECATED] Creation of dynamic property IonAuth\Models\IonAuthModel::$hashMethod is deprecated in FCPATH\vendor\benedmunds\codeigniter-ion-auth\Models\IonAuthModel.php on line 234.
 1 APPPATH\Libraries\IonAuth.php(71): IonAuth\Models\IonAuthModel->__construct()
 2 APPPATH\Filters\CheckPermissions.php(16): App\Libraries\IonAuth->__construct()
 3 SYSTEMPATH\Filters\Filters.php(235): App\Filters\CheckPermissions->__construct()
 4 SYSTEMPATH\Filters\Filters.php(188): CodeIgniter\Filters\Filters->runAfter([...])
 5 SYSTEMPATH\CodeIgniter.php(527): CodeIgniter\Filters\Filters->run('vendor/brand/brand-table', 'after')
 6 SYSTEMPATH\CodeIgniter.php(355): CodeIgniter\CodeIgniter->handleRequest(null, Object(Config\Cache), false)
 7 SYSTEMPATH\Boot.php(325): CodeIgniter\CodeIgniter->run()
 8 SYSTEMPATH\Boot.php(67): CodeIgniter\Boot::runCodeIgniter(Object(CodeIgniter\CodeIgniter))
 9 FCPATH\index.php(56): CodeIgniter\Boot::bootWeb(Object(Config\Paths))
WARNING - 2025-02-13 15:08:17 --> [DEPRECATED] Creation of dynamic property IonAuth\Models\IonAuthModel::$messagesTemplates is deprecated in FCPATH\vendor\benedmunds\codeigniter-ion-auth\Models\IonAuthModel.php on line 237.
 1 APPPATH\Libraries\IonAuth.php(71): IonAuth\Models\IonAuthModel->__construct()
 2 APPPATH\Filters\CheckPermissions.php(16): App\Libraries\IonAuth->__construct()
 3 SYSTEMPATH\Filters\Filters.php(235): App\Filters\CheckPermissions->__construct()
 4 SYSTEMPATH\Filters\Filters.php(188): CodeIgniter\Filters\Filters->runAfter([...])
 5 SYSTEMPATH\CodeIgniter.php(527): CodeIgniter\Filters\Filters->run('vendor/brand/brand-table', 'after')
 6 SYSTEMPATH\CodeIgniter.php(355): CodeIgniter\CodeIgniter->handleRequest(null, Object(Config\Cache), false)
 7 SYSTEMPATH\Boot.php(325): CodeIgniter\CodeIgniter->run()
 8 SYSTEMPATH\Boot.php(67): CodeIgniter\Boot::runCodeIgniter(Object(CodeIgniter\CodeIgniter))
 9 FCPATH\index.php(56): CodeIgniter\Boot::bootWeb(Object(Config\Paths))
INFO - 2025-02-13 09:38:17 --> Session: Class initialized using 'CodeIgniter\Session\Handlers\FileHandler' driver.
WARNING - 2025-02-13 09:38:17 --> [DEPRECATED] Creation of dynamic property IonAuth\Models\IonAuthModel::$join is deprecated in FCPATH\vendor\benedmunds\codeigniter-ion-auth\Models\IonAuthModel.php on line 231.
 1 APPPATH\Libraries\IonAuth.php(71): IonAuth\Models\IonAuthModel->__construct()
 2 APPPATH\Filters\CheckPermissions.php(16): App\Libraries\IonAuth->__construct()
 3 SYSTEMPATH\Filters\Filters.php(197): App\Filters\CheckPermissions->__construct()
 4 SYSTEMPATH\Filters\Filters.php(184): CodeIgniter\Filters\Filters->runBefore([...])
 5 SYSTEMPATH\CodeIgniter.php(481): CodeIgniter\Filters\Filters->run('vendor/products/stock_alert', 'before')
 6 SYSTEMPATH\CodeIgniter.php(355): CodeIgniter\CodeIgniter->handleRequest(null, Object(Config\Cache), false)
 7 SYSTEMPATH\Boot.php(325): CodeIgniter\CodeIgniter->run()
 8 SYSTEMPATH\Boot.php(67): CodeIgniter\Boot::runCodeIgniter(Object(CodeIgniter\CodeIgniter))
 9 FCPATH\index.php(56): CodeIgniter\Boot::bootWeb(Object(Config\Paths))
WARNING - 2025-02-13 09:38:17 --> [DEPRECATED] Creation of dynamic property IonAuth\Models\IonAuthModel::$hashMethod is deprecated in FCPATH\vendor\benedmunds\codeigniter-ion-auth\Models\IonAuthModel.php on line 234.
 1 APPPATH\Libraries\IonAuth.php(71): IonAuth\Models\IonAuthModel->__construct()
 2 APPPATH\Filters\CheckPermissions.php(16): App\Libraries\IonAuth->__construct()
 3 SYSTEMPATH\Filters\Filters.php(197): App\Filters\CheckPermissions->__construct()
 4 SYSTEMPATH\Filters\Filters.php(184): CodeIgniter\Filters\Filters->runBefore([...])
 5 SYSTEMPATH\CodeIgniter.php(481): CodeIgniter\Filters\Filters->run('vendor/products/stock_alert', 'before')
 6 SYSTEMPATH\CodeIgniter.php(355): CodeIgniter\CodeIgniter->handleRequest(null, Object(Config\Cache), false)
 7 SYSTEMPATH\Boot.php(325): CodeIgniter\CodeIgniter->run()
 8 SYSTEMPATH\Boot.php(67): CodeIgniter\Boot::runCodeIgniter(Object(CodeIgniter\CodeIgniter))
 9 FCPATH\index.php(56): CodeIgniter\Boot::bootWeb(Object(Config\Paths))
WARNING - 2025-02-13 09:38:17 --> [DEPRECATED] Creation of dynamic property IonAuth\Models\IonAuthModel::$messagesTemplates is deprecated in FCPATH\vendor\benedmunds\codeigniter-ion-auth\Models\IonAuthModel.php on line 237.
 1 APPPATH\Libraries\IonAuth.php(71): IonAuth\Models\IonAuthModel->__construct()
 2 APPPATH\Filters\CheckPermissions.php(16): App\Libraries\IonAuth->__construct()
 3 SYSTEMPATH\Filters\Filters.php(197): App\Filters\CheckPermissions->__construct()
 4 SYSTEMPATH\Filters\Filters.php(184): CodeIgniter\Filters\Filters->runBefore([...])
 5 SYSTEMPATH\CodeIgniter.php(481): CodeIgniter\Filters\Filters->run('vendor/products/stock_alert', 'before')
 6 SYSTEMPATH\CodeIgniter.php(355): CodeIgniter\CodeIgniter->handleRequest(null, Object(Config\Cache), false)
 7 SYSTEMPATH\Boot.php(325): CodeIgniter\CodeIgniter->run()
 8 SYSTEMPATH\Boot.php(67): CodeIgniter\Boot::runCodeIgniter(Object(CodeIgniter\CodeIgniter))
 9 FCPATH\index.php(56): CodeIgniter\Boot::bootWeb(Object(Config\Paths))
WARNING - 2025-02-13 09:38:17 --> [DEPRECATED] Creation of dynamic property IonAuth\Models\IonAuthModel::$join is deprecated in FCPATH\vendor\benedmunds\codeigniter-ion-auth\Models\IonAuthModel.php on line 231.
 1 APPPATH\Libraries\IonAuth.php(71): IonAuth\Models\IonAuthModel->__construct()
 2 APPPATH\Controllers\vendor\Products.php(25): App\Libraries\IonAuth->__construct()
 3 SYSTEMPATH\CodeIgniter.php(903): App\Controllers\vendor\Products->__construct()
 4 SYSTEMPATH\CodeIgniter.php(500): CodeIgniter\CodeIgniter->createController()
 5 SYSTEMPATH\CodeIgniter.php(355): CodeIgniter\CodeIgniter->handleRequest(null, Object(Config\Cache), false)
 6 SYSTEMPATH\Boot.php(325): CodeIgniter\CodeIgniter->run()
 7 SYSTEMPATH\Boot.php(67): CodeIgniter\Boot::runCodeIgniter(Object(CodeIgniter\CodeIgniter))
 8 FCPATH\index.php(56): CodeIgniter\Boot::bootWeb(Object(Config\Paths))
WARNING - 2025-02-13 09:38:17 --> [DEPRECATED] Creation of dynamic property IonAuth\Models\IonAuthModel::$hashMethod is deprecated in FCPATH\vendor\benedmunds\codeigniter-ion-auth\Models\IonAuthModel.php on line 234.
 1 APPPATH\Libraries\IonAuth.php(71): IonAuth\Models\IonAuthModel->__construct()
 2 APPPATH\Controllers\vendor\Products.php(25): App\Libraries\IonAuth->__construct()
 3 SYSTEMPATH\CodeIgniter.php(903): App\Controllers\vendor\Products->__construct()
 4 SYSTEMPATH\CodeIgniter.php(500): CodeIgniter\CodeIgniter->createController()
 5 SYSTEMPATH\CodeIgniter.php(355): CodeIgniter\CodeIgniter->handleRequest(null, Object(Config\Cache), false)
 6 SYSTEMPATH\Boot.php(325): CodeIgniter\CodeIgniter->run()
 7 SYSTEMPATH\Boot.php(67): CodeIgniter\Boot::runCodeIgniter(Object(CodeIgniter\CodeIgniter))
 8 FCPATH\index.php(56): CodeIgniter\Boot::bootWeb(Object(Config\Paths))
WARNING - 2025-02-13 09:38:17 --> [DEPRECATED] Creation of dynamic property IonAuth\Models\IonAuthModel::$messagesTemplates is deprecated in FCPATH\vendor\benedmunds\codeigniter-ion-auth\Models\IonAuthModel.php on line 237.
 1 APPPATH\Libraries\IonAuth.php(71): IonAuth\Models\IonAuthModel->__construct()
 2 APPPATH\Controllers\vendor\Products.php(25): App\Libraries\IonAuth->__construct()
 3 SYSTEMPATH\CodeIgniter.php(903): App\Controllers\vendor\Products->__construct()
 4 SYSTEMPATH\CodeIgniter.php(500): CodeIgniter\CodeIgniter->createController()
 5 SYSTEMPATH\CodeIgniter.php(355): CodeIgniter\CodeIgniter->handleRequest(null, Object(Config\Cache), false)
 6 SYSTEMPATH\Boot.php(325): CodeIgniter\CodeIgniter->run()
 7 SYSTEMPATH\Boot.php(67): CodeIgniter\Boot::runCodeIgniter(Object(CodeIgniter\CodeIgniter))
 8 FCPATH\index.php(56): CodeIgniter\Boot::bootWeb(Object(Config\Paths))
WARNING - 2025-02-13 15:08:17 --> [DEPRECATED] Creation of dynamic property IonAuth\Models\IonAuthModel::$join is deprecated in FCPATH\vendor\benedmunds\codeigniter-ion-auth\Models\IonAuthModel.php on line 231.
 1 APPPATH\Libraries\IonAuth.php(71): IonAuth\Models\IonAuthModel->__construct()
 2 APPPATH\Filters\CheckPermissions.php(16): App\Libraries\IonAuth->__construct()
 3 SYSTEMPATH\Filters\Filters.php(235): App\Filters\CheckPermissions->__construct()
 4 SYSTEMPATH\Filters\Filters.php(188): CodeIgniter\Filters\Filters->runAfter([...])
 5 SYSTEMPATH\CodeIgniter.php(527): CodeIgniter\Filters\Filters->run('vendor/products/stock_alert', 'after')
 6 SYSTEMPATH\CodeIgniter.php(355): CodeIgniter\CodeIgniter->handleRequest(null, Object(Config\Cache), false)
 7 SYSTEMPATH\Boot.php(325): CodeIgniter\CodeIgniter->run()
 8 SYSTEMPATH\Boot.php(67): CodeIgniter\Boot::runCodeIgniter(Object(CodeIgniter\CodeIgniter))
 9 FCPATH\index.php(56): CodeIgniter\Boot::bootWeb(Object(Config\Paths))
WARNING - 2025-02-13 15:08:17 --> [DEPRECATED] Creation of dynamic property IonAuth\Models\IonAuthModel::$hashMethod is deprecated in FCPATH\vendor\benedmunds\codeigniter-ion-auth\Models\IonAuthModel.php on line 234.
 1 APPPATH\Libraries\IonAuth.php(71): IonAuth\Models\IonAuthModel->__construct()
 2 APPPATH\Filters\CheckPermissions.php(16): App\Libraries\IonAuth->__construct()
 3 SYSTEMPATH\Filters\Filters.php(235): App\Filters\CheckPermissions->__construct()
 4 SYSTEMPATH\Filters\Filters.php(188): CodeIgniter\Filters\Filters->runAfter([...])
 5 SYSTEMPATH\CodeIgniter.php(527): CodeIgniter\Filters\Filters->run('vendor/products/stock_alert', 'after')
 6 SYSTEMPATH\CodeIgniter.php(355): CodeIgniter\CodeIgniter->handleRequest(null, Object(Config\Cache), false)
 7 SYSTEMPATH\Boot.php(325): CodeIgniter\CodeIgniter->run()
 8 SYSTEMPATH\Boot.php(67): CodeIgniter\Boot::runCodeIgniter(Object(CodeIgniter\CodeIgniter))
 9 FCPATH\index.php(56): CodeIgniter\Boot::bootWeb(Object(Config\Paths))
WARNING - 2025-02-13 15:08:17 --> [DEPRECATED] Creation of dynamic property IonAuth\Models\IonAuthModel::$messagesTemplates is deprecated in FCPATH\vendor\benedmunds\codeigniter-ion-auth\Models\IonAuthModel.php on line 237.
 1 APPPATH\Libraries\IonAuth.php(71): IonAuth\Models\IonAuthModel->__construct()
 2 APPPATH\Filters\CheckPermissions.php(16): App\Libraries\IonAuth->__construct()
 3 SYSTEMPATH\Filters\Filters.php(235): App\Filters\CheckPermissions->__construct()
 4 SYSTEMPATH\Filters\Filters.php(188): CodeIgniter\Filters\Filters->runAfter([...])
 5 SYSTEMPATH\CodeIgniter.php(527): CodeIgniter\Filters\Filters->run('vendor/products/stock_alert', 'after')
 6 SYSTEMPATH\CodeIgniter.php(355): CodeIgniter\CodeIgniter->handleRequest(null, Object(Config\Cache), false)
 7 SYSTEMPATH\Boot.php(325): CodeIgniter\CodeIgniter->run()
 8 SYSTEMPATH\Boot.php(67): CodeIgniter\Boot::runCodeIgniter(Object(CodeIgniter\CodeIgniter))
 9 FCPATH\index.php(56): CodeIgniter\Boot::bootWeb(Object(Config\Paths))
INFO - 2025-02-13 09:39:23 --> Session: Class initialized using 'CodeIgniter\Session\Handlers\FileHandler' driver.
WARNING - 2025-02-13 09:39:23 --> [DEPRECATED] Creation of dynamic property IonAuth\Models\IonAuthModel::$join is deprecated in FCPATH\vendor\benedmunds\codeigniter-ion-auth\Models\IonAuthModel.php on line 231.
 1 APPPATH\Libraries\IonAuth.php(71): IonAuth\Models\IonAuthModel->__construct()
 2 APPPATH\Controllers\vendor\Brand.php(18): App\Libraries\IonAuth->__construct()
 3 SYSTEMPATH\CodeIgniter.php(903): App\Controllers\Vendor\Brand->__construct()
 4 SYSTEMPATH\CodeIgniter.php(500): CodeIgniter\CodeIgniter->createController()
 5 SYSTEMPATH\CodeIgniter.php(355): CodeIgniter\CodeIgniter->handleRequest(null, Object(Config\Cache), false)
 6 SYSTEMPATH\Boot.php(325): CodeIgniter\CodeIgniter->run()
 7 SYSTEMPATH\Boot.php(67): CodeIgniter\Boot::runCodeIgniter(Object(CodeIgniter\CodeIgniter))
 8 FCPATH\index.php(56): CodeIgniter\Boot::bootWeb(Object(Config\Paths))
WARNING - 2025-02-13 09:39:23 --> [DEPRECATED] Creation of dynamic property IonAuth\Models\IonAuthModel::$hashMethod is deprecated in FCPATH\vendor\benedmunds\codeigniter-ion-auth\Models\IonAuthModel.php on line 234.
 1 APPPATH\Libraries\IonAuth.php(71): IonAuth\Models\IonAuthModel->__construct()
 2 APPPATH\Controllers\vendor\Brand.php(18): App\Libraries\IonAuth->__construct()
 3 SYSTEMPATH\CodeIgniter.php(903): App\Controllers\Vendor\Brand->__construct()
 4 SYSTEMPATH\CodeIgniter.php(500): CodeIgniter\CodeIgniter->createController()
 5 SYSTEMPATH\CodeIgniter.php(355): CodeIgniter\CodeIgniter->handleRequest(null, Object(Config\Cache), false)
 6 SYSTEMPATH\Boot.php(325): CodeIgniter\CodeIgniter->run()
 7 SYSTEMPATH\Boot.php(67): CodeIgniter\Boot::runCodeIgniter(Object(CodeIgniter\CodeIgniter))
 8 FCPATH\index.php(56): CodeIgniter\Boot::bootWeb(Object(Config\Paths))
WARNING - 2025-02-13 09:39:23 --> [DEPRECATED] Creation of dynamic property IonAuth\Models\IonAuthModel::$messagesTemplates is deprecated in FCPATH\vendor\benedmunds\codeigniter-ion-auth\Models\IonAuthModel.php on line 237.
 1 APPPATH\Libraries\IonAuth.php(71): IonAuth\Models\IonAuthModel->__construct()
 2 APPPATH\Controllers\vendor\Brand.php(18): App\Libraries\IonAuth->__construct()
 3 SYSTEMPATH\CodeIgniter.php(903): App\Controllers\Vendor\Brand->__construct()
 4 SYSTEMPATH\CodeIgniter.php(500): CodeIgniter\CodeIgniter->createController()
 5 SYSTEMPATH\CodeIgniter.php(355): CodeIgniter\CodeIgniter->handleRequest(null, Object(Config\Cache), false)
 6 SYSTEMPATH\Boot.php(325): CodeIgniter\CodeIgniter->run()
 7 SYSTEMPATH\Boot.php(67): CodeIgniter\Boot::runCodeIgniter(Object(CodeIgniter\CodeIgniter))
 8 FCPATH\index.php(56): CodeIgniter\Boot::bootWeb(Object(Config\Paths))
INFO - 2025-02-13 09:39:23 --> Session: Class initialized using 'CodeIgniter\Session\Handlers\FileHandler' driver.
WARNING - 2025-02-13 09:39:23 --> [DEPRECATED] Creation of dynamic property IonAuth\Models\IonAuthModel::$join is deprecated in FCPATH\vendor\benedmunds\codeigniter-ion-auth\Models\IonAuthModel.php on line 231.
 1 APPPATH\Libraries\IonAuth.php(71): IonAuth\Models\IonAuthModel->__construct()
 2 APPPATH\Controllers\vendor\Brand.php(18): App\Libraries\IonAuth->__construct()
 3 SYSTEMPATH\CodeIgniter.php(903): App\Controllers\Vendor\Brand->__construct()
 4 SYSTEMPATH\CodeIgniter.php(500): CodeIgniter\CodeIgniter->createController()
 5 SYSTEMPATH\CodeIgniter.php(355): CodeIgniter\CodeIgniter->handleRequest(null, Object(Config\Cache), false)
 6 SYSTEMPATH\Boot.php(325): CodeIgniter\CodeIgniter->run()
 7 SYSTEMPATH\Boot.php(67): CodeIgniter\Boot::runCodeIgniter(Object(CodeIgniter\CodeIgniter))
 8 FCPATH\index.php(56): CodeIgniter\Boot::bootWeb(Object(Config\Paths))
WARNING - 2025-02-13 09:39:23 --> [DEPRECATED] Creation of dynamic property IonAuth\Models\IonAuthModel::$hashMethod is deprecated in FCPATH\vendor\benedmunds\codeigniter-ion-auth\Models\IonAuthModel.php on line 234.
 1 APPPATH\Libraries\IonAuth.php(71): IonAuth\Models\IonAuthModel->__construct()
 2 APPPATH\Controllers\vendor\Brand.php(18): App\Libraries\IonAuth->__construct()
 3 SYSTEMPATH\CodeIgniter.php(903): App\Controllers\Vendor\Brand->__construct()
 4 SYSTEMPATH\CodeIgniter.php(500): CodeIgniter\CodeIgniter->createController()
 5 SYSTEMPATH\CodeIgniter.php(355): CodeIgniter\CodeIgniter->handleRequest(null, Object(Config\Cache), false)
 6 SYSTEMPATH\Boot.php(325): CodeIgniter\CodeIgniter->run()
 7 SYSTEMPATH\Boot.php(67): CodeIgniter\Boot::runCodeIgniter(Object(CodeIgniter\CodeIgniter))
 8 FCPATH\index.php(56): CodeIgniter\Boot::bootWeb(Object(Config\Paths))
WARNING - 2025-02-13 09:39:23 --> [DEPRECATED] Creation of dynamic property IonAuth\Models\IonAuthModel::$messagesTemplates is deprecated in FCPATH\vendor\benedmunds\codeigniter-ion-auth\Models\IonAuthModel.php on line 237.
 1 APPPATH\Libraries\IonAuth.php(71): IonAuth\Models\IonAuthModel->__construct()
 2 APPPATH\Controllers\vendor\Brand.php(18): App\Libraries\IonAuth->__construct()
 3 SYSTEMPATH\CodeIgniter.php(903): App\Controllers\Vendor\Brand->__construct()
 4 SYSTEMPATH\CodeIgniter.php(500): CodeIgniter\CodeIgniter->createController()
 5 SYSTEMPATH\CodeIgniter.php(355): CodeIgniter\CodeIgniter->handleRequest(null, Object(Config\Cache), false)
 6 SYSTEMPATH\Boot.php(325): CodeIgniter\CodeIgniter->run()
 7 SYSTEMPATH\Boot.php(67): CodeIgniter\Boot::runCodeIgniter(Object(CodeIgniter\CodeIgniter))
 8 FCPATH\index.php(56): CodeIgniter\Boot::bootWeb(Object(Config\Paths))
INFO - 2025-02-13 09:39:23 --> Session: Class initialized using 'CodeIgniter\Session\Handlers\FileHandler' driver.
WARNING - 2025-02-13 09:39:23 --> [DEPRECATED] Creation of dynamic property IonAuth\Models\IonAuthModel::$join is deprecated in FCPATH\vendor\benedmunds\codeigniter-ion-auth\Models\IonAuthModel.php on line 231.
 1 APPPATH\Libraries\IonAuth.php(71): IonAuth\Models\IonAuthModel->__construct()
 2 APPPATH\Controllers\vendor\Brand.php(18): App\Libraries\IonAuth->__construct()
 3 SYSTEMPATH\CodeIgniter.php(903): App\Controllers\Vendor\Brand->__construct()
 4 SYSTEMPATH\CodeIgniter.php(500): CodeIgniter\CodeIgniter->createController()
 5 SYSTEMPATH\CodeIgniter.php(355): CodeIgniter\CodeIgniter->handleRequest(null, Object(Config\Cache), false)
 6 SYSTEMPATH\Boot.php(325): CodeIgniter\CodeIgniter->run()
 7 SYSTEMPATH\Boot.php(67): CodeIgniter\Boot::runCodeIgniter(Object(CodeIgniter\CodeIgniter))
 8 FCPATH\index.php(56): CodeIgniter\Boot::bootWeb(Object(Config\Paths))
WARNING - 2025-02-13 09:39:23 --> [DEPRECATED] Creation of dynamic property IonAuth\Models\IonAuthModel::$hashMethod is deprecated in FCPATH\vendor\benedmunds\codeigniter-ion-auth\Models\IonAuthModel.php on line 234.
 1 APPPATH\Libraries\IonAuth.php(71): IonAuth\Models\IonAuthModel->__construct()
 2 APPPATH\Controllers\vendor\Brand.php(18): App\Libraries\IonAuth->__construct()
 3 SYSTEMPATH\CodeIgniter.php(903): App\Controllers\Vendor\Brand->__construct()
 4 SYSTEMPATH\CodeIgniter.php(500): CodeIgniter\CodeIgniter->createController()
 5 SYSTEMPATH\CodeIgniter.php(355): CodeIgniter\CodeIgniter->handleRequest(null, Object(Config\Cache), false)
 6 SYSTEMPATH\Boot.php(325): CodeIgniter\CodeIgniter->run()
 7 SYSTEMPATH\Boot.php(67): CodeIgniter\Boot::runCodeIgniter(Object(CodeIgniter\CodeIgniter))
 8 FCPATH\index.php(56): CodeIgniter\Boot::bootWeb(Object(Config\Paths))
WARNING - 2025-02-13 09:39:23 --> [DEPRECATED] Creation of dynamic property IonAuth\Models\IonAuthModel::$messagesTemplates is deprecated in FCPATH\vendor\benedmunds\codeigniter-ion-auth\Models\IonAuthModel.php on line 237.
 1 APPPATH\Libraries\IonAuth.php(71): IonAuth\Models\IonAuthModel->__construct()
 2 APPPATH\Controllers\vendor\Brand.php(18): App\Libraries\IonAuth->__construct()
 3 SYSTEMPATH\CodeIgniter.php(903): App\Controllers\Vendor\Brand->__construct()
 4 SYSTEMPATH\CodeIgniter.php(500): CodeIgniter\CodeIgniter->createController()
 5 SYSTEMPATH\CodeIgniter.php(355): CodeIgniter\CodeIgniter->handleRequest(null, Object(Config\Cache), false)
 6 SYSTEMPATH\Boot.php(325): CodeIgniter\CodeIgniter->run()
 7 SYSTEMPATH\Boot.php(67): CodeIgniter\Boot::runCodeIgniter(Object(CodeIgniter\CodeIgniter))
 8 FCPATH\index.php(56): CodeIgniter\Boot::bootWeb(Object(Config\Paths))
INFO - 2025-02-13 09:39:24 --> Session: Class initialized using 'CodeIgniter\Session\Handlers\FileHandler' driver.
WARNING - 2025-02-13 09:39:24 --> [DEPRECATED] Creation of dynamic property IonAuth\Models\IonAuthModel::$join is deprecated in FCPATH\vendor\benedmunds\codeigniter-ion-auth\Models\IonAuthModel.php on line 231.
 1 APPPATH\Libraries\IonAuth.php(71): IonAuth\Models\IonAuthModel->__construct()
 2 APPPATH\Controllers\vendor\Brand.php(18): App\Libraries\IonAuth->__construct()
 3 SYSTEMPATH\CodeIgniter.php(903): App\Controllers\Vendor\Brand->__construct()
 4 SYSTEMPATH\CodeIgniter.php(500): CodeIgniter\CodeIgniter->createController()
 5 SYSTEMPATH\CodeIgniter.php(355): CodeIgniter\CodeIgniter->handleRequest(null, Object(Config\Cache), false)
 6 SYSTEMPATH\Boot.php(325): CodeIgniter\CodeIgniter->run()
 7 SYSTEMPATH\Boot.php(67): CodeIgniter\Boot::runCodeIgniter(Object(CodeIgniter\CodeIgniter))
 8 FCPATH\index.php(56): CodeIgniter\Boot::bootWeb(Object(Config\Paths))
WARNING - 2025-02-13 09:39:24 --> [DEPRECATED] Creation of dynamic property IonAuth\Models\IonAuthModel::$hashMethod is deprecated in FCPATH\vendor\benedmunds\codeigniter-ion-auth\Models\IonAuthModel.php on line 234.
 1 APPPATH\Libraries\IonAuth.php(71): IonAuth\Models\IonAuthModel->__construct()
 2 APPPATH\Controllers\vendor\Brand.php(18): App\Libraries\IonAuth->__construct()
 3 SYSTEMPATH\CodeIgniter.php(903): App\Controllers\Vendor\Brand->__construct()
 4 SYSTEMPATH\CodeIgniter.php(500): CodeIgniter\CodeIgniter->createController()
 5 SYSTEMPATH\CodeIgniter.php(355): CodeIgniter\CodeIgniter->handleRequest(null, Object(Config\Cache), false)
 6 SYSTEMPATH\Boot.php(325): CodeIgniter\CodeIgniter->run()
 7 SYSTEMPATH\Boot.php(67): CodeIgniter\Boot::runCodeIgniter(Object(CodeIgniter\CodeIgniter))
 8 FCPATH\index.php(56): CodeIgniter\Boot::bootWeb(Object(Config\Paths))
WARNING - 2025-02-13 09:39:24 --> [DEPRECATED] Creation of dynamic property IonAuth\Models\IonAuthModel::$messagesTemplates is deprecated in FCPATH\vendor\benedmunds\codeigniter-ion-auth\Models\IonAuthModel.php on line 237.
 1 APPPATH\Libraries\IonAuth.php(71): IonAuth\Models\IonAuthModel->__construct()
 2 APPPATH\Controllers\vendor\Brand.php(18): App\Libraries\IonAuth->__construct()
 3 SYSTEMPATH\CodeIgniter.php(903): App\Controllers\Vendor\Brand->__construct()
 4 SYSTEMPATH\CodeIgniter.php(500): CodeIgniter\CodeIgniter->createController()
 5 SYSTEMPATH\CodeIgniter.php(355): CodeIgniter\CodeIgniter->handleRequest(null, Object(Config\Cache), false)
 6 SYSTEMPATH\Boot.php(325): CodeIgniter\CodeIgniter->run()
 7 SYSTEMPATH\Boot.php(67): CodeIgniter\Boot::runCodeIgniter(Object(CodeIgniter\CodeIgniter))
 8 FCPATH\index.php(56): CodeIgniter\Boot::bootWeb(Object(Config\Paths))
INFO - 2025-02-13 09:39:24 --> Session: Class initialized using 'CodeIgniter\Session\Handlers\FileHandler' driver.
WARNING - 2025-02-13 09:39:24 --> [DEPRECATED] Creation of dynamic property IonAuth\Models\IonAuthModel::$join is deprecated in FCPATH\vendor\benedmunds\codeigniter-ion-auth\Models\IonAuthModel.php on line 231.
 1 APPPATH\Libraries\IonAuth.php(71): IonAuth\Models\IonAuthModel->__construct()
 2 APPPATH\Controllers\vendor\Brand.php(18): App\Libraries\IonAuth->__construct()
 3 SYSTEMPATH\CodeIgniter.php(903): App\Controllers\Vendor\Brand->__construct()
 4 SYSTEMPATH\CodeIgniter.php(500): CodeIgniter\CodeIgniter->createController()
 5 SYSTEMPATH\CodeIgniter.php(355): CodeIgniter\CodeIgniter->handleRequest(null, Object(Config\Cache), false)
 6 SYSTEMPATH\Boot.php(325): CodeIgniter\CodeIgniter->run()
 7 SYSTEMPATH\Boot.php(67): CodeIgniter\Boot::runCodeIgniter(Object(CodeIgniter\CodeIgniter))
 8 FCPATH\index.php(56): CodeIgniter\Boot::bootWeb(Object(Config\Paths))
WARNING - 2025-02-13 09:39:24 --> [DEPRECATED] Creation of dynamic property IonAuth\Models\IonAuthModel::$hashMethod is deprecated in FCPATH\vendor\benedmunds\codeigniter-ion-auth\Models\IonAuthModel.php on line 234.
 1 APPPATH\Libraries\IonAuth.php(71): IonAuth\Models\IonAuthModel->__construct()
 2 APPPATH\Controllers\vendor\Brand.php(18): App\Libraries\IonAuth->__construct()
 3 SYSTEMPATH\CodeIgniter.php(903): App\Controllers\Vendor\Brand->__construct()
 4 SYSTEMPATH\CodeIgniter.php(500): CodeIgniter\CodeIgniter->createController()
 5 SYSTEMPATH\CodeIgniter.php(355): CodeIgniter\CodeIgniter->handleRequest(null, Object(Config\Cache), false)
 6 SYSTEMPATH\Boot.php(325): CodeIgniter\CodeIgniter->run()
 7 SYSTEMPATH\Boot.php(67): CodeIgniter\Boot::runCodeIgniter(Object(CodeIgniter\CodeIgniter))
 8 FCPATH\index.php(56): CodeIgniter\Boot::bootWeb(Object(Config\Paths))
WARNING - 2025-02-13 09:39:24 --> [DEPRECATED] Creation of dynamic property IonAuth\Models\IonAuthModel::$messagesTemplates is deprecated in FCPATH\vendor\benedmunds\codeigniter-ion-auth\Models\IonAuthModel.php on line 237.
 1 APPPATH\Libraries\IonAuth.php(71): IonAuth\Models\IonAuthModel->__construct()
 2 APPPATH\Controllers\vendor\Brand.php(18): App\Libraries\IonAuth->__construct()
 3 SYSTEMPATH\CodeIgniter.php(903): App\Controllers\Vendor\Brand->__construct()
 4 SYSTEMPATH\CodeIgniter.php(500): CodeIgniter\CodeIgniter->createController()
 5 SYSTEMPATH\CodeIgniter.php(355): CodeIgniter\CodeIgniter->handleRequest(null, Object(Config\Cache), false)
 6 SYSTEMPATH\Boot.php(325): CodeIgniter\CodeIgniter->run()
 7 SYSTEMPATH\Boot.php(67): CodeIgniter\Boot::runCodeIgniter(Object(CodeIgniter\CodeIgniter))
 8 FCPATH\index.php(56): CodeIgniter\Boot::bootWeb(Object(Config\Paths))
INFO - 2025-02-13 09:39:24 --> Session: Class initialized using 'CodeIgniter\Session\Handlers\FileHandler' driver.
WARNING - 2025-02-13 09:39:24 --> [DEPRECATED] Creation of dynamic property IonAuth\Models\IonAuthModel::$join is deprecated in FCPATH\vendor\benedmunds\codeigniter-ion-auth\Models\IonAuthModel.php on line 231.
 1 APPPATH\Libraries\IonAuth.php(71): IonAuth\Models\IonAuthModel->__construct()
 2 APPPATH\Controllers\vendor\Brand.php(18): App\Libraries\IonAuth->__construct()
 3 SYSTEMPATH\CodeIgniter.php(903): App\Controllers\Vendor\Brand->__construct()
 4 SYSTEMPATH\CodeIgniter.php(500): CodeIgniter\CodeIgniter->createController()
 5 SYSTEMPATH\CodeIgniter.php(355): CodeIgniter\CodeIgniter->handleRequest(null, Object(Config\Cache), false)
 6 SYSTEMPATH\Boot.php(325): CodeIgniter\CodeIgniter->run()
 7 SYSTEMPATH\Boot.php(67): CodeIgniter\Boot::runCodeIgniter(Object(CodeIgniter\CodeIgniter))
 8 FCPATH\index.php(56): CodeIgniter\Boot::bootWeb(Object(Config\Paths))
WARNING - 2025-02-13 09:39:24 --> [DEPRECATED] Creation of dynamic property IonAuth\Models\IonAuthModel::$hashMethod is deprecated in FCPATH\vendor\benedmunds\codeigniter-ion-auth\Models\IonAuthModel.php on line 234.
 1 APPPATH\Libraries\IonAuth.php(71): IonAuth\Models\IonAuthModel->__construct()
 2 APPPATH\Controllers\vendor\Brand.php(18): App\Libraries\IonAuth->__construct()
 3 SYSTEMPATH\CodeIgniter.php(903): App\Controllers\Vendor\Brand->__construct()
 4 SYSTEMPATH\CodeIgniter.php(500): CodeIgniter\CodeIgniter->createController()
 5 SYSTEMPATH\CodeIgniter.php(355): CodeIgniter\CodeIgniter->handleRequest(null, Object(Config\Cache), false)
 6 SYSTEMPATH\Boot.php(325): CodeIgniter\CodeIgniter->run()
 7 SYSTEMPATH\Boot.php(67): CodeIgniter\Boot::runCodeIgniter(Object(CodeIgniter\CodeIgniter))
 8 FCPATH\index.php(56): CodeIgniter\Boot::bootWeb(Object(Config\Paths))
WARNING - 2025-02-13 09:39:24 --> [DEPRECATED] Creation of dynamic property IonAuth\Models\IonAuthModel::$messagesTemplates is deprecated in FCPATH\vendor\benedmunds\codeigniter-ion-auth\Models\IonAuthModel.php on line 237.
 1 APPPATH\Libraries\IonAuth.php(71): IonAuth\Models\IonAuthModel->__construct()
 2 APPPATH\Controllers\vendor\Brand.php(18): App\Libraries\IonAuth->__construct()
 3 SYSTEMPATH\CodeIgniter.php(903): App\Controllers\Vendor\Brand->__construct()
 4 SYSTEMPATH\CodeIgniter.php(500): CodeIgniter\CodeIgniter->createController()
 5 SYSTEMPATH\CodeIgniter.php(355): CodeIgniter\CodeIgniter->handleRequest(null, Object(Config\Cache), false)
 6 SYSTEMPATH\Boot.php(325): CodeIgniter\CodeIgniter->run()
 7 SYSTEMPATH\Boot.php(67): CodeIgniter\Boot::runCodeIgniter(Object(CodeIgniter\CodeIgniter))
 8 FCPATH\index.php(56): CodeIgniter\Boot::bootWeb(Object(Config\Paths))
INFO - 2025-02-13 09:39:24 --> Session: Class initialized using 'CodeIgniter\Session\Handlers\FileHandler' driver.
WARNING - 2025-02-13 09:39:24 --> [DEPRECATED] Creation of dynamic property IonAuth\Models\IonAuthModel::$join is deprecated in FCPATH\vendor\benedmunds\codeigniter-ion-auth\Models\IonAuthModel.php on line 231.
 1 APPPATH\Libraries\IonAuth.php(71): IonAuth\Models\IonAuthModel->__construct()
 2 APPPATH\Controllers\vendor\Brand.php(18): App\Libraries\IonAuth->__construct()
 3 SYSTEMPATH\CodeIgniter.php(903): App\Controllers\Vendor\Brand->__construct()
 4 SYSTEMPATH\CodeIgniter.php(500): CodeIgniter\CodeIgniter->createController()
 5 SYSTEMPATH\CodeIgniter.php(355): CodeIgniter\CodeIgniter->handleRequest(null, Object(Config\Cache), false)
 6 SYSTEMPATH\Boot.php(325): CodeIgniter\CodeIgniter->run()
 7 SYSTEMPATH\Boot.php(67): CodeIgniter\Boot::runCodeIgniter(Object(CodeIgniter\CodeIgniter))
 8 FCPATH\index.php(56): CodeIgniter\Boot::bootWeb(Object(Config\Paths))
WARNING - 2025-02-13 09:39:24 --> [DEPRECATED] Creation of dynamic property IonAuth\Models\IonAuthModel::$hashMethod is deprecated in FCPATH\vendor\benedmunds\codeigniter-ion-auth\Models\IonAuthModel.php on line 234.
 1 APPPATH\Libraries\IonAuth.php(71): IonAuth\Models\IonAuthModel->__construct()
 2 APPPATH\Controllers\vendor\Brand.php(18): App\Libraries\IonAuth->__construct()
 3 SYSTEMPATH\CodeIgniter.php(903): App\Controllers\Vendor\Brand->__construct()
 4 SYSTEMPATH\CodeIgniter.php(500): CodeIgniter\CodeIgniter->createController()
 5 SYSTEMPATH\CodeIgniter.php(355): CodeIgniter\CodeIgniter->handleRequest(null, Object(Config\Cache), false)
 6 SYSTEMPATH\Boot.php(325): CodeIgniter\CodeIgniter->run()
 7 SYSTEMPATH\Boot.php(67): CodeIgniter\Boot::runCodeIgniter(Object(CodeIgniter\CodeIgniter))
 8 FCPATH\index.php(56): CodeIgniter\Boot::bootWeb(Object(Config\Paths))
WARNING - 2025-02-13 09:39:24 --> [DEPRECATED] Creation of dynamic property IonAuth\Models\IonAuthModel::$messagesTemplates is deprecated in FCPATH\vendor\benedmunds\codeigniter-ion-auth\Models\IonAuthModel.php on line 237.
 1 APPPATH\Libraries\IonAuth.php(71): IonAuth\Models\IonAuthModel->__construct()
 2 APPPATH\Controllers\vendor\Brand.php(18): App\Libraries\IonAuth->__construct()
 3 SYSTEMPATH\CodeIgniter.php(903): App\Controllers\Vendor\Brand->__construct()
 4 SYSTEMPATH\CodeIgniter.php(500): CodeIgniter\CodeIgniter->createController()
 5 SYSTEMPATH\CodeIgniter.php(355): CodeIgniter\CodeIgniter->handleRequest(null, Object(Config\Cache), false)
 6 SYSTEMPATH\Boot.php(325): CodeIgniter\CodeIgniter->run()
 7 SYSTEMPATH\Boot.php(67): CodeIgniter\Boot::runCodeIgniter(Object(CodeIgniter\CodeIgniter))
 8 FCPATH\index.php(56): CodeIgniter\Boot::bootWeb(Object(Config\Paths))
INFO - 2025-02-13 09:39:25 --> Session: Class initialized using 'CodeIgniter\Session\Handlers\FileHandler' driver.
WARNING - 2025-02-13 09:39:25 --> [DEPRECATED] Creation of dynamic property IonAuth\Models\IonAuthModel::$join is deprecated in FCPATH\vendor\benedmunds\codeigniter-ion-auth\Models\IonAuthModel.php on line 231.
 1 APPPATH\Libraries\IonAuth.php(71): IonAuth\Models\IonAuthModel->__construct()
 2 APPPATH\Controllers\vendor\Brand.php(18): App\Libraries\IonAuth->__construct()
 3 SYSTEMPATH\CodeIgniter.php(903): App\Controllers\Vendor\Brand->__construct()
 4 SYSTEMPATH\CodeIgniter.php(500): CodeIgniter\CodeIgniter->createController()
 5 SYSTEMPATH\CodeIgniter.php(355): CodeIgniter\CodeIgniter->handleRequest(null, Object(Config\Cache), false)
 6 SYSTEMPATH\Boot.php(325): CodeIgniter\CodeIgniter->run()
 7 SYSTEMPATH\Boot.php(67): CodeIgniter\Boot::runCodeIgniter(Object(CodeIgniter\CodeIgniter))
 8 FCPATH\index.php(56): CodeIgniter\Boot::bootWeb(Object(Config\Paths))
WARNING - 2025-02-13 09:39:25 --> [DEPRECATED] Creation of dynamic property IonAuth\Models\IonAuthModel::$hashMethod is deprecated in FCPATH\vendor\benedmunds\codeigniter-ion-auth\Models\IonAuthModel.php on line 234.
 1 APPPATH\Libraries\IonAuth.php(71): IonAuth\Models\IonAuthModel->__construct()
 2 APPPATH\Controllers\vendor\Brand.php(18): App\Libraries\IonAuth->__construct()
 3 SYSTEMPATH\CodeIgniter.php(903): App\Controllers\Vendor\Brand->__construct()
 4 SYSTEMPATH\CodeIgniter.php(500): CodeIgniter\CodeIgniter->createController()
 5 SYSTEMPATH\CodeIgniter.php(355): CodeIgniter\CodeIgniter->handleRequest(null, Object(Config\Cache), false)
 6 SYSTEMPATH\Boot.php(325): CodeIgniter\CodeIgniter->run()
 7 SYSTEMPATH\Boot.php(67): CodeIgniter\Boot::runCodeIgniter(Object(CodeIgniter\CodeIgniter))
 8 FCPATH\index.php(56): CodeIgniter\Boot::bootWeb(Object(Config\Paths))
WARNING - 2025-02-13 09:39:25 --> [DEPRECATED] Creation of dynamic property IonAuth\Models\IonAuthModel::$messagesTemplates is deprecated in FCPATH\vendor\benedmunds\codeigniter-ion-auth\Models\IonAuthModel.php on line 237.
 1 APPPATH\Libraries\IonAuth.php(71): IonAuth\Models\IonAuthModel->__construct()
 2 APPPATH\Controllers\vendor\Brand.php(18): App\Libraries\IonAuth->__construct()
 3 SYSTEMPATH\CodeIgniter.php(903): App\Controllers\Vendor\Brand->__construct()
 4 SYSTEMPATH\CodeIgniter.php(500): CodeIgniter\CodeIgniter->createController()
 5 SYSTEMPATH\CodeIgniter.php(355): CodeIgniter\CodeIgniter->handleRequest(null, Object(Config\Cache), false)
 6 SYSTEMPATH\Boot.php(325): CodeIgniter\CodeIgniter->run()
 7 SYSTEMPATH\Boot.php(67): CodeIgniter\Boot::runCodeIgniter(Object(CodeIgniter\CodeIgniter))
 8 FCPATH\index.php(56): CodeIgniter\Boot::bootWeb(Object(Config\Paths))
INFO - 2025-02-13 09:39:25 --> Session: Class initialized using 'CodeIgniter\Session\Handlers\FileHandler' driver.
WARNING - 2025-02-13 09:39:25 --> [DEPRECATED] Creation of dynamic property IonAuth\Models\IonAuthModel::$join is deprecated in FCPATH\vendor\benedmunds\codeigniter-ion-auth\Models\IonAuthModel.php on line 231.
 1 APPPATH\Libraries\IonAuth.php(71): IonAuth\Models\IonAuthModel->__construct()
 2 APPPATH\Controllers\vendor\Brand.php(18): App\Libraries\IonAuth->__construct()
 3 SYSTEMPATH\CodeIgniter.php(903): App\Controllers\Vendor\Brand->__construct()
 4 SYSTEMPATH\CodeIgniter.php(500): CodeIgniter\CodeIgniter->createController()
 5 SYSTEMPATH\CodeIgniter.php(355): CodeIgniter\CodeIgniter->handleRequest(null, Object(Config\Cache), false)
 6 SYSTEMPATH\Boot.php(325): CodeIgniter\CodeIgniter->run()
 7 SYSTEMPATH\Boot.php(67): CodeIgniter\Boot::runCodeIgniter(Object(CodeIgniter\CodeIgniter))
 8 FCPATH\index.php(56): CodeIgniter\Boot::bootWeb(Object(Config\Paths))
WARNING - 2025-02-13 09:39:25 --> [DEPRECATED] Creation of dynamic property IonAuth\Models\IonAuthModel::$hashMethod is deprecated in FCPATH\vendor\benedmunds\codeigniter-ion-auth\Models\IonAuthModel.php on line 234.
 1 APPPATH\Libraries\IonAuth.php(71): IonAuth\Models\IonAuthModel->__construct()
 2 APPPATH\Controllers\vendor\Brand.php(18): App\Libraries\IonAuth->__construct()
 3 SYSTEMPATH\CodeIgniter.php(903): App\Controllers\Vendor\Brand->__construct()
 4 SYSTEMPATH\CodeIgniter.php(500): CodeIgniter\CodeIgniter->createController()
 5 SYSTEMPATH\CodeIgniter.php(355): CodeIgniter\CodeIgniter->handleRequest(null, Object(Config\Cache), false)
 6 SYSTEMPATH\Boot.php(325): CodeIgniter\CodeIgniter->run()
 7 SYSTEMPATH\Boot.php(67): CodeIgniter\Boot::runCodeIgniter(Object(CodeIgniter\CodeIgniter))
 8 FCPATH\index.php(56): CodeIgniter\Boot::bootWeb(Object(Config\Paths))
WARNING - 2025-02-13 09:39:25 --> [DEPRECATED] Creation of dynamic property IonAuth\Models\IonAuthModel::$messagesTemplates is deprecated in FCPATH\vendor\benedmunds\codeigniter-ion-auth\Models\IonAuthModel.php on line 237.
 1 APPPATH\Libraries\IonAuth.php(71): IonAuth\Models\IonAuthModel->__construct()
 2 APPPATH\Controllers\vendor\Brand.php(18): App\Libraries\IonAuth->__construct()
 3 SYSTEMPATH\CodeIgniter.php(903): App\Controllers\Vendor\Brand->__construct()
 4 SYSTEMPATH\CodeIgniter.php(500): CodeIgniter\CodeIgniter->createController()
 5 SYSTEMPATH\CodeIgniter.php(355): CodeIgniter\CodeIgniter->handleRequest(null, Object(Config\Cache), false)
 6 SYSTEMPATH\Boot.php(325): CodeIgniter\CodeIgniter->run()
 7 SYSTEMPATH\Boot.php(67): CodeIgniter\Boot::runCodeIgniter(Object(CodeIgniter\CodeIgniter))
 8 FCPATH\index.php(56): CodeIgniter\Boot::bootWeb(Object(Config\Paths))
INFO - 2025-02-13 09:39:26 --> Session: Class initialized using 'CodeIgniter\Session\Handlers\FileHandler' driver.
WARNING - 2025-02-13 09:39:26 --> [DEPRECATED] Creation of dynamic property IonAuth\Models\IonAuthModel::$join is deprecated in FCPATH\vendor\benedmunds\codeigniter-ion-auth\Models\IonAuthModel.php on line 231.
 1 APPPATH\Libraries\IonAuth.php(71): IonAuth\Models\IonAuthModel->__construct()
 2 APPPATH\Controllers\vendor\Brand.php(18): App\Libraries\IonAuth->__construct()
 3 SYSTEMPATH\CodeIgniter.php(903): App\Controllers\Vendor\Brand->__construct()
 4 SYSTEMPATH\CodeIgniter.php(500): CodeIgniter\CodeIgniter->createController()
 5 SYSTEMPATH\CodeIgniter.php(355): CodeIgniter\CodeIgniter->handleRequest(null, Object(Config\Cache), false)
 6 SYSTEMPATH\Boot.php(325): CodeIgniter\CodeIgniter->run()
 7 SYSTEMPATH\Boot.php(67): CodeIgniter\Boot::runCodeIgniter(Object(CodeIgniter\CodeIgniter))
 8 FCPATH\index.php(56): CodeIgniter\Boot::bootWeb(Object(Config\Paths))
WARNING - 2025-02-13 09:39:26 --> [DEPRECATED] Creation of dynamic property IonAuth\Models\IonAuthModel::$hashMethod is deprecated in FCPATH\vendor\benedmunds\codeigniter-ion-auth\Models\IonAuthModel.php on line 234.
 1 APPPATH\Libraries\IonAuth.php(71): IonAuth\Models\IonAuthModel->__construct()
 2 APPPATH\Controllers\vendor\Brand.php(18): App\Libraries\IonAuth->__construct()
 3 SYSTEMPATH\CodeIgniter.php(903): App\Controllers\Vendor\Brand->__construct()
 4 SYSTEMPATH\CodeIgniter.php(500): CodeIgniter\CodeIgniter->createController()
 5 SYSTEMPATH\CodeIgniter.php(355): CodeIgniter\CodeIgniter->handleRequest(null, Object(Config\Cache), false)
 6 SYSTEMPATH\Boot.php(325): CodeIgniter\CodeIgniter->run()
 7 SYSTEMPATH\Boot.php(67): CodeIgniter\Boot::runCodeIgniter(Object(CodeIgniter\CodeIgniter))
 8 FCPATH\index.php(56): CodeIgniter\Boot::bootWeb(Object(Config\Paths))
WARNING - 2025-02-13 09:39:26 --> [DEPRECATED] Creation of dynamic property IonAuth\Models\IonAuthModel::$messagesTemplates is deprecated in FCPATH\vendor\benedmunds\codeigniter-ion-auth\Models\IonAuthModel.php on line 237.
 1 APPPATH\Libraries\IonAuth.php(71): IonAuth\Models\IonAuthModel->__construct()
 2 APPPATH\Controllers\vendor\Brand.php(18): App\Libraries\IonAuth->__construct()
 3 SYSTEMPATH\CodeIgniter.php(903): App\Controllers\Vendor\Brand->__construct()
 4 SYSTEMPATH\CodeIgniter.php(500): CodeIgniter\CodeIgniter->createController()
 5 SYSTEMPATH\CodeIgniter.php(355): CodeIgniter\CodeIgniter->handleRequest(null, Object(Config\Cache), false)
 6 SYSTEMPATH\Boot.php(325): CodeIgniter\CodeIgniter->run()
 7 SYSTEMPATH\Boot.php(67): CodeIgniter\Boot::runCodeIgniter(Object(CodeIgniter\CodeIgniter))
 8 FCPATH\index.php(56): CodeIgniter\Boot::bootWeb(Object(Config\Paths))
INFO - 2025-02-13 09:39:26 --> Session: Class initialized using 'CodeIgniter\Session\Handlers\FileHandler' driver.
WARNING - 2025-02-13 09:39:26 --> [DEPRECATED] Creation of dynamic property IonAuth\Models\IonAuthModel::$join is deprecated in FCPATH\vendor\benedmunds\codeigniter-ion-auth\Models\IonAuthModel.php on line 231.
 1 APPPATH\Libraries\IonAuth.php(71): IonAuth\Models\IonAuthModel->__construct()
 2 APPPATH\Controllers\vendor\Brand.php(18): App\Libraries\IonAuth->__construct()
 3 SYSTEMPATH\CodeIgniter.php(903): App\Controllers\Vendor\Brand->__construct()
 4 SYSTEMPATH\CodeIgniter.php(500): CodeIgniter\CodeIgniter->createController()
 5 SYSTEMPATH\CodeIgniter.php(355): CodeIgniter\CodeIgniter->handleRequest(null, Object(Config\Cache), false)
 6 SYSTEMPATH\Boot.php(325): CodeIgniter\CodeIgniter->run()
 7 SYSTEMPATH\Boot.php(67): CodeIgniter\Boot::runCodeIgniter(Object(CodeIgniter\CodeIgniter))
 8 FCPATH\index.php(56): CodeIgniter\Boot::bootWeb(Object(Config\Paths))
WARNING - 2025-02-13 09:39:26 --> [DEPRECATED] Creation of dynamic property IonAuth\Models\IonAuthModel::$hashMethod is deprecated in FCPATH\vendor\benedmunds\codeigniter-ion-auth\Models\IonAuthModel.php on line 234.
 1 APPPATH\Libraries\IonAuth.php(71): IonAuth\Models\IonAuthModel->__construct()
 2 APPPATH\Controllers\vendor\Brand.php(18): App\Libraries\IonAuth->__construct()
 3 SYSTEMPATH\CodeIgniter.php(903): App\Controllers\Vendor\Brand->__construct()
 4 SYSTEMPATH\CodeIgniter.php(500): CodeIgniter\CodeIgniter->createController()
 5 SYSTEMPATH\CodeIgniter.php(355): CodeIgniter\CodeIgniter->handleRequest(null, Object(Config\Cache), false)
 6 SYSTEMPATH\Boot.php(325): CodeIgniter\CodeIgniter->run()
 7 SYSTEMPATH\Boot.php(67): CodeIgniter\Boot::runCodeIgniter(Object(CodeIgniter\CodeIgniter))
 8 FCPATH\index.php(56): CodeIgniter\Boot::bootWeb(Object(Config\Paths))
WARNING - 2025-02-13 09:39:26 --> [DEPRECATED] Creation of dynamic property IonAuth\Models\IonAuthModel::$messagesTemplates is deprecated in FCPATH\vendor\benedmunds\codeigniter-ion-auth\Models\IonAuthModel.php on line 237.
 1 APPPATH\Libraries\IonAuth.php(71): IonAuth\Models\IonAuthModel->__construct()
 2 APPPATH\Controllers\vendor\Brand.php(18): App\Libraries\IonAuth->__construct()
 3 SYSTEMPATH\CodeIgniter.php(903): App\Controllers\Vendor\Brand->__construct()
 4 SYSTEMPATH\CodeIgniter.php(500): CodeIgniter\CodeIgniter->createController()
 5 SYSTEMPATH\CodeIgniter.php(355): CodeIgniter\CodeIgniter->handleRequest(null, Object(Config\Cache), false)
 6 SYSTEMPATH\Boot.php(325): CodeIgniter\CodeIgniter->run()
 7 SYSTEMPATH\Boot.php(67): CodeIgniter\Boot::runCodeIgniter(Object(CodeIgniter\CodeIgniter))
 8 FCPATH\index.php(56): CodeIgniter\Boot::bootWeb(Object(Config\Paths))
INFO - 2025-02-13 09:39:26 --> Session: Class initialized using 'CodeIgniter\Session\Handlers\FileHandler' driver.
WARNING - 2025-02-13 09:39:26 --> [DEPRECATED] Creation of dynamic property IonAuth\Models\IonAuthModel::$join is deprecated in FCPATH\vendor\benedmunds\codeigniter-ion-auth\Models\IonAuthModel.php on line 231.
 1 APPPATH\Libraries\IonAuth.php(71): IonAuth\Models\IonAuthModel->__construct()
 2 APPPATH\Filters\CheckPermissions.php(16): App\Libraries\IonAuth->__construct()
 3 SYSTEMPATH\Filters\Filters.php(197): App\Filters\CheckPermissions->__construct()
 4 SYSTEMPATH\Filters\Filters.php(184): CodeIgniter\Filters\Filters->runBefore([...])
 5 SYSTEMPATH\CodeIgniter.php(481): CodeIgniter\Filters\Filters->run('vendor/brand/brand-table', 'before')
 6 SYSTEMPATH\CodeIgniter.php(355): CodeIgniter\CodeIgniter->handleRequest(null, Object(Config\Cache), false)
 7 SYSTEMPATH\Boot.php(325): CodeIgniter\CodeIgniter->run()
 8 SYSTEMPATH\Boot.php(67): CodeIgniter\Boot::runCodeIgniter(Object(CodeIgniter\CodeIgniter))
 9 FCPATH\index.php(56): CodeIgniter\Boot::bootWeb(Object(Config\Paths))
WARNING - 2025-02-13 09:39:26 --> [DEPRECATED] Creation of dynamic property IonAuth\Models\IonAuthModel::$hashMethod is deprecated in FCPATH\vendor\benedmunds\codeigniter-ion-auth\Models\IonAuthModel.php on line 234.
 1 APPPATH\Libraries\IonAuth.php(71): IonAuth\Models\IonAuthModel->__construct()
 2 APPPATH\Filters\CheckPermissions.php(16): App\Libraries\IonAuth->__construct()
 3 SYSTEMPATH\Filters\Filters.php(197): App\Filters\CheckPermissions->__construct()
 4 SYSTEMPATH\Filters\Filters.php(184): CodeIgniter\Filters\Filters->runBefore([...])
 5 SYSTEMPATH\CodeIgniter.php(481): CodeIgniter\Filters\Filters->run('vendor/brand/brand-table', 'before')
 6 SYSTEMPATH\CodeIgniter.php(355): CodeIgniter\CodeIgniter->handleRequest(null, Object(Config\Cache), false)
 7 SYSTEMPATH\Boot.php(325): CodeIgniter\CodeIgniter->run()
 8 SYSTEMPATH\Boot.php(67): CodeIgniter\Boot::runCodeIgniter(Object(CodeIgniter\CodeIgniter))
 9 FCPATH\index.php(56): CodeIgniter\Boot::bootWeb(Object(Config\Paths))
WARNING - 2025-02-13 09:39:26 --> [DEPRECATED] Creation of dynamic property IonAuth\Models\IonAuthModel::$messagesTemplates is deprecated in FCPATH\vendor\benedmunds\codeigniter-ion-auth\Models\IonAuthModel.php on line 237.
 1 APPPATH\Libraries\IonAuth.php(71): IonAuth\Models\IonAuthModel->__construct()
 2 APPPATH\Filters\CheckPermissions.php(16): App\Libraries\IonAuth->__construct()
 3 SYSTEMPATH\Filters\Filters.php(197): App\Filters\CheckPermissions->__construct()
 4 SYSTEMPATH\Filters\Filters.php(184): CodeIgniter\Filters\Filters->runBefore([...])
 5 SYSTEMPATH\CodeIgniter.php(481): CodeIgniter\Filters\Filters->run('vendor/brand/brand-table', 'before')
 6 SYSTEMPATH\CodeIgniter.php(355): CodeIgniter\CodeIgniter->handleRequest(null, Object(Config\Cache), false)
 7 SYSTEMPATH\Boot.php(325): CodeIgniter\CodeIgniter->run()
 8 SYSTEMPATH\Boot.php(67): CodeIgniter\Boot::runCodeIgniter(Object(CodeIgniter\CodeIgniter))
 9 FCPATH\index.php(56): CodeIgniter\Boot::bootWeb(Object(Config\Paths))
WARNING - 2025-02-13 09:39:26 --> [DEPRECATED] Creation of dynamic property IonAuth\Models\IonAuthModel::$join is deprecated in FCPATH\vendor\benedmunds\codeigniter-ion-auth\Models\IonAuthModel.php on line 231.
 1 APPPATH\Libraries\IonAuth.php(71): IonAuth\Models\IonAuthModel->__construct()
 2 APPPATH\Controllers\vendor\Brand.php(18): App\Libraries\IonAuth->__construct()
 3 SYSTEMPATH\CodeIgniter.php(903): App\Controllers\Vendor\Brand->__construct()
 4 SYSTEMPATH\CodeIgniter.php(500): CodeIgniter\CodeIgniter->createController()
 5 SYSTEMPATH\CodeIgniter.php(355): CodeIgniter\CodeIgniter->handleRequest(null, Object(Config\Cache), false)
 6 SYSTEMPATH\Boot.php(325): CodeIgniter\CodeIgniter->run()
 7 SYSTEMPATH\Boot.php(67): CodeIgniter\Boot::runCodeIgniter(Object(CodeIgniter\CodeIgniter))
 8 FCPATH\index.php(56): CodeIgniter\Boot::bootWeb(Object(Config\Paths))
WARNING - 2025-02-13 09:39:26 --> [DEPRECATED] Creation of dynamic property IonAuth\Models\IonAuthModel::$hashMethod is deprecated in FCPATH\vendor\benedmunds\codeigniter-ion-auth\Models\IonAuthModel.php on line 234.
 1 APPPATH\Libraries\IonAuth.php(71): IonAuth\Models\IonAuthModel->__construct()
 2 APPPATH\Controllers\vendor\Brand.php(18): App\Libraries\IonAuth->__construct()
 3 SYSTEMPATH\CodeIgniter.php(903): App\Controllers\Vendor\Brand->__construct()
 4 SYSTEMPATH\CodeIgniter.php(500): CodeIgniter\CodeIgniter->createController()
 5 SYSTEMPATH\CodeIgniter.php(355): CodeIgniter\CodeIgniter->handleRequest(null, Object(Config\Cache), false)
 6 SYSTEMPATH\Boot.php(325): CodeIgniter\CodeIgniter->run()
 7 SYSTEMPATH\Boot.php(67): CodeIgniter\Boot::runCodeIgniter(Object(CodeIgniter\CodeIgniter))
 8 FCPATH\index.php(56): CodeIgniter\Boot::bootWeb(Object(Config\Paths))
WARNING - 2025-02-13 09:39:26 --> [DEPRECATED] Creation of dynamic property IonAuth\Models\IonAuthModel::$messagesTemplates is deprecated in FCPATH\vendor\benedmunds\codeigniter-ion-auth\Models\IonAuthModel.php on line 237.
 1 APPPATH\Libraries\IonAuth.php(71): IonAuth\Models\IonAuthModel->__construct()
 2 APPPATH\Controllers\vendor\Brand.php(18): App\Libraries\IonAuth->__construct()
 3 SYSTEMPATH\CodeIgniter.php(903): App\Controllers\Vendor\Brand->__construct()
 4 SYSTEMPATH\CodeIgniter.php(500): CodeIgniter\CodeIgniter->createController()
 5 SYSTEMPATH\CodeIgniter.php(355): CodeIgniter\CodeIgniter->handleRequest(null, Object(Config\Cache), false)
 6 SYSTEMPATH\Boot.php(325): CodeIgniter\CodeIgniter->run()
 7 SYSTEMPATH\Boot.php(67): CodeIgniter\Boot::runCodeIgniter(Object(CodeIgniter\CodeIgniter))
 8 FCPATH\index.php(56): CodeIgniter\Boot::bootWeb(Object(Config\Paths))
WARNING - 2025-02-13 15:09:26 --> [DEPRECATED] Creation of dynamic property IonAuth\Models\IonAuthModel::$join is deprecated in FCPATH\vendor\benedmunds\codeigniter-ion-auth\Models\IonAuthModel.php on line 231.
 1 APPPATH\Libraries\IonAuth.php(71): IonAuth\Models\IonAuthModel->__construct()
 2 APPPATH\Filters\CheckPermissions.php(16): App\Libraries\IonAuth->__construct()
 3 SYSTEMPATH\Filters\Filters.php(235): App\Filters\CheckPermissions->__construct()
 4 SYSTEMPATH\Filters\Filters.php(188): CodeIgniter\Filters\Filters->runAfter([...])
 5 SYSTEMPATH\CodeIgniter.php(527): CodeIgniter\Filters\Filters->run('vendor/brand/brand-table', 'after')
 6 SYSTEMPATH\CodeIgniter.php(355): CodeIgniter\CodeIgniter->handleRequest(null, Object(Config\Cache), false)
 7 SYSTEMPATH\Boot.php(325): CodeIgniter\CodeIgniter->run()
 8 SYSTEMPATH\Boot.php(67): CodeIgniter\Boot::runCodeIgniter(Object(CodeIgniter\CodeIgniter))
 9 FCPATH\index.php(56): CodeIgniter\Boot::bootWeb(Object(Config\Paths))
WARNING - 2025-02-13 15:09:26 --> [DEPRECATED] Creation of dynamic property IonAuth\Models\IonAuthModel::$hashMethod is deprecated in FCPATH\vendor\benedmunds\codeigniter-ion-auth\Models\IonAuthModel.php on line 234.
 1 APPPATH\Libraries\IonAuth.php(71): IonAuth\Models\IonAuthModel->__construct()
 2 APPPATH\Filters\CheckPermissions.php(16): App\Libraries\IonAuth->__construct()
 3 SYSTEMPATH\Filters\Filters.php(235): App\Filters\CheckPermissions->__construct()
 4 SYSTEMPATH\Filters\Filters.php(188): CodeIgniter\Filters\Filters->runAfter([...])
 5 SYSTEMPATH\CodeIgniter.php(527): CodeIgniter\Filters\Filters->run('vendor/brand/brand-table', 'after')
 6 SYSTEMPATH\CodeIgniter.php(355): CodeIgniter\CodeIgniter->handleRequest(null, Object(Config\Cache), false)
 7 SYSTEMPATH\Boot.php(325): CodeIgniter\CodeIgniter->run()
 8 SYSTEMPATH\Boot.php(67): CodeIgniter\Boot::runCodeIgniter(Object(CodeIgniter\CodeIgniter))
 9 FCPATH\index.php(56): CodeIgniter\Boot::bootWeb(Object(Config\Paths))
WARNING - 2025-02-13 15:09:26 --> [DEPRECATED] Creation of dynamic property IonAuth\Models\IonAuthModel::$messagesTemplates is deprecated in FCPATH\vendor\benedmunds\codeigniter-ion-auth\Models\IonAuthModel.php on line 237.
 1 APPPATH\Libraries\IonAuth.php(71): IonAuth\Models\IonAuthModel->__construct()
 2 APPPATH\Filters\CheckPermissions.php(16): App\Libraries\IonAuth->__construct()
 3 SYSTEMPATH\Filters\Filters.php(235): App\Filters\CheckPermissions->__construct()
 4 SYSTEMPATH\Filters\Filters.php(188): CodeIgniter\Filters\Filters->runAfter([...])
 5 SYSTEMPATH\CodeIgniter.php(527): CodeIgniter\Filters\Filters->run('vendor/brand/brand-table', 'after')
 6 SYSTEMPATH\CodeIgniter.php(355): CodeIgniter\CodeIgniter->handleRequest(null, Object(Config\Cache), false)
 7 SYSTEMPATH\Boot.php(325): CodeIgniter\CodeIgniter->run()
 8 SYSTEMPATH\Boot.php(67): CodeIgniter\Boot::runCodeIgniter(Object(CodeIgniter\CodeIgniter))
 9 FCPATH\index.php(56): CodeIgniter\Boot::bootWeb(Object(Config\Paths))
INFO - 2025-02-13 09:39:26 --> Session: Class initialized using 'CodeIgniter\Session\Handlers\FileHandler' driver.
WARNING - 2025-02-13 09:39:26 --> [DEPRECATED] Creation of dynamic property IonAuth\Models\IonAuthModel::$join is deprecated in FCPATH\vendor\benedmunds\codeigniter-ion-auth\Models\IonAuthModel.php on line 231.
 1 APPPATH\Libraries\IonAuth.php(71): IonAuth\Models\IonAuthModel->__construct()
 2 APPPATH\Filters\CheckPermissions.php(16): App\Libraries\IonAuth->__construct()
 3 SYSTEMPATH\Filters\Filters.php(197): App\Filters\CheckPermissions->__construct()
 4 SYSTEMPATH\Filters\Filters.php(184): CodeIgniter\Filters\Filters->runBefore([...])
 5 SYSTEMPATH\CodeIgniter.php(481): CodeIgniter\Filters\Filters->run('vendor/products/stock_alert', 'before')
 6 SYSTEMPATH\CodeIgniter.php(355): CodeIgniter\CodeIgniter->handleRequest(null, Object(Config\Cache), false)
 7 SYSTEMPATH\Boot.php(325): CodeIgniter\CodeIgniter->run()
 8 SYSTEMPATH\Boot.php(67): CodeIgniter\Boot::runCodeIgniter(Object(CodeIgniter\CodeIgniter))
 9 FCPATH\index.php(56): CodeIgniter\Boot::bootWeb(Object(Config\Paths))
WARNING - 2025-02-13 09:39:26 --> [DEPRECATED] Creation of dynamic property IonAuth\Models\IonAuthModel::$hashMethod is deprecated in FCPATH\vendor\benedmunds\codeigniter-ion-auth\Models\IonAuthModel.php on line 234.
 1 APPPATH\Libraries\IonAuth.php(71): IonAuth\Models\IonAuthModel->__construct()
 2 APPPATH\Filters\CheckPermissions.php(16): App\Libraries\IonAuth->__construct()
 3 SYSTEMPATH\Filters\Filters.php(197): App\Filters\CheckPermissions->__construct()
 4 SYSTEMPATH\Filters\Filters.php(184): CodeIgniter\Filters\Filters->runBefore([...])
 5 SYSTEMPATH\CodeIgniter.php(481): CodeIgniter\Filters\Filters->run('vendor/products/stock_alert', 'before')
 6 SYSTEMPATH\CodeIgniter.php(355): CodeIgniter\CodeIgniter->handleRequest(null, Object(Config\Cache), false)
 7 SYSTEMPATH\Boot.php(325): CodeIgniter\CodeIgniter->run()
 8 SYSTEMPATH\Boot.php(67): CodeIgniter\Boot::runCodeIgniter(Object(CodeIgniter\CodeIgniter))
 9 FCPATH\index.php(56): CodeIgniter\Boot::bootWeb(Object(Config\Paths))
WARNING - 2025-02-13 09:39:26 --> [DEPRECATED] Creation of dynamic property IonAuth\Models\IonAuthModel::$messagesTemplates is deprecated in FCPATH\vendor\benedmunds\codeigniter-ion-auth\Models\IonAuthModel.php on line 237.
 1 APPPATH\Libraries\IonAuth.php(71): IonAuth\Models\IonAuthModel->__construct()
 2 APPPATH\Filters\CheckPermissions.php(16): App\Libraries\IonAuth->__construct()
 3 SYSTEMPATH\Filters\Filters.php(197): App\Filters\CheckPermissions->__construct()
 4 SYSTEMPATH\Filters\Filters.php(184): CodeIgniter\Filters\Filters->runBefore([...])
 5 SYSTEMPATH\CodeIgniter.php(481): CodeIgniter\Filters\Filters->run('vendor/products/stock_alert', 'before')
 6 SYSTEMPATH\CodeIgniter.php(355): CodeIgniter\CodeIgniter->handleRequest(null, Object(Config\Cache), false)
 7 SYSTEMPATH\Boot.php(325): CodeIgniter\CodeIgniter->run()
 8 SYSTEMPATH\Boot.php(67): CodeIgniter\Boot::runCodeIgniter(Object(CodeIgniter\CodeIgniter))
 9 FCPATH\index.php(56): CodeIgniter\Boot::bootWeb(Object(Config\Paths))
WARNING - 2025-02-13 09:39:26 --> [DEPRECATED] Creation of dynamic property IonAuth\Models\IonAuthModel::$join is deprecated in FCPATH\vendor\benedmunds\codeigniter-ion-auth\Models\IonAuthModel.php on line 231.
 1 APPPATH\Libraries\IonAuth.php(71): IonAuth\Models\IonAuthModel->__construct()
 2 APPPATH\Controllers\vendor\Products.php(25): App\Libraries\IonAuth->__construct()
 3 SYSTEMPATH\CodeIgniter.php(903): App\Controllers\vendor\Products->__construct()
 4 SYSTEMPATH\CodeIgniter.php(500): CodeIgniter\CodeIgniter->createController()
 5 SYSTEMPATH\CodeIgniter.php(355): CodeIgniter\CodeIgniter->handleRequest(null, Object(Config\Cache), false)
 6 SYSTEMPATH\Boot.php(325): CodeIgniter\CodeIgniter->run()
 7 SYSTEMPATH\Boot.php(67): CodeIgniter\Boot::runCodeIgniter(Object(CodeIgniter\CodeIgniter))
 8 FCPATH\index.php(56): CodeIgniter\Boot::bootWeb(Object(Config\Paths))
WARNING - 2025-02-13 09:39:26 --> [DEPRECATED] Creation of dynamic property IonAuth\Models\IonAuthModel::$hashMethod is deprecated in FCPATH\vendor\benedmunds\codeigniter-ion-auth\Models\IonAuthModel.php on line 234.
 1 APPPATH\Libraries\IonAuth.php(71): IonAuth\Models\IonAuthModel->__construct()
 2 APPPATH\Controllers\vendor\Products.php(25): App\Libraries\IonAuth->__construct()
 3 SYSTEMPATH\CodeIgniter.php(903): App\Controllers\vendor\Products->__construct()
 4 SYSTEMPATH\CodeIgniter.php(500): CodeIgniter\CodeIgniter->createController()
 5 SYSTEMPATH\CodeIgniter.php(355): CodeIgniter\CodeIgniter->handleRequest(null, Object(Config\Cache), false)
 6 SYSTEMPATH\Boot.php(325): CodeIgniter\CodeIgniter->run()
 7 SYSTEMPATH\Boot.php(67): CodeIgniter\Boot::runCodeIgniter(Object(CodeIgniter\CodeIgniter))
 8 FCPATH\index.php(56): CodeIgniter\Boot::bootWeb(Object(Config\Paths))
WARNING - 2025-02-13 09:39:26 --> [DEPRECATED] Creation of dynamic property IonAuth\Models\IonAuthModel::$messagesTemplates is deprecated in FCPATH\vendor\benedmunds\codeigniter-ion-auth\Models\IonAuthModel.php on line 237.
 1 APPPATH\Libraries\IonAuth.php(71): IonAuth\Models\IonAuthModel->__construct()
 2 APPPATH\Controllers\vendor\Products.php(25): App\Libraries\IonAuth->__construct()
 3 SYSTEMPATH\CodeIgniter.php(903): App\Controllers\vendor\Products->__construct()
 4 SYSTEMPATH\CodeIgniter.php(500): CodeIgniter\CodeIgniter->createController()
 5 SYSTEMPATH\CodeIgniter.php(355): CodeIgniter\CodeIgniter->handleRequest(null, Object(Config\Cache), false)
 6 SYSTEMPATH\Boot.php(325): CodeIgniter\CodeIgniter->run()
 7 SYSTEMPATH\Boot.php(67): CodeIgniter\Boot::runCodeIgniter(Object(CodeIgniter\CodeIgniter))
 8 FCPATH\index.php(56): CodeIgniter\Boot::bootWeb(Object(Config\Paths))
WARNING - 2025-02-13 15:09:26 --> [DEPRECATED] Creation of dynamic property IonAuth\Models\IonAuthModel::$join is deprecated in FCPATH\vendor\benedmunds\codeigniter-ion-auth\Models\IonAuthModel.php on line 231.
 1 APPPATH\Libraries\IonAuth.php(71): IonAuth\Models\IonAuthModel->__construct()
 2 APPPATH\Filters\CheckPermissions.php(16): App\Libraries\IonAuth->__construct()
 3 SYSTEMPATH\Filters\Filters.php(235): App\Filters\CheckPermissions->__construct()
 4 SYSTEMPATH\Filters\Filters.php(188): CodeIgniter\Filters\Filters->runAfter([...])
 5 SYSTEMPATH\CodeIgniter.php(527): CodeIgniter\Filters\Filters->run('vendor/products/stock_alert', 'after')
 6 SYSTEMPATH\CodeIgniter.php(355): CodeIgniter\CodeIgniter->handleRequest(null, Object(Config\Cache), false)
 7 SYSTEMPATH\Boot.php(325): CodeIgniter\CodeIgniter->run()
 8 SYSTEMPATH\Boot.php(67): CodeIgniter\Boot::runCodeIgniter(Object(CodeIgniter\CodeIgniter))
 9 FCPATH\index.php(56): CodeIgniter\Boot::bootWeb(Object(Config\Paths))
WARNING - 2025-02-13 15:09:26 --> [DEPRECATED] Creation of dynamic property IonAuth\Models\IonAuthModel::$hashMethod is deprecated in FCPATH\vendor\benedmunds\codeigniter-ion-auth\Models\IonAuthModel.php on line 234.
 1 APPPATH\Libraries\IonAuth.php(71): IonAuth\Models\IonAuthModel->__construct()
 2 APPPATH\Filters\CheckPermissions.php(16): App\Libraries\IonAuth->__construct()
 3 SYSTEMPATH\Filters\Filters.php(235): App\Filters\CheckPermissions->__construct()
 4 SYSTEMPATH\Filters\Filters.php(188): CodeIgniter\Filters\Filters->runAfter([...])
 5 SYSTEMPATH\CodeIgniter.php(527): CodeIgniter\Filters\Filters->run('vendor/products/stock_alert', 'after')
 6 SYSTEMPATH\CodeIgniter.php(355): CodeIgniter\CodeIgniter->handleRequest(null, Object(Config\Cache), false)
 7 SYSTEMPATH\Boot.php(325): CodeIgniter\CodeIgniter->run()
 8 SYSTEMPATH\Boot.php(67): CodeIgniter\Boot::runCodeIgniter(Object(CodeIgniter\CodeIgniter))
 9 FCPATH\index.php(56): CodeIgniter\Boot::bootWeb(Object(Config\Paths))
WARNING - 2025-02-13 15:09:26 --> [DEPRECATED] Creation of dynamic property IonAuth\Models\IonAuthModel::$messagesTemplates is deprecated in FCPATH\vendor\benedmunds\codeigniter-ion-auth\Models\IonAuthModel.php on line 237.
 1 APPPATH\Libraries\IonAuth.php(71): IonAuth\Models\IonAuthModel->__construct()
 2 APPPATH\Filters\CheckPermissions.php(16): App\Libraries\IonAuth->__construct()
 3 SYSTEMPATH\Filters\Filters.php(235): App\Filters\CheckPermissions->__construct()
 4 SYSTEMPATH\Filters\Filters.php(188): CodeIgniter\Filters\Filters->runAfter([...])
 5 SYSTEMPATH\CodeIgniter.php(527): CodeIgniter\Filters\Filters->run('vendor/products/stock_alert', 'after')
 6 SYSTEMPATH\CodeIgniter.php(355): CodeIgniter\CodeIgniter->handleRequest(null, Object(Config\Cache), false)
 7 SYSTEMPATH\Boot.php(325): CodeIgniter\CodeIgniter->run()
 8 SYSTEMPATH\Boot.php(67): CodeIgniter\Boot::runCodeIgniter(Object(CodeIgniter\CodeIgniter))
 9 FCPATH\index.php(56): CodeIgniter\Boot::bootWeb(Object(Config\Paths))
INFO - 2025-02-13 09:39:28 --> Session: Class initialized using 'CodeIgniter\Session\Handlers\FileHandler' driver.
WARNING - 2025-02-13 09:39:28 --> [DEPRECATED] Creation of dynamic property IonAuth\Models\IonAuthModel::$join is deprecated in FCPATH\vendor\benedmunds\codeigniter-ion-auth\Models\IonAuthModel.php on line 231.
 1 APPPATH\Libraries\IonAuth.php(71): IonAuth\Models\IonAuthModel->__construct()
 2 APPPATH\Filters\CheckPermissions.php(16): App\Libraries\IonAuth->__construct()
 3 SYSTEMPATH\Filters\Filters.php(197): App\Filters\CheckPermissions->__construct()
 4 SYSTEMPATH\Filters\Filters.php(184): CodeIgniter\Filters\Filters->runBefore([...])
 5 SYSTEMPATH\CodeIgniter.php(481): CodeIgniter\Filters\Filters->run('vendor/brand/brand-table', 'before')
 6 SYSTEMPATH\CodeIgniter.php(355): CodeIgniter\CodeIgniter->handleRequest(null, Object(Config\Cache), false)
 7 SYSTEMPATH\Boot.php(325): CodeIgniter\CodeIgniter->run()
 8 SYSTEMPATH\Boot.php(67): CodeIgniter\Boot::runCodeIgniter(Object(CodeIgniter\CodeIgniter))
 9 FCPATH\index.php(56): CodeIgniter\Boot::bootWeb(Object(Config\Paths))
WARNING - 2025-02-13 09:39:28 --> [DEPRECATED] Creation of dynamic property IonAuth\Models\IonAuthModel::$hashMethod is deprecated in FCPATH\vendor\benedmunds\codeigniter-ion-auth\Models\IonAuthModel.php on line 234.
 1 APPPATH\Libraries\IonAuth.php(71): IonAuth\Models\IonAuthModel->__construct()
 2 APPPATH\Filters\CheckPermissions.php(16): App\Libraries\IonAuth->__construct()
 3 SYSTEMPATH\Filters\Filters.php(197): App\Filters\CheckPermissions->__construct()
 4 SYSTEMPATH\Filters\Filters.php(184): CodeIgniter\Filters\Filters->runBefore([...])
 5 SYSTEMPATH\CodeIgniter.php(481): CodeIgniter\Filters\Filters->run('vendor/brand/brand-table', 'before')
 6 SYSTEMPATH\CodeIgniter.php(355): CodeIgniter\CodeIgniter->handleRequest(null, Object(Config\Cache), false)
 7 SYSTEMPATH\Boot.php(325): CodeIgniter\CodeIgniter->run()
 8 SYSTEMPATH\Boot.php(67): CodeIgniter\Boot::runCodeIgniter(Object(CodeIgniter\CodeIgniter))
 9 FCPATH\index.php(56): CodeIgniter\Boot::bootWeb(Object(Config\Paths))
WARNING - 2025-02-13 09:39:28 --> [DEPRECATED] Creation of dynamic property IonAuth\Models\IonAuthModel::$messagesTemplates is deprecated in FCPATH\vendor\benedmunds\codeigniter-ion-auth\Models\IonAuthModel.php on line 237.
 1 APPPATH\Libraries\IonAuth.php(71): IonAuth\Models\IonAuthModel->__construct()
 2 APPPATH\Filters\CheckPermissions.php(16): App\Libraries\IonAuth->__construct()
 3 SYSTEMPATH\Filters\Filters.php(197): App\Filters\CheckPermissions->__construct()
 4 SYSTEMPATH\Filters\Filters.php(184): CodeIgniter\Filters\Filters->runBefore([...])
 5 SYSTEMPATH\CodeIgniter.php(481): CodeIgniter\Filters\Filters->run('vendor/brand/brand-table', 'before')
 6 SYSTEMPATH\CodeIgniter.php(355): CodeIgniter\CodeIgniter->handleRequest(null, Object(Config\Cache), false)
 7 SYSTEMPATH\Boot.php(325): CodeIgniter\CodeIgniter->run()
 8 SYSTEMPATH\Boot.php(67): CodeIgniter\Boot::runCodeIgniter(Object(CodeIgniter\CodeIgniter))
 9 FCPATH\index.php(56): CodeIgniter\Boot::bootWeb(Object(Config\Paths))
WARNING - 2025-02-13 09:39:28 --> [DEPRECATED] Creation of dynamic property IonAuth\Models\IonAuthModel::$join is deprecated in FCPATH\vendor\benedmunds\codeigniter-ion-auth\Models\IonAuthModel.php on line 231.
 1 APPPATH\Libraries\IonAuth.php(71): IonAuth\Models\IonAuthModel->__construct()
 2 APPPATH\Controllers\vendor\Brand.php(18): App\Libraries\IonAuth->__construct()
 3 SYSTEMPATH\CodeIgniter.php(903): App\Controllers\Vendor\Brand->__construct()
 4 SYSTEMPATH\CodeIgniter.php(500): CodeIgniter\CodeIgniter->createController()
 5 SYSTEMPATH\CodeIgniter.php(355): CodeIgniter\CodeIgniter->handleRequest(null, Object(Config\Cache), false)
 6 SYSTEMPATH\Boot.php(325): CodeIgniter\CodeIgniter->run()
 7 SYSTEMPATH\Boot.php(67): CodeIgniter\Boot::runCodeIgniter(Object(CodeIgniter\CodeIgniter))
 8 FCPATH\index.php(56): CodeIgniter\Boot::bootWeb(Object(Config\Paths))
WARNING - 2025-02-13 09:39:28 --> [DEPRECATED] Creation of dynamic property IonAuth\Models\IonAuthModel::$hashMethod is deprecated in FCPATH\vendor\benedmunds\codeigniter-ion-auth\Models\IonAuthModel.php on line 234.
 1 APPPATH\Libraries\IonAuth.php(71): IonAuth\Models\IonAuthModel->__construct()
 2 APPPATH\Controllers\vendor\Brand.php(18): App\Libraries\IonAuth->__construct()
 3 SYSTEMPATH\CodeIgniter.php(903): App\Controllers\Vendor\Brand->__construct()
 4 SYSTEMPATH\CodeIgniter.php(500): CodeIgniter\CodeIgniter->createController()
 5 SYSTEMPATH\CodeIgniter.php(355): CodeIgniter\CodeIgniter->handleRequest(null, Object(Config\Cache), false)
 6 SYSTEMPATH\Boot.php(325): CodeIgniter\CodeIgniter->run()
 7 SYSTEMPATH\Boot.php(67): CodeIgniter\Boot::runCodeIgniter(Object(CodeIgniter\CodeIgniter))
 8 FCPATH\index.php(56): CodeIgniter\Boot::bootWeb(Object(Config\Paths))
WARNING - 2025-02-13 09:39:28 --> [DEPRECATED] Creation of dynamic property IonAuth\Models\IonAuthModel::$messagesTemplates is deprecated in FCPATH\vendor\benedmunds\codeigniter-ion-auth\Models\IonAuthModel.php on line 237.
 1 APPPATH\Libraries\IonAuth.php(71): IonAuth\Models\IonAuthModel->__construct()
 2 APPPATH\Controllers\vendor\Brand.php(18): App\Libraries\IonAuth->__construct()
 3 SYSTEMPATH\CodeIgniter.php(903): App\Controllers\Vendor\Brand->__construct()
 4 SYSTEMPATH\CodeIgniter.php(500): CodeIgniter\CodeIgniter->createController()
 5 SYSTEMPATH\CodeIgniter.php(355): CodeIgniter\CodeIgniter->handleRequest(null, Object(Config\Cache), false)
 6 SYSTEMPATH\Boot.php(325): CodeIgniter\CodeIgniter->run()
 7 SYSTEMPATH\Boot.php(67): CodeIgniter\Boot::runCodeIgniter(Object(CodeIgniter\CodeIgniter))
 8 FCPATH\index.php(56): CodeIgniter\Boot::bootWeb(Object(Config\Paths))
WARNING - 2025-02-13 15:09:28 --> [DEPRECATED] Creation of dynamic property IonAuth\Models\IonAuthModel::$join is deprecated in FCPATH\vendor\benedmunds\codeigniter-ion-auth\Models\IonAuthModel.php on line 231.
 1 APPPATH\Libraries\IonAuth.php(71): IonAuth\Models\IonAuthModel->__construct()
 2 APPPATH\Filters\CheckPermissions.php(16): App\Libraries\IonAuth->__construct()
 3 SYSTEMPATH\Filters\Filters.php(235): App\Filters\CheckPermissions->__construct()
 4 SYSTEMPATH\Filters\Filters.php(188): CodeIgniter\Filters\Filters->runAfter([...])
 5 SYSTEMPATH\CodeIgniter.php(527): CodeIgniter\Filters\Filters->run('vendor/brand/brand-table', 'after')
 6 SYSTEMPATH\CodeIgniter.php(355): CodeIgniter\CodeIgniter->handleRequest(null, Object(Config\Cache), false)
 7 SYSTEMPATH\Boot.php(325): CodeIgniter\CodeIgniter->run()
 8 SYSTEMPATH\Boot.php(67): CodeIgniter\Boot::runCodeIgniter(Object(CodeIgniter\CodeIgniter))
 9 FCPATH\index.php(56): CodeIgniter\Boot::bootWeb(Object(Config\Paths))
WARNING - 2025-02-13 15:09:28 --> [DEPRECATED] Creation of dynamic property IonAuth\Models\IonAuthModel::$hashMethod is deprecated in FCPATH\vendor\benedmunds\codeigniter-ion-auth\Models\IonAuthModel.php on line 234.
 1 APPPATH\Libraries\IonAuth.php(71): IonAuth\Models\IonAuthModel->__construct()
 2 APPPATH\Filters\CheckPermissions.php(16): App\Libraries\IonAuth->__construct()
 3 SYSTEMPATH\Filters\Filters.php(235): App\Filters\CheckPermissions->__construct()
 4 SYSTEMPATH\Filters\Filters.php(188): CodeIgniter\Filters\Filters->runAfter([...])
 5 SYSTEMPATH\CodeIgniter.php(527): CodeIgniter\Filters\Filters->run('vendor/brand/brand-table', 'after')
 6 SYSTEMPATH\CodeIgniter.php(355): CodeIgniter\CodeIgniter->handleRequest(null, Object(Config\Cache), false)
 7 SYSTEMPATH\Boot.php(325): CodeIgniter\CodeIgniter->run()
 8 SYSTEMPATH\Boot.php(67): CodeIgniter\Boot::runCodeIgniter(Object(CodeIgniter\CodeIgniter))
 9 FCPATH\index.php(56): CodeIgniter\Boot::bootWeb(Object(Config\Paths))
WARNING - 2025-02-13 15:09:28 --> [DEPRECATED] Creation of dynamic property IonAuth\Models\IonAuthModel::$messagesTemplates is deprecated in FCPATH\vendor\benedmunds\codeigniter-ion-auth\Models\IonAuthModel.php on line 237.
 1 APPPATH\Libraries\IonAuth.php(71): IonAuth\Models\IonAuthModel->__construct()
 2 APPPATH\Filters\CheckPermissions.php(16): App\Libraries\IonAuth->__construct()
 3 SYSTEMPATH\Filters\Filters.php(235): App\Filters\CheckPermissions->__construct()
 4 SYSTEMPATH\Filters\Filters.php(188): CodeIgniter\Filters\Filters->runAfter([...])
 5 SYSTEMPATH\CodeIgniter.php(527): CodeIgniter\Filters\Filters->run('vendor/brand/brand-table', 'after')
 6 SYSTEMPATH\CodeIgniter.php(355): CodeIgniter\CodeIgniter->handleRequest(null, Object(Config\Cache), false)
 7 SYSTEMPATH\Boot.php(325): CodeIgniter\CodeIgniter->run()
 8 SYSTEMPATH\Boot.php(67): CodeIgniter\Boot::runCodeIgniter(Object(CodeIgniter\CodeIgniter))
 9 FCPATH\index.php(56): CodeIgniter\Boot::bootWeb(Object(Config\Paths))
INFO - 2025-02-13 09:39:28 --> Session: Class initialized using 'CodeIgniter\Session\Handlers\FileHandler' driver.
WARNING - 2025-02-13 09:39:28 --> [DEPRECATED] Creation of dynamic property IonAuth\Models\IonAuthModel::$join is deprecated in FCPATH\vendor\benedmunds\codeigniter-ion-auth\Models\IonAuthModel.php on line 231.
 1 APPPATH\Libraries\IonAuth.php(71): IonAuth\Models\IonAuthModel->__construct()
 2 APPPATH\Filters\CheckPermissions.php(16): App\Libraries\IonAuth->__construct()
 3 SYSTEMPATH\Filters\Filters.php(197): App\Filters\CheckPermissions->__construct()
 4 SYSTEMPATH\Filters\Filters.php(184): CodeIgniter\Filters\Filters->runBefore([...])
 5 SYSTEMPATH\CodeIgniter.php(481): CodeIgniter\Filters\Filters->run('vendor/products/stock_alert', 'before')
 6 SYSTEMPATH\CodeIgniter.php(355): CodeIgniter\CodeIgniter->handleRequest(null, Object(Config\Cache), false)
 7 SYSTEMPATH\Boot.php(325): CodeIgniter\CodeIgniter->run()
 8 SYSTEMPATH\Boot.php(67): CodeIgniter\Boot::runCodeIgniter(Object(CodeIgniter\CodeIgniter))
 9 FCPATH\index.php(56): CodeIgniter\Boot::bootWeb(Object(Config\Paths))
WARNING - 2025-02-13 09:39:28 --> [DEPRECATED] Creation of dynamic property IonAuth\Models\IonAuthModel::$hashMethod is deprecated in FCPATH\vendor\benedmunds\codeigniter-ion-auth\Models\IonAuthModel.php on line 234.
 1 APPPATH\Libraries\IonAuth.php(71): IonAuth\Models\IonAuthModel->__construct()
 2 APPPATH\Filters\CheckPermissions.php(16): App\Libraries\IonAuth->__construct()
 3 SYSTEMPATH\Filters\Filters.php(197): App\Filters\CheckPermissions->__construct()
 4 SYSTEMPATH\Filters\Filters.php(184): CodeIgniter\Filters\Filters->runBefore([...])
 5 SYSTEMPATH\CodeIgniter.php(481): CodeIgniter\Filters\Filters->run('vendor/products/stock_alert', 'before')
 6 SYSTEMPATH\CodeIgniter.php(355): CodeIgniter\CodeIgniter->handleRequest(null, Object(Config\Cache), false)
 7 SYSTEMPATH\Boot.php(325): CodeIgniter\CodeIgniter->run()
 8 SYSTEMPATH\Boot.php(67): CodeIgniter\Boot::runCodeIgniter(Object(CodeIgniter\CodeIgniter))
 9 FCPATH\index.php(56): CodeIgniter\Boot::bootWeb(Object(Config\Paths))
WARNING - 2025-02-13 09:39:28 --> [DEPRECATED] Creation of dynamic property IonAuth\Models\IonAuthModel::$messagesTemplates is deprecated in FCPATH\vendor\benedmunds\codeigniter-ion-auth\Models\IonAuthModel.php on line 237.
 1 APPPATH\Libraries\IonAuth.php(71): IonAuth\Models\IonAuthModel->__construct()
 2 APPPATH\Filters\CheckPermissions.php(16): App\Libraries\IonAuth->__construct()
 3 SYSTEMPATH\Filters\Filters.php(197): App\Filters\CheckPermissions->__construct()
 4 SYSTEMPATH\Filters\Filters.php(184): CodeIgniter\Filters\Filters->runBefore([...])
 5 SYSTEMPATH\CodeIgniter.php(481): CodeIgniter\Filters\Filters->run('vendor/products/stock_alert', 'before')
 6 SYSTEMPATH\CodeIgniter.php(355): CodeIgniter\CodeIgniter->handleRequest(null, Object(Config\Cache), false)
 7 SYSTEMPATH\Boot.php(325): CodeIgniter\CodeIgniter->run()
 8 SYSTEMPATH\Boot.php(67): CodeIgniter\Boot::runCodeIgniter(Object(CodeIgniter\CodeIgniter))
 9 FCPATH\index.php(56): CodeIgniter\Boot::bootWeb(Object(Config\Paths))
WARNING - 2025-02-13 09:39:28 --> [DEPRECATED] Creation of dynamic property IonAuth\Models\IonAuthModel::$join is deprecated in FCPATH\vendor\benedmunds\codeigniter-ion-auth\Models\IonAuthModel.php on line 231.
 1 APPPATH\Libraries\IonAuth.php(71): IonAuth\Models\IonAuthModel->__construct()
 2 APPPATH\Controllers\vendor\Products.php(25): App\Libraries\IonAuth->__construct()
 3 SYSTEMPATH\CodeIgniter.php(903): App\Controllers\vendor\Products->__construct()
 4 SYSTEMPATH\CodeIgniter.php(500): CodeIgniter\CodeIgniter->createController()
 5 SYSTEMPATH\CodeIgniter.php(355): CodeIgniter\CodeIgniter->handleRequest(null, Object(Config\Cache), false)
 6 SYSTEMPATH\Boot.php(325): CodeIgniter\CodeIgniter->run()
 7 SYSTEMPATH\Boot.php(67): CodeIgniter\Boot::runCodeIgniter(Object(CodeIgniter\CodeIgniter))
 8 FCPATH\index.php(56): CodeIgniter\Boot::bootWeb(Object(Config\Paths))
WARNING - 2025-02-13 09:39:28 --> [DEPRECATED] Creation of dynamic property IonAuth\Models\IonAuthModel::$hashMethod is deprecated in FCPATH\vendor\benedmunds\codeigniter-ion-auth\Models\IonAuthModel.php on line 234.
 1 APPPATH\Libraries\IonAuth.php(71): IonAuth\Models\IonAuthModel->__construct()
 2 APPPATH\Controllers\vendor\Products.php(25): App\Libraries\IonAuth->__construct()
 3 SYSTEMPATH\CodeIgniter.php(903): App\Controllers\vendor\Products->__construct()
 4 SYSTEMPATH\CodeIgniter.php(500): CodeIgniter\CodeIgniter->createController()
 5 SYSTEMPATH\CodeIgniter.php(355): CodeIgniter\CodeIgniter->handleRequest(null, Object(Config\Cache), false)
 6 SYSTEMPATH\Boot.php(325): CodeIgniter\CodeIgniter->run()
 7 SYSTEMPATH\Boot.php(67): CodeIgniter\Boot::runCodeIgniter(Object(CodeIgniter\CodeIgniter))
 8 FCPATH\index.php(56): CodeIgniter\Boot::bootWeb(Object(Config\Paths))
WARNING - 2025-02-13 09:39:28 --> [DEPRECATED] Creation of dynamic property IonAuth\Models\IonAuthModel::$messagesTemplates is deprecated in FCPATH\vendor\benedmunds\codeigniter-ion-auth\Models\IonAuthModel.php on line 237.
 1 APPPATH\Libraries\IonAuth.php(71): IonAuth\Models\IonAuthModel->__construct()
 2 APPPATH\Controllers\vendor\Products.php(25): App\Libraries\IonAuth->__construct()
 3 SYSTEMPATH\CodeIgniter.php(903): App\Controllers\vendor\Products->__construct()
 4 SYSTEMPATH\CodeIgniter.php(500): CodeIgniter\CodeIgniter->createController()
 5 SYSTEMPATH\CodeIgniter.php(355): CodeIgniter\CodeIgniter->handleRequest(null, Object(Config\Cache), false)
 6 SYSTEMPATH\Boot.php(325): CodeIgniter\CodeIgniter->run()
 7 SYSTEMPATH\Boot.php(67): CodeIgniter\Boot::runCodeIgniter(Object(CodeIgniter\CodeIgniter))
 8 FCPATH\index.php(56): CodeIgniter\Boot::bootWeb(Object(Config\Paths))
WARNING - 2025-02-13 15:09:28 --> [DEPRECATED] Creation of dynamic property IonAuth\Models\IonAuthModel::$join is deprecated in FCPATH\vendor\benedmunds\codeigniter-ion-auth\Models\IonAuthModel.php on line 231.
 1 APPPATH\Libraries\IonAuth.php(71): IonAuth\Models\IonAuthModel->__construct()
 2 APPPATH\Filters\CheckPermissions.php(16): App\Libraries\IonAuth->__construct()
 3 SYSTEMPATH\Filters\Filters.php(235): App\Filters\CheckPermissions->__construct()
 4 SYSTEMPATH\Filters\Filters.php(188): CodeIgniter\Filters\Filters->runAfter([...])
 5 SYSTEMPATH\CodeIgniter.php(527): CodeIgniter\Filters\Filters->run('vendor/products/stock_alert', 'after')
 6 SYSTEMPATH\CodeIgniter.php(355): CodeIgniter\CodeIgniter->handleRequest(null, Object(Config\Cache), false)
 7 SYSTEMPATH\Boot.php(325): CodeIgniter\CodeIgniter->run()
 8 SYSTEMPATH\Boot.php(67): CodeIgniter\Boot::runCodeIgniter(Object(CodeIgniter\CodeIgniter))
 9 FCPATH\index.php(56): CodeIgniter\Boot::bootWeb(Object(Config\Paths))
WARNING - 2025-02-13 15:09:28 --> [DEPRECATED] Creation of dynamic property IonAuth\Models\IonAuthModel::$hashMethod is deprecated in FCPATH\vendor\benedmunds\codeigniter-ion-auth\Models\IonAuthModel.php on line 234.
 1 APPPATH\Libraries\IonAuth.php(71): IonAuth\Models\IonAuthModel->__construct()
 2 APPPATH\Filters\CheckPermissions.php(16): App\Libraries\IonAuth->__construct()
 3 SYSTEMPATH\Filters\Filters.php(235): App\Filters\CheckPermissions->__construct()
 4 SYSTEMPATH\Filters\Filters.php(188): CodeIgniter\Filters\Filters->runAfter([...])
 5 SYSTEMPATH\CodeIgniter.php(527): CodeIgniter\Filters\Filters->run('vendor/products/stock_alert', 'after')
 6 SYSTEMPATH\CodeIgniter.php(355): CodeIgniter\CodeIgniter->handleRequest(null, Object(Config\Cache), false)
 7 SYSTEMPATH\Boot.php(325): CodeIgniter\CodeIgniter->run()
 8 SYSTEMPATH\Boot.php(67): CodeIgniter\Boot::runCodeIgniter(Object(CodeIgniter\CodeIgniter))
 9 FCPATH\index.php(56): CodeIgniter\Boot::bootWeb(Object(Config\Paths))
WARNING - 2025-02-13 15:09:28 --> [DEPRECATED] Creation of dynamic property IonAuth\Models\IonAuthModel::$messagesTemplates is deprecated in FCPATH\vendor\benedmunds\codeigniter-ion-auth\Models\IonAuthModel.php on line 237.
 1 APPPATH\Libraries\IonAuth.php(71): IonAuth\Models\IonAuthModel->__construct()
 2 APPPATH\Filters\CheckPermissions.php(16): App\Libraries\IonAuth->__construct()
 3 SYSTEMPATH\Filters\Filters.php(235): App\Filters\CheckPermissions->__construct()
 4 SYSTEMPATH\Filters\Filters.php(188): CodeIgniter\Filters\Filters->runAfter([...])
 5 SYSTEMPATH\CodeIgniter.php(527): CodeIgniter\Filters\Filters->run('vendor/products/stock_alert', 'after')
 6 SYSTEMPATH\CodeIgniter.php(355): CodeIgniter\CodeIgniter->handleRequest(null, Object(Config\Cache), false)
 7 SYSTEMPATH\Boot.php(325): CodeIgniter\CodeIgniter->run()
 8 SYSTEMPATH\Boot.php(67): CodeIgniter\Boot::runCodeIgniter(Object(CodeIgniter\CodeIgniter))
 9 FCPATH\index.php(56): CodeIgniter\Boot::bootWeb(Object(Config\Paths))
INFO - 2025-02-13 09:40:00 --> Session: Class initialized using 'CodeIgniter\Session\Handlers\FileHandler' driver.
WARNING - 2025-02-13 09:40:00 --> [DEPRECATED] Creation of dynamic property IonAuth\Models\IonAuthModel::$join is deprecated in FCPATH\vendor\benedmunds\codeigniter-ion-auth\Models\IonAuthModel.php on line 231.
 1 APPPATH\Libraries\IonAuth.php(71): IonAuth\Models\IonAuthModel->__construct()
 2 APPPATH\Controllers\Home.php(12): App\Libraries\IonAuth->__construct()
 3 SYSTEMPATH\CodeIgniter.php(903): App\Controllers\Home->__construct()
 4 SYSTEMPATH\CodeIgniter.php(500): CodeIgniter\CodeIgniter->createController()
 5 SYSTEMPATH\CodeIgniter.php(355): CodeIgniter\CodeIgniter->handleRequest(null, Object(Config\Cache), false)
 6 SYSTEMPATH\Boot.php(325): CodeIgniter\CodeIgniter->run()
 7 SYSTEMPATH\Boot.php(67): CodeIgniter\Boot::runCodeIgniter(Object(CodeIgniter\CodeIgniter))
 8 FCPATH\index.php(56): CodeIgniter\Boot::bootWeb(Object(Config\Paths))
WARNING - 2025-02-13 09:40:00 --> [DEPRECATED] Creation of dynamic property IonAuth\Models\IonAuthModel::$hashMethod is deprecated in FCPATH\vendor\benedmunds\codeigniter-ion-auth\Models\IonAuthModel.php on line 234.
 1 APPPATH\Libraries\IonAuth.php(71): IonAuth\Models\IonAuthModel->__construct()
 2 APPPATH\Controllers\Home.php(12): App\Libraries\IonAuth->__construct()
 3 SYSTEMPATH\CodeIgniter.php(903): App\Controllers\Home->__construct()
 4 SYSTEMPATH\CodeIgniter.php(500): CodeIgniter\CodeIgniter->createController()
 5 SYSTEMPATH\CodeIgniter.php(355): CodeIgniter\CodeIgniter->handleRequest(null, Object(Config\Cache), false)
 6 SYSTEMPATH\Boot.php(325): CodeIgniter\CodeIgniter->run()
 7 SYSTEMPATH\Boot.php(67): CodeIgniter\Boot::runCodeIgniter(Object(CodeIgniter\CodeIgniter))
 8 FCPATH\index.php(56): CodeIgniter\Boot::bootWeb(Object(Config\Paths))
WARNING - 2025-02-13 09:40:00 --> [DEPRECATED] Creation of dynamic property IonAuth\Models\IonAuthModel::$messagesTemplates is deprecated in FCPATH\vendor\benedmunds\codeigniter-ion-auth\Models\IonAuthModel.php on line 237.
 1 APPPATH\Libraries\IonAuth.php(71): IonAuth\Models\IonAuthModel->__construct()
 2 APPPATH\Controllers\Home.php(12): App\Libraries\IonAuth->__construct()
 3 SYSTEMPATH\CodeIgniter.php(903): App\Controllers\Home->__construct()
 4 SYSTEMPATH\CodeIgniter.php(500): CodeIgniter\CodeIgniter->createController()
 5 SYSTEMPATH\CodeIgniter.php(355): CodeIgniter\CodeIgniter->handleRequest(null, Object(Config\Cache), false)
 6 SYSTEMPATH\Boot.php(325): CodeIgniter\CodeIgniter->run()
 7 SYSTEMPATH\Boot.php(67): CodeIgniter\Boot::runCodeIgniter(Object(CodeIgniter\CodeIgniter))
 8 FCPATH\index.php(56): CodeIgniter\Boot::bootWeb(Object(Config\Paths))
INFO - 2025-02-13 09:40:08 --> Session: Class initialized using 'CodeIgniter\Session\Handlers\FileHandler' driver.
WARNING - 2025-02-13 09:40:08 --> [DEPRECATED] Creation of dynamic property IonAuth\Libraries\IonAuth::$session is deprecated in FCPATH\vendor\benedmunds\codeigniter-ion-auth\Libraries\IonAuth.php on line 65.
 1 APPPATH\Controllers\Login.php(13): IonAuth\Libraries\IonAuth->__construct()
 2 SYSTEMPATH\CodeIgniter.php(903): App\Controllers\Login->__construct()
 3 SYSTEMPATH\CodeIgniter.php(500): CodeIgniter\CodeIgniter->createController()
 4 SYSTEMPATH\CodeIgniter.php(355): CodeIgniter\CodeIgniter->handleRequest(null, Object(Config\Cache), false)
 5 SYSTEMPATH\Boot.php(325): CodeIgniter\CodeIgniter->run()
 6 SYSTEMPATH\Boot.php(67): CodeIgniter\Boot::runCodeIgniter(Object(CodeIgniter\CodeIgniter))
 7 FCPATH\index.php(56): CodeIgniter\Boot::bootWeb(Object(Config\Paths))
WARNING - 2025-02-13 09:40:08 --> [DEPRECATED] Creation of dynamic property IonAuth\Models\IonAuthModel::$join is deprecated in FCPATH\vendor\benedmunds\codeigniter-ion-auth\Models\IonAuthModel.php on line 231.
 1 FCPATH\vendor\benedmunds\codeigniter-ion-auth\Libraries\IonAuth.php(67): IonAuth\Models\IonAuthModel->__construct()
 2 APPPATH\Controllers\Login.php(13): IonAuth\Libraries\IonAuth->__construct()
 3 SYSTEMPATH\CodeIgniter.php(903): App\Controllers\Login->__construct()
 4 SYSTEMPATH\CodeIgniter.php(500): CodeIgniter\CodeIgniter->createController()
 5 SYSTEMPATH\CodeIgniter.php(355): CodeIgniter\CodeIgniter->handleRequest(null, Object(Config\Cache), false)
 6 SYSTEMPATH\Boot.php(325): CodeIgniter\CodeIgniter->run()
 7 SYSTEMPATH\Boot.php(67): CodeIgniter\Boot::runCodeIgniter(Object(CodeIgniter\CodeIgniter))
 8 FCPATH\index.php(56): CodeIgniter\Boot::bootWeb(Object(Config\Paths))
WARNING - 2025-02-13 09:40:08 --> [DEPRECATED] Creation of dynamic property IonAuth\Models\IonAuthModel::$hashMethod is deprecated in FCPATH\vendor\benedmunds\codeigniter-ion-auth\Models\IonAuthModel.php on line 234.
 1 FCPATH\vendor\benedmunds\codeigniter-ion-auth\Libraries\IonAuth.php(67): IonAuth\Models\IonAuthModel->__construct()
 2 APPPATH\Controllers\Login.php(13): IonAuth\Libraries\IonAuth->__construct()
 3 SYSTEMPATH\CodeIgniter.php(903): App\Controllers\Login->__construct()
 4 SYSTEMPATH\CodeIgniter.php(500): CodeIgniter\CodeIgniter->createController()
 5 SYSTEMPATH\CodeIgniter.php(355): CodeIgniter\CodeIgniter->handleRequest(null, Object(Config\Cache), false)
 6 SYSTEMPATH\Boot.php(325): CodeIgniter\CodeIgniter->run()
 7 SYSTEMPATH\Boot.php(67): CodeIgniter\Boot::runCodeIgniter(Object(CodeIgniter\CodeIgniter))
 8 FCPATH\index.php(56): CodeIgniter\Boot::bootWeb(Object(Config\Paths))
WARNING - 2025-02-13 09:40:08 --> [DEPRECATED] Creation of dynamic property IonAuth\Models\IonAuthModel::$messagesTemplates is deprecated in FCPATH\vendor\benedmunds\codeigniter-ion-auth\Models\IonAuthModel.php on line 237.
 1 FCPATH\vendor\benedmunds\codeigniter-ion-auth\Libraries\IonAuth.php(67): IonAuth\Models\IonAuthModel->__construct()
 2 APPPATH\Controllers\Login.php(13): IonAuth\Libraries\IonAuth->__construct()
 3 SYSTEMPATH\CodeIgniter.php(903): App\Controllers\Login->__construct()
 4 SYSTEMPATH\CodeIgniter.php(500): CodeIgniter\CodeIgniter->createController()
 5 SYSTEMPATH\CodeIgniter.php(355): CodeIgniter\CodeIgniter->handleRequest(null, Object(Config\Cache), false)
 6 SYSTEMPATH\Boot.php(325): CodeIgniter\CodeIgniter->run()
 7 SYSTEMPATH\Boot.php(67): CodeIgniter\Boot::runCodeIgniter(Object(CodeIgniter\CodeIgniter))
 8 FCPATH\index.php(56): CodeIgniter\Boot::bootWeb(Object(Config\Paths))
INFO - 2025-02-13 09:40:16 --> Session: Class initialized using 'CodeIgniter\Session\Handlers\FileHandler' driver.
WARNING - 2025-02-13 09:40:16 --> [DEPRECATED] Creation of dynamic property IonAuth\Models\IonAuthModel::$join is deprecated in FCPATH\vendor\benedmunds\codeigniter-ion-auth\Models\IonAuthModel.php on line 231.
 1 APPPATH\Libraries\IonAuth.php(71): IonAuth\Models\IonAuthModel->__construct()
 2 APPPATH\Controllers\Auth.php(77): App\Libraries\IonAuth->__construct()
 3 SYSTEMPATH\CodeIgniter.php(903): App\Controllers\Auth->__construct()
 4 SYSTEMPATH\CodeIgniter.php(500): CodeIgniter\CodeIgniter->createController()
 5 SYSTEMPATH\CodeIgniter.php(355): CodeIgniter\CodeIgniter->handleRequest(null, Object(Config\Cache), false)
 6 SYSTEMPATH\Boot.php(325): CodeIgniter\CodeIgniter->run()
 7 SYSTEMPATH\Boot.php(67): CodeIgniter\Boot::runCodeIgniter(Object(CodeIgniter\CodeIgniter))
 8 FCPATH\index.php(56): CodeIgniter\Boot::bootWeb(Object(Config\Paths))
WARNING - 2025-02-13 09:40:16 --> [DEPRECATED] Creation of dynamic property IonAuth\Models\IonAuthModel::$hashMethod is deprecated in FCPATH\vendor\benedmunds\codeigniter-ion-auth\Models\IonAuthModel.php on line 234.
 1 APPPATH\Libraries\IonAuth.php(71): IonAuth\Models\IonAuthModel->__construct()
 2 APPPATH\Controllers\Auth.php(77): App\Libraries\IonAuth->__construct()
 3 SYSTEMPATH\CodeIgniter.php(903): App\Controllers\Auth->__construct()
 4 SYSTEMPATH\CodeIgniter.php(500): CodeIgniter\CodeIgniter->createController()
 5 SYSTEMPATH\CodeIgniter.php(355): CodeIgniter\CodeIgniter->handleRequest(null, Object(Config\Cache), false)
 6 SYSTEMPATH\Boot.php(325): CodeIgniter\CodeIgniter->run()
 7 SYSTEMPATH\Boot.php(67): CodeIgniter\Boot::runCodeIgniter(Object(CodeIgniter\CodeIgniter))
 8 FCPATH\index.php(56): CodeIgniter\Boot::bootWeb(Object(Config\Paths))
WARNING - 2025-02-13 09:40:16 --> [DEPRECATED] Creation of dynamic property IonAuth\Models\IonAuthModel::$messagesTemplates is deprecated in FCPATH\vendor\benedmunds\codeigniter-ion-auth\Models\IonAuthModel.php on line 237.
 1 APPPATH\Libraries\IonAuth.php(71): IonAuth\Models\IonAuthModel->__construct()
 2 APPPATH\Controllers\Auth.php(77): App\Libraries\IonAuth->__construct()
 3 SYSTEMPATH\CodeIgniter.php(903): App\Controllers\Auth->__construct()
 4 SYSTEMPATH\CodeIgniter.php(500): CodeIgniter\CodeIgniter->createController()
 5 SYSTEMPATH\CodeIgniter.php(355): CodeIgniter\CodeIgniter->handleRequest(null, Object(Config\Cache), false)
 6 SYSTEMPATH\Boot.php(325): CodeIgniter\CodeIgniter->run()
 7 SYSTEMPATH\Boot.php(67): CodeIgniter\Boot::runCodeIgniter(Object(CodeIgniter\CodeIgniter))
 8 FCPATH\index.php(56): CodeIgniter\Boot::bootWeb(Object(Config\Paths))
INFO - 2025-02-13 09:40:24 --> Session: Class initialized using 'CodeIgniter\Session\Handlers\FileHandler' driver.
WARNING - 2025-02-13 09:40:24 --> [DEPRECATED] Creation of dynamic property IonAuth\Models\IonAuthModel::$join is deprecated in FCPATH\vendor\benedmunds\codeigniter-ion-auth\Models\IonAuthModel.php on line 231.
 1 APPPATH\Libraries\IonAuth.php(71): IonAuth\Models\IonAuthModel->__construct()
 2 APPPATH\Controllers\Auth.php(77): App\Libraries\IonAuth->__construct()
 3 SYSTEMPATH\CodeIgniter.php(903): App\Controllers\Auth->__construct()
 4 SYSTEMPATH\CodeIgniter.php(500): CodeIgniter\CodeIgniter->createController()
 5 SYSTEMPATH\CodeIgniter.php(355): CodeIgniter\CodeIgniter->handleRequest(null, Object(Config\Cache), false)
 6 SYSTEMPATH\Boot.php(325): CodeIgniter\CodeIgniter->run()
 7 SYSTEMPATH\Boot.php(67): CodeIgniter\Boot::runCodeIgniter(Object(CodeIgniter\CodeIgniter))
 8 FCPATH\index.php(56): CodeIgniter\Boot::bootWeb(Object(Config\Paths))
WARNING - 2025-02-13 09:40:24 --> [DEPRECATED] Creation of dynamic property IonAuth\Models\IonAuthModel::$hashMethod is deprecated in FCPATH\vendor\benedmunds\codeigniter-ion-auth\Models\IonAuthModel.php on line 234.
 1 APPPATH\Libraries\IonAuth.php(71): IonAuth\Models\IonAuthModel->__construct()
 2 APPPATH\Controllers\Auth.php(77): App\Libraries\IonAuth->__construct()
 3 SYSTEMPATH\CodeIgniter.php(903): App\Controllers\Auth->__construct()
 4 SYSTEMPATH\CodeIgniter.php(500): CodeIgniter\CodeIgniter->createController()
 5 SYSTEMPATH\CodeIgniter.php(355): CodeIgniter\CodeIgniter->handleRequest(null, Object(Config\Cache), false)
 6 SYSTEMPATH\Boot.php(325): CodeIgniter\CodeIgniter->run()
 7 SYSTEMPATH\Boot.php(67): CodeIgniter\Boot::runCodeIgniter(Object(CodeIgniter\CodeIgniter))
 8 FCPATH\index.php(56): CodeIgniter\Boot::bootWeb(Object(Config\Paths))
WARNING - 2025-02-13 09:40:24 --> [DEPRECATED] Creation of dynamic property IonAuth\Models\IonAuthModel::$messagesTemplates is deprecated in FCPATH\vendor\benedmunds\codeigniter-ion-auth\Models\IonAuthModel.php on line 237.
 1 APPPATH\Libraries\IonAuth.php(71): IonAuth\Models\IonAuthModel->__construct()
 2 APPPATH\Controllers\Auth.php(77): App\Libraries\IonAuth->__construct()
 3 SYSTEMPATH\CodeIgniter.php(903): App\Controllers\Auth->__construct()
 4 SYSTEMPATH\CodeIgniter.php(500): CodeIgniter\CodeIgniter->createController()
 5 SYSTEMPATH\CodeIgniter.php(355): CodeIgniter\CodeIgniter->handleRequest(null, Object(Config\Cache), false)
 6 SYSTEMPATH\Boot.php(325): CodeIgniter\CodeIgniter->run()
 7 SYSTEMPATH\Boot.php(67): CodeIgniter\Boot::runCodeIgniter(Object(CodeIgniter\CodeIgniter))
 8 FCPATH\index.php(56): CodeIgniter\Boot::bootWeb(Object(Config\Paths))
INFO - 2025-02-13 09:40:25 --> Session: Class initialized using 'CodeIgniter\Session\Handlers\FileHandler' driver.
WARNING - 2025-02-13 09:40:25 --> [DEPRECATED] Creation of dynamic property IonAuth\Models\IonAuthModel::$join is deprecated in FCPATH\vendor\benedmunds\codeigniter-ion-auth\Models\IonAuthModel.php on line 231.
 1 APPPATH\Libraries\IonAuth.php(71): IonAuth\Models\IonAuthModel->__construct()
 2 APPPATH\Controllers\vendor\Home.php(17): App\Libraries\IonAuth->__construct()
 3 SYSTEMPATH\CodeIgniter.php(903): App\Controllers\vendor\Home->__construct()
 4 SYSTEMPATH\CodeIgniter.php(500): CodeIgniter\CodeIgniter->createController()
 5 SYSTEMPATH\CodeIgniter.php(355): CodeIgniter\CodeIgniter->handleRequest(null, Object(Config\Cache), false)
 6 SYSTEMPATH\Boot.php(325): CodeIgniter\CodeIgniter->run()
 7 SYSTEMPATH\Boot.php(67): CodeIgniter\Boot::runCodeIgniter(Object(CodeIgniter\CodeIgniter))
 8 FCPATH\index.php(56): CodeIgniter\Boot::bootWeb(Object(Config\Paths))
WARNING - 2025-02-13 09:40:25 --> [DEPRECATED] Creation of dynamic property IonAuth\Models\IonAuthModel::$hashMethod is deprecated in FCPATH\vendor\benedmunds\codeigniter-ion-auth\Models\IonAuthModel.php on line 234.
 1 APPPATH\Libraries\IonAuth.php(71): IonAuth\Models\IonAuthModel->__construct()
 2 APPPATH\Controllers\vendor\Home.php(17): App\Libraries\IonAuth->__construct()
 3 SYSTEMPATH\CodeIgniter.php(903): App\Controllers\vendor\Home->__construct()
 4 SYSTEMPATH\CodeIgniter.php(500): CodeIgniter\CodeIgniter->createController()
 5 SYSTEMPATH\CodeIgniter.php(355): CodeIgniter\CodeIgniter->handleRequest(null, Object(Config\Cache), false)
 6 SYSTEMPATH\Boot.php(325): CodeIgniter\CodeIgniter->run()
 7 SYSTEMPATH\Boot.php(67): CodeIgniter\Boot::runCodeIgniter(Object(CodeIgniter\CodeIgniter))
 8 FCPATH\index.php(56): CodeIgniter\Boot::bootWeb(Object(Config\Paths))
WARNING - 2025-02-13 09:40:25 --> [DEPRECATED] Creation of dynamic property IonAuth\Models\IonAuthModel::$messagesTemplates is deprecated in FCPATH\vendor\benedmunds\codeigniter-ion-auth\Models\IonAuthModel.php on line 237.
 1 APPPATH\Libraries\IonAuth.php(71): IonAuth\Models\IonAuthModel->__construct()
 2 APPPATH\Controllers\vendor\Home.php(17): App\Libraries\IonAuth->__construct()
 3 SYSTEMPATH\CodeIgniter.php(903): App\Controllers\vendor\Home->__construct()
 4 SYSTEMPATH\CodeIgniter.php(500): CodeIgniter\CodeIgniter->createController()
 5 SYSTEMPATH\CodeIgniter.php(355): CodeIgniter\CodeIgniter->handleRequest(null, Object(Config\Cache), false)
 6 SYSTEMPATH\Boot.php(325): CodeIgniter\CodeIgniter->run()
 7 SYSTEMPATH\Boot.php(67): CodeIgniter\Boot::runCodeIgniter(Object(CodeIgniter\CodeIgniter))
 8 FCPATH\index.php(56): CodeIgniter\Boot::bootWeb(Object(Config\Paths))
INFO - 2025-02-13 09:40:26 --> Session: Class initialized using 'CodeIgniter\Session\Handlers\FileHandler' driver.
WARNING - 2025-02-13 09:40:26 --> [DEPRECATED] Creation of dynamic property IonAuth\Models\IonAuthModel::$join is deprecated in FCPATH\vendor\benedmunds\codeigniter-ion-auth\Models\IonAuthModel.php on line 231.
 1 APPPATH\Libraries\IonAuth.php(71): IonAuth\Models\IonAuthModel->__construct()
 2 APPPATH\Filters\CheckRoles.php(17): App\Libraries\IonAuth->__construct()
 3 SYSTEMPATH\Filters\Filters.php(197): App\Filters\CheckRoles->__construct()
 4 SYSTEMPATH\Filters\Filters.php(184): CodeIgniter\Filters\Filters->runBefore([...])
 5 SYSTEMPATH\CodeIgniter.php(481): CodeIgniter\Filters\Filters->run('vendor/businesses', 'before')
 6 SYSTEMPATH\CodeIgniter.php(355): CodeIgniter\CodeIgniter->handleRequest(null, Object(Config\Cache), false)
 7 SYSTEMPATH\Boot.php(325): CodeIgniter\CodeIgniter->run()
 8 SYSTEMPATH\Boot.php(67): CodeIgniter\Boot::runCodeIgniter(Object(CodeIgniter\CodeIgniter))
 9 FCPATH\index.php(56): CodeIgniter\Boot::bootWeb(Object(Config\Paths))
WARNING - 2025-02-13 09:40:26 --> [DEPRECATED] Creation of dynamic property IonAuth\Models\IonAuthModel::$hashMethod is deprecated in FCPATH\vendor\benedmunds\codeigniter-ion-auth\Models\IonAuthModel.php on line 234.
 1 APPPATH\Libraries\IonAuth.php(71): IonAuth\Models\IonAuthModel->__construct()
 2 APPPATH\Filters\CheckRoles.php(17): App\Libraries\IonAuth->__construct()
 3 SYSTEMPATH\Filters\Filters.php(197): App\Filters\CheckRoles->__construct()
 4 SYSTEMPATH\Filters\Filters.php(184): CodeIgniter\Filters\Filters->runBefore([...])
 5 SYSTEMPATH\CodeIgniter.php(481): CodeIgniter\Filters\Filters->run('vendor/businesses', 'before')
 6 SYSTEMPATH\CodeIgniter.php(355): CodeIgniter\CodeIgniter->handleRequest(null, Object(Config\Cache), false)
 7 SYSTEMPATH\Boot.php(325): CodeIgniter\CodeIgniter->run()
 8 SYSTEMPATH\Boot.php(67): CodeIgniter\Boot::runCodeIgniter(Object(CodeIgniter\CodeIgniter))
 9 FCPATH\index.php(56): CodeIgniter\Boot::bootWeb(Object(Config\Paths))
WARNING - 2025-02-13 09:40:26 --> [DEPRECATED] Creation of dynamic property IonAuth\Models\IonAuthModel::$messagesTemplates is deprecated in FCPATH\vendor\benedmunds\codeigniter-ion-auth\Models\IonAuthModel.php on line 237.
 1 APPPATH\Libraries\IonAuth.php(71): IonAuth\Models\IonAuthModel->__construct()
 2 APPPATH\Filters\CheckRoles.php(17): App\Libraries\IonAuth->__construct()
 3 SYSTEMPATH\Filters\Filters.php(197): App\Filters\CheckRoles->__construct()
 4 SYSTEMPATH\Filters\Filters.php(184): CodeIgniter\Filters\Filters->runBefore([...])
 5 SYSTEMPATH\CodeIgniter.php(481): CodeIgniter\Filters\Filters->run('vendor/businesses', 'before')
 6 SYSTEMPATH\CodeIgniter.php(355): CodeIgniter\CodeIgniter->handleRequest(null, Object(Config\Cache), false)
 7 SYSTEMPATH\Boot.php(325): CodeIgniter\CodeIgniter->run()
 8 SYSTEMPATH\Boot.php(67): CodeIgniter\Boot::runCodeIgniter(Object(CodeIgniter\CodeIgniter))
 9 FCPATH\index.php(56): CodeIgniter\Boot::bootWeb(Object(Config\Paths))
WARNING - 2025-02-13 09:40:26 --> [DEPRECATED] Creation of dynamic property IonAuth\Models\IonAuthModel::$join is deprecated in FCPATH\vendor\benedmunds\codeigniter-ion-auth\Models\IonAuthModel.php on line 231.
 1 APPPATH\Libraries\IonAuth.php(71): IonAuth\Models\IonAuthModel->__construct()
 2 APPPATH\Controllers\vendor\Businesses.php(19): App\Libraries\IonAuth->__construct()
 3 SYSTEMPATH\CodeIgniter.php(903): App\Controllers\vendor\Businesses->__construct()
 4 SYSTEMPATH\CodeIgniter.php(500): CodeIgniter\CodeIgniter->createController()
 5 SYSTEMPATH\CodeIgniter.php(355): CodeIgniter\CodeIgniter->handleRequest(null, Object(Config\Cache), false)
 6 SYSTEMPATH\Boot.php(325): CodeIgniter\CodeIgniter->run()
 7 SYSTEMPATH\Boot.php(67): CodeIgniter\Boot::runCodeIgniter(Object(CodeIgniter\CodeIgniter))
 8 FCPATH\index.php(56): CodeIgniter\Boot::bootWeb(Object(Config\Paths))
WARNING - 2025-02-13 09:40:26 --> [DEPRECATED] Creation of dynamic property IonAuth\Models\IonAuthModel::$hashMethod is deprecated in FCPATH\vendor\benedmunds\codeigniter-ion-auth\Models\IonAuthModel.php on line 234.
 1 APPPATH\Libraries\IonAuth.php(71): IonAuth\Models\IonAuthModel->__construct()
 2 APPPATH\Controllers\vendor\Businesses.php(19): App\Libraries\IonAuth->__construct()
 3 SYSTEMPATH\CodeIgniter.php(903): App\Controllers\vendor\Businesses->__construct()
 4 SYSTEMPATH\CodeIgniter.php(500): CodeIgniter\CodeIgniter->createController()
 5 SYSTEMPATH\CodeIgniter.php(355): CodeIgniter\CodeIgniter->handleRequest(null, Object(Config\Cache), false)
 6 SYSTEMPATH\Boot.php(325): CodeIgniter\CodeIgniter->run()
 7 SYSTEMPATH\Boot.php(67): CodeIgniter\Boot::runCodeIgniter(Object(CodeIgniter\CodeIgniter))
 8 FCPATH\index.php(56): CodeIgniter\Boot::bootWeb(Object(Config\Paths))
WARNING - 2025-02-13 09:40:26 --> [DEPRECATED] Creation of dynamic property IonAuth\Models\IonAuthModel::$messagesTemplates is deprecated in FCPATH\vendor\benedmunds\codeigniter-ion-auth\Models\IonAuthModel.php on line 237.
 1 APPPATH\Libraries\IonAuth.php(71): IonAuth\Models\IonAuthModel->__construct()
 2 APPPATH\Controllers\vendor\Businesses.php(19): App\Libraries\IonAuth->__construct()
 3 SYSTEMPATH\CodeIgniter.php(903): App\Controllers\vendor\Businesses->__construct()
 4 SYSTEMPATH\CodeIgniter.php(500): CodeIgniter\CodeIgniter->createController()
 5 SYSTEMPATH\CodeIgniter.php(355): CodeIgniter\CodeIgniter->handleRequest(null, Object(Config\Cache), false)
 6 SYSTEMPATH\Boot.php(325): CodeIgniter\CodeIgniter->run()
 7 SYSTEMPATH\Boot.php(67): CodeIgniter\Boot::runCodeIgniter(Object(CodeIgniter\CodeIgniter))
 8 FCPATH\index.php(56): CodeIgniter\Boot::bootWeb(Object(Config\Paths))
WARNING - 2025-02-13 15:10:26 --> [DEPRECATED] Creation of dynamic property IonAuth\Models\IonAuthModel::$join is deprecated in FCPATH\vendor\benedmunds\codeigniter-ion-auth\Models\IonAuthModel.php on line 231.
 1 APPPATH\Libraries\IonAuth.php(71): IonAuth\Models\IonAuthModel->__construct()
 2 APPPATH\Filters\CheckRoles.php(17): App\Libraries\IonAuth->__construct()
 3 SYSTEMPATH\Filters\Filters.php(235): App\Filters\CheckRoles->__construct()
 4 SYSTEMPATH\Filters\Filters.php(188): CodeIgniter\Filters\Filters->runAfter([...])
 5 SYSTEMPATH\CodeIgniter.php(527): CodeIgniter\Filters\Filters->run('vendor/businesses', 'after')
 6 SYSTEMPATH\CodeIgniter.php(355): CodeIgniter\CodeIgniter->handleRequest(null, Object(Config\Cache), false)
 7 SYSTEMPATH\Boot.php(325): CodeIgniter\CodeIgniter->run()
 8 SYSTEMPATH\Boot.php(67): CodeIgniter\Boot::runCodeIgniter(Object(CodeIgniter\CodeIgniter))
 9 FCPATH\index.php(56): CodeIgniter\Boot::bootWeb(Object(Config\Paths))
WARNING - 2025-02-13 15:10:26 --> [DEPRECATED] Creation of dynamic property IonAuth\Models\IonAuthModel::$hashMethod is deprecated in FCPATH\vendor\benedmunds\codeigniter-ion-auth\Models\IonAuthModel.php on line 234.
 1 APPPATH\Libraries\IonAuth.php(71): IonAuth\Models\IonAuthModel->__construct()
 2 APPPATH\Filters\CheckRoles.php(17): App\Libraries\IonAuth->__construct()
 3 SYSTEMPATH\Filters\Filters.php(235): App\Filters\CheckRoles->__construct()
 4 SYSTEMPATH\Filters\Filters.php(188): CodeIgniter\Filters\Filters->runAfter([...])
 5 SYSTEMPATH\CodeIgniter.php(527): CodeIgniter\Filters\Filters->run('vendor/businesses', 'after')
 6 SYSTEMPATH\CodeIgniter.php(355): CodeIgniter\CodeIgniter->handleRequest(null, Object(Config\Cache), false)
 7 SYSTEMPATH\Boot.php(325): CodeIgniter\CodeIgniter->run()
 8 SYSTEMPATH\Boot.php(67): CodeIgniter\Boot::runCodeIgniter(Object(CodeIgniter\CodeIgniter))
 9 FCPATH\index.php(56): CodeIgniter\Boot::bootWeb(Object(Config\Paths))
WARNING - 2025-02-13 15:10:26 --> [DEPRECATED] Creation of dynamic property IonAuth\Models\IonAuthModel::$messagesTemplates is deprecated in FCPATH\vendor\benedmunds\codeigniter-ion-auth\Models\IonAuthModel.php on line 237.
 1 APPPATH\Libraries\IonAuth.php(71): IonAuth\Models\IonAuthModel->__construct()
 2 APPPATH\Filters\CheckRoles.php(17): App\Libraries\IonAuth->__construct()
 3 SYSTEMPATH\Filters\Filters.php(235): App\Filters\CheckRoles->__construct()
 4 SYSTEMPATH\Filters\Filters.php(188): CodeIgniter\Filters\Filters->runAfter([...])
 5 SYSTEMPATH\CodeIgniter.php(527): CodeIgniter\Filters\Filters->run('vendor/businesses', 'after')
 6 SYSTEMPATH\CodeIgniter.php(355): CodeIgniter\CodeIgniter->handleRequest(null, Object(Config\Cache), false)
 7 SYSTEMPATH\Boot.php(325): CodeIgniter\CodeIgniter->run()
 8 SYSTEMPATH\Boot.php(67): CodeIgniter\Boot::runCodeIgniter(Object(CodeIgniter\CodeIgniter))
 9 FCPATH\index.php(56): CodeIgniter\Boot::bootWeb(Object(Config\Paths))
INFO - 2025-02-13 09:40:27 --> Session: Class initialized using 'CodeIgniter\Session\Handlers\FileHandler' driver.
WARNING - 2025-02-13 09:40:27 --> [DEPRECATED] Creation of dynamic property IonAuth\Models\IonAuthModel::$join is deprecated in FCPATH\vendor\benedmunds\codeigniter-ion-auth\Models\IonAuthModel.php on line 231.
 1 APPPATH\Libraries\IonAuth.php(71): IonAuth\Models\IonAuthModel->__construct()
 2 APPPATH\Filters\CheckRoles.php(17): App\Libraries\IonAuth->__construct()
 3 SYSTEMPATH\Filters\Filters.php(197): App\Filters\CheckRoles->__construct()
 4 SYSTEMPATH\Filters\Filters.php(184): CodeIgniter\Filters\Filters->runBefore([...])
 5 SYSTEMPATH\CodeIgniter.php(481): CodeIgniter\Filters\Filters->run('vendor/businesses/business_table', 'before')
 6 SYSTEMPATH\CodeIgniter.php(355): CodeIgniter\CodeIgniter->handleRequest(null, Object(Config\Cache), false)
 7 SYSTEMPATH\Boot.php(325): CodeIgniter\CodeIgniter->run()
 8 SYSTEMPATH\Boot.php(67): CodeIgniter\Boot::runCodeIgniter(Object(CodeIgniter\CodeIgniter))
 9 FCPATH\index.php(56): CodeIgniter\Boot::bootWeb(Object(Config\Paths))
WARNING - 2025-02-13 09:40:27 --> [DEPRECATED] Creation of dynamic property IonAuth\Models\IonAuthModel::$hashMethod is deprecated in FCPATH\vendor\benedmunds\codeigniter-ion-auth\Models\IonAuthModel.php on line 234.
 1 APPPATH\Libraries\IonAuth.php(71): IonAuth\Models\IonAuthModel->__construct()
 2 APPPATH\Filters\CheckRoles.php(17): App\Libraries\IonAuth->__construct()
 3 SYSTEMPATH\Filters\Filters.php(197): App\Filters\CheckRoles->__construct()
 4 SYSTEMPATH\Filters\Filters.php(184): CodeIgniter\Filters\Filters->runBefore([...])
 5 SYSTEMPATH\CodeIgniter.php(481): CodeIgniter\Filters\Filters->run('vendor/businesses/business_table', 'before')
 6 SYSTEMPATH\CodeIgniter.php(355): CodeIgniter\CodeIgniter->handleRequest(null, Object(Config\Cache), false)
 7 SYSTEMPATH\Boot.php(325): CodeIgniter\CodeIgniter->run()
 8 SYSTEMPATH\Boot.php(67): CodeIgniter\Boot::runCodeIgniter(Object(CodeIgniter\CodeIgniter))
 9 FCPATH\index.php(56): CodeIgniter\Boot::bootWeb(Object(Config\Paths))
WARNING - 2025-02-13 09:40:27 --> [DEPRECATED] Creation of dynamic property IonAuth\Models\IonAuthModel::$messagesTemplates is deprecated in FCPATH\vendor\benedmunds\codeigniter-ion-auth\Models\IonAuthModel.php on line 237.
 1 APPPATH\Libraries\IonAuth.php(71): IonAuth\Models\IonAuthModel->__construct()
 2 APPPATH\Filters\CheckRoles.php(17): App\Libraries\IonAuth->__construct()
 3 SYSTEMPATH\Filters\Filters.php(197): App\Filters\CheckRoles->__construct()
 4 SYSTEMPATH\Filters\Filters.php(184): CodeIgniter\Filters\Filters->runBefore([...])
 5 SYSTEMPATH\CodeIgniter.php(481): CodeIgniter\Filters\Filters->run('vendor/businesses/business_table', 'before')
 6 SYSTEMPATH\CodeIgniter.php(355): CodeIgniter\CodeIgniter->handleRequest(null, Object(Config\Cache), false)
 7 SYSTEMPATH\Boot.php(325): CodeIgniter\CodeIgniter->run()
 8 SYSTEMPATH\Boot.php(67): CodeIgniter\Boot::runCodeIgniter(Object(CodeIgniter\CodeIgniter))
 9 FCPATH\index.php(56): CodeIgniter\Boot::bootWeb(Object(Config\Paths))
WARNING - 2025-02-13 09:40:27 --> [DEPRECATED] Creation of dynamic property IonAuth\Models\IonAuthModel::$join is deprecated in FCPATH\vendor\benedmunds\codeigniter-ion-auth\Models\IonAuthModel.php on line 231.
 1 APPPATH\Libraries\IonAuth.php(71): IonAuth\Models\IonAuthModel->__construct()
 2 APPPATH\Controllers\vendor\Businesses.php(19): App\Libraries\IonAuth->__construct()
 3 SYSTEMPATH\CodeIgniter.php(903): App\Controllers\vendor\Businesses->__construct()
 4 SYSTEMPATH\CodeIgniter.php(500): CodeIgniter\CodeIgniter->createController()
 5 SYSTEMPATH\CodeIgniter.php(355): CodeIgniter\CodeIgniter->handleRequest(null, Object(Config\Cache), false)
 6 SYSTEMPATH\Boot.php(325): CodeIgniter\CodeIgniter->run()
 7 SYSTEMPATH\Boot.php(67): CodeIgniter\Boot::runCodeIgniter(Object(CodeIgniter\CodeIgniter))
 8 FCPATH\index.php(56): CodeIgniter\Boot::bootWeb(Object(Config\Paths))
WARNING - 2025-02-13 09:40:27 --> [DEPRECATED] Creation of dynamic property IonAuth\Models\IonAuthModel::$hashMethod is deprecated in FCPATH\vendor\benedmunds\codeigniter-ion-auth\Models\IonAuthModel.php on line 234.
 1 APPPATH\Libraries\IonAuth.php(71): IonAuth\Models\IonAuthModel->__construct()
 2 APPPATH\Controllers\vendor\Businesses.php(19): App\Libraries\IonAuth->__construct()
 3 SYSTEMPATH\CodeIgniter.php(903): App\Controllers\vendor\Businesses->__construct()
 4 SYSTEMPATH\CodeIgniter.php(500): CodeIgniter\CodeIgniter->createController()
 5 SYSTEMPATH\CodeIgniter.php(355): CodeIgniter\CodeIgniter->handleRequest(null, Object(Config\Cache), false)
 6 SYSTEMPATH\Boot.php(325): CodeIgniter\CodeIgniter->run()
 7 SYSTEMPATH\Boot.php(67): CodeIgniter\Boot::runCodeIgniter(Object(CodeIgniter\CodeIgniter))
 8 FCPATH\index.php(56): CodeIgniter\Boot::bootWeb(Object(Config\Paths))
WARNING - 2025-02-13 09:40:27 --> [DEPRECATED] Creation of dynamic property IonAuth\Models\IonAuthModel::$messagesTemplates is deprecated in FCPATH\vendor\benedmunds\codeigniter-ion-auth\Models\IonAuthModel.php on line 237.
 1 APPPATH\Libraries\IonAuth.php(71): IonAuth\Models\IonAuthModel->__construct()
 2 APPPATH\Controllers\vendor\Businesses.php(19): App\Libraries\IonAuth->__construct()
 3 SYSTEMPATH\CodeIgniter.php(903): App\Controllers\vendor\Businesses->__construct()
 4 SYSTEMPATH\CodeIgniter.php(500): CodeIgniter\CodeIgniter->createController()
 5 SYSTEMPATH\CodeIgniter.php(355): CodeIgniter\CodeIgniter->handleRequest(null, Object(Config\Cache), false)
 6 SYSTEMPATH\Boot.php(325): CodeIgniter\CodeIgniter->run()
 7 SYSTEMPATH\Boot.php(67): CodeIgniter\Boot::runCodeIgniter(Object(CodeIgniter\CodeIgniter))
 8 FCPATH\index.php(56): CodeIgniter\Boot::bootWeb(Object(Config\Paths))
WARNING - 2025-02-13 15:10:27 --> [DEPRECATED] Creation of dynamic property IonAuth\Models\IonAuthModel::$join is deprecated in FCPATH\vendor\benedmunds\codeigniter-ion-auth\Models\IonAuthModel.php on line 231.
 1 APPPATH\Libraries\IonAuth.php(71): IonAuth\Models\IonAuthModel->__construct()
 2 APPPATH\Filters\CheckRoles.php(17): App\Libraries\IonAuth->__construct()
 3 SYSTEMPATH\Filters\Filters.php(235): App\Filters\CheckRoles->__construct()
 4 SYSTEMPATH\Filters\Filters.php(188): CodeIgniter\Filters\Filters->runAfter([...])
 5 SYSTEMPATH\CodeIgniter.php(527): CodeIgniter\Filters\Filters->run('vendor/businesses/business_table', 'after')
 6 SYSTEMPATH\CodeIgniter.php(355): CodeIgniter\CodeIgniter->handleRequest(null, Object(Config\Cache), false)
 7 SYSTEMPATH\Boot.php(325): CodeIgniter\CodeIgniter->run()
 8 SYSTEMPATH\Boot.php(67): CodeIgniter\Boot::runCodeIgniter(Object(CodeIgniter\CodeIgniter))
 9 FCPATH\index.php(56): CodeIgniter\Boot::bootWeb(Object(Config\Paths))
WARNING - 2025-02-13 15:10:27 --> [DEPRECATED] Creation of dynamic property IonAuth\Models\IonAuthModel::$hashMethod is deprecated in FCPATH\vendor\benedmunds\codeigniter-ion-auth\Models\IonAuthModel.php on line 234.
 1 APPPATH\Libraries\IonAuth.php(71): IonAuth\Models\IonAuthModel->__construct()
 2 APPPATH\Filters\CheckRoles.php(17): App\Libraries\IonAuth->__construct()
 3 SYSTEMPATH\Filters\Filters.php(235): App\Filters\CheckRoles->__construct()
 4 SYSTEMPATH\Filters\Filters.php(188): CodeIgniter\Filters\Filters->runAfter([...])
 5 SYSTEMPATH\CodeIgniter.php(527): CodeIgniter\Filters\Filters->run('vendor/businesses/business_table', 'after')
 6 SYSTEMPATH\CodeIgniter.php(355): CodeIgniter\CodeIgniter->handleRequest(null, Object(Config\Cache), false)
 7 SYSTEMPATH\Boot.php(325): CodeIgniter\CodeIgniter->run()
 8 SYSTEMPATH\Boot.php(67): CodeIgniter\Boot::runCodeIgniter(Object(CodeIgniter\CodeIgniter))
 9 FCPATH\index.php(56): CodeIgniter\Boot::bootWeb(Object(Config\Paths))
WARNING - 2025-02-13 15:10:27 --> [DEPRECATED] Creation of dynamic property IonAuth\Models\IonAuthModel::$messagesTemplates is deprecated in FCPATH\vendor\benedmunds\codeigniter-ion-auth\Models\IonAuthModel.php on line 237.
 1 APPPATH\Libraries\IonAuth.php(71): IonAuth\Models\IonAuthModel->__construct()
 2 APPPATH\Filters\CheckRoles.php(17): App\Libraries\IonAuth->__construct()
 3 SYSTEMPATH\Filters\Filters.php(235): App\Filters\CheckRoles->__construct()
 4 SYSTEMPATH\Filters\Filters.php(188): CodeIgniter\Filters\Filters->runAfter([...])
 5 SYSTEMPATH\CodeIgniter.php(527): CodeIgniter\Filters\Filters->run('vendor/businesses/business_table', 'after')
 6 SYSTEMPATH\CodeIgniter.php(355): CodeIgniter\CodeIgniter->handleRequest(null, Object(Config\Cache), false)
 7 SYSTEMPATH\Boot.php(325): CodeIgniter\CodeIgniter->run()
 8 SYSTEMPATH\Boot.php(67): CodeIgniter\Boot::runCodeIgniter(Object(CodeIgniter\CodeIgniter))
 9 FCPATH\index.php(56): CodeIgniter\Boot::bootWeb(Object(Config\Paths))
INFO - 2025-02-13 09:40:28 --> Session: Class initialized using 'CodeIgniter\Session\Handlers\FileHandler' driver.
WARNING - 2025-02-13 09:40:28 --> [DEPRECATED] Creation of dynamic property IonAuth\Models\IonAuthModel::$join is deprecated in FCPATH\vendor\benedmunds\codeigniter-ion-auth\Models\IonAuthModel.php on line 231.
 1 APPPATH\Libraries\IonAuth.php(71): IonAuth\Models\IonAuthModel->__construct()
 2 APPPATH\Filters\CheckPermissions.php(16): App\Libraries\IonAuth->__construct()
 3 SYSTEMPATH\Filters\Filters.php(197): App\Filters\CheckPermissions->__construct()
 4 SYSTEMPATH\Filters\Filters.php(184): CodeIgniter\Filters\Filters->runBefore([...])
 5 SYSTEMPATH\CodeIgniter.php(481): CodeIgniter\Filters\Filters->run('vendor/products/stock_alert', 'before')
 6 SYSTEMPATH\CodeIgniter.php(355): CodeIgniter\CodeIgniter->handleRequest(null, Object(Config\Cache), false)
 7 SYSTEMPATH\Boot.php(325): CodeIgniter\CodeIgniter->run()
 8 SYSTEMPATH\Boot.php(67): CodeIgniter\Boot::runCodeIgniter(Object(CodeIgniter\CodeIgniter))
 9 FCPATH\index.php(56): CodeIgniter\Boot::bootWeb(Object(Config\Paths))
WARNING - 2025-02-13 09:40:28 --> [DEPRECATED] Creation of dynamic property IonAuth\Models\IonAuthModel::$hashMethod is deprecated in FCPATH\vendor\benedmunds\codeigniter-ion-auth\Models\IonAuthModel.php on line 234.
 1 APPPATH\Libraries\IonAuth.php(71): IonAuth\Models\IonAuthModel->__construct()
 2 APPPATH\Filters\CheckPermissions.php(16): App\Libraries\IonAuth->__construct()
 3 SYSTEMPATH\Filters\Filters.php(197): App\Filters\CheckPermissions->__construct()
 4 SYSTEMPATH\Filters\Filters.php(184): CodeIgniter\Filters\Filters->runBefore([...])
 5 SYSTEMPATH\CodeIgniter.php(481): CodeIgniter\Filters\Filters->run('vendor/products/stock_alert', 'before')
 6 SYSTEMPATH\CodeIgniter.php(355): CodeIgniter\CodeIgniter->handleRequest(null, Object(Config\Cache), false)
 7 SYSTEMPATH\Boot.php(325): CodeIgniter\CodeIgniter->run()
 8 SYSTEMPATH\Boot.php(67): CodeIgniter\Boot::runCodeIgniter(Object(CodeIgniter\CodeIgniter))
 9 FCPATH\index.php(56): CodeIgniter\Boot::bootWeb(Object(Config\Paths))
WARNING - 2025-02-13 09:40:28 --> [DEPRECATED] Creation of dynamic property IonAuth\Models\IonAuthModel::$messagesTemplates is deprecated in FCPATH\vendor\benedmunds\codeigniter-ion-auth\Models\IonAuthModel.php on line 237.
 1 APPPATH\Libraries\IonAuth.php(71): IonAuth\Models\IonAuthModel->__construct()
 2 APPPATH\Filters\CheckPermissions.php(16): App\Libraries\IonAuth->__construct()
 3 SYSTEMPATH\Filters\Filters.php(197): App\Filters\CheckPermissions->__construct()
 4 SYSTEMPATH\Filters\Filters.php(184): CodeIgniter\Filters\Filters->runBefore([...])
 5 SYSTEMPATH\CodeIgniter.php(481): CodeIgniter\Filters\Filters->run('vendor/products/stock_alert', 'before')
 6 SYSTEMPATH\CodeIgniter.php(355): CodeIgniter\CodeIgniter->handleRequest(null, Object(Config\Cache), false)
 7 SYSTEMPATH\Boot.php(325): CodeIgniter\CodeIgniter->run()
 8 SYSTEMPATH\Boot.php(67): CodeIgniter\Boot::runCodeIgniter(Object(CodeIgniter\CodeIgniter))
 9 FCPATH\index.php(56): CodeIgniter\Boot::bootWeb(Object(Config\Paths))
WARNING - 2025-02-13 09:40:28 --> [DEPRECATED] Creation of dynamic property IonAuth\Models\IonAuthModel::$join is deprecated in FCPATH\vendor\benedmunds\codeigniter-ion-auth\Models\IonAuthModel.php on line 231.
 1 APPPATH\Libraries\IonAuth.php(71): IonAuth\Models\IonAuthModel->__construct()
 2 APPPATH\Controllers\vendor\Products.php(25): App\Libraries\IonAuth->__construct()
 3 SYSTEMPATH\CodeIgniter.php(903): App\Controllers\vendor\Products->__construct()
 4 SYSTEMPATH\CodeIgniter.php(500): CodeIgniter\CodeIgniter->createController()
 5 SYSTEMPATH\CodeIgniter.php(355): CodeIgniter\CodeIgniter->handleRequest(null, Object(Config\Cache), false)
 6 SYSTEMPATH\Boot.php(325): CodeIgniter\CodeIgniter->run()
 7 SYSTEMPATH\Boot.php(67): CodeIgniter\Boot::runCodeIgniter(Object(CodeIgniter\CodeIgniter))
 8 FCPATH\index.php(56): CodeIgniter\Boot::bootWeb(Object(Config\Paths))
WARNING - 2025-02-13 09:40:28 --> [DEPRECATED] Creation of dynamic property IonAuth\Models\IonAuthModel::$hashMethod is deprecated in FCPATH\vendor\benedmunds\codeigniter-ion-auth\Models\IonAuthModel.php on line 234.
 1 APPPATH\Libraries\IonAuth.php(71): IonAuth\Models\IonAuthModel->__construct()
 2 APPPATH\Controllers\vendor\Products.php(25): App\Libraries\IonAuth->__construct()
 3 SYSTEMPATH\CodeIgniter.php(903): App\Controllers\vendor\Products->__construct()
 4 SYSTEMPATH\CodeIgniter.php(500): CodeIgniter\CodeIgniter->createController()
 5 SYSTEMPATH\CodeIgniter.php(355): CodeIgniter\CodeIgniter->handleRequest(null, Object(Config\Cache), false)
 6 SYSTEMPATH\Boot.php(325): CodeIgniter\CodeIgniter->run()
 7 SYSTEMPATH\Boot.php(67): CodeIgniter\Boot::runCodeIgniter(Object(CodeIgniter\CodeIgniter))
 8 FCPATH\index.php(56): CodeIgniter\Boot::bootWeb(Object(Config\Paths))
WARNING - 2025-02-13 09:40:28 --> [DEPRECATED] Creation of dynamic property IonAuth\Models\IonAuthModel::$messagesTemplates is deprecated in FCPATH\vendor\benedmunds\codeigniter-ion-auth\Models\IonAuthModel.php on line 237.
 1 APPPATH\Libraries\IonAuth.php(71): IonAuth\Models\IonAuthModel->__construct()
 2 APPPATH\Controllers\vendor\Products.php(25): App\Libraries\IonAuth->__construct()
 3 SYSTEMPATH\CodeIgniter.php(903): App\Controllers\vendor\Products->__construct()
 4 SYSTEMPATH\CodeIgniter.php(500): CodeIgniter\CodeIgniter->createController()
 5 SYSTEMPATH\CodeIgniter.php(355): CodeIgniter\CodeIgniter->handleRequest(null, Object(Config\Cache), false)
 6 SYSTEMPATH\Boot.php(325): CodeIgniter\CodeIgniter->run()
 7 SYSTEMPATH\Boot.php(67): CodeIgniter\Boot::runCodeIgniter(Object(CodeIgniter\CodeIgniter))
 8 FCPATH\index.php(56): CodeIgniter\Boot::bootWeb(Object(Config\Paths))
CRITICAL - 2025-02-13 15:10:28 --> ErrorException: Undefined variable $array
[Method: GET, Route: vendor/products/stock_alert]
in APPPATH\Controllers\vendor\Products.php on line 1324.
 1 APPPATH\Controllers\vendor\Products.php(1324): CodeIgniter\Debug\Exceptions->errorHandler(2, 'Undefined variable $array', 'C:\\xampp1\\htdocs\\upbiz-sass-git\\app\\Controllers\\vendor\\Products.php', 1324)
 2 SYSTEMPATH\CodeIgniter.php(933): App\Controllers\vendor\Products->stock_alert()
 3 SYSTEMPATH\CodeIgniter.php(509): CodeIgniter\CodeIgniter->runController(Object(App\Controllers\vendor\Products))
 4 SYSTEMPATH\CodeIgniter.php(355): CodeIgniter\CodeIgniter->handleRequest(null, Object(Config\Cache), false)
 5 SYSTEMPATH\Boot.php(325): CodeIgniter\CodeIgniter->run()
 6 SYSTEMPATH\Boot.php(67): CodeIgniter\Boot::runCodeIgniter(Object(CodeIgniter\CodeIgniter))
 7 FCPATH\index.php(56): CodeIgniter\Boot::bootWeb(Object(Config\Paths))
INFO - 2025-02-13 09:40:29 --> Session: Class initialized using 'CodeIgniter\Session\Handlers\FileHandler' driver.
WARNING - 2025-02-13 09:40:29 --> [DEPRECATED] Creation of dynamic property IonAuth\Models\IonAuthModel::$join is deprecated in FCPATH\vendor\benedmunds\codeigniter-ion-auth\Models\IonAuthModel.php on line 231.
 1 APPPATH\Libraries\IonAuth.php(71): IonAuth\Models\IonAuthModel->__construct()
 2 APPPATH\Filters\CheckPermissions.php(16): App\Libraries\IonAuth->__construct()
 3 SYSTEMPATH\Filters\Filters.php(197): App\Filters\CheckPermissions->__construct()
 4 SYSTEMPATH\Filters\Filters.php(184): CodeIgniter\Filters\Filters->runBefore([...])
 5 SYSTEMPATH\CodeIgniter.php(481): CodeIgniter\Filters\Filters->run('vendor/home/switch_businesses/5', 'before')
 6 SYSTEMPATH\CodeIgniter.php(355): CodeIgniter\CodeIgniter->handleRequest(null, Object(Config\Cache), false)
 7 SYSTEMPATH\Boot.php(325): CodeIgniter\CodeIgniter->run()
 8 SYSTEMPATH\Boot.php(67): CodeIgniter\Boot::runCodeIgniter(Object(CodeIgniter\CodeIgniter))
 9 FCPATH\index.php(56): CodeIgniter\Boot::bootWeb(Object(Config\Paths))
WARNING - 2025-02-13 09:40:29 --> [DEPRECATED] Creation of dynamic property IonAuth\Models\IonAuthModel::$hashMethod is deprecated in FCPATH\vendor\benedmunds\codeigniter-ion-auth\Models\IonAuthModel.php on line 234.
 1 APPPATH\Libraries\IonAuth.php(71): IonAuth\Models\IonAuthModel->__construct()
 2 APPPATH\Filters\CheckPermissions.php(16): App\Libraries\IonAuth->__construct()
 3 SYSTEMPATH\Filters\Filters.php(197): App\Filters\CheckPermissions->__construct()
 4 SYSTEMPATH\Filters\Filters.php(184): CodeIgniter\Filters\Filters->runBefore([...])
 5 SYSTEMPATH\CodeIgniter.php(481): CodeIgniter\Filters\Filters->run('vendor/home/switch_businesses/5', 'before')
 6 SYSTEMPATH\CodeIgniter.php(355): CodeIgniter\CodeIgniter->handleRequest(null, Object(Config\Cache), false)
 7 SYSTEMPATH\Boot.php(325): CodeIgniter\CodeIgniter->run()
 8 SYSTEMPATH\Boot.php(67): CodeIgniter\Boot::runCodeIgniter(Object(CodeIgniter\CodeIgniter))
 9 FCPATH\index.php(56): CodeIgniter\Boot::bootWeb(Object(Config\Paths))
WARNING - 2025-02-13 09:40:29 --> [DEPRECATED] Creation of dynamic property IonAuth\Models\IonAuthModel::$messagesTemplates is deprecated in FCPATH\vendor\benedmunds\codeigniter-ion-auth\Models\IonAuthModel.php on line 237.
 1 APPPATH\Libraries\IonAuth.php(71): IonAuth\Models\IonAuthModel->__construct()
 2 APPPATH\Filters\CheckPermissions.php(16): App\Libraries\IonAuth->__construct()
 3 SYSTEMPATH\Filters\Filters.php(197): App\Filters\CheckPermissions->__construct()
 4 SYSTEMPATH\Filters\Filters.php(184): CodeIgniter\Filters\Filters->runBefore([...])
 5 SYSTEMPATH\CodeIgniter.php(481): CodeIgniter\Filters\Filters->run('vendor/home/switch_businesses/5', 'before')
 6 SYSTEMPATH\CodeIgniter.php(355): CodeIgniter\CodeIgniter->handleRequest(null, Object(Config\Cache), false)
 7 SYSTEMPATH\Boot.php(325): CodeIgniter\CodeIgniter->run()
 8 SYSTEMPATH\Boot.php(67): CodeIgniter\Boot::runCodeIgniter(Object(CodeIgniter\CodeIgniter))
 9 FCPATH\index.php(56): CodeIgniter\Boot::bootWeb(Object(Config\Paths))
WARNING - 2025-02-13 09:40:29 --> [DEPRECATED] Creation of dynamic property IonAuth\Models\IonAuthModel::$join is deprecated in FCPATH\vendor\benedmunds\codeigniter-ion-auth\Models\IonAuthModel.php on line 231.
 1 APPPATH\Libraries\IonAuth.php(71): IonAuth\Models\IonAuthModel->__construct()
 2 APPPATH\Controllers\vendor\Home.php(17): App\Libraries\IonAuth->__construct()
 3 SYSTEMPATH\CodeIgniter.php(903): App\Controllers\vendor\Home->__construct()
 4 SYSTEMPATH\CodeIgniter.php(500): CodeIgniter\CodeIgniter->createController()
 5 SYSTEMPATH\CodeIgniter.php(355): CodeIgniter\CodeIgniter->handleRequest(null, Object(Config\Cache), false)
 6 SYSTEMPATH\Boot.php(325): CodeIgniter\CodeIgniter->run()
 7 SYSTEMPATH\Boot.php(67): CodeIgniter\Boot::runCodeIgniter(Object(CodeIgniter\CodeIgniter))
 8 FCPATH\index.php(56): CodeIgniter\Boot::bootWeb(Object(Config\Paths))
WARNING - 2025-02-13 09:40:29 --> [DEPRECATED] Creation of dynamic property IonAuth\Models\IonAuthModel::$hashMethod is deprecated in FCPATH\vendor\benedmunds\codeigniter-ion-auth\Models\IonAuthModel.php on line 234.
 1 APPPATH\Libraries\IonAuth.php(71): IonAuth\Models\IonAuthModel->__construct()
 2 APPPATH\Controllers\vendor\Home.php(17): App\Libraries\IonAuth->__construct()
 3 SYSTEMPATH\CodeIgniter.php(903): App\Controllers\vendor\Home->__construct()
 4 SYSTEMPATH\CodeIgniter.php(500): CodeIgniter\CodeIgniter->createController()
 5 SYSTEMPATH\CodeIgniter.php(355): CodeIgniter\CodeIgniter->handleRequest(null, Object(Config\Cache), false)
 6 SYSTEMPATH\Boot.php(325): CodeIgniter\CodeIgniter->run()
 7 SYSTEMPATH\Boot.php(67): CodeIgniter\Boot::runCodeIgniter(Object(CodeIgniter\CodeIgniter))
 8 FCPATH\index.php(56): CodeIgniter\Boot::bootWeb(Object(Config\Paths))
WARNING - 2025-02-13 09:40:29 --> [DEPRECATED] Creation of dynamic property IonAuth\Models\IonAuthModel::$messagesTemplates is deprecated in FCPATH\vendor\benedmunds\codeigniter-ion-auth\Models\IonAuthModel.php on line 237.
 1 APPPATH\Libraries\IonAuth.php(71): IonAuth\Models\IonAuthModel->__construct()
 2 APPPATH\Controllers\vendor\Home.php(17): App\Libraries\IonAuth->__construct()
 3 SYSTEMPATH\CodeIgniter.php(903): App\Controllers\vendor\Home->__construct()
 4 SYSTEMPATH\CodeIgniter.php(500): CodeIgniter\CodeIgniter->createController()
 5 SYSTEMPATH\CodeIgniter.php(355): CodeIgniter\CodeIgniter->handleRequest(null, Object(Config\Cache), false)
 6 SYSTEMPATH\Boot.php(325): CodeIgniter\CodeIgniter->run()
 7 SYSTEMPATH\Boot.php(67): CodeIgniter\Boot::runCodeIgniter(Object(CodeIgniter\CodeIgniter))
 8 FCPATH\index.php(56): CodeIgniter\Boot::bootWeb(Object(Config\Paths))
WARNING - 2025-02-13 15:10:29 --> [DEPRECATED] Creation of dynamic property IonAuth\Models\IonAuthModel::$join is deprecated in FCPATH\vendor\benedmunds\codeigniter-ion-auth\Models\IonAuthModel.php on line 231.
 1 APPPATH\Libraries\IonAuth.php(71): IonAuth\Models\IonAuthModel->__construct()
 2 APPPATH\Filters\CheckPermissions.php(16): App\Libraries\IonAuth->__construct()
 3 SYSTEMPATH\Filters\Filters.php(235): App\Filters\CheckPermissions->__construct()
 4 SYSTEMPATH\Filters\Filters.php(188): CodeIgniter\Filters\Filters->runAfter([...])
 5 SYSTEMPATH\CodeIgniter.php(527): CodeIgniter\Filters\Filters->run('vendor/home/switch_businesses/5', 'after')
 6 SYSTEMPATH\CodeIgniter.php(355): CodeIgniter\CodeIgniter->handleRequest(null, Object(Config\Cache), false)
 7 SYSTEMPATH\Boot.php(325): CodeIgniter\CodeIgniter->run()
 8 SYSTEMPATH\Boot.php(67): CodeIgniter\Boot::runCodeIgniter(Object(CodeIgniter\CodeIgniter))
 9 FCPATH\index.php(56): CodeIgniter\Boot::bootWeb(Object(Config\Paths))
WARNING - 2025-02-13 15:10:29 --> [DEPRECATED] Creation of dynamic property IonAuth\Models\IonAuthModel::$hashMethod is deprecated in FCPATH\vendor\benedmunds\codeigniter-ion-auth\Models\IonAuthModel.php on line 234.
 1 APPPATH\Libraries\IonAuth.php(71): IonAuth\Models\IonAuthModel->__construct()
 2 APPPATH\Filters\CheckPermissions.php(16): App\Libraries\IonAuth->__construct()
 3 SYSTEMPATH\Filters\Filters.php(235): App\Filters\CheckPermissions->__construct()
 4 SYSTEMPATH\Filters\Filters.php(188): CodeIgniter\Filters\Filters->runAfter([...])
 5 SYSTEMPATH\CodeIgniter.php(527): CodeIgniter\Filters\Filters->run('vendor/home/switch_businesses/5', 'after')
 6 SYSTEMPATH\CodeIgniter.php(355): CodeIgniter\CodeIgniter->handleRequest(null, Object(Config\Cache), false)
 7 SYSTEMPATH\Boot.php(325): CodeIgniter\CodeIgniter->run()
 8 SYSTEMPATH\Boot.php(67): CodeIgniter\Boot::runCodeIgniter(Object(CodeIgniter\CodeIgniter))
 9 FCPATH\index.php(56): CodeIgniter\Boot::bootWeb(Object(Config\Paths))
WARNING - 2025-02-13 15:10:29 --> [DEPRECATED] Creation of dynamic property IonAuth\Models\IonAuthModel::$messagesTemplates is deprecated in FCPATH\vendor\benedmunds\codeigniter-ion-auth\Models\IonAuthModel.php on line 237.
 1 APPPATH\Libraries\IonAuth.php(71): IonAuth\Models\IonAuthModel->__construct()
 2 APPPATH\Filters\CheckPermissions.php(16): App\Libraries\IonAuth->__construct()
 3 SYSTEMPATH\Filters\Filters.php(235): App\Filters\CheckPermissions->__construct()
 4 SYSTEMPATH\Filters\Filters.php(188): CodeIgniter\Filters\Filters->runAfter([...])
 5 SYSTEMPATH\CodeIgniter.php(527): CodeIgniter\Filters\Filters->run('vendor/home/switch_businesses/5', 'after')
 6 SYSTEMPATH\CodeIgniter.php(355): CodeIgniter\CodeIgniter->handleRequest(null, Object(Config\Cache), false)
 7 SYSTEMPATH\Boot.php(325): CodeIgniter\CodeIgniter->run()
 8 SYSTEMPATH\Boot.php(67): CodeIgniter\Boot::runCodeIgniter(Object(CodeIgniter\CodeIgniter))
 9 FCPATH\index.php(56): CodeIgniter\Boot::bootWeb(Object(Config\Paths))
INFO - 2025-02-13 09:40:29 --> Session: Class initialized using 'CodeIgniter\Session\Handlers\FileHandler' driver.
WARNING - 2025-02-13 09:40:29 --> [DEPRECATED] Creation of dynamic property IonAuth\Models\IonAuthModel::$join is deprecated in FCPATH\vendor\benedmunds\codeigniter-ion-auth\Models\IonAuthModel.php on line 231.
 1 APPPATH\Libraries\IonAuth.php(71): IonAuth\Models\IonAuthModel->__construct()
 2 APPPATH\Controllers\vendor\Home.php(17): App\Libraries\IonAuth->__construct()
 3 SYSTEMPATH\CodeIgniter.php(903): App\Controllers\vendor\Home->__construct()
 4 SYSTEMPATH\CodeIgniter.php(500): CodeIgniter\CodeIgniter->createController()
 5 SYSTEMPATH\CodeIgniter.php(355): CodeIgniter\CodeIgniter->handleRequest(null, Object(Config\Cache), false)
 6 SYSTEMPATH\Boot.php(325): CodeIgniter\CodeIgniter->run()
 7 SYSTEMPATH\Boot.php(67): CodeIgniter\Boot::runCodeIgniter(Object(CodeIgniter\CodeIgniter))
 8 FCPATH\index.php(56): CodeIgniter\Boot::bootWeb(Object(Config\Paths))
WARNING - 2025-02-13 09:40:29 --> [DEPRECATED] Creation of dynamic property IonAuth\Models\IonAuthModel::$hashMethod is deprecated in FCPATH\vendor\benedmunds\codeigniter-ion-auth\Models\IonAuthModel.php on line 234.
 1 APPPATH\Libraries\IonAuth.php(71): IonAuth\Models\IonAuthModel->__construct()
 2 APPPATH\Controllers\vendor\Home.php(17): App\Libraries\IonAuth->__construct()
 3 SYSTEMPATH\CodeIgniter.php(903): App\Controllers\vendor\Home->__construct()
 4 SYSTEMPATH\CodeIgniter.php(500): CodeIgniter\CodeIgniter->createController()
 5 SYSTEMPATH\CodeIgniter.php(355): CodeIgniter\CodeIgniter->handleRequest(null, Object(Config\Cache), false)
 6 SYSTEMPATH\Boot.php(325): CodeIgniter\CodeIgniter->run()
 7 SYSTEMPATH\Boot.php(67): CodeIgniter\Boot::runCodeIgniter(Object(CodeIgniter\CodeIgniter))
 8 FCPATH\index.php(56): CodeIgniter\Boot::bootWeb(Object(Config\Paths))
WARNING - 2025-02-13 09:40:29 --> [DEPRECATED] Creation of dynamic property IonAuth\Models\IonAuthModel::$messagesTemplates is deprecated in FCPATH\vendor\benedmunds\codeigniter-ion-auth\Models\IonAuthModel.php on line 237.
 1 APPPATH\Libraries\IonAuth.php(71): IonAuth\Models\IonAuthModel->__construct()
 2 APPPATH\Controllers\vendor\Home.php(17): App\Libraries\IonAuth->__construct()
 3 SYSTEMPATH\CodeIgniter.php(903): App\Controllers\vendor\Home->__construct()
 4 SYSTEMPATH\CodeIgniter.php(500): CodeIgniter\CodeIgniter->createController()
 5 SYSTEMPATH\CodeIgniter.php(355): CodeIgniter\CodeIgniter->handleRequest(null, Object(Config\Cache), false)
 6 SYSTEMPATH\Boot.php(325): CodeIgniter\CodeIgniter->run()
 7 SYSTEMPATH\Boot.php(67): CodeIgniter\Boot::runCodeIgniter(Object(CodeIgniter\CodeIgniter))
 8 FCPATH\index.php(56): CodeIgniter\Boot::bootWeb(Object(Config\Paths))
INFO - 2025-02-13 09:40:30 --> Session: Class initialized using 'CodeIgniter\Session\Handlers\FileHandler' driver.
WARNING - 2025-02-13 09:40:30 --> [DEPRECATED] Creation of dynamic property IonAuth\Models\IonAuthModel::$join is deprecated in FCPATH\vendor\benedmunds\codeigniter-ion-auth\Models\IonAuthModel.php on line 231.
 1 APPPATH\Libraries\IonAuth.php(71): IonAuth\Models\IonAuthModel->__construct()
 2 APPPATH\Filters\CheckPermissions.php(16): App\Libraries\IonAuth->__construct()
 3 SYSTEMPATH\Filters\Filters.php(197): App\Filters\CheckPermissions->__construct()
 4 SYSTEMPATH\Filters\Filters.php(184): CodeIgniter\Filters\Filters->runBefore([...])
 5 SYSTEMPATH\CodeIgniter.php(481): CodeIgniter\Filters\Filters->run('vendor/home/fetch_purchases', 'before')
 6 SYSTEMPATH\CodeIgniter.php(355): CodeIgniter\CodeIgniter->handleRequest(null, Object(Config\Cache), false)
 7 SYSTEMPATH\Boot.php(325): CodeIgniter\CodeIgniter->run()
 8 SYSTEMPATH\Boot.php(67): CodeIgniter\Boot::runCodeIgniter(Object(CodeIgniter\CodeIgniter))
 9 FCPATH\index.php(56): CodeIgniter\Boot::bootWeb(Object(Config\Paths))
WARNING - 2025-02-13 09:40:30 --> [DEPRECATED] Creation of dynamic property IonAuth\Models\IonAuthModel::$hashMethod is deprecated in FCPATH\vendor\benedmunds\codeigniter-ion-auth\Models\IonAuthModel.php on line 234.
 1 APPPATH\Libraries\IonAuth.php(71): IonAuth\Models\IonAuthModel->__construct()
 2 APPPATH\Filters\CheckPermissions.php(16): App\Libraries\IonAuth->__construct()
 3 SYSTEMPATH\Filters\Filters.php(197): App\Filters\CheckPermissions->__construct()
 4 SYSTEMPATH\Filters\Filters.php(184): CodeIgniter\Filters\Filters->runBefore([...])
 5 SYSTEMPATH\CodeIgniter.php(481): CodeIgniter\Filters\Filters->run('vendor/home/fetch_purchases', 'before')
 6 SYSTEMPATH\CodeIgniter.php(355): CodeIgniter\CodeIgniter->handleRequest(null, Object(Config\Cache), false)
 7 SYSTEMPATH\Boot.php(325): CodeIgniter\CodeIgniter->run()
 8 SYSTEMPATH\Boot.php(67): CodeIgniter\Boot::runCodeIgniter(Object(CodeIgniter\CodeIgniter))
 9 FCPATH\index.php(56): CodeIgniter\Boot::bootWeb(Object(Config\Paths))
WARNING - 2025-02-13 09:40:30 --> [DEPRECATED] Creation of dynamic property IonAuth\Models\IonAuthModel::$messagesTemplates is deprecated in FCPATH\vendor\benedmunds\codeigniter-ion-auth\Models\IonAuthModel.php on line 237.
 1 APPPATH\Libraries\IonAuth.php(71): IonAuth\Models\IonAuthModel->__construct()
 2 APPPATH\Filters\CheckPermissions.php(16): App\Libraries\IonAuth->__construct()
 3 SYSTEMPATH\Filters\Filters.php(197): App\Filters\CheckPermissions->__construct()
 4 SYSTEMPATH\Filters\Filters.php(184): CodeIgniter\Filters\Filters->runBefore([...])
 5 SYSTEMPATH\CodeIgniter.php(481): CodeIgniter\Filters\Filters->run('vendor/home/fetch_purchases', 'before')
 6 SYSTEMPATH\CodeIgniter.php(355): CodeIgniter\CodeIgniter->handleRequest(null, Object(Config\Cache), false)
 7 SYSTEMPATH\Boot.php(325): CodeIgniter\CodeIgniter->run()
 8 SYSTEMPATH\Boot.php(67): CodeIgniter\Boot::runCodeIgniter(Object(CodeIgniter\CodeIgniter))
 9 FCPATH\index.php(56): CodeIgniter\Boot::bootWeb(Object(Config\Paths))
WARNING - 2025-02-13 09:40:31 --> [DEPRECATED] Creation of dynamic property IonAuth\Models\IonAuthModel::$join is deprecated in FCPATH\vendor\benedmunds\codeigniter-ion-auth\Models\IonAuthModel.php on line 231.
 1 APPPATH\Libraries\IonAuth.php(71): IonAuth\Models\IonAuthModel->__construct()
 2 APPPATH\Controllers\vendor\Home.php(17): App\Libraries\IonAuth->__construct()
 3 SYSTEMPATH\CodeIgniter.php(903): App\Controllers\vendor\Home->__construct()
 4 SYSTEMPATH\CodeIgniter.php(500): CodeIgniter\CodeIgniter->createController()
 5 SYSTEMPATH\CodeIgniter.php(355): CodeIgniter\CodeIgniter->handleRequest(null, Object(Config\Cache), false)
 6 SYSTEMPATH\Boot.php(325): CodeIgniter\CodeIgniter->run()
 7 SYSTEMPATH\Boot.php(67): CodeIgniter\Boot::runCodeIgniter(Object(CodeIgniter\CodeIgniter))
 8 FCPATH\index.php(56): CodeIgniter\Boot::bootWeb(Object(Config\Paths))
WARNING - 2025-02-13 09:40:31 --> [DEPRECATED] Creation of dynamic property IonAuth\Models\IonAuthModel::$hashMethod is deprecated in FCPATH\vendor\benedmunds\codeigniter-ion-auth\Models\IonAuthModel.php on line 234.
 1 APPPATH\Libraries\IonAuth.php(71): IonAuth\Models\IonAuthModel->__construct()
 2 APPPATH\Controllers\vendor\Home.php(17): App\Libraries\IonAuth->__construct()
 3 SYSTEMPATH\CodeIgniter.php(903): App\Controllers\vendor\Home->__construct()
 4 SYSTEMPATH\CodeIgniter.php(500): CodeIgniter\CodeIgniter->createController()
 5 SYSTEMPATH\CodeIgniter.php(355): CodeIgniter\CodeIgniter->handleRequest(null, Object(Config\Cache), false)
 6 SYSTEMPATH\Boot.php(325): CodeIgniter\CodeIgniter->run()
 7 SYSTEMPATH\Boot.php(67): CodeIgniter\Boot::runCodeIgniter(Object(CodeIgniter\CodeIgniter))
 8 FCPATH\index.php(56): CodeIgniter\Boot::bootWeb(Object(Config\Paths))
WARNING - 2025-02-13 09:40:31 --> [DEPRECATED] Creation of dynamic property IonAuth\Models\IonAuthModel::$messagesTemplates is deprecated in FCPATH\vendor\benedmunds\codeigniter-ion-auth\Models\IonAuthModel.php on line 237.
 1 APPPATH\Libraries\IonAuth.php(71): IonAuth\Models\IonAuthModel->__construct()
 2 APPPATH\Controllers\vendor\Home.php(17): App\Libraries\IonAuth->__construct()
 3 SYSTEMPATH\CodeIgniter.php(903): App\Controllers\vendor\Home->__construct()
 4 SYSTEMPATH\CodeIgniter.php(500): CodeIgniter\CodeIgniter->createController()
 5 SYSTEMPATH\CodeIgniter.php(355): CodeIgniter\CodeIgniter->handleRequest(null, Object(Config\Cache), false)
 6 SYSTEMPATH\Boot.php(325): CodeIgniter\CodeIgniter->run()
 7 SYSTEMPATH\Boot.php(67): CodeIgniter\Boot::runCodeIgniter(Object(CodeIgniter\CodeIgniter))
 8 FCPATH\index.php(56): CodeIgniter\Boot::bootWeb(Object(Config\Paths))
WARNING - 2025-02-13 15:10:31 --> [DEPRECATED] Creation of dynamic property IonAuth\Models\IonAuthModel::$join is deprecated in FCPATH\vendor\benedmunds\codeigniter-ion-auth\Models\IonAuthModel.php on line 231.
 1 APPPATH\Libraries\IonAuth.php(71): IonAuth\Models\IonAuthModel->__construct()
 2 APPPATH\Filters\CheckPermissions.php(16): App\Libraries\IonAuth->__construct()
 3 SYSTEMPATH\Filters\Filters.php(235): App\Filters\CheckPermissions->__construct()
 4 SYSTEMPATH\Filters\Filters.php(188): CodeIgniter\Filters\Filters->runAfter([...])
 5 SYSTEMPATH\CodeIgniter.php(527): CodeIgniter\Filters\Filters->run('vendor/home/fetch_purchases', 'after')
 6 SYSTEMPATH\CodeIgniter.php(355): CodeIgniter\CodeIgniter->handleRequest(null, Object(Config\Cache), false)
 7 SYSTEMPATH\Boot.php(325): CodeIgniter\CodeIgniter->run()
 8 SYSTEMPATH\Boot.php(67): CodeIgniter\Boot::runCodeIgniter(Object(CodeIgniter\CodeIgniter))
 9 FCPATH\index.php(56): CodeIgniter\Boot::bootWeb(Object(Config\Paths))
WARNING - 2025-02-13 15:10:31 --> [DEPRECATED] Creation of dynamic property IonAuth\Models\IonAuthModel::$hashMethod is deprecated in FCPATH\vendor\benedmunds\codeigniter-ion-auth\Models\IonAuthModel.php on line 234.
 1 APPPATH\Libraries\IonAuth.php(71): IonAuth\Models\IonAuthModel->__construct()
 2 APPPATH\Filters\CheckPermissions.php(16): App\Libraries\IonAuth->__construct()
 3 SYSTEMPATH\Filters\Filters.php(235): App\Filters\CheckPermissions->__construct()
 4 SYSTEMPATH\Filters\Filters.php(188): CodeIgniter\Filters\Filters->runAfter([...])
 5 SYSTEMPATH\CodeIgniter.php(527): CodeIgniter\Filters\Filters->run('vendor/home/fetch_purchases', 'after')
 6 SYSTEMPATH\CodeIgniter.php(355): CodeIgniter\CodeIgniter->handleRequest(null, Object(Config\Cache), false)
 7 SYSTEMPATH\Boot.php(325): CodeIgniter\CodeIgniter->run()
 8 SYSTEMPATH\Boot.php(67): CodeIgniter\Boot::runCodeIgniter(Object(CodeIgniter\CodeIgniter))
 9 FCPATH\index.php(56): CodeIgniter\Boot::bootWeb(Object(Config\Paths))
WARNING - 2025-02-13 15:10:31 --> [DEPRECATED] Creation of dynamic property IonAuth\Models\IonAuthModel::$messagesTemplates is deprecated in FCPATH\vendor\benedmunds\codeigniter-ion-auth\Models\IonAuthModel.php on line 237.
 1 APPPATH\Libraries\IonAuth.php(71): IonAuth\Models\IonAuthModel->__construct()
 2 APPPATH\Filters\CheckPermissions.php(16): App\Libraries\IonAuth->__construct()
 3 SYSTEMPATH\Filters\Filters.php(235): App\Filters\CheckPermissions->__construct()
 4 SYSTEMPATH\Filters\Filters.php(188): CodeIgniter\Filters\Filters->runAfter([...])
 5 SYSTEMPATH\CodeIgniter.php(527): CodeIgniter\Filters\Filters->run('vendor/home/fetch_purchases', 'after')
 6 SYSTEMPATH\CodeIgniter.php(355): CodeIgniter\CodeIgniter->handleRequest(null, Object(Config\Cache), false)
 7 SYSTEMPATH\Boot.php(325): CodeIgniter\CodeIgniter->run()
 8 SYSTEMPATH\Boot.php(67): CodeIgniter\Boot::runCodeIgniter(Object(CodeIgniter\CodeIgniter))
 9 FCPATH\index.php(56): CodeIgniter\Boot::bootWeb(Object(Config\Paths))
INFO - 2025-02-13 09:40:31 --> Session: Class initialized using 'CodeIgniter\Session\Handlers\FileHandler' driver.
WARNING - 2025-02-13 09:40:31 --> [DEPRECATED] Creation of dynamic property IonAuth\Models\IonAuthModel::$join is deprecated in FCPATH\vendor\benedmunds\codeigniter-ion-auth\Models\IonAuthModel.php on line 231.
 1 APPPATH\Libraries\IonAuth.php(71): IonAuth\Models\IonAuthModel->__construct()
 2 APPPATH\Controllers\vendor\Home.php(17): App\Libraries\IonAuth->__construct()
 3 SYSTEMPATH\CodeIgniter.php(903): App\Controllers\vendor\Home->__construct()
 4 SYSTEMPATH\CodeIgniter.php(500): CodeIgniter\CodeIgniter->createController()
 5 SYSTEMPATH\CodeIgniter.php(355): CodeIgniter\CodeIgniter->handleRequest(null, Object(Config\Cache), false)
 6 SYSTEMPATH\Boot.php(325): CodeIgniter\CodeIgniter->run()
 7 SYSTEMPATH\Boot.php(67): CodeIgniter\Boot::runCodeIgniter(Object(CodeIgniter\CodeIgniter))
 8 FCPATH\index.php(56): CodeIgniter\Boot::bootWeb(Object(Config\Paths))
WARNING - 2025-02-13 09:40:31 --> [DEPRECATED] Creation of dynamic property IonAuth\Models\IonAuthModel::$hashMethod is deprecated in FCPATH\vendor\benedmunds\codeigniter-ion-auth\Models\IonAuthModel.php on line 234.
 1 APPPATH\Libraries\IonAuth.php(71): IonAuth\Models\IonAuthModel->__construct()
 2 APPPATH\Controllers\vendor\Home.php(17): App\Libraries\IonAuth->__construct()
 3 SYSTEMPATH\CodeIgniter.php(903): App\Controllers\vendor\Home->__construct()
 4 SYSTEMPATH\CodeIgniter.php(500): CodeIgniter\CodeIgniter->createController()
 5 SYSTEMPATH\CodeIgniter.php(355): CodeIgniter\CodeIgniter->handleRequest(null, Object(Config\Cache), false)
 6 SYSTEMPATH\Boot.php(325): CodeIgniter\CodeIgniter->run()
 7 SYSTEMPATH\Boot.php(67): CodeIgniter\Boot::runCodeIgniter(Object(CodeIgniter\CodeIgniter))
 8 FCPATH\index.php(56): CodeIgniter\Boot::bootWeb(Object(Config\Paths))
WARNING - 2025-02-13 09:40:31 --> [DEPRECATED] Creation of dynamic property IonAuth\Models\IonAuthModel::$messagesTemplates is deprecated in FCPATH\vendor\benedmunds\codeigniter-ion-auth\Models\IonAuthModel.php on line 237.
 1 APPPATH\Libraries\IonAuth.php(71): IonAuth\Models\IonAuthModel->__construct()
 2 APPPATH\Controllers\vendor\Home.php(17): App\Libraries\IonAuth->__construct()
 3 SYSTEMPATH\CodeIgniter.php(903): App\Controllers\vendor\Home->__construct()
 4 SYSTEMPATH\CodeIgniter.php(500): CodeIgniter\CodeIgniter->createController()
 5 SYSTEMPATH\CodeIgniter.php(355): CodeIgniter\CodeIgniter->handleRequest(null, Object(Config\Cache), false)
 6 SYSTEMPATH\Boot.php(325): CodeIgniter\CodeIgniter->run()
 7 SYSTEMPATH\Boot.php(67): CodeIgniter\Boot::runCodeIgniter(Object(CodeIgniter\CodeIgniter))
 8 FCPATH\index.php(56): CodeIgniter\Boot::bootWeb(Object(Config\Paths))
INFO - 2025-02-13 09:40:31 --> Session: Class initialized using 'CodeIgniter\Session\Handlers\FileHandler' driver.
WARNING - 2025-02-13 09:40:31 --> [DEPRECATED] Creation of dynamic property IonAuth\Models\IonAuthModel::$join is deprecated in FCPATH\vendor\benedmunds\codeigniter-ion-auth\Models\IonAuthModel.php on line 231.
 1 APPPATH\Libraries\IonAuth.php(71): IonAuth\Models\IonAuthModel->__construct()
 2 APPPATH\Filters\CheckPermissions.php(16): App\Libraries\IonAuth->__construct()
 3 SYSTEMPATH\Filters\Filters.php(197): App\Filters\CheckPermissions->__construct()
 4 SYSTEMPATH\Filters\Filters.php(184): CodeIgniter\Filters\Filters->runBefore([...])
 5 SYSTEMPATH\CodeIgniter.php(481): CodeIgniter\Filters\Filters->run('vendor/home/fetch_sales', 'before')
 6 SYSTEMPATH\CodeIgniter.php(355): CodeIgniter\CodeIgniter->handleRequest(null, Object(Config\Cache), false)
 7 SYSTEMPATH\Boot.php(325): CodeIgniter\CodeIgniter->run()
 8 SYSTEMPATH\Boot.php(67): CodeIgniter\Boot::runCodeIgniter(Object(CodeIgniter\CodeIgniter))
 9 FCPATH\index.php(56): CodeIgniter\Boot::bootWeb(Object(Config\Paths))
WARNING - 2025-02-13 09:40:31 --> [DEPRECATED] Creation of dynamic property IonAuth\Models\IonAuthModel::$hashMethod is deprecated in FCPATH\vendor\benedmunds\codeigniter-ion-auth\Models\IonAuthModel.php on line 234.
 1 APPPATH\Libraries\IonAuth.php(71): IonAuth\Models\IonAuthModel->__construct()
 2 APPPATH\Filters\CheckPermissions.php(16): App\Libraries\IonAuth->__construct()
 3 SYSTEMPATH\Filters\Filters.php(197): App\Filters\CheckPermissions->__construct()
 4 SYSTEMPATH\Filters\Filters.php(184): CodeIgniter\Filters\Filters->runBefore([...])
 5 SYSTEMPATH\CodeIgniter.php(481): CodeIgniter\Filters\Filters->run('vendor/home/fetch_sales', 'before')
 6 SYSTEMPATH\CodeIgniter.php(355): CodeIgniter\CodeIgniter->handleRequest(null, Object(Config\Cache), false)
 7 SYSTEMPATH\Boot.php(325): CodeIgniter\CodeIgniter->run()
 8 SYSTEMPATH\Boot.php(67): CodeIgniter\Boot::runCodeIgniter(Object(CodeIgniter\CodeIgniter))
 9 FCPATH\index.php(56): CodeIgniter\Boot::bootWeb(Object(Config\Paths))
WARNING - 2025-02-13 09:40:31 --> [DEPRECATED] Creation of dynamic property IonAuth\Models\IonAuthModel::$messagesTemplates is deprecated in FCPATH\vendor\benedmunds\codeigniter-ion-auth\Models\IonAuthModel.php on line 237.
 1 APPPATH\Libraries\IonAuth.php(71): IonAuth\Models\IonAuthModel->__construct()
 2 APPPATH\Filters\CheckPermissions.php(16): App\Libraries\IonAuth->__construct()
 3 SYSTEMPATH\Filters\Filters.php(197): App\Filters\CheckPermissions->__construct()
 4 SYSTEMPATH\Filters\Filters.php(184): CodeIgniter\Filters\Filters->runBefore([...])
 5 SYSTEMPATH\CodeIgniter.php(481): CodeIgniter\Filters\Filters->run('vendor/home/fetch_sales', 'before')
 6 SYSTEMPATH\CodeIgniter.php(355): CodeIgniter\CodeIgniter->handleRequest(null, Object(Config\Cache), false)
 7 SYSTEMPATH\Boot.php(325): CodeIgniter\CodeIgniter->run()
 8 SYSTEMPATH\Boot.php(67): CodeIgniter\Boot::runCodeIgniter(Object(CodeIgniter\CodeIgniter))
 9 FCPATH\index.php(56): CodeIgniter\Boot::bootWeb(Object(Config\Paths))
WARNING - 2025-02-13 09:40:31 --> [DEPRECATED] Creation of dynamic property IonAuth\Models\IonAuthModel::$join is deprecated in FCPATH\vendor\benedmunds\codeigniter-ion-auth\Models\IonAuthModel.php on line 231.
 1 APPPATH\Libraries\IonAuth.php(71): IonAuth\Models\IonAuthModel->__construct()
 2 APPPATH\Controllers\vendor\Home.php(17): App\Libraries\IonAuth->__construct()
 3 SYSTEMPATH\CodeIgniter.php(903): App\Controllers\vendor\Home->__construct()
 4 SYSTEMPATH\CodeIgniter.php(500): CodeIgniter\CodeIgniter->createController()
 5 SYSTEMPATH\CodeIgniter.php(355): CodeIgniter\CodeIgniter->handleRequest(null, Object(Config\Cache), false)
 6 SYSTEMPATH\Boot.php(325): CodeIgniter\CodeIgniter->run()
 7 SYSTEMPATH\Boot.php(67): CodeIgniter\Boot::runCodeIgniter(Object(CodeIgniter\CodeIgniter))
 8 FCPATH\index.php(56): CodeIgniter\Boot::bootWeb(Object(Config\Paths))
WARNING - 2025-02-13 09:40:31 --> [DEPRECATED] Creation of dynamic property IonAuth\Models\IonAuthModel::$hashMethod is deprecated in FCPATH\vendor\benedmunds\codeigniter-ion-auth\Models\IonAuthModel.php on line 234.
 1 APPPATH\Libraries\IonAuth.php(71): IonAuth\Models\IonAuthModel->__construct()
 2 APPPATH\Controllers\vendor\Home.php(17): App\Libraries\IonAuth->__construct()
 3 SYSTEMPATH\CodeIgniter.php(903): App\Controllers\vendor\Home->__construct()
 4 SYSTEMPATH\CodeIgniter.php(500): CodeIgniter\CodeIgniter->createController()
 5 SYSTEMPATH\CodeIgniter.php(355): CodeIgniter\CodeIgniter->handleRequest(null, Object(Config\Cache), false)
 6 SYSTEMPATH\Boot.php(325): CodeIgniter\CodeIgniter->run()
 7 SYSTEMPATH\Boot.php(67): CodeIgniter\Boot::runCodeIgniter(Object(CodeIgniter\CodeIgniter))
 8 FCPATH\index.php(56): CodeIgniter\Boot::bootWeb(Object(Config\Paths))
WARNING - 2025-02-13 09:40:31 --> [DEPRECATED] Creation of dynamic property IonAuth\Models\IonAuthModel::$messagesTemplates is deprecated in FCPATH\vendor\benedmunds\codeigniter-ion-auth\Models\IonAuthModel.php on line 237.
 1 APPPATH\Libraries\IonAuth.php(71): IonAuth\Models\IonAuthModel->__construct()
 2 APPPATH\Controllers\vendor\Home.php(17): App\Libraries\IonAuth->__construct()
 3 SYSTEMPATH\CodeIgniter.php(903): App\Controllers\vendor\Home->__construct()
 4 SYSTEMPATH\CodeIgniter.php(500): CodeIgniter\CodeIgniter->createController()
 5 SYSTEMPATH\CodeIgniter.php(355): CodeIgniter\CodeIgniter->handleRequest(null, Object(Config\Cache), false)
 6 SYSTEMPATH\Boot.php(325): CodeIgniter\CodeIgniter->run()
 7 SYSTEMPATH\Boot.php(67): CodeIgniter\Boot::runCodeIgniter(Object(CodeIgniter\CodeIgniter))
 8 FCPATH\index.php(56): CodeIgniter\Boot::bootWeb(Object(Config\Paths))
WARNING - 2025-02-13 15:10:31 --> [DEPRECATED] Creation of dynamic property IonAuth\Models\IonAuthModel::$join is deprecated in FCPATH\vendor\benedmunds\codeigniter-ion-auth\Models\IonAuthModel.php on line 231.
 1 APPPATH\Libraries\IonAuth.php(71): IonAuth\Models\IonAuthModel->__construct()
 2 APPPATH\Filters\CheckPermissions.php(16): App\Libraries\IonAuth->__construct()
 3 SYSTEMPATH\Filters\Filters.php(235): App\Filters\CheckPermissions->__construct()
 4 SYSTEMPATH\Filters\Filters.php(188): CodeIgniter\Filters\Filters->runAfter([...])
 5 SYSTEMPATH\CodeIgniter.php(527): CodeIgniter\Filters\Filters->run('vendor/home/fetch_sales', 'after')
 6 SYSTEMPATH\CodeIgniter.php(355): CodeIgniter\CodeIgniter->handleRequest(null, Object(Config\Cache), false)
 7 SYSTEMPATH\Boot.php(325): CodeIgniter\CodeIgniter->run()
 8 SYSTEMPATH\Boot.php(67): CodeIgniter\Boot::runCodeIgniter(Object(CodeIgniter\CodeIgniter))
 9 FCPATH\index.php(56): CodeIgniter\Boot::bootWeb(Object(Config\Paths))
WARNING - 2025-02-13 15:10:31 --> [DEPRECATED] Creation of dynamic property IonAuth\Models\IonAuthModel::$hashMethod is deprecated in FCPATH\vendor\benedmunds\codeigniter-ion-auth\Models\IonAuthModel.php on line 234.
 1 APPPATH\Libraries\IonAuth.php(71): IonAuth\Models\IonAuthModel->__construct()
 2 APPPATH\Filters\CheckPermissions.php(16): App\Libraries\IonAuth->__construct()
 3 SYSTEMPATH\Filters\Filters.php(235): App\Filters\CheckPermissions->__construct()
 4 SYSTEMPATH\Filters\Filters.php(188): CodeIgniter\Filters\Filters->runAfter([...])
 5 SYSTEMPATH\CodeIgniter.php(527): CodeIgniter\Filters\Filters->run('vendor/home/fetch_sales', 'after')
 6 SYSTEMPATH\CodeIgniter.php(355): CodeIgniter\CodeIgniter->handleRequest(null, Object(Config\Cache), false)
 7 SYSTEMPATH\Boot.php(325): CodeIgniter\CodeIgniter->run()
 8 SYSTEMPATH\Boot.php(67): CodeIgniter\Boot::runCodeIgniter(Object(CodeIgniter\CodeIgniter))
 9 FCPATH\index.php(56): CodeIgniter\Boot::bootWeb(Object(Config\Paths))
WARNING - 2025-02-13 15:10:31 --> [DEPRECATED] Creation of dynamic property IonAuth\Models\IonAuthModel::$messagesTemplates is deprecated in FCPATH\vendor\benedmunds\codeigniter-ion-auth\Models\IonAuthModel.php on line 237.
 1 APPPATH\Libraries\IonAuth.php(71): IonAuth\Models\IonAuthModel->__construct()
 2 APPPATH\Filters\CheckPermissions.php(16): App\Libraries\IonAuth->__construct()
 3 SYSTEMPATH\Filters\Filters.php(235): App\Filters\CheckPermissions->__construct()
 4 SYSTEMPATH\Filters\Filters.php(188): CodeIgniter\Filters\Filters->runAfter([...])
 5 SYSTEMPATH\CodeIgniter.php(527): CodeIgniter\Filters\Filters->run('vendor/home/fetch_sales', 'after')
 6 SYSTEMPATH\CodeIgniter.php(355): CodeIgniter\CodeIgniter->handleRequest(null, Object(Config\Cache), false)
 7 SYSTEMPATH\Boot.php(325): CodeIgniter\CodeIgniter->run()
 8 SYSTEMPATH\Boot.php(67): CodeIgniter\Boot::runCodeIgniter(Object(CodeIgniter\CodeIgniter))
 9 FCPATH\index.php(56): CodeIgniter\Boot::bootWeb(Object(Config\Paths))
INFO - 2025-02-13 09:40:31 --> Session: Class initialized using 'CodeIgniter\Session\Handlers\FileHandler' driver.
WARNING - 2025-02-13 09:40:31 --> [DEPRECATED] Creation of dynamic property IonAuth\Models\IonAuthModel::$join is deprecated in FCPATH\vendor\benedmunds\codeigniter-ion-auth\Models\IonAuthModel.php on line 231.
 1 APPPATH\Libraries\IonAuth.php(71): IonAuth\Models\IonAuthModel->__construct()
 2 APPPATH\Filters\CheckPermissions.php(16): App\Libraries\IonAuth->__construct()
 3 SYSTEMPATH\Filters\Filters.php(197): App\Filters\CheckPermissions->__construct()
 4 SYSTEMPATH\Filters\Filters.php(184): CodeIgniter\Filters\Filters->runBefore([...])
 5 SYSTEMPATH\CodeIgniter.php(481): CodeIgniter\Filters\Filters->run('vendor/home/fetch_data', 'before')
 6 SYSTEMPATH\CodeIgniter.php(355): CodeIgniter\CodeIgniter->handleRequest(null, Object(Config\Cache), false)
 7 SYSTEMPATH\Boot.php(325): CodeIgniter\CodeIgniter->run()
 8 SYSTEMPATH\Boot.php(67): CodeIgniter\Boot::runCodeIgniter(Object(CodeIgniter\CodeIgniter))
 9 FCPATH\index.php(56): CodeIgniter\Boot::bootWeb(Object(Config\Paths))
WARNING - 2025-02-13 09:40:31 --> [DEPRECATED] Creation of dynamic property IonAuth\Models\IonAuthModel::$hashMethod is deprecated in FCPATH\vendor\benedmunds\codeigniter-ion-auth\Models\IonAuthModel.php on line 234.
 1 APPPATH\Libraries\IonAuth.php(71): IonAuth\Models\IonAuthModel->__construct()
 2 APPPATH\Filters\CheckPermissions.php(16): App\Libraries\IonAuth->__construct()
 3 SYSTEMPATH\Filters\Filters.php(197): App\Filters\CheckPermissions->__construct()
 4 SYSTEMPATH\Filters\Filters.php(184): CodeIgniter\Filters\Filters->runBefore([...])
 5 SYSTEMPATH\CodeIgniter.php(481): CodeIgniter\Filters\Filters->run('vendor/home/fetch_data', 'before')
 6 SYSTEMPATH\CodeIgniter.php(355): CodeIgniter\CodeIgniter->handleRequest(null, Object(Config\Cache), false)
 7 SYSTEMPATH\Boot.php(325): CodeIgniter\CodeIgniter->run()
 8 SYSTEMPATH\Boot.php(67): CodeIgniter\Boot::runCodeIgniter(Object(CodeIgniter\CodeIgniter))
 9 FCPATH\index.php(56): CodeIgniter\Boot::bootWeb(Object(Config\Paths))
WARNING - 2025-02-13 09:40:31 --> [DEPRECATED] Creation of dynamic property IonAuth\Models\IonAuthModel::$messagesTemplates is deprecated in FCPATH\vendor\benedmunds\codeigniter-ion-auth\Models\IonAuthModel.php on line 237.
 1 APPPATH\Libraries\IonAuth.php(71): IonAuth\Models\IonAuthModel->__construct()
 2 APPPATH\Filters\CheckPermissions.php(16): App\Libraries\IonAuth->__construct()
 3 SYSTEMPATH\Filters\Filters.php(197): App\Filters\CheckPermissions->__construct()
 4 SYSTEMPATH\Filters\Filters.php(184): CodeIgniter\Filters\Filters->runBefore([...])
 5 SYSTEMPATH\CodeIgniter.php(481): CodeIgniter\Filters\Filters->run('vendor/home/fetch_data', 'before')
 6 SYSTEMPATH\CodeIgniter.php(355): CodeIgniter\CodeIgniter->handleRequest(null, Object(Config\Cache), false)
 7 SYSTEMPATH\Boot.php(325): CodeIgniter\CodeIgniter->run()
 8 SYSTEMPATH\Boot.php(67): CodeIgniter\Boot::runCodeIgniter(Object(CodeIgniter\CodeIgniter))
 9 FCPATH\index.php(56): CodeIgniter\Boot::bootWeb(Object(Config\Paths))
WARNING - 2025-02-13 09:40:31 --> [DEPRECATED] Creation of dynamic property IonAuth\Models\IonAuthModel::$join is deprecated in FCPATH\vendor\benedmunds\codeigniter-ion-auth\Models\IonAuthModel.php on line 231.
 1 APPPATH\Libraries\IonAuth.php(71): IonAuth\Models\IonAuthModel->__construct()
 2 APPPATH\Controllers\vendor\Home.php(17): App\Libraries\IonAuth->__construct()
 3 SYSTEMPATH\CodeIgniter.php(903): App\Controllers\vendor\Home->__construct()
 4 SYSTEMPATH\CodeIgniter.php(500): CodeIgniter\CodeIgniter->createController()
 5 SYSTEMPATH\CodeIgniter.php(355): CodeIgniter\CodeIgniter->handleRequest(null, Object(Config\Cache), false)
 6 SYSTEMPATH\Boot.php(325): CodeIgniter\CodeIgniter->run()
 7 SYSTEMPATH\Boot.php(67): CodeIgniter\Boot::runCodeIgniter(Object(CodeIgniter\CodeIgniter))
 8 FCPATH\index.php(56): CodeIgniter\Boot::bootWeb(Object(Config\Paths))
WARNING - 2025-02-13 09:40:31 --> [DEPRECATED] Creation of dynamic property IonAuth\Models\IonAuthModel::$hashMethod is deprecated in FCPATH\vendor\benedmunds\codeigniter-ion-auth\Models\IonAuthModel.php on line 234.
 1 APPPATH\Libraries\IonAuth.php(71): IonAuth\Models\IonAuthModel->__construct()
 2 APPPATH\Controllers\vendor\Home.php(17): App\Libraries\IonAuth->__construct()
 3 SYSTEMPATH\CodeIgniter.php(903): App\Controllers\vendor\Home->__construct()
 4 SYSTEMPATH\CodeIgniter.php(500): CodeIgniter\CodeIgniter->createController()
 5 SYSTEMPATH\CodeIgniter.php(355): CodeIgniter\CodeIgniter->handleRequest(null, Object(Config\Cache), false)
 6 SYSTEMPATH\Boot.php(325): CodeIgniter\CodeIgniter->run()
 7 SYSTEMPATH\Boot.php(67): CodeIgniter\Boot::runCodeIgniter(Object(CodeIgniter\CodeIgniter))
 8 FCPATH\index.php(56): CodeIgniter\Boot::bootWeb(Object(Config\Paths))
WARNING - 2025-02-13 09:40:31 --> [DEPRECATED] Creation of dynamic property IonAuth\Models\IonAuthModel::$messagesTemplates is deprecated in FCPATH\vendor\benedmunds\codeigniter-ion-auth\Models\IonAuthModel.php on line 237.
 1 APPPATH\Libraries\IonAuth.php(71): IonAuth\Models\IonAuthModel->__construct()
 2 APPPATH\Controllers\vendor\Home.php(17): App\Libraries\IonAuth->__construct()
 3 SYSTEMPATH\CodeIgniter.php(903): App\Controllers\vendor\Home->__construct()
 4 SYSTEMPATH\CodeIgniter.php(500): CodeIgniter\CodeIgniter->createController()
 5 SYSTEMPATH\CodeIgniter.php(355): CodeIgniter\CodeIgniter->handleRequest(null, Object(Config\Cache), false)
 6 SYSTEMPATH\Boot.php(325): CodeIgniter\CodeIgniter->run()
 7 SYSTEMPATH\Boot.php(67): CodeIgniter\Boot::runCodeIgniter(Object(CodeIgniter\CodeIgniter))
 8 FCPATH\index.php(56): CodeIgniter\Boot::bootWeb(Object(Config\Paths))
WARNING - 2025-02-13 15:10:31 --> [DEPRECATED] Creation of dynamic property IonAuth\Models\IonAuthModel::$join is deprecated in FCPATH\vendor\benedmunds\codeigniter-ion-auth\Models\IonAuthModel.php on line 231.
 1 APPPATH\Libraries\IonAuth.php(71): IonAuth\Models\IonAuthModel->__construct()
 2 APPPATH\Filters\CheckPermissions.php(16): App\Libraries\IonAuth->__construct()
 3 SYSTEMPATH\Filters\Filters.php(235): App\Filters\CheckPermissions->__construct()
 4 SYSTEMPATH\Filters\Filters.php(188): CodeIgniter\Filters\Filters->runAfter([...])
 5 SYSTEMPATH\CodeIgniter.php(527): CodeIgniter\Filters\Filters->run('vendor/home/fetch_data', 'after')
 6 SYSTEMPATH\CodeIgniter.php(355): CodeIgniter\CodeIgniter->handleRequest(null, Object(Config\Cache), false)
 7 SYSTEMPATH\Boot.php(325): CodeIgniter\CodeIgniter->run()
 8 SYSTEMPATH\Boot.php(67): CodeIgniter\Boot::runCodeIgniter(Object(CodeIgniter\CodeIgniter))
 9 FCPATH\index.php(56): CodeIgniter\Boot::bootWeb(Object(Config\Paths))
WARNING - 2025-02-13 15:10:31 --> [DEPRECATED] Creation of dynamic property IonAuth\Models\IonAuthModel::$hashMethod is deprecated in FCPATH\vendor\benedmunds\codeigniter-ion-auth\Models\IonAuthModel.php on line 234.
 1 APPPATH\Libraries\IonAuth.php(71): IonAuth\Models\IonAuthModel->__construct()
 2 APPPATH\Filters\CheckPermissions.php(16): App\Libraries\IonAuth->__construct()
 3 SYSTEMPATH\Filters\Filters.php(235): App\Filters\CheckPermissions->__construct()
 4 SYSTEMPATH\Filters\Filters.php(188): CodeIgniter\Filters\Filters->runAfter([...])
 5 SYSTEMPATH\CodeIgniter.php(527): CodeIgniter\Filters\Filters->run('vendor/home/fetch_data', 'after')
 6 SYSTEMPATH\CodeIgniter.php(355): CodeIgniter\CodeIgniter->handleRequest(null, Object(Config\Cache), false)
 7 SYSTEMPATH\Boot.php(325): CodeIgniter\CodeIgniter->run()
 8 SYSTEMPATH\Boot.php(67): CodeIgniter\Boot::runCodeIgniter(Object(CodeIgniter\CodeIgniter))
 9 FCPATH\index.php(56): CodeIgniter\Boot::bootWeb(Object(Config\Paths))
WARNING - 2025-02-13 15:10:31 --> [DEPRECATED] Creation of dynamic property IonAuth\Models\IonAuthModel::$messagesTemplates is deprecated in FCPATH\vendor\benedmunds\codeigniter-ion-auth\Models\IonAuthModel.php on line 237.
 1 APPPATH\Libraries\IonAuth.php(71): IonAuth\Models\IonAuthModel->__construct()
 2 APPPATH\Filters\CheckPermissions.php(16): App\Libraries\IonAuth->__construct()
 3 SYSTEMPATH\Filters\Filters.php(235): App\Filters\CheckPermissions->__construct()
 4 SYSTEMPATH\Filters\Filters.php(188): CodeIgniter\Filters\Filters->runAfter([...])
 5 SYSTEMPATH\CodeIgniter.php(527): CodeIgniter\Filters\Filters->run('vendor/home/fetch_data', 'after')
 6 SYSTEMPATH\CodeIgniter.php(355): CodeIgniter\CodeIgniter->handleRequest(null, Object(Config\Cache), false)
 7 SYSTEMPATH\Boot.php(325): CodeIgniter\CodeIgniter->run()
 8 SYSTEMPATH\Boot.php(67): CodeIgniter\Boot::runCodeIgniter(Object(CodeIgniter\CodeIgniter))
 9 FCPATH\index.php(56): CodeIgniter\Boot::bootWeb(Object(Config\Paths))
INFO - 2025-02-13 09:40:31 --> Session: Class initialized using 'CodeIgniter\Session\Handlers\FileHandler' driver.
WARNING - 2025-02-13 09:40:31 --> [DEPRECATED] Creation of dynamic property IonAuth\Models\IonAuthModel::$join is deprecated in FCPATH\vendor\benedmunds\codeigniter-ion-auth\Models\IonAuthModel.php on line 231.
 1 APPPATH\Libraries\IonAuth.php(71): IonAuth\Models\IonAuthModel->__construct()
 2 APPPATH\Filters\CheckPermissions.php(16): App\Libraries\IonAuth->__construct()
 3 SYSTEMPATH\Filters\Filters.php(197): App\Filters\CheckPermissions->__construct()
 4 SYSTEMPATH\Filters\Filters.php(184): CodeIgniter\Filters\Filters->runBefore([...])
 5 SYSTEMPATH\CodeIgniter.php(481): CodeIgniter\Filters\Filters->run('vendor/products/products_table', 'before')
 6 SYSTEMPATH\CodeIgniter.php(355): CodeIgniter\CodeIgniter->handleRequest(null, Object(Config\Cache), false)
 7 SYSTEMPATH\Boot.php(325): CodeIgniter\CodeIgniter->run()
 8 SYSTEMPATH\Boot.php(67): CodeIgniter\Boot::runCodeIgniter(Object(CodeIgniter\CodeIgniter))
 9 FCPATH\index.php(56): CodeIgniter\Boot::bootWeb(Object(Config\Paths))
WARNING - 2025-02-13 09:40:31 --> [DEPRECATED] Creation of dynamic property IonAuth\Models\IonAuthModel::$hashMethod is deprecated in FCPATH\vendor\benedmunds\codeigniter-ion-auth\Models\IonAuthModel.php on line 234.
 1 APPPATH\Libraries\IonAuth.php(71): IonAuth\Models\IonAuthModel->__construct()
 2 APPPATH\Filters\CheckPermissions.php(16): App\Libraries\IonAuth->__construct()
 3 SYSTEMPATH\Filters\Filters.php(197): App\Filters\CheckPermissions->__construct()
 4 SYSTEMPATH\Filters\Filters.php(184): CodeIgniter\Filters\Filters->runBefore([...])
 5 SYSTEMPATH\CodeIgniter.php(481): CodeIgniter\Filters\Filters->run('vendor/products/products_table', 'before')
 6 SYSTEMPATH\CodeIgniter.php(355): CodeIgniter\CodeIgniter->handleRequest(null, Object(Config\Cache), false)
 7 SYSTEMPATH\Boot.php(325): CodeIgniter\CodeIgniter->run()
 8 SYSTEMPATH\Boot.php(67): CodeIgniter\Boot::runCodeIgniter(Object(CodeIgniter\CodeIgniter))
 9 FCPATH\index.php(56): CodeIgniter\Boot::bootWeb(Object(Config\Paths))
WARNING - 2025-02-13 09:40:31 --> [DEPRECATED] Creation of dynamic property IonAuth\Models\IonAuthModel::$messagesTemplates is deprecated in FCPATH\vendor\benedmunds\codeigniter-ion-auth\Models\IonAuthModel.php on line 237.
 1 APPPATH\Libraries\IonAuth.php(71): IonAuth\Models\IonAuthModel->__construct()
 2 APPPATH\Filters\CheckPermissions.php(16): App\Libraries\IonAuth->__construct()
 3 SYSTEMPATH\Filters\Filters.php(197): App\Filters\CheckPermissions->__construct()
 4 SYSTEMPATH\Filters\Filters.php(184): CodeIgniter\Filters\Filters->runBefore([...])
 5 SYSTEMPATH\CodeIgniter.php(481): CodeIgniter\Filters\Filters->run('vendor/products/products_table', 'before')
 6 SYSTEMPATH\CodeIgniter.php(355): CodeIgniter\CodeIgniter->handleRequest(null, Object(Config\Cache), false)
 7 SYSTEMPATH\Boot.php(325): CodeIgniter\CodeIgniter->run()
 8 SYSTEMPATH\Boot.php(67): CodeIgniter\Boot::runCodeIgniter(Object(CodeIgniter\CodeIgniter))
 9 FCPATH\index.php(56): CodeIgniter\Boot::bootWeb(Object(Config\Paths))
WARNING - 2025-02-13 09:40:31 --> [DEPRECATED] Creation of dynamic property IonAuth\Models\IonAuthModel::$join is deprecated in FCPATH\vendor\benedmunds\codeigniter-ion-auth\Models\IonAuthModel.php on line 231.
 1 APPPATH\Libraries\IonAuth.php(71): IonAuth\Models\IonAuthModel->__construct()
 2 APPPATH\Controllers\vendor\Products.php(25): App\Libraries\IonAuth->__construct()
 3 SYSTEMPATH\CodeIgniter.php(903): App\Controllers\vendor\Products->__construct()
 4 SYSTEMPATH\CodeIgniter.php(500): CodeIgniter\CodeIgniter->createController()
 5 SYSTEMPATH\CodeIgniter.php(355): CodeIgniter\CodeIgniter->handleRequest(null, Object(Config\Cache), false)
 6 SYSTEMPATH\Boot.php(325): CodeIgniter\CodeIgniter->run()
 7 SYSTEMPATH\Boot.php(67): CodeIgniter\Boot::runCodeIgniter(Object(CodeIgniter\CodeIgniter))
 8 FCPATH\index.php(56): CodeIgniter\Boot::bootWeb(Object(Config\Paths))
WARNING - 2025-02-13 09:40:31 --> [DEPRECATED] Creation of dynamic property IonAuth\Models\IonAuthModel::$hashMethod is deprecated in FCPATH\vendor\benedmunds\codeigniter-ion-auth\Models\IonAuthModel.php on line 234.
 1 APPPATH\Libraries\IonAuth.php(71): IonAuth\Models\IonAuthModel->__construct()
 2 APPPATH\Controllers\vendor\Products.php(25): App\Libraries\IonAuth->__construct()
 3 SYSTEMPATH\CodeIgniter.php(903): App\Controllers\vendor\Products->__construct()
 4 SYSTEMPATH\CodeIgniter.php(500): CodeIgniter\CodeIgniter->createController()
 5 SYSTEMPATH\CodeIgniter.php(355): CodeIgniter\CodeIgniter->handleRequest(null, Object(Config\Cache), false)
 6 SYSTEMPATH\Boot.php(325): CodeIgniter\CodeIgniter->run()
 7 SYSTEMPATH\Boot.php(67): CodeIgniter\Boot::runCodeIgniter(Object(CodeIgniter\CodeIgniter))
 8 FCPATH\index.php(56): CodeIgniter\Boot::bootWeb(Object(Config\Paths))
WARNING - 2025-02-13 09:40:31 --> [DEPRECATED] Creation of dynamic property IonAuth\Models\IonAuthModel::$messagesTemplates is deprecated in FCPATH\vendor\benedmunds\codeigniter-ion-auth\Models\IonAuthModel.php on line 237.
 1 APPPATH\Libraries\IonAuth.php(71): IonAuth\Models\IonAuthModel->__construct()
 2 APPPATH\Controllers\vendor\Products.php(25): App\Libraries\IonAuth->__construct()
 3 SYSTEMPATH\CodeIgniter.php(903): App\Controllers\vendor\Products->__construct()
 4 SYSTEMPATH\CodeIgniter.php(500): CodeIgniter\CodeIgniter->createController()
 5 SYSTEMPATH\CodeIgniter.php(355): CodeIgniter\CodeIgniter->handleRequest(null, Object(Config\Cache), false)
 6 SYSTEMPATH\Boot.php(325): CodeIgniter\CodeIgniter->run()
 7 SYSTEMPATH\Boot.php(67): CodeIgniter\Boot::runCodeIgniter(Object(CodeIgniter\CodeIgniter))
 8 FCPATH\index.php(56): CodeIgniter\Boot::bootWeb(Object(Config\Paths))
WARNING - 2025-02-13 15:10:31 --> [DEPRECATED] Creation of dynamic property IonAuth\Models\IonAuthModel::$join is deprecated in FCPATH\vendor\benedmunds\codeigniter-ion-auth\Models\IonAuthModel.php on line 231.
 1 APPPATH\Libraries\IonAuth.php(71): IonAuth\Models\IonAuthModel->__construct()
 2 APPPATH\Filters\CheckPermissions.php(16): App\Libraries\IonAuth->__construct()
 3 SYSTEMPATH\Filters\Filters.php(235): App\Filters\CheckPermissions->__construct()
 4 SYSTEMPATH\Filters\Filters.php(188): CodeIgniter\Filters\Filters->runAfter([...])
 5 SYSTEMPATH\CodeIgniter.php(527): CodeIgniter\Filters\Filters->run('vendor/products/products_table', 'after')
 6 SYSTEMPATH\CodeIgniter.php(355): CodeIgniter\CodeIgniter->handleRequest(null, Object(Config\Cache), false)
 7 SYSTEMPATH\Boot.php(325): CodeIgniter\CodeIgniter->run()
 8 SYSTEMPATH\Boot.php(67): CodeIgniter\Boot::runCodeIgniter(Object(CodeIgniter\CodeIgniter))
 9 FCPATH\index.php(56): CodeIgniter\Boot::bootWeb(Object(Config\Paths))
WARNING - 2025-02-13 15:10:31 --> [DEPRECATED] Creation of dynamic property IonAuth\Models\IonAuthModel::$hashMethod is deprecated in FCPATH\vendor\benedmunds\codeigniter-ion-auth\Models\IonAuthModel.php on line 234.
 1 APPPATH\Libraries\IonAuth.php(71): IonAuth\Models\IonAuthModel->__construct()
 2 APPPATH\Filters\CheckPermissions.php(16): App\Libraries\IonAuth->__construct()
 3 SYSTEMPATH\Filters\Filters.php(235): App\Filters\CheckPermissions->__construct()
 4 SYSTEMPATH\Filters\Filters.php(188): CodeIgniter\Filters\Filters->runAfter([...])
 5 SYSTEMPATH\CodeIgniter.php(527): CodeIgniter\Filters\Filters->run('vendor/products/products_table', 'after')
 6 SYSTEMPATH\CodeIgniter.php(355): CodeIgniter\CodeIgniter->handleRequest(null, Object(Config\Cache), false)
 7 SYSTEMPATH\Boot.php(325): CodeIgniter\CodeIgniter->run()
 8 SYSTEMPATH\Boot.php(67): CodeIgniter\Boot::runCodeIgniter(Object(CodeIgniter\CodeIgniter))
 9 FCPATH\index.php(56): CodeIgniter\Boot::bootWeb(Object(Config\Paths))
WARNING - 2025-02-13 15:10:31 --> [DEPRECATED] Creation of dynamic property IonAuth\Models\IonAuthModel::$messagesTemplates is deprecated in FCPATH\vendor\benedmunds\codeigniter-ion-auth\Models\IonAuthModel.php on line 237.
 1 APPPATH\Libraries\IonAuth.php(71): IonAuth\Models\IonAuthModel->__construct()
 2 APPPATH\Filters\CheckPermissions.php(16): App\Libraries\IonAuth->__construct()
 3 SYSTEMPATH\Filters\Filters.php(235): App\Filters\CheckPermissions->__construct()
 4 SYSTEMPATH\Filters\Filters.php(188): CodeIgniter\Filters\Filters->runAfter([...])
 5 SYSTEMPATH\CodeIgniter.php(527): CodeIgniter\Filters\Filters->run('vendor/products/products_table', 'after')
 6 SYSTEMPATH\CodeIgniter.php(355): CodeIgniter\CodeIgniter->handleRequest(null, Object(Config\Cache), false)
 7 SYSTEMPATH\Boot.php(325): CodeIgniter\CodeIgniter->run()
 8 SYSTEMPATH\Boot.php(67): CodeIgniter\Boot::runCodeIgniter(Object(CodeIgniter\CodeIgniter))
 9 FCPATH\index.php(56): CodeIgniter\Boot::bootWeb(Object(Config\Paths))
INFO - 2025-02-13 09:40:31 --> Session: Class initialized using 'CodeIgniter\Session\Handlers\FileHandler' driver.
WARNING - 2025-02-13 09:40:31 --> [DEPRECATED] Creation of dynamic property IonAuth\Models\IonAuthModel::$join is deprecated in FCPATH\vendor\benedmunds\codeigniter-ion-auth\Models\IonAuthModel.php on line 231.
 1 APPPATH\Libraries\IonAuth.php(71): IonAuth\Models\IonAuthModel->__construct()
 2 APPPATH\Filters\CheckPermissions.php(16): App\Libraries\IonAuth->__construct()
 3 SYSTEMPATH\Filters\Filters.php(197): App\Filters\CheckPermissions->__construct()
 4 SYSTEMPATH\Filters\Filters.php(184): CodeIgniter\Filters\Filters->runBefore([...])
 5 SYSTEMPATH\CodeIgniter.php(481): CodeIgniter\Filters\Filters->run('vendor/products/stock_alert', 'before')
 6 SYSTEMPATH\CodeIgniter.php(355): CodeIgniter\CodeIgniter->handleRequest(null, Object(Config\Cache), false)
 7 SYSTEMPATH\Boot.php(325): CodeIgniter\CodeIgniter->run()
 8 SYSTEMPATH\Boot.php(67): CodeIgniter\Boot::runCodeIgniter(Object(CodeIgniter\CodeIgniter))
 9 FCPATH\index.php(56): CodeIgniter\Boot::bootWeb(Object(Config\Paths))
WARNING - 2025-02-13 09:40:31 --> [DEPRECATED] Creation of dynamic property IonAuth\Models\IonAuthModel::$hashMethod is deprecated in FCPATH\vendor\benedmunds\codeigniter-ion-auth\Models\IonAuthModel.php on line 234.
 1 APPPATH\Libraries\IonAuth.php(71): IonAuth\Models\IonAuthModel->__construct()
 2 APPPATH\Filters\CheckPermissions.php(16): App\Libraries\IonAuth->__construct()
 3 SYSTEMPATH\Filters\Filters.php(197): App\Filters\CheckPermissions->__construct()
 4 SYSTEMPATH\Filters\Filters.php(184): CodeIgniter\Filters\Filters->runBefore([...])
 5 SYSTEMPATH\CodeIgniter.php(481): CodeIgniter\Filters\Filters->run('vendor/products/stock_alert', 'before')
 6 SYSTEMPATH\CodeIgniter.php(355): CodeIgniter\CodeIgniter->handleRequest(null, Object(Config\Cache), false)
 7 SYSTEMPATH\Boot.php(325): CodeIgniter\CodeIgniter->run()
 8 SYSTEMPATH\Boot.php(67): CodeIgniter\Boot::runCodeIgniter(Object(CodeIgniter\CodeIgniter))
 9 FCPATH\index.php(56): CodeIgniter\Boot::bootWeb(Object(Config\Paths))
WARNING - 2025-02-13 09:40:31 --> [DEPRECATED] Creation of dynamic property IonAuth\Models\IonAuthModel::$messagesTemplates is deprecated in FCPATH\vendor\benedmunds\codeigniter-ion-auth\Models\IonAuthModel.php on line 237.
 1 APPPATH\Libraries\IonAuth.php(71): IonAuth\Models\IonAuthModel->__construct()
 2 APPPATH\Filters\CheckPermissions.php(16): App\Libraries\IonAuth->__construct()
 3 SYSTEMPATH\Filters\Filters.php(197): App\Filters\CheckPermissions->__construct()
 4 SYSTEMPATH\Filters\Filters.php(184): CodeIgniter\Filters\Filters->runBefore([...])
 5 SYSTEMPATH\CodeIgniter.php(481): CodeIgniter\Filters\Filters->run('vendor/products/stock_alert', 'before')
 6 SYSTEMPATH\CodeIgniter.php(355): CodeIgniter\CodeIgniter->handleRequest(null, Object(Config\Cache), false)
 7 SYSTEMPATH\Boot.php(325): CodeIgniter\CodeIgniter->run()
 8 SYSTEMPATH\Boot.php(67): CodeIgniter\Boot::runCodeIgniter(Object(CodeIgniter\CodeIgniter))
 9 FCPATH\index.php(56): CodeIgniter\Boot::bootWeb(Object(Config\Paths))
WARNING - 2025-02-13 09:40:31 --> [DEPRECATED] Creation of dynamic property IonAuth\Models\IonAuthModel::$join is deprecated in FCPATH\vendor\benedmunds\codeigniter-ion-auth\Models\IonAuthModel.php on line 231.
 1 APPPATH\Libraries\IonAuth.php(71): IonAuth\Models\IonAuthModel->__construct()
 2 APPPATH\Controllers\vendor\Products.php(25): App\Libraries\IonAuth->__construct()
 3 SYSTEMPATH\CodeIgniter.php(903): App\Controllers\vendor\Products->__construct()
 4 SYSTEMPATH\CodeIgniter.php(500): CodeIgniter\CodeIgniter->createController()
 5 SYSTEMPATH\CodeIgniter.php(355): CodeIgniter\CodeIgniter->handleRequest(null, Object(Config\Cache), false)
 6 SYSTEMPATH\Boot.php(325): CodeIgniter\CodeIgniter->run()
 7 SYSTEMPATH\Boot.php(67): CodeIgniter\Boot::runCodeIgniter(Object(CodeIgniter\CodeIgniter))
 8 FCPATH\index.php(56): CodeIgniter\Boot::bootWeb(Object(Config\Paths))
WARNING - 2025-02-13 09:40:31 --> [DEPRECATED] Creation of dynamic property IonAuth\Models\IonAuthModel::$hashMethod is deprecated in FCPATH\vendor\benedmunds\codeigniter-ion-auth\Models\IonAuthModel.php on line 234.
 1 APPPATH\Libraries\IonAuth.php(71): IonAuth\Models\IonAuthModel->__construct()
 2 APPPATH\Controllers\vendor\Products.php(25): App\Libraries\IonAuth->__construct()
 3 SYSTEMPATH\CodeIgniter.php(903): App\Controllers\vendor\Products->__construct()
 4 SYSTEMPATH\CodeIgniter.php(500): CodeIgniter\CodeIgniter->createController()
 5 SYSTEMPATH\CodeIgniter.php(355): CodeIgniter\CodeIgniter->handleRequest(null, Object(Config\Cache), false)
 6 SYSTEMPATH\Boot.php(325): CodeIgniter\CodeIgniter->run()
 7 SYSTEMPATH\Boot.php(67): CodeIgniter\Boot::runCodeIgniter(Object(CodeIgniter\CodeIgniter))
 8 FCPATH\index.php(56): CodeIgniter\Boot::bootWeb(Object(Config\Paths))
WARNING - 2025-02-13 09:40:31 --> [DEPRECATED] Creation of dynamic property IonAuth\Models\IonAuthModel::$messagesTemplates is deprecated in FCPATH\vendor\benedmunds\codeigniter-ion-auth\Models\IonAuthModel.php on line 237.
 1 APPPATH\Libraries\IonAuth.php(71): IonAuth\Models\IonAuthModel->__construct()
 2 APPPATH\Controllers\vendor\Products.php(25): App\Libraries\IonAuth->__construct()
 3 SYSTEMPATH\CodeIgniter.php(903): App\Controllers\vendor\Products->__construct()
 4 SYSTEMPATH\CodeIgniter.php(500): CodeIgniter\CodeIgniter->createController()
 5 SYSTEMPATH\CodeIgniter.php(355): CodeIgniter\CodeIgniter->handleRequest(null, Object(Config\Cache), false)
 6 SYSTEMPATH\Boot.php(325): CodeIgniter\CodeIgniter->run()
 7 SYSTEMPATH\Boot.php(67): CodeIgniter\Boot::runCodeIgniter(Object(CodeIgniter\CodeIgniter))
 8 FCPATH\index.php(56): CodeIgniter\Boot::bootWeb(Object(Config\Paths))
WARNING - 2025-02-13 15:10:31 --> [DEPRECATED] Creation of dynamic property IonAuth\Models\IonAuthModel::$join is deprecated in FCPATH\vendor\benedmunds\codeigniter-ion-auth\Models\IonAuthModel.php on line 231.
 1 APPPATH\Libraries\IonAuth.php(71): IonAuth\Models\IonAuthModel->__construct()
 2 APPPATH\Filters\CheckPermissions.php(16): App\Libraries\IonAuth->__construct()
 3 SYSTEMPATH\Filters\Filters.php(235): App\Filters\CheckPermissions->__construct()
 4 SYSTEMPATH\Filters\Filters.php(188): CodeIgniter\Filters\Filters->runAfter([...])
 5 SYSTEMPATH\CodeIgniter.php(527): CodeIgniter\Filters\Filters->run('vendor/products/stock_alert', 'after')
 6 SYSTEMPATH\CodeIgniter.php(355): CodeIgniter\CodeIgniter->handleRequest(null, Object(Config\Cache), false)
 7 SYSTEMPATH\Boot.php(325): CodeIgniter\CodeIgniter->run()
 8 SYSTEMPATH\Boot.php(67): CodeIgniter\Boot::runCodeIgniter(Object(CodeIgniter\CodeIgniter))
 9 FCPATH\index.php(56): CodeIgniter\Boot::bootWeb(Object(Config\Paths))
WARNING - 2025-02-13 15:10:31 --> [DEPRECATED] Creation of dynamic property IonAuth\Models\IonAuthModel::$hashMethod is deprecated in FCPATH\vendor\benedmunds\codeigniter-ion-auth\Models\IonAuthModel.php on line 234.
 1 APPPATH\Libraries\IonAuth.php(71): IonAuth\Models\IonAuthModel->__construct()
 2 APPPATH\Filters\CheckPermissions.php(16): App\Libraries\IonAuth->__construct()
 3 SYSTEMPATH\Filters\Filters.php(235): App\Filters\CheckPermissions->__construct()
 4 SYSTEMPATH\Filters\Filters.php(188): CodeIgniter\Filters\Filters->runAfter([...])
 5 SYSTEMPATH\CodeIgniter.php(527): CodeIgniter\Filters\Filters->run('vendor/products/stock_alert', 'after')
 6 SYSTEMPATH\CodeIgniter.php(355): CodeIgniter\CodeIgniter->handleRequest(null, Object(Config\Cache), false)
 7 SYSTEMPATH\Boot.php(325): CodeIgniter\CodeIgniter->run()
 8 SYSTEMPATH\Boot.php(67): CodeIgniter\Boot::runCodeIgniter(Object(CodeIgniter\CodeIgniter))
 9 FCPATH\index.php(56): CodeIgniter\Boot::bootWeb(Object(Config\Paths))
WARNING - 2025-02-13 15:10:31 --> [DEPRECATED] Creation of dynamic property IonAuth\Models\IonAuthModel::$messagesTemplates is deprecated in FCPATH\vendor\benedmunds\codeigniter-ion-auth\Models\IonAuthModel.php on line 237.
 1 APPPATH\Libraries\IonAuth.php(71): IonAuth\Models\IonAuthModel->__construct()
 2 APPPATH\Filters\CheckPermissions.php(16): App\Libraries\IonAuth->__construct()
 3 SYSTEMPATH\Filters\Filters.php(235): App\Filters\CheckPermissions->__construct()
 4 SYSTEMPATH\Filters\Filters.php(188): CodeIgniter\Filters\Filters->runAfter([...])
 5 SYSTEMPATH\CodeIgniter.php(527): CodeIgniter\Filters\Filters->run('vendor/products/stock_alert', 'after')
 6 SYSTEMPATH\CodeIgniter.php(355): CodeIgniter\CodeIgniter->handleRequest(null, Object(Config\Cache), false)
 7 SYSTEMPATH\Boot.php(325): CodeIgniter\CodeIgniter->run()
 8 SYSTEMPATH\Boot.php(67): CodeIgniter\Boot::runCodeIgniter(Object(CodeIgniter\CodeIgniter))
 9 FCPATH\index.php(56): CodeIgniter\Boot::bootWeb(Object(Config\Paths))
INFO - 2025-02-13 09:40:37 --> Session: Class initialized using 'CodeIgniter\Session\Handlers\FileHandler' driver.
WARNING - 2025-02-13 09:40:37 --> [DEPRECATED] Creation of dynamic property IonAuth\Models\IonAuthModel::$join is deprecated in FCPATH\vendor\benedmunds\codeigniter-ion-auth\Models\IonAuthModel.php on line 231.
 1 APPPATH\Libraries\IonAuth.php(71): IonAuth\Models\IonAuthModel->__construct()
 2 APPPATH\Filters\CheckPermissions.php(16): App\Libraries\IonAuth->__construct()
 3 SYSTEMPATH\Filters\Filters.php(197): App\Filters\CheckPermissions->__construct()
 4 SYSTEMPATH\Filters\Filters.php(184): CodeIgniter\Filters\Filters->runBefore([...])
 5 SYSTEMPATH\CodeIgniter.php(481): CodeIgniter\Filters\Filters->run('vendor/products', 'before')
 6 SYSTEMPATH\CodeIgniter.php(355): CodeIgniter\CodeIgniter->handleRequest(null, Object(Config\Cache), false)
 7 SYSTEMPATH\Boot.php(325): CodeIgniter\CodeIgniter->run()
 8 SYSTEMPATH\Boot.php(67): CodeIgniter\Boot::runCodeIgniter(Object(CodeIgniter\CodeIgniter))
 9 FCPATH\index.php(56): CodeIgniter\Boot::bootWeb(Object(Config\Paths))
WARNING - 2025-02-13 09:40:37 --> [DEPRECATED] Creation of dynamic property IonAuth\Models\IonAuthModel::$hashMethod is deprecated in FCPATH\vendor\benedmunds\codeigniter-ion-auth\Models\IonAuthModel.php on line 234.
 1 APPPATH\Libraries\IonAuth.php(71): IonAuth\Models\IonAuthModel->__construct()
 2 APPPATH\Filters\CheckPermissions.php(16): App\Libraries\IonAuth->__construct()
 3 SYSTEMPATH\Filters\Filters.php(197): App\Filters\CheckPermissions->__construct()
 4 SYSTEMPATH\Filters\Filters.php(184): CodeIgniter\Filters\Filters->runBefore([...])
 5 SYSTEMPATH\CodeIgniter.php(481): CodeIgniter\Filters\Filters->run('vendor/products', 'before')
 6 SYSTEMPATH\CodeIgniter.php(355): CodeIgniter\CodeIgniter->handleRequest(null, Object(Config\Cache), false)
 7 SYSTEMPATH\Boot.php(325): CodeIgniter\CodeIgniter->run()
 8 SYSTEMPATH\Boot.php(67): CodeIgniter\Boot::runCodeIgniter(Object(CodeIgniter\CodeIgniter))
 9 FCPATH\index.php(56): CodeIgniter\Boot::bootWeb(Object(Config\Paths))
WARNING - 2025-02-13 09:40:37 --> [DEPRECATED] Creation of dynamic property IonAuth\Models\IonAuthModel::$messagesTemplates is deprecated in FCPATH\vendor\benedmunds\codeigniter-ion-auth\Models\IonAuthModel.php on line 237.
 1 APPPATH\Libraries\IonAuth.php(71): IonAuth\Models\IonAuthModel->__construct()
 2 APPPATH\Filters\CheckPermissions.php(16): App\Libraries\IonAuth->__construct()
 3 SYSTEMPATH\Filters\Filters.php(197): App\Filters\CheckPermissions->__construct()
 4 SYSTEMPATH\Filters\Filters.php(184): CodeIgniter\Filters\Filters->runBefore([...])
 5 SYSTEMPATH\CodeIgniter.php(481): CodeIgniter\Filters\Filters->run('vendor/products', 'before')
 6 SYSTEMPATH\CodeIgniter.php(355): CodeIgniter\CodeIgniter->handleRequest(null, Object(Config\Cache), false)
 7 SYSTEMPATH\Boot.php(325): CodeIgniter\CodeIgniter->run()
 8 SYSTEMPATH\Boot.php(67): CodeIgniter\Boot::runCodeIgniter(Object(CodeIgniter\CodeIgniter))
 9 FCPATH\index.php(56): CodeIgniter\Boot::bootWeb(Object(Config\Paths))
WARNING - 2025-02-13 09:40:37 --> [DEPRECATED] Creation of dynamic property IonAuth\Models\IonAuthModel::$join is deprecated in FCPATH\vendor\benedmunds\codeigniter-ion-auth\Models\IonAuthModel.php on line 231.
 1 APPPATH\Libraries\IonAuth.php(71): IonAuth\Models\IonAuthModel->__construct()
 2 APPPATH\Controllers\vendor\Products.php(25): App\Libraries\IonAuth->__construct()
 3 SYSTEMPATH\CodeIgniter.php(903): App\Controllers\vendor\Products->__construct()
 4 SYSTEMPATH\CodeIgniter.php(500): CodeIgniter\CodeIgniter->createController()
 5 SYSTEMPATH\CodeIgniter.php(355): CodeIgniter\CodeIgniter->handleRequest(null, Object(Config\Cache), false)
 6 SYSTEMPATH\Boot.php(325): CodeIgniter\CodeIgniter->run()
 7 SYSTEMPATH\Boot.php(67): CodeIgniter\Boot::runCodeIgniter(Object(CodeIgniter\CodeIgniter))
 8 FCPATH\index.php(56): CodeIgniter\Boot::bootWeb(Object(Config\Paths))
WARNING - 2025-02-13 09:40:37 --> [DEPRECATED] Creation of dynamic property IonAuth\Models\IonAuthModel::$hashMethod is deprecated in FCPATH\vendor\benedmunds\codeigniter-ion-auth\Models\IonAuthModel.php on line 234.
 1 APPPATH\Libraries\IonAuth.php(71): IonAuth\Models\IonAuthModel->__construct()
 2 APPPATH\Controllers\vendor\Products.php(25): App\Libraries\IonAuth->__construct()
 3 SYSTEMPATH\CodeIgniter.php(903): App\Controllers\vendor\Products->__construct()
 4 SYSTEMPATH\CodeIgniter.php(500): CodeIgniter\CodeIgniter->createController()
 5 SYSTEMPATH\CodeIgniter.php(355): CodeIgniter\CodeIgniter->handleRequest(null, Object(Config\Cache), false)
 6 SYSTEMPATH\Boot.php(325): CodeIgniter\CodeIgniter->run()
 7 SYSTEMPATH\Boot.php(67): CodeIgniter\Boot::runCodeIgniter(Object(CodeIgniter\CodeIgniter))
 8 FCPATH\index.php(56): CodeIgniter\Boot::bootWeb(Object(Config\Paths))
WARNING - 2025-02-13 09:40:37 --> [DEPRECATED] Creation of dynamic property IonAuth\Models\IonAuthModel::$messagesTemplates is deprecated in FCPATH\vendor\benedmunds\codeigniter-ion-auth\Models\IonAuthModel.php on line 237.
 1 APPPATH\Libraries\IonAuth.php(71): IonAuth\Models\IonAuthModel->__construct()
 2 APPPATH\Controllers\vendor\Products.php(25): App\Libraries\IonAuth->__construct()
 3 SYSTEMPATH\CodeIgniter.php(903): App\Controllers\vendor\Products->__construct()
 4 SYSTEMPATH\CodeIgniter.php(500): CodeIgniter\CodeIgniter->createController()
 5 SYSTEMPATH\CodeIgniter.php(355): CodeIgniter\CodeIgniter->handleRequest(null, Object(Config\Cache), false)
 6 SYSTEMPATH\Boot.php(325): CodeIgniter\CodeIgniter->run()
 7 SYSTEMPATH\Boot.php(67): CodeIgniter\Boot::runCodeIgniter(Object(CodeIgniter\CodeIgniter))
 8 FCPATH\index.php(56): CodeIgniter\Boot::bootWeb(Object(Config\Paths))
WARNING - 2025-02-13 15:10:37 --> [DEPRECATED] Creation of dynamic property IonAuth\Models\IonAuthModel::$join is deprecated in FCPATH\vendor\benedmunds\codeigniter-ion-auth\Models\IonAuthModel.php on line 231.
 1 APPPATH\Libraries\IonAuth.php(71): IonAuth\Models\IonAuthModel->__construct()
 2 APPPATH\Filters\CheckPermissions.php(16): App\Libraries\IonAuth->__construct()
 3 SYSTEMPATH\Filters\Filters.php(235): App\Filters\CheckPermissions->__construct()
 4 SYSTEMPATH\Filters\Filters.php(188): CodeIgniter\Filters\Filters->runAfter([...])
 5 SYSTEMPATH\CodeIgniter.php(527): CodeIgniter\Filters\Filters->run('vendor/products', 'after')
 6 SYSTEMPATH\CodeIgniter.php(355): CodeIgniter\CodeIgniter->handleRequest(null, Object(Config\Cache), false)
 7 SYSTEMPATH\Boot.php(325): CodeIgniter\CodeIgniter->run()
 8 SYSTEMPATH\Boot.php(67): CodeIgniter\Boot::runCodeIgniter(Object(CodeIgniter\CodeIgniter))
 9 FCPATH\index.php(56): CodeIgniter\Boot::bootWeb(Object(Config\Paths))
WARNING - 2025-02-13 15:10:37 --> [DEPRECATED] Creation of dynamic property IonAuth\Models\IonAuthModel::$hashMethod is deprecated in FCPATH\vendor\benedmunds\codeigniter-ion-auth\Models\IonAuthModel.php on line 234.
 1 APPPATH\Libraries\IonAuth.php(71): IonAuth\Models\IonAuthModel->__construct()
 2 APPPATH\Filters\CheckPermissions.php(16): App\Libraries\IonAuth->__construct()
 3 SYSTEMPATH\Filters\Filters.php(235): App\Filters\CheckPermissions->__construct()
 4 SYSTEMPATH\Filters\Filters.php(188): CodeIgniter\Filters\Filters->runAfter([...])
 5 SYSTEMPATH\CodeIgniter.php(527): CodeIgniter\Filters\Filters->run('vendor/products', 'after')
 6 SYSTEMPATH\CodeIgniter.php(355): CodeIgniter\CodeIgniter->handleRequest(null, Object(Config\Cache), false)
 7 SYSTEMPATH\Boot.php(325): CodeIgniter\CodeIgniter->run()
 8 SYSTEMPATH\Boot.php(67): CodeIgniter\Boot::runCodeIgniter(Object(CodeIgniter\CodeIgniter))
 9 FCPATH\index.php(56): CodeIgniter\Boot::bootWeb(Object(Config\Paths))
WARNING - 2025-02-13 15:10:37 --> [DEPRECATED] Creation of dynamic property IonAuth\Models\IonAuthModel::$messagesTemplates is deprecated in FCPATH\vendor\benedmunds\codeigniter-ion-auth\Models\IonAuthModel.php on line 237.
 1 APPPATH\Libraries\IonAuth.php(71): IonAuth\Models\IonAuthModel->__construct()
 2 APPPATH\Filters\CheckPermissions.php(16): App\Libraries\IonAuth->__construct()
 3 SYSTEMPATH\Filters\Filters.php(235): App\Filters\CheckPermissions->__construct()
 4 SYSTEMPATH\Filters\Filters.php(188): CodeIgniter\Filters\Filters->runAfter([...])
 5 SYSTEMPATH\CodeIgniter.php(527): CodeIgniter\Filters\Filters->run('vendor/products', 'after')
 6 SYSTEMPATH\CodeIgniter.php(355): CodeIgniter\CodeIgniter->handleRequest(null, Object(Config\Cache), false)
 7 SYSTEMPATH\Boot.php(325): CodeIgniter\CodeIgniter->run()
 8 SYSTEMPATH\Boot.php(67): CodeIgniter\Boot::runCodeIgniter(Object(CodeIgniter\CodeIgniter))
 9 FCPATH\index.php(56): CodeIgniter\Boot::bootWeb(Object(Config\Paths))
INFO - 2025-02-13 09:40:38 --> Session: Class initialized using 'CodeIgniter\Session\Handlers\FileHandler' driver.
WARNING - 2025-02-13 09:40:38 --> [DEPRECATED] Creation of dynamic property IonAuth\Models\IonAuthModel::$join is deprecated in FCPATH\vendor\benedmunds\codeigniter-ion-auth\Models\IonAuthModel.php on line 231.
 1 APPPATH\Libraries\IonAuth.php(71): IonAuth\Models\IonAuthModel->__construct()
 2 APPPATH\Filters\CheckPermissions.php(16): App\Libraries\IonAuth->__construct()
 3 SYSTEMPATH\Filters\Filters.php(197): App\Filters\CheckPermissions->__construct()
 4 SYSTEMPATH\Filters\Filters.php(184): CodeIgniter\Filters\Filters->runBefore([...])
 5 SYSTEMPATH\CodeIgniter.php(481): CodeIgniter\Filters\Filters->run('vendor/products/products_table', 'before')
 6 SYSTEMPATH\CodeIgniter.php(355): CodeIgniter\CodeIgniter->handleRequest(null, Object(Config\Cache), false)
 7 SYSTEMPATH\Boot.php(325): CodeIgniter\CodeIgniter->run()
 8 SYSTEMPATH\Boot.php(67): CodeIgniter\Boot::runCodeIgniter(Object(CodeIgniter\CodeIgniter))
 9 FCPATH\index.php(56): CodeIgniter\Boot::bootWeb(Object(Config\Paths))
WARNING - 2025-02-13 09:40:38 --> [DEPRECATED] Creation of dynamic property IonAuth\Models\IonAuthModel::$hashMethod is deprecated in FCPATH\vendor\benedmunds\codeigniter-ion-auth\Models\IonAuthModel.php on line 234.
 1 APPPATH\Libraries\IonAuth.php(71): IonAuth\Models\IonAuthModel->__construct()
 2 APPPATH\Filters\CheckPermissions.php(16): App\Libraries\IonAuth->__construct()
 3 SYSTEMPATH\Filters\Filters.php(197): App\Filters\CheckPermissions->__construct()
 4 SYSTEMPATH\Filters\Filters.php(184): CodeIgniter\Filters\Filters->runBefore([...])
 5 SYSTEMPATH\CodeIgniter.php(481): CodeIgniter\Filters\Filters->run('vendor/products/products_table', 'before')
 6 SYSTEMPATH\CodeIgniter.php(355): CodeIgniter\CodeIgniter->handleRequest(null, Object(Config\Cache), false)
 7 SYSTEMPATH\Boot.php(325): CodeIgniter\CodeIgniter->run()
 8 SYSTEMPATH\Boot.php(67): CodeIgniter\Boot::runCodeIgniter(Object(CodeIgniter\CodeIgniter))
 9 FCPATH\index.php(56): CodeIgniter\Boot::bootWeb(Object(Config\Paths))
WARNING - 2025-02-13 09:40:38 --> [DEPRECATED] Creation of dynamic property IonAuth\Models\IonAuthModel::$messagesTemplates is deprecated in FCPATH\vendor\benedmunds\codeigniter-ion-auth\Models\IonAuthModel.php on line 237.
 1 APPPATH\Libraries\IonAuth.php(71): IonAuth\Models\IonAuthModel->__construct()
 2 APPPATH\Filters\CheckPermissions.php(16): App\Libraries\IonAuth->__construct()
 3 SYSTEMPATH\Filters\Filters.php(197): App\Filters\CheckPermissions->__construct()
 4 SYSTEMPATH\Filters\Filters.php(184): CodeIgniter\Filters\Filters->runBefore([...])
 5 SYSTEMPATH\CodeIgniter.php(481): CodeIgniter\Filters\Filters->run('vendor/products/products_table', 'before')
 6 SYSTEMPATH\CodeIgniter.php(355): CodeIgniter\CodeIgniter->handleRequest(null, Object(Config\Cache), false)
 7 SYSTEMPATH\Boot.php(325): CodeIgniter\CodeIgniter->run()
 8 SYSTEMPATH\Boot.php(67): CodeIgniter\Boot::runCodeIgniter(Object(CodeIgniter\CodeIgniter))
 9 FCPATH\index.php(56): CodeIgniter\Boot::bootWeb(Object(Config\Paths))
WARNING - 2025-02-13 09:40:38 --> [DEPRECATED] Creation of dynamic property IonAuth\Models\IonAuthModel::$join is deprecated in FCPATH\vendor\benedmunds\codeigniter-ion-auth\Models\IonAuthModel.php on line 231.
 1 APPPATH\Libraries\IonAuth.php(71): IonAuth\Models\IonAuthModel->__construct()
 2 APPPATH\Controllers\vendor\Products.php(25): App\Libraries\IonAuth->__construct()
 3 SYSTEMPATH\CodeIgniter.php(903): App\Controllers\vendor\Products->__construct()
 4 SYSTEMPATH\CodeIgniter.php(500): CodeIgniter\CodeIgniter->createController()
 5 SYSTEMPATH\CodeIgniter.php(355): CodeIgniter\CodeIgniter->handleRequest(null, Object(Config\Cache), false)
 6 SYSTEMPATH\Boot.php(325): CodeIgniter\CodeIgniter->run()
 7 SYSTEMPATH\Boot.php(67): CodeIgniter\Boot::runCodeIgniter(Object(CodeIgniter\CodeIgniter))
 8 FCPATH\index.php(56): CodeIgniter\Boot::bootWeb(Object(Config\Paths))
WARNING - 2025-02-13 09:40:38 --> [DEPRECATED] Creation of dynamic property IonAuth\Models\IonAuthModel::$hashMethod is deprecated in FCPATH\vendor\benedmunds\codeigniter-ion-auth\Models\IonAuthModel.php on line 234.
 1 APPPATH\Libraries\IonAuth.php(71): IonAuth\Models\IonAuthModel->__construct()
 2 APPPATH\Controllers\vendor\Products.php(25): App\Libraries\IonAuth->__construct()
 3 SYSTEMPATH\CodeIgniter.php(903): App\Controllers\vendor\Products->__construct()
 4 SYSTEMPATH\CodeIgniter.php(500): CodeIgniter\CodeIgniter->createController()
 5 SYSTEMPATH\CodeIgniter.php(355): CodeIgniter\CodeIgniter->handleRequest(null, Object(Config\Cache), false)
 6 SYSTEMPATH\Boot.php(325): CodeIgniter\CodeIgniter->run()
 7 SYSTEMPATH\Boot.php(67): CodeIgniter\Boot::runCodeIgniter(Object(CodeIgniter\CodeIgniter))
 8 FCPATH\index.php(56): CodeIgniter\Boot::bootWeb(Object(Config\Paths))
WARNING - 2025-02-13 09:40:38 --> [DEPRECATED] Creation of dynamic property IonAuth\Models\IonAuthModel::$messagesTemplates is deprecated in FCPATH\vendor\benedmunds\codeigniter-ion-auth\Models\IonAuthModel.php on line 237.
 1 APPPATH\Libraries\IonAuth.php(71): IonAuth\Models\IonAuthModel->__construct()
 2 APPPATH\Controllers\vendor\Products.php(25): App\Libraries\IonAuth->__construct()
 3 SYSTEMPATH\CodeIgniter.php(903): App\Controllers\vendor\Products->__construct()
 4 SYSTEMPATH\CodeIgniter.php(500): CodeIgniter\CodeIgniter->createController()
 5 SYSTEMPATH\CodeIgniter.php(355): CodeIgniter\CodeIgniter->handleRequest(null, Object(Config\Cache), false)
 6 SYSTEMPATH\Boot.php(325): CodeIgniter\CodeIgniter->run()
 7 SYSTEMPATH\Boot.php(67): CodeIgniter\Boot::runCodeIgniter(Object(CodeIgniter\CodeIgniter))
 8 FCPATH\index.php(56): CodeIgniter\Boot::bootWeb(Object(Config\Paths))
WARNING - 2025-02-13 15:10:38 --> [DEPRECATED] Creation of dynamic property IonAuth\Models\IonAuthModel::$join is deprecated in FCPATH\vendor\benedmunds\codeigniter-ion-auth\Models\IonAuthModel.php on line 231.
 1 APPPATH\Libraries\IonAuth.php(71): IonAuth\Models\IonAuthModel->__construct()
 2 APPPATH\Filters\CheckPermissions.php(16): App\Libraries\IonAuth->__construct()
 3 SYSTEMPATH\Filters\Filters.php(235): App\Filters\CheckPermissions->__construct()
 4 SYSTEMPATH\Filters\Filters.php(188): CodeIgniter\Filters\Filters->runAfter([...])
 5 SYSTEMPATH\CodeIgniter.php(527): CodeIgniter\Filters\Filters->run('vendor/products/products_table', 'after')
 6 SYSTEMPATH\CodeIgniter.php(355): CodeIgniter\CodeIgniter->handleRequest(null, Object(Config\Cache), false)
 7 SYSTEMPATH\Boot.php(325): CodeIgniter\CodeIgniter->run()
 8 SYSTEMPATH\Boot.php(67): CodeIgniter\Boot::runCodeIgniter(Object(CodeIgniter\CodeIgniter))
 9 FCPATH\index.php(56): CodeIgniter\Boot::bootWeb(Object(Config\Paths))
WARNING - 2025-02-13 15:10:38 --> [DEPRECATED] Creation of dynamic property IonAuth\Models\IonAuthModel::$hashMethod is deprecated in FCPATH\vendor\benedmunds\codeigniter-ion-auth\Models\IonAuthModel.php on line 234.
 1 APPPATH\Libraries\IonAuth.php(71): IonAuth\Models\IonAuthModel->__construct()
 2 APPPATH\Filters\CheckPermissions.php(16): App\Libraries\IonAuth->__construct()
 3 SYSTEMPATH\Filters\Filters.php(235): App\Filters\CheckPermissions->__construct()
 4 SYSTEMPATH\Filters\Filters.php(188): CodeIgniter\Filters\Filters->runAfter([...])
 5 SYSTEMPATH\CodeIgniter.php(527): CodeIgniter\Filters\Filters->run('vendor/products/products_table', 'after')
 6 SYSTEMPATH\CodeIgniter.php(355): CodeIgniter\CodeIgniter->handleRequest(null, Object(Config\Cache), false)
 7 SYSTEMPATH\Boot.php(325): CodeIgniter\CodeIgniter->run()
 8 SYSTEMPATH\Boot.php(67): CodeIgniter\Boot::runCodeIgniter(Object(CodeIgniter\CodeIgniter))
 9 FCPATH\index.php(56): CodeIgniter\Boot::bootWeb(Object(Config\Paths))
WARNING - 2025-02-13 15:10:38 --> [DEPRECATED] Creation of dynamic property IonAuth\Models\IonAuthModel::$messagesTemplates is deprecated in FCPATH\vendor\benedmunds\codeigniter-ion-auth\Models\IonAuthModel.php on line 237.
 1 APPPATH\Libraries\IonAuth.php(71): IonAuth\Models\IonAuthModel->__construct()
 2 APPPATH\Filters\CheckPermissions.php(16): App\Libraries\IonAuth->__construct()
 3 SYSTEMPATH\Filters\Filters.php(235): App\Filters\CheckPermissions->__construct()
 4 SYSTEMPATH\Filters\Filters.php(188): CodeIgniter\Filters\Filters->runAfter([...])
 5 SYSTEMPATH\CodeIgniter.php(527): CodeIgniter\Filters\Filters->run('vendor/products/products_table', 'after')
 6 SYSTEMPATH\CodeIgniter.php(355): CodeIgniter\CodeIgniter->handleRequest(null, Object(Config\Cache), false)
 7 SYSTEMPATH\Boot.php(325): CodeIgniter\CodeIgniter->run()
 8 SYSTEMPATH\Boot.php(67): CodeIgniter\Boot::runCodeIgniter(Object(CodeIgniter\CodeIgniter))
 9 FCPATH\index.php(56): CodeIgniter\Boot::bootWeb(Object(Config\Paths))
INFO - 2025-02-13 09:40:38 --> Session: Class initialized using 'CodeIgniter\Session\Handlers\FileHandler' driver.
WARNING - 2025-02-13 09:40:38 --> [DEPRECATED] Creation of dynamic property IonAuth\Models\IonAuthModel::$join is deprecated in FCPATH\vendor\benedmunds\codeigniter-ion-auth\Models\IonAuthModel.php on line 231.
 1 APPPATH\Libraries\IonAuth.php(71): IonAuth\Models\IonAuthModel->__construct()
 2 APPPATH\Filters\CheckPermissions.php(16): App\Libraries\IonAuth->__construct()
 3 SYSTEMPATH\Filters\Filters.php(197): App\Filters\CheckPermissions->__construct()
 4 SYSTEMPATH\Filters\Filters.php(184): CodeIgniter\Filters\Filters->runBefore([...])
 5 SYSTEMPATH\CodeIgniter.php(481): CodeIgniter\Filters\Filters->run('vendor/products/variants_table', 'before')
 6 SYSTEMPATH\CodeIgniter.php(355): CodeIgniter\CodeIgniter->handleRequest(null, Object(Config\Cache), false)
 7 SYSTEMPATH\Boot.php(325): CodeIgniter\CodeIgniter->run()
 8 SYSTEMPATH\Boot.php(67): CodeIgniter\Boot::runCodeIgniter(Object(CodeIgniter\CodeIgniter))
 9 FCPATH\index.php(56): CodeIgniter\Boot::bootWeb(Object(Config\Paths))
WARNING - 2025-02-13 09:40:38 --> [DEPRECATED] Creation of dynamic property IonAuth\Models\IonAuthModel::$hashMethod is deprecated in FCPATH\vendor\benedmunds\codeigniter-ion-auth\Models\IonAuthModel.php on line 234.
 1 APPPATH\Libraries\IonAuth.php(71): IonAuth\Models\IonAuthModel->__construct()
 2 APPPATH\Filters\CheckPermissions.php(16): App\Libraries\IonAuth->__construct()
 3 SYSTEMPATH\Filters\Filters.php(197): App\Filters\CheckPermissions->__construct()
 4 SYSTEMPATH\Filters\Filters.php(184): CodeIgniter\Filters\Filters->runBefore([...])
 5 SYSTEMPATH\CodeIgniter.php(481): CodeIgniter\Filters\Filters->run('vendor/products/variants_table', 'before')
 6 SYSTEMPATH\CodeIgniter.php(355): CodeIgniter\CodeIgniter->handleRequest(null, Object(Config\Cache), false)
 7 SYSTEMPATH\Boot.php(325): CodeIgniter\CodeIgniter->run()
 8 SYSTEMPATH\Boot.php(67): CodeIgniter\Boot::runCodeIgniter(Object(CodeIgniter\CodeIgniter))
 9 FCPATH\index.php(56): CodeIgniter\Boot::bootWeb(Object(Config\Paths))
WARNING - 2025-02-13 09:40:38 --> [DEPRECATED] Creation of dynamic property IonAuth\Models\IonAuthModel::$messagesTemplates is deprecated in FCPATH\vendor\benedmunds\codeigniter-ion-auth\Models\IonAuthModel.php on line 237.
 1 APPPATH\Libraries\IonAuth.php(71): IonAuth\Models\IonAuthModel->__construct()
 2 APPPATH\Filters\CheckPermissions.php(16): App\Libraries\IonAuth->__construct()
 3 SYSTEMPATH\Filters\Filters.php(197): App\Filters\CheckPermissions->__construct()
 4 SYSTEMPATH\Filters\Filters.php(184): CodeIgniter\Filters\Filters->runBefore([...])
 5 SYSTEMPATH\CodeIgniter.php(481): CodeIgniter\Filters\Filters->run('vendor/products/variants_table', 'before')
 6 SYSTEMPATH\CodeIgniter.php(355): CodeIgniter\CodeIgniter->handleRequest(null, Object(Config\Cache), false)
 7 SYSTEMPATH\Boot.php(325): CodeIgniter\CodeIgniter->run()
 8 SYSTEMPATH\Boot.php(67): CodeIgniter\Boot::runCodeIgniter(Object(CodeIgniter\CodeIgniter))
 9 FCPATH\index.php(56): CodeIgniter\Boot::bootWeb(Object(Config\Paths))
WARNING - 2025-02-13 09:40:38 --> [DEPRECATED] Creation of dynamic property IonAuth\Models\IonAuthModel::$join is deprecated in FCPATH\vendor\benedmunds\codeigniter-ion-auth\Models\IonAuthModel.php on line 231.
 1 APPPATH\Libraries\IonAuth.php(71): IonAuth\Models\IonAuthModel->__construct()
 2 APPPATH\Controllers\vendor\Products.php(25): App\Libraries\IonAuth->__construct()
 3 SYSTEMPATH\CodeIgniter.php(903): App\Controllers\vendor\Products->__construct()
 4 SYSTEMPATH\CodeIgniter.php(500): CodeIgniter\CodeIgniter->createController()
 5 SYSTEMPATH\CodeIgniter.php(355): CodeIgniter\CodeIgniter->handleRequest(null, Object(Config\Cache), false)
 6 SYSTEMPATH\Boot.php(325): CodeIgniter\CodeIgniter->run()
 7 SYSTEMPATH\Boot.php(67): CodeIgniter\Boot::runCodeIgniter(Object(CodeIgniter\CodeIgniter))
 8 FCPATH\index.php(56): CodeIgniter\Boot::bootWeb(Object(Config\Paths))
WARNING - 2025-02-13 09:40:38 --> [DEPRECATED] Creation of dynamic property IonAuth\Models\IonAuthModel::$hashMethod is deprecated in FCPATH\vendor\benedmunds\codeigniter-ion-auth\Models\IonAuthModel.php on line 234.
 1 APPPATH\Libraries\IonAuth.php(71): IonAuth\Models\IonAuthModel->__construct()
 2 APPPATH\Controllers\vendor\Products.php(25): App\Libraries\IonAuth->__construct()
 3 SYSTEMPATH\CodeIgniter.php(903): App\Controllers\vendor\Products->__construct()
 4 SYSTEMPATH\CodeIgniter.php(500): CodeIgniter\CodeIgniter->createController()
 5 SYSTEMPATH\CodeIgniter.php(355): CodeIgniter\CodeIgniter->handleRequest(null, Object(Config\Cache), false)
 6 SYSTEMPATH\Boot.php(325): CodeIgniter\CodeIgniter->run()
 7 SYSTEMPATH\Boot.php(67): CodeIgniter\Boot::runCodeIgniter(Object(CodeIgniter\CodeIgniter))
 8 FCPATH\index.php(56): CodeIgniter\Boot::bootWeb(Object(Config\Paths))
WARNING - 2025-02-13 09:40:38 --> [DEPRECATED] Creation of dynamic property IonAuth\Models\IonAuthModel::$messagesTemplates is deprecated in FCPATH\vendor\benedmunds\codeigniter-ion-auth\Models\IonAuthModel.php on line 237.
 1 APPPATH\Libraries\IonAuth.php(71): IonAuth\Models\IonAuthModel->__construct()
 2 APPPATH\Controllers\vendor\Products.php(25): App\Libraries\IonAuth->__construct()
 3 SYSTEMPATH\CodeIgniter.php(903): App\Controllers\vendor\Products->__construct()
 4 SYSTEMPATH\CodeIgniter.php(500): CodeIgniter\CodeIgniter->createController()
 5 SYSTEMPATH\CodeIgniter.php(355): CodeIgniter\CodeIgniter->handleRequest(null, Object(Config\Cache), false)
 6 SYSTEMPATH\Boot.php(325): CodeIgniter\CodeIgniter->run()
 7 SYSTEMPATH\Boot.php(67): CodeIgniter\Boot::runCodeIgniter(Object(CodeIgniter\CodeIgniter))
 8 FCPATH\index.php(56): CodeIgniter\Boot::bootWeb(Object(Config\Paths))
WARNING - 2025-02-13 15:10:38 --> [DEPRECATED] Creation of dynamic property IonAuth\Models\IonAuthModel::$join is deprecated in FCPATH\vendor\benedmunds\codeigniter-ion-auth\Models\IonAuthModel.php on line 231.
 1 APPPATH\Libraries\IonAuth.php(71): IonAuth\Models\IonAuthModel->__construct()
 2 APPPATH\Filters\CheckPermissions.php(16): App\Libraries\IonAuth->__construct()
 3 SYSTEMPATH\Filters\Filters.php(235): App\Filters\CheckPermissions->__construct()
 4 SYSTEMPATH\Filters\Filters.php(188): CodeIgniter\Filters\Filters->runAfter([...])
 5 SYSTEMPATH\CodeIgniter.php(527): CodeIgniter\Filters\Filters->run('vendor/products/variants_table', 'after')
 6 SYSTEMPATH\CodeIgniter.php(355): CodeIgniter\CodeIgniter->handleRequest(null, Object(Config\Cache), false)
 7 SYSTEMPATH\Boot.php(325): CodeIgniter\CodeIgniter->run()
 8 SYSTEMPATH\Boot.php(67): CodeIgniter\Boot::runCodeIgniter(Object(CodeIgniter\CodeIgniter))
 9 FCPATH\index.php(56): CodeIgniter\Boot::bootWeb(Object(Config\Paths))
WARNING - 2025-02-13 15:10:38 --> [DEPRECATED] Creation of dynamic property IonAuth\Models\IonAuthModel::$hashMethod is deprecated in FCPATH\vendor\benedmunds\codeigniter-ion-auth\Models\IonAuthModel.php on line 234.
 1 APPPATH\Libraries\IonAuth.php(71): IonAuth\Models\IonAuthModel->__construct()
 2 APPPATH\Filters\CheckPermissions.php(16): App\Libraries\IonAuth->__construct()
 3 SYSTEMPATH\Filters\Filters.php(235): App\Filters\CheckPermissions->__construct()
 4 SYSTEMPATH\Filters\Filters.php(188): CodeIgniter\Filters\Filters->runAfter([...])
 5 SYSTEMPATH\CodeIgniter.php(527): CodeIgniter\Filters\Filters->run('vendor/products/variants_table', 'after')
 6 SYSTEMPATH\CodeIgniter.php(355): CodeIgniter\CodeIgniter->handleRequest(null, Object(Config\Cache), false)
 7 SYSTEMPATH\Boot.php(325): CodeIgniter\CodeIgniter->run()
 8 SYSTEMPATH\Boot.php(67): CodeIgniter\Boot::runCodeIgniter(Object(CodeIgniter\CodeIgniter))
 9 FCPATH\index.php(56): CodeIgniter\Boot::bootWeb(Object(Config\Paths))
WARNING - 2025-02-13 15:10:38 --> [DEPRECATED] Creation of dynamic property IonAuth\Models\IonAuthModel::$messagesTemplates is deprecated in FCPATH\vendor\benedmunds\codeigniter-ion-auth\Models\IonAuthModel.php on line 237.
 1 APPPATH\Libraries\IonAuth.php(71): IonAuth\Models\IonAuthModel->__construct()
 2 APPPATH\Filters\CheckPermissions.php(16): App\Libraries\IonAuth->__construct()
 3 SYSTEMPATH\Filters\Filters.php(235): App\Filters\CheckPermissions->__construct()
 4 SYSTEMPATH\Filters\Filters.php(188): CodeIgniter\Filters\Filters->runAfter([...])
 5 SYSTEMPATH\CodeIgniter.php(527): CodeIgniter\Filters\Filters->run('vendor/products/variants_table', 'after')
 6 SYSTEMPATH\CodeIgniter.php(355): CodeIgniter\CodeIgniter->handleRequest(null, Object(Config\Cache), false)
 7 SYSTEMPATH\Boot.php(325): CodeIgniter\CodeIgniter->run()
 8 SYSTEMPATH\Boot.php(67): CodeIgniter\Boot::runCodeIgniter(Object(CodeIgniter\CodeIgniter))
 9 FCPATH\index.php(56): CodeIgniter\Boot::bootWeb(Object(Config\Paths))
INFO - 2025-02-13 09:40:38 --> Session: Class initialized using 'CodeIgniter\Session\Handlers\FileHandler' driver.
WARNING - 2025-02-13 09:40:38 --> [DEPRECATED] Creation of dynamic property IonAuth\Models\IonAuthModel::$join is deprecated in FCPATH\vendor\benedmunds\codeigniter-ion-auth\Models\IonAuthModel.php on line 231.
 1 APPPATH\Libraries\IonAuth.php(71): IonAuth\Models\IonAuthModel->__construct()
 2 APPPATH\Filters\CheckPermissions.php(16): App\Libraries\IonAuth->__construct()
 3 SYSTEMPATH\Filters\Filters.php(197): App\Filters\CheckPermissions->__construct()
 4 SYSTEMPATH\Filters\Filters.php(184): CodeIgniter\Filters\Filters->runBefore([...])
 5 SYSTEMPATH\CodeIgniter.php(481): CodeIgniter\Filters\Filters->run('vendor/products/stock_alert', 'before')
 6 SYSTEMPATH\CodeIgniter.php(355): CodeIgniter\CodeIgniter->handleRequest(null, Object(Config\Cache), false)
 7 SYSTEMPATH\Boot.php(325): CodeIgniter\CodeIgniter->run()
 8 SYSTEMPATH\Boot.php(67): CodeIgniter\Boot::runCodeIgniter(Object(CodeIgniter\CodeIgniter))
 9 FCPATH\index.php(56): CodeIgniter\Boot::bootWeb(Object(Config\Paths))
WARNING - 2025-02-13 09:40:38 --> [DEPRECATED] Creation of dynamic property IonAuth\Models\IonAuthModel::$hashMethod is deprecated in FCPATH\vendor\benedmunds\codeigniter-ion-auth\Models\IonAuthModel.php on line 234.
 1 APPPATH\Libraries\IonAuth.php(71): IonAuth\Models\IonAuthModel->__construct()
 2 APPPATH\Filters\CheckPermissions.php(16): App\Libraries\IonAuth->__construct()
 3 SYSTEMPATH\Filters\Filters.php(197): App\Filters\CheckPermissions->__construct()
 4 SYSTEMPATH\Filters\Filters.php(184): CodeIgniter\Filters\Filters->runBefore([...])
 5 SYSTEMPATH\CodeIgniter.php(481): CodeIgniter\Filters\Filters->run('vendor/products/stock_alert', 'before')
 6 SYSTEMPATH\CodeIgniter.php(355): CodeIgniter\CodeIgniter->handleRequest(null, Object(Config\Cache), false)
 7 SYSTEMPATH\Boot.php(325): CodeIgniter\CodeIgniter->run()
 8 SYSTEMPATH\Boot.php(67): CodeIgniter\Boot::runCodeIgniter(Object(CodeIgniter\CodeIgniter))
 9 FCPATH\index.php(56): CodeIgniter\Boot::bootWeb(Object(Config\Paths))
WARNING - 2025-02-13 09:40:38 --> [DEPRECATED] Creation of dynamic property IonAuth\Models\IonAuthModel::$messagesTemplates is deprecated in FCPATH\vendor\benedmunds\codeigniter-ion-auth\Models\IonAuthModel.php on line 237.
 1 APPPATH\Libraries\IonAuth.php(71): IonAuth\Models\IonAuthModel->__construct()
 2 APPPATH\Filters\CheckPermissions.php(16): App\Libraries\IonAuth->__construct()
 3 SYSTEMPATH\Filters\Filters.php(197): App\Filters\CheckPermissions->__construct()
 4 SYSTEMPATH\Filters\Filters.php(184): CodeIgniter\Filters\Filters->runBefore([...])
 5 SYSTEMPATH\CodeIgniter.php(481): CodeIgniter\Filters\Filters->run('vendor/products/stock_alert', 'before')
 6 SYSTEMPATH\CodeIgniter.php(355): CodeIgniter\CodeIgniter->handleRequest(null, Object(Config\Cache), false)
 7 SYSTEMPATH\Boot.php(325): CodeIgniter\CodeIgniter->run()
 8 SYSTEMPATH\Boot.php(67): CodeIgniter\Boot::runCodeIgniter(Object(CodeIgniter\CodeIgniter))
 9 FCPATH\index.php(56): CodeIgniter\Boot::bootWeb(Object(Config\Paths))
WARNING - 2025-02-13 09:40:38 --> [DEPRECATED] Creation of dynamic property IonAuth\Models\IonAuthModel::$join is deprecated in FCPATH\vendor\benedmunds\codeigniter-ion-auth\Models\IonAuthModel.php on line 231.
 1 APPPATH\Libraries\IonAuth.php(71): IonAuth\Models\IonAuthModel->__construct()
 2 APPPATH\Controllers\vendor\Products.php(25): App\Libraries\IonAuth->__construct()
 3 SYSTEMPATH\CodeIgniter.php(903): App\Controllers\vendor\Products->__construct()
 4 SYSTEMPATH\CodeIgniter.php(500): CodeIgniter\CodeIgniter->createController()
 5 SYSTEMPATH\CodeIgniter.php(355): CodeIgniter\CodeIgniter->handleRequest(null, Object(Config\Cache), false)
 6 SYSTEMPATH\Boot.php(325): CodeIgniter\CodeIgniter->run()
 7 SYSTEMPATH\Boot.php(67): CodeIgniter\Boot::runCodeIgniter(Object(CodeIgniter\CodeIgniter))
 8 FCPATH\index.php(56): CodeIgniter\Boot::bootWeb(Object(Config\Paths))
WARNING - 2025-02-13 09:40:38 --> [DEPRECATED] Creation of dynamic property IonAuth\Models\IonAuthModel::$hashMethod is deprecated in FCPATH\vendor\benedmunds\codeigniter-ion-auth\Models\IonAuthModel.php on line 234.
 1 APPPATH\Libraries\IonAuth.php(71): IonAuth\Models\IonAuthModel->__construct()
 2 APPPATH\Controllers\vendor\Products.php(25): App\Libraries\IonAuth->__construct()
 3 SYSTEMPATH\CodeIgniter.php(903): App\Controllers\vendor\Products->__construct()
 4 SYSTEMPATH\CodeIgniter.php(500): CodeIgniter\CodeIgniter->createController()
 5 SYSTEMPATH\CodeIgniter.php(355): CodeIgniter\CodeIgniter->handleRequest(null, Object(Config\Cache), false)
 6 SYSTEMPATH\Boot.php(325): CodeIgniter\CodeIgniter->run()
 7 SYSTEMPATH\Boot.php(67): CodeIgniter\Boot::runCodeIgniter(Object(CodeIgniter\CodeIgniter))
 8 FCPATH\index.php(56): CodeIgniter\Boot::bootWeb(Object(Config\Paths))
WARNING - 2025-02-13 09:40:38 --> [DEPRECATED] Creation of dynamic property IonAuth\Models\IonAuthModel::$messagesTemplates is deprecated in FCPATH\vendor\benedmunds\codeigniter-ion-auth\Models\IonAuthModel.php on line 237.
 1 APPPATH\Libraries\IonAuth.php(71): IonAuth\Models\IonAuthModel->__construct()
 2 APPPATH\Controllers\vendor\Products.php(25): App\Libraries\IonAuth->__construct()
 3 SYSTEMPATH\CodeIgniter.php(903): App\Controllers\vendor\Products->__construct()
 4 SYSTEMPATH\CodeIgniter.php(500): CodeIgniter\CodeIgniter->createController()
 5 SYSTEMPATH\CodeIgniter.php(355): CodeIgniter\CodeIgniter->handleRequest(null, Object(Config\Cache), false)
 6 SYSTEMPATH\Boot.php(325): CodeIgniter\CodeIgniter->run()
 7 SYSTEMPATH\Boot.php(67): CodeIgniter\Boot::runCodeIgniter(Object(CodeIgniter\CodeIgniter))
 8 FCPATH\index.php(56): CodeIgniter\Boot::bootWeb(Object(Config\Paths))
WARNING - 2025-02-13 15:10:38 --> [DEPRECATED] Creation of dynamic property IonAuth\Models\IonAuthModel::$join is deprecated in FCPATH\vendor\benedmunds\codeigniter-ion-auth\Models\IonAuthModel.php on line 231.
 1 APPPATH\Libraries\IonAuth.php(71): IonAuth\Models\IonAuthModel->__construct()
 2 APPPATH\Filters\CheckPermissions.php(16): App\Libraries\IonAuth->__construct()
 3 SYSTEMPATH\Filters\Filters.php(235): App\Filters\CheckPermissions->__construct()
 4 SYSTEMPATH\Filters\Filters.php(188): CodeIgniter\Filters\Filters->runAfter([...])
 5 SYSTEMPATH\CodeIgniter.php(527): CodeIgniter\Filters\Filters->run('vendor/products/stock_alert', 'after')
 6 SYSTEMPATH\CodeIgniter.php(355): CodeIgniter\CodeIgniter->handleRequest(null, Object(Config\Cache), false)
 7 SYSTEMPATH\Boot.php(325): CodeIgniter\CodeIgniter->run()
 8 SYSTEMPATH\Boot.php(67): CodeIgniter\Boot::runCodeIgniter(Object(CodeIgniter\CodeIgniter))
 9 FCPATH\index.php(56): CodeIgniter\Boot::bootWeb(Object(Config\Paths))
WARNING - 2025-02-13 15:10:38 --> [DEPRECATED] Creation of dynamic property IonAuth\Models\IonAuthModel::$hashMethod is deprecated in FCPATH\vendor\benedmunds\codeigniter-ion-auth\Models\IonAuthModel.php on line 234.
 1 APPPATH\Libraries\IonAuth.php(71): IonAuth\Models\IonAuthModel->__construct()
 2 APPPATH\Filters\CheckPermissions.php(16): App\Libraries\IonAuth->__construct()
 3 SYSTEMPATH\Filters\Filters.php(235): App\Filters\CheckPermissions->__construct()
 4 SYSTEMPATH\Filters\Filters.php(188): CodeIgniter\Filters\Filters->runAfter([...])
 5 SYSTEMPATH\CodeIgniter.php(527): CodeIgniter\Filters\Filters->run('vendor/products/stock_alert', 'after')
 6 SYSTEMPATH\CodeIgniter.php(355): CodeIgniter\CodeIgniter->handleRequest(null, Object(Config\Cache), false)
 7 SYSTEMPATH\Boot.php(325): CodeIgniter\CodeIgniter->run()
 8 SYSTEMPATH\Boot.php(67): CodeIgniter\Boot::runCodeIgniter(Object(CodeIgniter\CodeIgniter))
 9 FCPATH\index.php(56): CodeIgniter\Boot::bootWeb(Object(Config\Paths))
WARNING - 2025-02-13 15:10:38 --> [DEPRECATED] Creation of dynamic property IonAuth\Models\IonAuthModel::$messagesTemplates is deprecated in FCPATH\vendor\benedmunds\codeigniter-ion-auth\Models\IonAuthModel.php on line 237.
 1 APPPATH\Libraries\IonAuth.php(71): IonAuth\Models\IonAuthModel->__construct()
 2 APPPATH\Filters\CheckPermissions.php(16): App\Libraries\IonAuth->__construct()
 3 SYSTEMPATH\Filters\Filters.php(235): App\Filters\CheckPermissions->__construct()
 4 SYSTEMPATH\Filters\Filters.php(188): CodeIgniter\Filters\Filters->runAfter([...])
 5 SYSTEMPATH\CodeIgniter.php(527): CodeIgniter\Filters\Filters->run('vendor/products/stock_alert', 'after')
 6 SYSTEMPATH\CodeIgniter.php(355): CodeIgniter\CodeIgniter->handleRequest(null, Object(Config\Cache), false)
 7 SYSTEMPATH\Boot.php(325): CodeIgniter\CodeIgniter->run()
 8 SYSTEMPATH\Boot.php(67): CodeIgniter\Boot::runCodeIgniter(Object(CodeIgniter\CodeIgniter))
 9 FCPATH\index.php(56): CodeIgniter\Boot::bootWeb(Object(Config\Paths))
INFO - 2025-02-13 09:40:39 --> Session: Class initialized using 'CodeIgniter\Session\Handlers\FileHandler' driver.
WARNING - 2025-02-13 09:40:39 --> [DEPRECATED] Creation of dynamic property IonAuth\Models\IonAuthModel::$join is deprecated in FCPATH\vendor\benedmunds\codeigniter-ion-auth\Models\IonAuthModel.php on line 231.
 1 APPPATH\Libraries\IonAuth.php(71): IonAuth\Models\IonAuthModel->__construct()
 2 APPPATH\Controllers\Home.php(12): App\Libraries\IonAuth->__construct()
 3 SYSTEMPATH\CodeIgniter.php(903): App\Controllers\Home->__construct()
 4 SYSTEMPATH\CodeIgniter.php(500): CodeIgniter\CodeIgniter->createController()
 5 SYSTEMPATH\CodeIgniter.php(355): CodeIgniter\CodeIgniter->handleRequest(null, Object(Config\Cache), false)
 6 SYSTEMPATH\Boot.php(325): CodeIgniter\CodeIgniter->run()
 7 SYSTEMPATH\Boot.php(67): CodeIgniter\Boot::runCodeIgniter(Object(CodeIgniter\CodeIgniter))
 8 FCPATH\index.php(56): CodeIgniter\Boot::bootWeb(Object(Config\Paths))
WARNING - 2025-02-13 09:40:39 --> [DEPRECATED] Creation of dynamic property IonAuth\Models\IonAuthModel::$hashMethod is deprecated in FCPATH\vendor\benedmunds\codeigniter-ion-auth\Models\IonAuthModel.php on line 234.
 1 APPPATH\Libraries\IonAuth.php(71): IonAuth\Models\IonAuthModel->__construct()
 2 APPPATH\Controllers\Home.php(12): App\Libraries\IonAuth->__construct()
 3 SYSTEMPATH\CodeIgniter.php(903): App\Controllers\Home->__construct()
 4 SYSTEMPATH\CodeIgniter.php(500): CodeIgniter\CodeIgniter->createController()
 5 SYSTEMPATH\CodeIgniter.php(355): CodeIgniter\CodeIgniter->handleRequest(null, Object(Config\Cache), false)
 6 SYSTEMPATH\Boot.php(325): CodeIgniter\CodeIgniter->run()
 7 SYSTEMPATH\Boot.php(67): CodeIgniter\Boot::runCodeIgniter(Object(CodeIgniter\CodeIgniter))
 8 FCPATH\index.php(56): CodeIgniter\Boot::bootWeb(Object(Config\Paths))
WARNING - 2025-02-13 09:40:39 --> [DEPRECATED] Creation of dynamic property IonAuth\Models\IonAuthModel::$messagesTemplates is deprecated in FCPATH\vendor\benedmunds\codeigniter-ion-auth\Models\IonAuthModel.php on line 237.
 1 APPPATH\Libraries\IonAuth.php(71): IonAuth\Models\IonAuthModel->__construct()
 2 APPPATH\Controllers\Home.php(12): App\Libraries\IonAuth->__construct()
 3 SYSTEMPATH\CodeIgniter.php(903): App\Controllers\Home->__construct()
 4 SYSTEMPATH\CodeIgniter.php(500): CodeIgniter\CodeIgniter->createController()
 5 SYSTEMPATH\CodeIgniter.php(355): CodeIgniter\CodeIgniter->handleRequest(null, Object(Config\Cache), false)
 6 SYSTEMPATH\Boot.php(325): CodeIgniter\CodeIgniter->run()
 7 SYSTEMPATH\Boot.php(67): CodeIgniter\Boot::runCodeIgniter(Object(CodeIgniter\CodeIgniter))
 8 FCPATH\index.php(56): CodeIgniter\Boot::bootWeb(Object(Config\Paths))
INFO - 2025-02-13 09:40:45 --> Session: Class initialized using 'CodeIgniter\Session\Handlers\FileHandler' driver.
WARNING - 2025-02-13 09:40:45 --> [DEPRECATED] Creation of dynamic property IonAuth\Models\IonAuthModel::$join is deprecated in FCPATH\vendor\benedmunds\codeigniter-ion-auth\Models\IonAuthModel.php on line 231.
 1 APPPATH\Libraries\IonAuth.php(71): IonAuth\Models\IonAuthModel->__construct()
 2 APPPATH\Filters\CheckPermissions.php(16): App\Libraries\IonAuth->__construct()
 3 SYSTEMPATH\Filters\Filters.php(197): App\Filters\CheckPermissions->__construct()
 4 SYSTEMPATH\Filters\Filters.php(184): CodeIgniter\Filters\Filters->runBefore([...])
 5 SYSTEMPATH\CodeIgniter.php(481): CodeIgniter\Filters\Filters->run('vendor/products', 'before')
 6 SYSTEMPATH\CodeIgniter.php(355): CodeIgniter\CodeIgniter->handleRequest(null, Object(Config\Cache), false)
 7 SYSTEMPATH\Boot.php(325): CodeIgniter\CodeIgniter->run()
 8 SYSTEMPATH\Boot.php(67): CodeIgniter\Boot::runCodeIgniter(Object(CodeIgniter\CodeIgniter))
 9 FCPATH\index.php(56): CodeIgniter\Boot::bootWeb(Object(Config\Paths))
WARNING - 2025-02-13 09:40:45 --> [DEPRECATED] Creation of dynamic property IonAuth\Models\IonAuthModel::$hashMethod is deprecated in FCPATH\vendor\benedmunds\codeigniter-ion-auth\Models\IonAuthModel.php on line 234.
 1 APPPATH\Libraries\IonAuth.php(71): IonAuth\Models\IonAuthModel->__construct()
 2 APPPATH\Filters\CheckPermissions.php(16): App\Libraries\IonAuth->__construct()
 3 SYSTEMPATH\Filters\Filters.php(197): App\Filters\CheckPermissions->__construct()
 4 SYSTEMPATH\Filters\Filters.php(184): CodeIgniter\Filters\Filters->runBefore([...])
 5 SYSTEMPATH\CodeIgniter.php(481): CodeIgniter\Filters\Filters->run('vendor/products', 'before')
 6 SYSTEMPATH\CodeIgniter.php(355): CodeIgniter\CodeIgniter->handleRequest(null, Object(Config\Cache), false)
 7 SYSTEMPATH\Boot.php(325): CodeIgniter\CodeIgniter->run()
 8 SYSTEMPATH\Boot.php(67): CodeIgniter\Boot::runCodeIgniter(Object(CodeIgniter\CodeIgniter))
 9 FCPATH\index.php(56): CodeIgniter\Boot::bootWeb(Object(Config\Paths))
WARNING - 2025-02-13 09:40:45 --> [DEPRECATED] Creation of dynamic property IonAuth\Models\IonAuthModel::$messagesTemplates is deprecated in FCPATH\vendor\benedmunds\codeigniter-ion-auth\Models\IonAuthModel.php on line 237.
 1 APPPATH\Libraries\IonAuth.php(71): IonAuth\Models\IonAuthModel->__construct()
 2 APPPATH\Filters\CheckPermissions.php(16): App\Libraries\IonAuth->__construct()
 3 SYSTEMPATH\Filters\Filters.php(197): App\Filters\CheckPermissions->__construct()
 4 SYSTEMPATH\Filters\Filters.php(184): CodeIgniter\Filters\Filters->runBefore([...])
 5 SYSTEMPATH\CodeIgniter.php(481): CodeIgniter\Filters\Filters->run('vendor/products', 'before')
 6 SYSTEMPATH\CodeIgniter.php(355): CodeIgniter\CodeIgniter->handleRequest(null, Object(Config\Cache), false)
 7 SYSTEMPATH\Boot.php(325): CodeIgniter\CodeIgniter->run()
 8 SYSTEMPATH\Boot.php(67): CodeIgniter\Boot::runCodeIgniter(Object(CodeIgniter\CodeIgniter))
 9 FCPATH\index.php(56): CodeIgniter\Boot::bootWeb(Object(Config\Paths))
INFO - 2025-02-13 09:40:45 --> Session: Class initialized using 'CodeIgniter\Session\Handlers\FileHandler' driver.
WARNING - 2025-02-13 09:40:45 --> [DEPRECATED] Creation of dynamic property IonAuth\Models\IonAuthModel::$join is deprecated in FCPATH\vendor\benedmunds\codeigniter-ion-auth\Models\IonAuthModel.php on line 231.
 1 APPPATH\Libraries\IonAuth.php(71): IonAuth\Models\IonAuthModel->__construct()
 2 APPPATH\Controllers\vendor\Home.php(17): App\Libraries\IonAuth->__construct()
 3 SYSTEMPATH\CodeIgniter.php(903): App\Controllers\vendor\Home->__construct()
 4 SYSTEMPATH\CodeIgniter.php(500): CodeIgniter\CodeIgniter->createController()
 5 SYSTEMPATH\CodeIgniter.php(355): CodeIgniter\CodeIgniter->handleRequest(null, Object(Config\Cache), false)
 6 SYSTEMPATH\Boot.php(325): CodeIgniter\CodeIgniter->run()
 7 SYSTEMPATH\Boot.php(67): CodeIgniter\Boot::runCodeIgniter(Object(CodeIgniter\CodeIgniter))
 8 FCPATH\index.php(56): CodeIgniter\Boot::bootWeb(Object(Config\Paths))
WARNING - 2025-02-13 09:40:45 --> [DEPRECATED] Creation of dynamic property IonAuth\Models\IonAuthModel::$hashMethod is deprecated in FCPATH\vendor\benedmunds\codeigniter-ion-auth\Models\IonAuthModel.php on line 234.
 1 APPPATH\Libraries\IonAuth.php(71): IonAuth\Models\IonAuthModel->__construct()
 2 APPPATH\Controllers\vendor\Home.php(17): App\Libraries\IonAuth->__construct()
 3 SYSTEMPATH\CodeIgniter.php(903): App\Controllers\vendor\Home->__construct()
 4 SYSTEMPATH\CodeIgniter.php(500): CodeIgniter\CodeIgniter->createController()
 5 SYSTEMPATH\CodeIgniter.php(355): CodeIgniter\CodeIgniter->handleRequest(null, Object(Config\Cache), false)
 6 SYSTEMPATH\Boot.php(325): CodeIgniter\CodeIgniter->run()
 7 SYSTEMPATH\Boot.php(67): CodeIgniter\Boot::runCodeIgniter(Object(CodeIgniter\CodeIgniter))
 8 FCPATH\index.php(56): CodeIgniter\Boot::bootWeb(Object(Config\Paths))
WARNING - 2025-02-13 09:40:45 --> [DEPRECATED] Creation of dynamic property IonAuth\Models\IonAuthModel::$messagesTemplates is deprecated in FCPATH\vendor\benedmunds\codeigniter-ion-auth\Models\IonAuthModel.php on line 237.
 1 APPPATH\Libraries\IonAuth.php(71): IonAuth\Models\IonAuthModel->__construct()
 2 APPPATH\Controllers\vendor\Home.php(17): App\Libraries\IonAuth->__construct()
 3 SYSTEMPATH\CodeIgniter.php(903): App\Controllers\vendor\Home->__construct()
 4 SYSTEMPATH\CodeIgniter.php(500): CodeIgniter\CodeIgniter->createController()
 5 SYSTEMPATH\CodeIgniter.php(355): CodeIgniter\CodeIgniter->handleRequest(null, Object(Config\Cache), false)
 6 SYSTEMPATH\Boot.php(325): CodeIgniter\CodeIgniter->run()
 7 SYSTEMPATH\Boot.php(67): CodeIgniter\Boot::runCodeIgniter(Object(CodeIgniter\CodeIgniter))
 8 FCPATH\index.php(56): CodeIgniter\Boot::bootWeb(Object(Config\Paths))
INFO - 2025-02-13 09:40:45 --> Session: Class initialized using 'CodeIgniter\Session\Handlers\FileHandler' driver.
WARNING - 2025-02-13 09:40:45 --> [DEPRECATED] Creation of dynamic property IonAuth\Libraries\IonAuth::$session is deprecated in FCPATH\vendor\benedmunds\codeigniter-ion-auth\Libraries\IonAuth.php on line 65.
 1 APPPATH\Controllers\Login.php(13): IonAuth\Libraries\IonAuth->__construct()
 2 SYSTEMPATH\CodeIgniter.php(903): App\Controllers\Login->__construct()
 3 SYSTEMPATH\CodeIgniter.php(500): CodeIgniter\CodeIgniter->createController()
 4 SYSTEMPATH\CodeIgniter.php(355): CodeIgniter\CodeIgniter->handleRequest(null, Object(Config\Cache), false)
 5 SYSTEMPATH\Boot.php(325): CodeIgniter\CodeIgniter->run()
 6 SYSTEMPATH\Boot.php(67): CodeIgniter\Boot::runCodeIgniter(Object(CodeIgniter\CodeIgniter))
 7 FCPATH\index.php(56): CodeIgniter\Boot::bootWeb(Object(Config\Paths))
WARNING - 2025-02-13 09:40:45 --> [DEPRECATED] Creation of dynamic property IonAuth\Models\IonAuthModel::$join is deprecated in FCPATH\vendor\benedmunds\codeigniter-ion-auth\Models\IonAuthModel.php on line 231.
 1 FCPATH\vendor\benedmunds\codeigniter-ion-auth\Libraries\IonAuth.php(67): IonAuth\Models\IonAuthModel->__construct()
 2 APPPATH\Controllers\Login.php(13): IonAuth\Libraries\IonAuth->__construct()
 3 SYSTEMPATH\CodeIgniter.php(903): App\Controllers\Login->__construct()
 4 SYSTEMPATH\CodeIgniter.php(500): CodeIgniter\CodeIgniter->createController()
 5 SYSTEMPATH\CodeIgniter.php(355): CodeIgniter\CodeIgniter->handleRequest(null, Object(Config\Cache), false)
 6 SYSTEMPATH\Boot.php(325): CodeIgniter\CodeIgniter->run()
 7 SYSTEMPATH\Boot.php(67): CodeIgniter\Boot::runCodeIgniter(Object(CodeIgniter\CodeIgniter))
 8 FCPATH\index.php(56): CodeIgniter\Boot::bootWeb(Object(Config\Paths))
WARNING - 2025-02-13 09:40:45 --> [DEPRECATED] Creation of dynamic property IonAuth\Models\IonAuthModel::$hashMethod is deprecated in FCPATH\vendor\benedmunds\codeigniter-ion-auth\Models\IonAuthModel.php on line 234.
 1 FCPATH\vendor\benedmunds\codeigniter-ion-auth\Libraries\IonAuth.php(67): IonAuth\Models\IonAuthModel->__construct()
 2 APPPATH\Controllers\Login.php(13): IonAuth\Libraries\IonAuth->__construct()
 3 SYSTEMPATH\CodeIgniter.php(903): App\Controllers\Login->__construct()
 4 SYSTEMPATH\CodeIgniter.php(500): CodeIgniter\CodeIgniter->createController()
 5 SYSTEMPATH\CodeIgniter.php(355): CodeIgniter\CodeIgniter->handleRequest(null, Object(Config\Cache), false)
 6 SYSTEMPATH\Boot.php(325): CodeIgniter\CodeIgniter->run()
 7 SYSTEMPATH\Boot.php(67): CodeIgniter\Boot::runCodeIgniter(Object(CodeIgniter\CodeIgniter))
 8 FCPATH\index.php(56): CodeIgniter\Boot::bootWeb(Object(Config\Paths))
WARNING - 2025-02-13 09:40:45 --> [DEPRECATED] Creation of dynamic property IonAuth\Models\IonAuthModel::$messagesTemplates is deprecated in FCPATH\vendor\benedmunds\codeigniter-ion-auth\Models\IonAuthModel.php on line 237.
 1 FCPATH\vendor\benedmunds\codeigniter-ion-auth\Libraries\IonAuth.php(67): IonAuth\Models\IonAuthModel->__construct()
 2 APPPATH\Controllers\Login.php(13): IonAuth\Libraries\IonAuth->__construct()
 3 SYSTEMPATH\CodeIgniter.php(903): App\Controllers\Login->__construct()
 4 SYSTEMPATH\CodeIgniter.php(500): CodeIgniter\CodeIgniter->createController()
 5 SYSTEMPATH\CodeIgniter.php(355): CodeIgniter\CodeIgniter->handleRequest(null, Object(Config\Cache), false)
 6 SYSTEMPATH\Boot.php(325): CodeIgniter\CodeIgniter->run()
 7 SYSTEMPATH\Boot.php(67): CodeIgniter\Boot::runCodeIgniter(Object(CodeIgniter\CodeIgniter))
 8 FCPATH\index.php(56): CodeIgniter\Boot::bootWeb(Object(Config\Paths))
INFO - 2025-02-13 09:41:47 --> Session: Class initialized using 'CodeIgniter\Session\Handlers\FileHandler' driver.
WARNING - 2025-02-13 09:41:47 --> [DEPRECATED] Creation of dynamic property IonAuth\Models\IonAuthModel::$join is deprecated in FCPATH\vendor\benedmunds\codeigniter-ion-auth\Models\IonAuthModel.php on line 231.
 1 APPPATH\Libraries\IonAuth.php(71): IonAuth\Models\IonAuthModel->__construct()
 2 APPPATH\Filters\CheckPermissions.php(16): App\Libraries\IonAuth->__construct()
 3 SYSTEMPATH\Filters\Filters.php(197): App\Filters\CheckPermissions->__construct()
 4 SYSTEMPATH\Filters\Filters.php(184): CodeIgniter\Filters\Filters->runBefore([...])
 5 SYSTEMPATH\CodeIgniter.php(481): CodeIgniter\Filters\Filters->run('vendor/products', 'before')
 6 SYSTEMPATH\CodeIgniter.php(355): CodeIgniter\CodeIgniter->handleRequest(null, Object(Config\Cache), false)
 7 SYSTEMPATH\Boot.php(325): CodeIgniter\CodeIgniter->run()
 8 SYSTEMPATH\Boot.php(67): CodeIgniter\Boot::runCodeIgniter(Object(CodeIgniter\CodeIgniter))
 9 FCPATH\index.php(56): CodeIgniter\Boot::bootWeb(Object(Config\Paths))
WARNING - 2025-02-13 09:41:47 --> [DEPRECATED] Creation of dynamic property IonAuth\Models\IonAuthModel::$hashMethod is deprecated in FCPATH\vendor\benedmunds\codeigniter-ion-auth\Models\IonAuthModel.php on line 234.
 1 APPPATH\Libraries\IonAuth.php(71): IonAuth\Models\IonAuthModel->__construct()
 2 APPPATH\Filters\CheckPermissions.php(16): App\Libraries\IonAuth->__construct()
 3 SYSTEMPATH\Filters\Filters.php(197): App\Filters\CheckPermissions->__construct()
 4 SYSTEMPATH\Filters\Filters.php(184): CodeIgniter\Filters\Filters->runBefore([...])
 5 SYSTEMPATH\CodeIgniter.php(481): CodeIgniter\Filters\Filters->run('vendor/products', 'before')
 6 SYSTEMPATH\CodeIgniter.php(355): CodeIgniter\CodeIgniter->handleRequest(null, Object(Config\Cache), false)
 7 SYSTEMPATH\Boot.php(325): CodeIgniter\CodeIgniter->run()
 8 SYSTEMPATH\Boot.php(67): CodeIgniter\Boot::runCodeIgniter(Object(CodeIgniter\CodeIgniter))
 9 FCPATH\index.php(56): CodeIgniter\Boot::bootWeb(Object(Config\Paths))
WARNING - 2025-02-13 09:41:47 --> [DEPRECATED] Creation of dynamic property IonAuth\Models\IonAuthModel::$messagesTemplates is deprecated in FCPATH\vendor\benedmunds\codeigniter-ion-auth\Models\IonAuthModel.php on line 237.
 1 APPPATH\Libraries\IonAuth.php(71): IonAuth\Models\IonAuthModel->__construct()
 2 APPPATH\Filters\CheckPermissions.php(16): App\Libraries\IonAuth->__construct()
 3 SYSTEMPATH\Filters\Filters.php(197): App\Filters\CheckPermissions->__construct()
 4 SYSTEMPATH\Filters\Filters.php(184): CodeIgniter\Filters\Filters->runBefore([...])
 5 SYSTEMPATH\CodeIgniter.php(481): CodeIgniter\Filters\Filters->run('vendor/products', 'before')
 6 SYSTEMPATH\CodeIgniter.php(355): CodeIgniter\CodeIgniter->handleRequest(null, Object(Config\Cache), false)
 7 SYSTEMPATH\Boot.php(325): CodeIgniter\CodeIgniter->run()
 8 SYSTEMPATH\Boot.php(67): CodeIgniter\Boot::runCodeIgniter(Object(CodeIgniter\CodeIgniter))
 9 FCPATH\index.php(56): CodeIgniter\Boot::bootWeb(Object(Config\Paths))
WARNING - 2025-02-13 09:41:47 --> [DEPRECATED] Creation of dynamic property IonAuth\Models\IonAuthModel::$join is deprecated in FCPATH\vendor\benedmunds\codeigniter-ion-auth\Models\IonAuthModel.php on line 231.
 1 APPPATH\Libraries\IonAuth.php(71): IonAuth\Models\IonAuthModel->__construct()
 2 APPPATH\Controllers\vendor\Products.php(25): App\Libraries\IonAuth->__construct()
 3 SYSTEMPATH\CodeIgniter.php(903): App\Controllers\vendor\Products->__construct()
 4 SYSTEMPATH\CodeIgniter.php(500): CodeIgniter\CodeIgniter->createController()
 5 SYSTEMPATH\CodeIgniter.php(355): CodeIgniter\CodeIgniter->handleRequest(null, Object(Config\Cache), false)
 6 SYSTEMPATH\Boot.php(325): CodeIgniter\CodeIgniter->run()
 7 SYSTEMPATH\Boot.php(67): CodeIgniter\Boot::runCodeIgniter(Object(CodeIgniter\CodeIgniter))
 8 FCPATH\index.php(56): CodeIgniter\Boot::bootWeb(Object(Config\Paths))
WARNING - 2025-02-13 09:41:47 --> [DEPRECATED] Creation of dynamic property IonAuth\Models\IonAuthModel::$hashMethod is deprecated in FCPATH\vendor\benedmunds\codeigniter-ion-auth\Models\IonAuthModel.php on line 234.
 1 APPPATH\Libraries\IonAuth.php(71): IonAuth\Models\IonAuthModel->__construct()
 2 APPPATH\Controllers\vendor\Products.php(25): App\Libraries\IonAuth->__construct()
 3 SYSTEMPATH\CodeIgniter.php(903): App\Controllers\vendor\Products->__construct()
 4 SYSTEMPATH\CodeIgniter.php(500): CodeIgniter\CodeIgniter->createController()
 5 SYSTEMPATH\CodeIgniter.php(355): CodeIgniter\CodeIgniter->handleRequest(null, Object(Config\Cache), false)
 6 SYSTEMPATH\Boot.php(325): CodeIgniter\CodeIgniter->run()
 7 SYSTEMPATH\Boot.php(67): CodeIgniter\Boot::runCodeIgniter(Object(CodeIgniter\CodeIgniter))
 8 FCPATH\index.php(56): CodeIgniter\Boot::bootWeb(Object(Config\Paths))
WARNING - 2025-02-13 09:41:47 --> [DEPRECATED] Creation of dynamic property IonAuth\Models\IonAuthModel::$messagesTemplates is deprecated in FCPATH\vendor\benedmunds\codeigniter-ion-auth\Models\IonAuthModel.php on line 237.
 1 APPPATH\Libraries\IonAuth.php(71): IonAuth\Models\IonAuthModel->__construct()
 2 APPPATH\Controllers\vendor\Products.php(25): App\Libraries\IonAuth->__construct()
 3 SYSTEMPATH\CodeIgniter.php(903): App\Controllers\vendor\Products->__construct()
 4 SYSTEMPATH\CodeIgniter.php(500): CodeIgniter\CodeIgniter->createController()
 5 SYSTEMPATH\CodeIgniter.php(355): CodeIgniter\CodeIgniter->handleRequest(null, Object(Config\Cache), false)
 6 SYSTEMPATH\Boot.php(325): CodeIgniter\CodeIgniter->run()
 7 SYSTEMPATH\Boot.php(67): CodeIgniter\Boot::runCodeIgniter(Object(CodeIgniter\CodeIgniter))
 8 FCPATH\index.php(56): CodeIgniter\Boot::bootWeb(Object(Config\Paths))
WARNING - 2025-02-13 15:11:47 --> [DEPRECATED] Creation of dynamic property IonAuth\Models\IonAuthModel::$join is deprecated in FCPATH\vendor\benedmunds\codeigniter-ion-auth\Models\IonAuthModel.php on line 231.
 1 APPPATH\Libraries\IonAuth.php(71): IonAuth\Models\IonAuthModel->__construct()
 2 APPPATH\Filters\CheckPermissions.php(16): App\Libraries\IonAuth->__construct()
 3 SYSTEMPATH\Filters\Filters.php(235): App\Filters\CheckPermissions->__construct()
 4 SYSTEMPATH\Filters\Filters.php(188): CodeIgniter\Filters\Filters->runAfter([...])
 5 SYSTEMPATH\CodeIgniter.php(527): CodeIgniter\Filters\Filters->run('vendor/products', 'after')
 6 SYSTEMPATH\CodeIgniter.php(355): CodeIgniter\CodeIgniter->handleRequest(null, Object(Config\Cache), false)
 7 SYSTEMPATH\Boot.php(325): CodeIgniter\CodeIgniter->run()
 8 SYSTEMPATH\Boot.php(67): CodeIgniter\Boot::runCodeIgniter(Object(CodeIgniter\CodeIgniter))
 9 FCPATH\index.php(56): CodeIgniter\Boot::bootWeb(Object(Config\Paths))
WARNING - 2025-02-13 15:11:47 --> [DEPRECATED] Creation of dynamic property IonAuth\Models\IonAuthModel::$hashMethod is deprecated in FCPATH\vendor\benedmunds\codeigniter-ion-auth\Models\IonAuthModel.php on line 234.
 1 APPPATH\Libraries\IonAuth.php(71): IonAuth\Models\IonAuthModel->__construct()
 2 APPPATH\Filters\CheckPermissions.php(16): App\Libraries\IonAuth->__construct()
 3 SYSTEMPATH\Filters\Filters.php(235): App\Filters\CheckPermissions->__construct()
 4 SYSTEMPATH\Filters\Filters.php(188): CodeIgniter\Filters\Filters->runAfter([...])
 5 SYSTEMPATH\CodeIgniter.php(527): CodeIgniter\Filters\Filters->run('vendor/products', 'after')
 6 SYSTEMPATH\CodeIgniter.php(355): CodeIgniter\CodeIgniter->handleRequest(null, Object(Config\Cache), false)
 7 SYSTEMPATH\Boot.php(325): CodeIgniter\CodeIgniter->run()
 8 SYSTEMPATH\Boot.php(67): CodeIgniter\Boot::runCodeIgniter(Object(CodeIgniter\CodeIgniter))
 9 FCPATH\index.php(56): CodeIgniter\Boot::bootWeb(Object(Config\Paths))
WARNING - 2025-02-13 15:11:47 --> [DEPRECATED] Creation of dynamic property IonAuth\Models\IonAuthModel::$messagesTemplates is deprecated in FCPATH\vendor\benedmunds\codeigniter-ion-auth\Models\IonAuthModel.php on line 237.
 1 APPPATH\Libraries\IonAuth.php(71): IonAuth\Models\IonAuthModel->__construct()
 2 APPPATH\Filters\CheckPermissions.php(16): App\Libraries\IonAuth->__construct()
 3 SYSTEMPATH\Filters\Filters.php(235): App\Filters\CheckPermissions->__construct()
 4 SYSTEMPATH\Filters\Filters.php(188): CodeIgniter\Filters\Filters->runAfter([...])
 5 SYSTEMPATH\CodeIgniter.php(527): CodeIgniter\Filters\Filters->run('vendor/products', 'after')
 6 SYSTEMPATH\CodeIgniter.php(355): CodeIgniter\CodeIgniter->handleRequest(null, Object(Config\Cache), false)
 7 SYSTEMPATH\Boot.php(325): CodeIgniter\CodeIgniter->run()
 8 SYSTEMPATH\Boot.php(67): CodeIgniter\Boot::runCodeIgniter(Object(CodeIgniter\CodeIgniter))
 9 FCPATH\index.php(56): CodeIgniter\Boot::bootWeb(Object(Config\Paths))
INFO - 2025-02-13 09:41:48 --> Session: Class initialized using 'CodeIgniter\Session\Handlers\FileHandler' driver.
WARNING - 2025-02-13 09:41:48 --> [DEPRECATED] Creation of dynamic property IonAuth\Models\IonAuthModel::$join is deprecated in FCPATH\vendor\benedmunds\codeigniter-ion-auth\Models\IonAuthModel.php on line 231.
 1 APPPATH\Libraries\IonAuth.php(71): IonAuth\Models\IonAuthModel->__construct()
 2 APPPATH\Filters\CheckPermissions.php(16): App\Libraries\IonAuth->__construct()
 3 SYSTEMPATH\Filters\Filters.php(197): App\Filters\CheckPermissions->__construct()
 4 SYSTEMPATH\Filters\Filters.php(184): CodeIgniter\Filters\Filters->runBefore([...])
 5 SYSTEMPATH\CodeIgniter.php(481): CodeIgniter\Filters\Filters->run('vendor/products/products_table', 'before')
 6 SYSTEMPATH\CodeIgniter.php(355): CodeIgniter\CodeIgniter->handleRequest(null, Object(Config\Cache), false)
 7 SYSTEMPATH\Boot.php(325): CodeIgniter\CodeIgniter->run()
 8 SYSTEMPATH\Boot.php(67): CodeIgniter\Boot::runCodeIgniter(Object(CodeIgniter\CodeIgniter))
 9 FCPATH\index.php(56): CodeIgniter\Boot::bootWeb(Object(Config\Paths))
WARNING - 2025-02-13 09:41:48 --> [DEPRECATED] Creation of dynamic property IonAuth\Models\IonAuthModel::$hashMethod is deprecated in FCPATH\vendor\benedmunds\codeigniter-ion-auth\Models\IonAuthModel.php on line 234.
 1 APPPATH\Libraries\IonAuth.php(71): IonAuth\Models\IonAuthModel->__construct()
 2 APPPATH\Filters\CheckPermissions.php(16): App\Libraries\IonAuth->__construct()
 3 SYSTEMPATH\Filters\Filters.php(197): App\Filters\CheckPermissions->__construct()
 4 SYSTEMPATH\Filters\Filters.php(184): CodeIgniter\Filters\Filters->runBefore([...])
 5 SYSTEMPATH\CodeIgniter.php(481): CodeIgniter\Filters\Filters->run('vendor/products/products_table', 'before')
 6 SYSTEMPATH\CodeIgniter.php(355): CodeIgniter\CodeIgniter->handleRequest(null, Object(Config\Cache), false)
 7 SYSTEMPATH\Boot.php(325): CodeIgniter\CodeIgniter->run()
 8 SYSTEMPATH\Boot.php(67): CodeIgniter\Boot::runCodeIgniter(Object(CodeIgniter\CodeIgniter))
 9 FCPATH\index.php(56): CodeIgniter\Boot::bootWeb(Object(Config\Paths))
WARNING - 2025-02-13 09:41:48 --> [DEPRECATED] Creation of dynamic property IonAuth\Models\IonAuthModel::$messagesTemplates is deprecated in FCPATH\vendor\benedmunds\codeigniter-ion-auth\Models\IonAuthModel.php on line 237.
 1 APPPATH\Libraries\IonAuth.php(71): IonAuth\Models\IonAuthModel->__construct()
 2 APPPATH\Filters\CheckPermissions.php(16): App\Libraries\IonAuth->__construct()
 3 SYSTEMPATH\Filters\Filters.php(197): App\Filters\CheckPermissions->__construct()
 4 SYSTEMPATH\Filters\Filters.php(184): CodeIgniter\Filters\Filters->runBefore([...])
 5 SYSTEMPATH\CodeIgniter.php(481): CodeIgniter\Filters\Filters->run('vendor/products/products_table', 'before')
 6 SYSTEMPATH\CodeIgniter.php(355): CodeIgniter\CodeIgniter->handleRequest(null, Object(Config\Cache), false)
 7 SYSTEMPATH\Boot.php(325): CodeIgniter\CodeIgniter->run()
 8 SYSTEMPATH\Boot.php(67): CodeIgniter\Boot::runCodeIgniter(Object(CodeIgniter\CodeIgniter))
 9 FCPATH\index.php(56): CodeIgniter\Boot::bootWeb(Object(Config\Paths))
WARNING - 2025-02-13 09:41:48 --> [DEPRECATED] Creation of dynamic property IonAuth\Models\IonAuthModel::$join is deprecated in FCPATH\vendor\benedmunds\codeigniter-ion-auth\Models\IonAuthModel.php on line 231.
 1 APPPATH\Libraries\IonAuth.php(71): IonAuth\Models\IonAuthModel->__construct()
 2 APPPATH\Controllers\vendor\Products.php(25): App\Libraries\IonAuth->__construct()
 3 SYSTEMPATH\CodeIgniter.php(903): App\Controllers\vendor\Products->__construct()
 4 SYSTEMPATH\CodeIgniter.php(500): CodeIgniter\CodeIgniter->createController()
 5 SYSTEMPATH\CodeIgniter.php(355): CodeIgniter\CodeIgniter->handleRequest(null, Object(Config\Cache), false)
 6 SYSTEMPATH\Boot.php(325): CodeIgniter\CodeIgniter->run()
 7 SYSTEMPATH\Boot.php(67): CodeIgniter\Boot::runCodeIgniter(Object(CodeIgniter\CodeIgniter))
 8 FCPATH\index.php(56): CodeIgniter\Boot::bootWeb(Object(Config\Paths))
WARNING - 2025-02-13 09:41:48 --> [DEPRECATED] Creation of dynamic property IonAuth\Models\IonAuthModel::$hashMethod is deprecated in FCPATH\vendor\benedmunds\codeigniter-ion-auth\Models\IonAuthModel.php on line 234.
 1 APPPATH\Libraries\IonAuth.php(71): IonAuth\Models\IonAuthModel->__construct()
 2 APPPATH\Controllers\vendor\Products.php(25): App\Libraries\IonAuth->__construct()
 3 SYSTEMPATH\CodeIgniter.php(903): App\Controllers\vendor\Products->__construct()
 4 SYSTEMPATH\CodeIgniter.php(500): CodeIgniter\CodeIgniter->createController()
 5 SYSTEMPATH\CodeIgniter.php(355): CodeIgniter\CodeIgniter->handleRequest(null, Object(Config\Cache), false)
 6 SYSTEMPATH\Boot.php(325): CodeIgniter\CodeIgniter->run()
 7 SYSTEMPATH\Boot.php(67): CodeIgniter\Boot::runCodeIgniter(Object(CodeIgniter\CodeIgniter))
 8 FCPATH\index.php(56): CodeIgniter\Boot::bootWeb(Object(Config\Paths))
WARNING - 2025-02-13 09:41:48 --> [DEPRECATED] Creation of dynamic property IonAuth\Models\IonAuthModel::$messagesTemplates is deprecated in FCPATH\vendor\benedmunds\codeigniter-ion-auth\Models\IonAuthModel.php on line 237.
 1 APPPATH\Libraries\IonAuth.php(71): IonAuth\Models\IonAuthModel->__construct()
 2 APPPATH\Controllers\vendor\Products.php(25): App\Libraries\IonAuth->__construct()
 3 SYSTEMPATH\CodeIgniter.php(903): App\Controllers\vendor\Products->__construct()
 4 SYSTEMPATH\CodeIgniter.php(500): CodeIgniter\CodeIgniter->createController()
 5 SYSTEMPATH\CodeIgniter.php(355): CodeIgniter\CodeIgniter->handleRequest(null, Object(Config\Cache), false)
 6 SYSTEMPATH\Boot.php(325): CodeIgniter\CodeIgniter->run()
 7 SYSTEMPATH\Boot.php(67): CodeIgniter\Boot::runCodeIgniter(Object(CodeIgniter\CodeIgniter))
 8 FCPATH\index.php(56): CodeIgniter\Boot::bootWeb(Object(Config\Paths))
WARNING - 2025-02-13 15:11:48 --> [DEPRECATED] Creation of dynamic property IonAuth\Models\IonAuthModel::$join is deprecated in FCPATH\vendor\benedmunds\codeigniter-ion-auth\Models\IonAuthModel.php on line 231.
 1 APPPATH\Libraries\IonAuth.php(71): IonAuth\Models\IonAuthModel->__construct()
 2 APPPATH\Filters\CheckPermissions.php(16): App\Libraries\IonAuth->__construct()
 3 SYSTEMPATH\Filters\Filters.php(235): App\Filters\CheckPermissions->__construct()
 4 SYSTEMPATH\Filters\Filters.php(188): CodeIgniter\Filters\Filters->runAfter([...])
 5 SYSTEMPATH\CodeIgniter.php(527): CodeIgniter\Filters\Filters->run('vendor/products/products_table', 'after')
 6 SYSTEMPATH\CodeIgniter.php(355): CodeIgniter\CodeIgniter->handleRequest(null, Object(Config\Cache), false)
 7 SYSTEMPATH\Boot.php(325): CodeIgniter\CodeIgniter->run()
 8 SYSTEMPATH\Boot.php(67): CodeIgniter\Boot::runCodeIgniter(Object(CodeIgniter\CodeIgniter))
 9 FCPATH\index.php(56): CodeIgniter\Boot::bootWeb(Object(Config\Paths))
WARNING - 2025-02-13 15:11:48 --> [DEPRECATED] Creation of dynamic property IonAuth\Models\IonAuthModel::$hashMethod is deprecated in FCPATH\vendor\benedmunds\codeigniter-ion-auth\Models\IonAuthModel.php on line 234.
 1 APPPATH\Libraries\IonAuth.php(71): IonAuth\Models\IonAuthModel->__construct()
 2 APPPATH\Filters\CheckPermissions.php(16): App\Libraries\IonAuth->__construct()
 3 SYSTEMPATH\Filters\Filters.php(235): App\Filters\CheckPermissions->__construct()
 4 SYSTEMPATH\Filters\Filters.php(188): CodeIgniter\Filters\Filters->runAfter([...])
 5 SYSTEMPATH\CodeIgniter.php(527): CodeIgniter\Filters\Filters->run('vendor/products/products_table', 'after')
 6 SYSTEMPATH\CodeIgniter.php(355): CodeIgniter\CodeIgniter->handleRequest(null, Object(Config\Cache), false)
 7 SYSTEMPATH\Boot.php(325): CodeIgniter\CodeIgniter->run()
 8 SYSTEMPATH\Boot.php(67): CodeIgniter\Boot::runCodeIgniter(Object(CodeIgniter\CodeIgniter))
 9 FCPATH\index.php(56): CodeIgniter\Boot::bootWeb(Object(Config\Paths))
WARNING - 2025-02-13 15:11:48 --> [DEPRECATED] Creation of dynamic property IonAuth\Models\IonAuthModel::$messagesTemplates is deprecated in FCPATH\vendor\benedmunds\codeigniter-ion-auth\Models\IonAuthModel.php on line 237.
 1 APPPATH\Libraries\IonAuth.php(71): IonAuth\Models\IonAuthModel->__construct()
 2 APPPATH\Filters\CheckPermissions.php(16): App\Libraries\IonAuth->__construct()
 3 SYSTEMPATH\Filters\Filters.php(235): App\Filters\CheckPermissions->__construct()
 4 SYSTEMPATH\Filters\Filters.php(188): CodeIgniter\Filters\Filters->runAfter([...])
 5 SYSTEMPATH\CodeIgniter.php(527): CodeIgniter\Filters\Filters->run('vendor/products/products_table', 'after')
 6 SYSTEMPATH\CodeIgniter.php(355): CodeIgniter\CodeIgniter->handleRequest(null, Object(Config\Cache), false)
 7 SYSTEMPATH\Boot.php(325): CodeIgniter\CodeIgniter->run()
 8 SYSTEMPATH\Boot.php(67): CodeIgniter\Boot::runCodeIgniter(Object(CodeIgniter\CodeIgniter))
 9 FCPATH\index.php(56): CodeIgniter\Boot::bootWeb(Object(Config\Paths))
INFO - 2025-02-13 09:41:49 --> Session: Class initialized using 'CodeIgniter\Session\Handlers\FileHandler' driver.
WARNING - 2025-02-13 09:41:49 --> [DEPRECATED] Creation of dynamic property IonAuth\Models\IonAuthModel::$join is deprecated in FCPATH\vendor\benedmunds\codeigniter-ion-auth\Models\IonAuthModel.php on line 231.
 1 APPPATH\Libraries\IonAuth.php(71): IonAuth\Models\IonAuthModel->__construct()
 2 APPPATH\Filters\CheckPermissions.php(16): App\Libraries\IonAuth->__construct()
 3 SYSTEMPATH\Filters\Filters.php(197): App\Filters\CheckPermissions->__construct()
 4 SYSTEMPATH\Filters\Filters.php(184): CodeIgniter\Filters\Filters->runBefore([...])
 5 SYSTEMPATH\CodeIgniter.php(481): CodeIgniter\Filters\Filters->run('vendor/products/variants_table', 'before')
 6 SYSTEMPATH\CodeIgniter.php(355): CodeIgniter\CodeIgniter->handleRequest(null, Object(Config\Cache), false)
 7 SYSTEMPATH\Boot.php(325): CodeIgniter\CodeIgniter->run()
 8 SYSTEMPATH\Boot.php(67): CodeIgniter\Boot::runCodeIgniter(Object(CodeIgniter\CodeIgniter))
 9 FCPATH\index.php(56): CodeIgniter\Boot::bootWeb(Object(Config\Paths))
WARNING - 2025-02-13 09:41:49 --> [DEPRECATED] Creation of dynamic property IonAuth\Models\IonAuthModel::$hashMethod is deprecated in FCPATH\vendor\benedmunds\codeigniter-ion-auth\Models\IonAuthModel.php on line 234.
 1 APPPATH\Libraries\IonAuth.php(71): IonAuth\Models\IonAuthModel->__construct()
 2 APPPATH\Filters\CheckPermissions.php(16): App\Libraries\IonAuth->__construct()
 3 SYSTEMPATH\Filters\Filters.php(197): App\Filters\CheckPermissions->__construct()
 4 SYSTEMPATH\Filters\Filters.php(184): CodeIgniter\Filters\Filters->runBefore([...])
 5 SYSTEMPATH\CodeIgniter.php(481): CodeIgniter\Filters\Filters->run('vendor/products/variants_table', 'before')
 6 SYSTEMPATH\CodeIgniter.php(355): CodeIgniter\CodeIgniter->handleRequest(null, Object(Config\Cache), false)
 7 SYSTEMPATH\Boot.php(325): CodeIgniter\CodeIgniter->run()
 8 SYSTEMPATH\Boot.php(67): CodeIgniter\Boot::runCodeIgniter(Object(CodeIgniter\CodeIgniter))
 9 FCPATH\index.php(56): CodeIgniter\Boot::bootWeb(Object(Config\Paths))
WARNING - 2025-02-13 09:41:49 --> [DEPRECATED] Creation of dynamic property IonAuth\Models\IonAuthModel::$messagesTemplates is deprecated in FCPATH\vendor\benedmunds\codeigniter-ion-auth\Models\IonAuthModel.php on line 237.
 1 APPPATH\Libraries\IonAuth.php(71): IonAuth\Models\IonAuthModel->__construct()
 2 APPPATH\Filters\CheckPermissions.php(16): App\Libraries\IonAuth->__construct()
 3 SYSTEMPATH\Filters\Filters.php(197): App\Filters\CheckPermissions->__construct()
 4 SYSTEMPATH\Filters\Filters.php(184): CodeIgniter\Filters\Filters->runBefore([...])
 5 SYSTEMPATH\CodeIgniter.php(481): CodeIgniter\Filters\Filters->run('vendor/products/variants_table', 'before')
 6 SYSTEMPATH\CodeIgniter.php(355): CodeIgniter\CodeIgniter->handleRequest(null, Object(Config\Cache), false)
 7 SYSTEMPATH\Boot.php(325): CodeIgniter\CodeIgniter->run()
 8 SYSTEMPATH\Boot.php(67): CodeIgniter\Boot::runCodeIgniter(Object(CodeIgniter\CodeIgniter))
 9 FCPATH\index.php(56): CodeIgniter\Boot::bootWeb(Object(Config\Paths))
WARNING - 2025-02-13 09:41:49 --> [DEPRECATED] Creation of dynamic property IonAuth\Models\IonAuthModel::$join is deprecated in FCPATH\vendor\benedmunds\codeigniter-ion-auth\Models\IonAuthModel.php on line 231.
 1 APPPATH\Libraries\IonAuth.php(71): IonAuth\Models\IonAuthModel->__construct()
 2 APPPATH\Controllers\vendor\Products.php(25): App\Libraries\IonAuth->__construct()
 3 SYSTEMPATH\CodeIgniter.php(903): App\Controllers\vendor\Products->__construct()
 4 SYSTEMPATH\CodeIgniter.php(500): CodeIgniter\CodeIgniter->createController()
 5 SYSTEMPATH\CodeIgniter.php(355): CodeIgniter\CodeIgniter->handleRequest(null, Object(Config\Cache), false)
 6 SYSTEMPATH\Boot.php(325): CodeIgniter\CodeIgniter->run()
 7 SYSTEMPATH\Boot.php(67): CodeIgniter\Boot::runCodeIgniter(Object(CodeIgniter\CodeIgniter))
 8 FCPATH\index.php(56): CodeIgniter\Boot::bootWeb(Object(Config\Paths))
WARNING - 2025-02-13 09:41:49 --> [DEPRECATED] Creation of dynamic property IonAuth\Models\IonAuthModel::$hashMethod is deprecated in FCPATH\vendor\benedmunds\codeigniter-ion-auth\Models\IonAuthModel.php on line 234.
 1 APPPATH\Libraries\IonAuth.php(71): IonAuth\Models\IonAuthModel->__construct()
 2 APPPATH\Controllers\vendor\Products.php(25): App\Libraries\IonAuth->__construct()
 3 SYSTEMPATH\CodeIgniter.php(903): App\Controllers\vendor\Products->__construct()
 4 SYSTEMPATH\CodeIgniter.php(500): CodeIgniter\CodeIgniter->createController()
 5 SYSTEMPATH\CodeIgniter.php(355): CodeIgniter\CodeIgniter->handleRequest(null, Object(Config\Cache), false)
 6 SYSTEMPATH\Boot.php(325): CodeIgniter\CodeIgniter->run()
 7 SYSTEMPATH\Boot.php(67): CodeIgniter\Boot::runCodeIgniter(Object(CodeIgniter\CodeIgniter))
 8 FCPATH\index.php(56): CodeIgniter\Boot::bootWeb(Object(Config\Paths))
WARNING - 2025-02-13 09:41:49 --> [DEPRECATED] Creation of dynamic property IonAuth\Models\IonAuthModel::$messagesTemplates is deprecated in FCPATH\vendor\benedmunds\codeigniter-ion-auth\Models\IonAuthModel.php on line 237.
 1 APPPATH\Libraries\IonAuth.php(71): IonAuth\Models\IonAuthModel->__construct()
 2 APPPATH\Controllers\vendor\Products.php(25): App\Libraries\IonAuth->__construct()
 3 SYSTEMPATH\CodeIgniter.php(903): App\Controllers\vendor\Products->__construct()
 4 SYSTEMPATH\CodeIgniter.php(500): CodeIgniter\CodeIgniter->createController()
 5 SYSTEMPATH\CodeIgniter.php(355): CodeIgniter\CodeIgniter->handleRequest(null, Object(Config\Cache), false)
 6 SYSTEMPATH\Boot.php(325): CodeIgniter\CodeIgniter->run()
 7 SYSTEMPATH\Boot.php(67): CodeIgniter\Boot::runCodeIgniter(Object(CodeIgniter\CodeIgniter))
 8 FCPATH\index.php(56): CodeIgniter\Boot::bootWeb(Object(Config\Paths))
WARNING - 2025-02-13 15:11:49 --> [DEPRECATED] Creation of dynamic property IonAuth\Models\IonAuthModel::$join is deprecated in FCPATH\vendor\benedmunds\codeigniter-ion-auth\Models\IonAuthModel.php on line 231.
 1 APPPATH\Libraries\IonAuth.php(71): IonAuth\Models\IonAuthModel->__construct()
 2 APPPATH\Filters\CheckPermissions.php(16): App\Libraries\IonAuth->__construct()
 3 SYSTEMPATH\Filters\Filters.php(235): App\Filters\CheckPermissions->__construct()
 4 SYSTEMPATH\Filters\Filters.php(188): CodeIgniter\Filters\Filters->runAfter([...])
 5 SYSTEMPATH\CodeIgniter.php(527): CodeIgniter\Filters\Filters->run('vendor/products/variants_table', 'after')
 6 SYSTEMPATH\CodeIgniter.php(355): CodeIgniter\CodeIgniter->handleRequest(null, Object(Config\Cache), false)
 7 SYSTEMPATH\Boot.php(325): CodeIgniter\CodeIgniter->run()
 8 SYSTEMPATH\Boot.php(67): CodeIgniter\Boot::runCodeIgniter(Object(CodeIgniter\CodeIgniter))
 9 FCPATH\index.php(56): CodeIgniter\Boot::bootWeb(Object(Config\Paths))
WARNING - 2025-02-13 15:11:49 --> [DEPRECATED] Creation of dynamic property IonAuth\Models\IonAuthModel::$hashMethod is deprecated in FCPATH\vendor\benedmunds\codeigniter-ion-auth\Models\IonAuthModel.php on line 234.
 1 APPPATH\Libraries\IonAuth.php(71): IonAuth\Models\IonAuthModel->__construct()
 2 APPPATH\Filters\CheckPermissions.php(16): App\Libraries\IonAuth->__construct()
 3 SYSTEMPATH\Filters\Filters.php(235): App\Filters\CheckPermissions->__construct()
 4 SYSTEMPATH\Filters\Filters.php(188): CodeIgniter\Filters\Filters->runAfter([...])
 5 SYSTEMPATH\CodeIgniter.php(527): CodeIgniter\Filters\Filters->run('vendor/products/variants_table', 'after')
 6 SYSTEMPATH\CodeIgniter.php(355): CodeIgniter\CodeIgniter->handleRequest(null, Object(Config\Cache), false)
 7 SYSTEMPATH\Boot.php(325): CodeIgniter\CodeIgniter->run()
 8 SYSTEMPATH\Boot.php(67): CodeIgniter\Boot::runCodeIgniter(Object(CodeIgniter\CodeIgniter))
 9 FCPATH\index.php(56): CodeIgniter\Boot::bootWeb(Object(Config\Paths))
WARNING - 2025-02-13 15:11:49 --> [DEPRECATED] Creation of dynamic property IonAuth\Models\IonAuthModel::$messagesTemplates is deprecated in FCPATH\vendor\benedmunds\codeigniter-ion-auth\Models\IonAuthModel.php on line 237.
 1 APPPATH\Libraries\IonAuth.php(71): IonAuth\Models\IonAuthModel->__construct()
 2 APPPATH\Filters\CheckPermissions.php(16): App\Libraries\IonAuth->__construct()
 3 SYSTEMPATH\Filters\Filters.php(235): App\Filters\CheckPermissions->__construct()
 4 SYSTEMPATH\Filters\Filters.php(188): CodeIgniter\Filters\Filters->runAfter([...])
 5 SYSTEMPATH\CodeIgniter.php(527): CodeIgniter\Filters\Filters->run('vendor/products/variants_table', 'after')
 6 SYSTEMPATH\CodeIgniter.php(355): CodeIgniter\CodeIgniter->handleRequest(null, Object(Config\Cache), false)
 7 SYSTEMPATH\Boot.php(325): CodeIgniter\CodeIgniter->run()
 8 SYSTEMPATH\Boot.php(67): CodeIgniter\Boot::runCodeIgniter(Object(CodeIgniter\CodeIgniter))
 9 FCPATH\index.php(56): CodeIgniter\Boot::bootWeb(Object(Config\Paths))
INFO - 2025-02-13 09:41:49 --> Session: Class initialized using 'CodeIgniter\Session\Handlers\FileHandler' driver.
WARNING - 2025-02-13 09:41:49 --> [DEPRECATED] Creation of dynamic property IonAuth\Models\IonAuthModel::$join is deprecated in FCPATH\vendor\benedmunds\codeigniter-ion-auth\Models\IonAuthModel.php on line 231.
 1 APPPATH\Libraries\IonAuth.php(71): IonAuth\Models\IonAuthModel->__construct()
 2 APPPATH\Filters\CheckPermissions.php(16): App\Libraries\IonAuth->__construct()
 3 SYSTEMPATH\Filters\Filters.php(197): App\Filters\CheckPermissions->__construct()
 4 SYSTEMPATH\Filters\Filters.php(184): CodeIgniter\Filters\Filters->runBefore([...])
 5 SYSTEMPATH\CodeIgniter.php(481): CodeIgniter\Filters\Filters->run('vendor/products/stock_alert', 'before')
 6 SYSTEMPATH\CodeIgniter.php(355): CodeIgniter\CodeIgniter->handleRequest(null, Object(Config\Cache), false)
 7 SYSTEMPATH\Boot.php(325): CodeIgniter\CodeIgniter->run()
 8 SYSTEMPATH\Boot.php(67): CodeIgniter\Boot::runCodeIgniter(Object(CodeIgniter\CodeIgniter))
 9 FCPATH\index.php(56): CodeIgniter\Boot::bootWeb(Object(Config\Paths))
WARNING - 2025-02-13 09:41:49 --> [DEPRECATED] Creation of dynamic property IonAuth\Models\IonAuthModel::$hashMethod is deprecated in FCPATH\vendor\benedmunds\codeigniter-ion-auth\Models\IonAuthModel.php on line 234.
 1 APPPATH\Libraries\IonAuth.php(71): IonAuth\Models\IonAuthModel->__construct()
 2 APPPATH\Filters\CheckPermissions.php(16): App\Libraries\IonAuth->__construct()
 3 SYSTEMPATH\Filters\Filters.php(197): App\Filters\CheckPermissions->__construct()
 4 SYSTEMPATH\Filters\Filters.php(184): CodeIgniter\Filters\Filters->runBefore([...])
 5 SYSTEMPATH\CodeIgniter.php(481): CodeIgniter\Filters\Filters->run('vendor/products/stock_alert', 'before')
 6 SYSTEMPATH\CodeIgniter.php(355): CodeIgniter\CodeIgniter->handleRequest(null, Object(Config\Cache), false)
 7 SYSTEMPATH\Boot.php(325): CodeIgniter\CodeIgniter->run()
 8 SYSTEMPATH\Boot.php(67): CodeIgniter\Boot::runCodeIgniter(Object(CodeIgniter\CodeIgniter))
 9 FCPATH\index.php(56): CodeIgniter\Boot::bootWeb(Object(Config\Paths))
WARNING - 2025-02-13 09:41:49 --> [DEPRECATED] Creation of dynamic property IonAuth\Models\IonAuthModel::$messagesTemplates is deprecated in FCPATH\vendor\benedmunds\codeigniter-ion-auth\Models\IonAuthModel.php on line 237.
 1 APPPATH\Libraries\IonAuth.php(71): IonAuth\Models\IonAuthModel->__construct()
 2 APPPATH\Filters\CheckPermissions.php(16): App\Libraries\IonAuth->__construct()
 3 SYSTEMPATH\Filters\Filters.php(197): App\Filters\CheckPermissions->__construct()
 4 SYSTEMPATH\Filters\Filters.php(184): CodeIgniter\Filters\Filters->runBefore([...])
 5 SYSTEMPATH\CodeIgniter.php(481): CodeIgniter\Filters\Filters->run('vendor/products/stock_alert', 'before')
 6 SYSTEMPATH\CodeIgniter.php(355): CodeIgniter\CodeIgniter->handleRequest(null, Object(Config\Cache), false)
 7 SYSTEMPATH\Boot.php(325): CodeIgniter\CodeIgniter->run()
 8 SYSTEMPATH\Boot.php(67): CodeIgniter\Boot::runCodeIgniter(Object(CodeIgniter\CodeIgniter))
 9 FCPATH\index.php(56): CodeIgniter\Boot::bootWeb(Object(Config\Paths))
WARNING - 2025-02-13 09:41:49 --> [DEPRECATED] Creation of dynamic property IonAuth\Models\IonAuthModel::$join is deprecated in FCPATH\vendor\benedmunds\codeigniter-ion-auth\Models\IonAuthModel.php on line 231.
 1 APPPATH\Libraries\IonAuth.php(71): IonAuth\Models\IonAuthModel->__construct()
 2 APPPATH\Controllers\vendor\Products.php(25): App\Libraries\IonAuth->__construct()
 3 SYSTEMPATH\CodeIgniter.php(903): App\Controllers\vendor\Products->__construct()
 4 SYSTEMPATH\CodeIgniter.php(500): CodeIgniter\CodeIgniter->createController()
 5 SYSTEMPATH\CodeIgniter.php(355): CodeIgniter\CodeIgniter->handleRequest(null, Object(Config\Cache), false)
 6 SYSTEMPATH\Boot.php(325): CodeIgniter\CodeIgniter->run()
 7 SYSTEMPATH\Boot.php(67): CodeIgniter\Boot::runCodeIgniter(Object(CodeIgniter\CodeIgniter))
 8 FCPATH\index.php(56): CodeIgniter\Boot::bootWeb(Object(Config\Paths))
WARNING - 2025-02-13 09:41:49 --> [DEPRECATED] Creation of dynamic property IonAuth\Models\IonAuthModel::$hashMethod is deprecated in FCPATH\vendor\benedmunds\codeigniter-ion-auth\Models\IonAuthModel.php on line 234.
 1 APPPATH\Libraries\IonAuth.php(71): IonAuth\Models\IonAuthModel->__construct()
 2 APPPATH\Controllers\vendor\Products.php(25): App\Libraries\IonAuth->__construct()
 3 SYSTEMPATH\CodeIgniter.php(903): App\Controllers\vendor\Products->__construct()
 4 SYSTEMPATH\CodeIgniter.php(500): CodeIgniter\CodeIgniter->createController()
 5 SYSTEMPATH\CodeIgniter.php(355): CodeIgniter\CodeIgniter->handleRequest(null, Object(Config\Cache), false)
 6 SYSTEMPATH\Boot.php(325): CodeIgniter\CodeIgniter->run()
 7 SYSTEMPATH\Boot.php(67): CodeIgniter\Boot::runCodeIgniter(Object(CodeIgniter\CodeIgniter))
 8 FCPATH\index.php(56): CodeIgniter\Boot::bootWeb(Object(Config\Paths))
WARNING - 2025-02-13 09:41:49 --> [DEPRECATED] Creation of dynamic property IonAuth\Models\IonAuthModel::$messagesTemplates is deprecated in FCPATH\vendor\benedmunds\codeigniter-ion-auth\Models\IonAuthModel.php on line 237.
 1 APPPATH\Libraries\IonAuth.php(71): IonAuth\Models\IonAuthModel->__construct()
 2 APPPATH\Controllers\vendor\Products.php(25): App\Libraries\IonAuth->__construct()
 3 SYSTEMPATH\CodeIgniter.php(903): App\Controllers\vendor\Products->__construct()
 4 SYSTEMPATH\CodeIgniter.php(500): CodeIgniter\CodeIgniter->createController()
 5 SYSTEMPATH\CodeIgniter.php(355): CodeIgniter\CodeIgniter->handleRequest(null, Object(Config\Cache), false)
 6 SYSTEMPATH\Boot.php(325): CodeIgniter\CodeIgniter->run()
 7 SYSTEMPATH\Boot.php(67): CodeIgniter\Boot::runCodeIgniter(Object(CodeIgniter\CodeIgniter))
 8 FCPATH\index.php(56): CodeIgniter\Boot::bootWeb(Object(Config\Paths))
WARNING - 2025-02-13 15:11:49 --> [DEPRECATED] Creation of dynamic property IonAuth\Models\IonAuthModel::$join is deprecated in FCPATH\vendor\benedmunds\codeigniter-ion-auth\Models\IonAuthModel.php on line 231.
 1 APPPATH\Libraries\IonAuth.php(71): IonAuth\Models\IonAuthModel->__construct()
 2 APPPATH\Filters\CheckPermissions.php(16): App\Libraries\IonAuth->__construct()
 3 SYSTEMPATH\Filters\Filters.php(235): App\Filters\CheckPermissions->__construct()
 4 SYSTEMPATH\Filters\Filters.php(188): CodeIgniter\Filters\Filters->runAfter([...])
 5 SYSTEMPATH\CodeIgniter.php(527): CodeIgniter\Filters\Filters->run('vendor/products/stock_alert', 'after')
 6 SYSTEMPATH\CodeIgniter.php(355): CodeIgniter\CodeIgniter->handleRequest(null, Object(Config\Cache), false)
 7 SYSTEMPATH\Boot.php(325): CodeIgniter\CodeIgniter->run()
 8 SYSTEMPATH\Boot.php(67): CodeIgniter\Boot::runCodeIgniter(Object(CodeIgniter\CodeIgniter))
 9 FCPATH\index.php(56): CodeIgniter\Boot::bootWeb(Object(Config\Paths))
WARNING - 2025-02-13 15:11:49 --> [DEPRECATED] Creation of dynamic property IonAuth\Models\IonAuthModel::$hashMethod is deprecated in FCPATH\vendor\benedmunds\codeigniter-ion-auth\Models\IonAuthModel.php on line 234.
 1 APPPATH\Libraries\IonAuth.php(71): IonAuth\Models\IonAuthModel->__construct()
 2 APPPATH\Filters\CheckPermissions.php(16): App\Libraries\IonAuth->__construct()
 3 SYSTEMPATH\Filters\Filters.php(235): App\Filters\CheckPermissions->__construct()
 4 SYSTEMPATH\Filters\Filters.php(188): CodeIgniter\Filters\Filters->runAfter([...])
 5 SYSTEMPATH\CodeIgniter.php(527): CodeIgniter\Filters\Filters->run('vendor/products/stock_alert', 'after')
 6 SYSTEMPATH\CodeIgniter.php(355): CodeIgniter\CodeIgniter->handleRequest(null, Object(Config\Cache), false)
 7 SYSTEMPATH\Boot.php(325): CodeIgniter\CodeIgniter->run()
 8 SYSTEMPATH\Boot.php(67): CodeIgniter\Boot::runCodeIgniter(Object(CodeIgniter\CodeIgniter))
 9 FCPATH\index.php(56): CodeIgniter\Boot::bootWeb(Object(Config\Paths))
WARNING - 2025-02-13 15:11:49 --> [DEPRECATED] Creation of dynamic property IonAuth\Models\IonAuthModel::$messagesTemplates is deprecated in FCPATH\vendor\benedmunds\codeigniter-ion-auth\Models\IonAuthModel.php on line 237.
 1 APPPATH\Libraries\IonAuth.php(71): IonAuth\Models\IonAuthModel->__construct()
 2 APPPATH\Filters\CheckPermissions.php(16): App\Libraries\IonAuth->__construct()
 3 SYSTEMPATH\Filters\Filters.php(235): App\Filters\CheckPermissions->__construct()
 4 SYSTEMPATH\Filters\Filters.php(188): CodeIgniter\Filters\Filters->runAfter([...])
 5 SYSTEMPATH\CodeIgniter.php(527): CodeIgniter\Filters\Filters->run('vendor/products/stock_alert', 'after')
 6 SYSTEMPATH\CodeIgniter.php(355): CodeIgniter\CodeIgniter->handleRequest(null, Object(Config\Cache), false)
 7 SYSTEMPATH\Boot.php(325): CodeIgniter\CodeIgniter->run()
 8 SYSTEMPATH\Boot.php(67): CodeIgniter\Boot::runCodeIgniter(Object(CodeIgniter\CodeIgniter))
 9 FCPATH\index.php(56): CodeIgniter\Boot::bootWeb(Object(Config\Paths))
INFO - 2025-02-13 09:41:49 --> Session: Class initialized using 'CodeIgniter\Session\Handlers\FileHandler' driver.
WARNING - 2025-02-13 09:41:49 --> [DEPRECATED] Creation of dynamic property IonAuth\Models\IonAuthModel::$join is deprecated in FCPATH\vendor\benedmunds\codeigniter-ion-auth\Models\IonAuthModel.php on line 231.
 1 APPPATH\Libraries\IonAuth.php(71): IonAuth\Models\IonAuthModel->__construct()
 2 APPPATH\Controllers\Home.php(12): App\Libraries\IonAuth->__construct()
 3 SYSTEMPATH\CodeIgniter.php(903): App\Controllers\Home->__construct()
 4 SYSTEMPATH\CodeIgniter.php(500): CodeIgniter\CodeIgniter->createController()
 5 SYSTEMPATH\CodeIgniter.php(355): CodeIgniter\CodeIgniter->handleRequest(null, Object(Config\Cache), false)
 6 SYSTEMPATH\Boot.php(325): CodeIgniter\CodeIgniter->run()
 7 SYSTEMPATH\Boot.php(67): CodeIgniter\Boot::runCodeIgniter(Object(CodeIgniter\CodeIgniter))
 8 FCPATH\index.php(56): CodeIgniter\Boot::bootWeb(Object(Config\Paths))
WARNING - 2025-02-13 09:41:49 --> [DEPRECATED] Creation of dynamic property IonAuth\Models\IonAuthModel::$hashMethod is deprecated in FCPATH\vendor\benedmunds\codeigniter-ion-auth\Models\IonAuthModel.php on line 234.
 1 APPPATH\Libraries\IonAuth.php(71): IonAuth\Models\IonAuthModel->__construct()
 2 APPPATH\Controllers\Home.php(12): App\Libraries\IonAuth->__construct()
 3 SYSTEMPATH\CodeIgniter.php(903): App\Controllers\Home->__construct()
 4 SYSTEMPATH\CodeIgniter.php(500): CodeIgniter\CodeIgniter->createController()
 5 SYSTEMPATH\CodeIgniter.php(355): CodeIgniter\CodeIgniter->handleRequest(null, Object(Config\Cache), false)
 6 SYSTEMPATH\Boot.php(325): CodeIgniter\CodeIgniter->run()
 7 SYSTEMPATH\Boot.php(67): CodeIgniter\Boot::runCodeIgniter(Object(CodeIgniter\CodeIgniter))
 8 FCPATH\index.php(56): CodeIgniter\Boot::bootWeb(Object(Config\Paths))
WARNING - 2025-02-13 09:41:49 --> [DEPRECATED] Creation of dynamic property IonAuth\Models\IonAuthModel::$messagesTemplates is deprecated in FCPATH\vendor\benedmunds\codeigniter-ion-auth\Models\IonAuthModel.php on line 237.
 1 APPPATH\Libraries\IonAuth.php(71): IonAuth\Models\IonAuthModel->__construct()
 2 APPPATH\Controllers\Home.php(12): App\Libraries\IonAuth->__construct()
 3 SYSTEMPATH\CodeIgniter.php(903): App\Controllers\Home->__construct()
 4 SYSTEMPATH\CodeIgniter.php(500): CodeIgniter\CodeIgniter->createController()
 5 SYSTEMPATH\CodeIgniter.php(355): CodeIgniter\CodeIgniter->handleRequest(null, Object(Config\Cache), false)
 6 SYSTEMPATH\Boot.php(325): CodeIgniter\CodeIgniter->run()
 7 SYSTEMPATH\Boot.php(67): CodeIgniter\Boot::runCodeIgniter(Object(CodeIgniter\CodeIgniter))
 8 FCPATH\index.php(56): CodeIgniter\Boot::bootWeb(Object(Config\Paths))
INFO - 2025-02-13 09:42:07 --> Session: Class initialized using 'CodeIgniter\Session\Handlers\FileHandler' driver.
WARNING - 2025-02-13 09:42:07 --> [DEPRECATED] Creation of dynamic property IonAuth\Models\IonAuthModel::$join is deprecated in FCPATH\vendor\benedmunds\codeigniter-ion-auth\Models\IonAuthModel.php on line 231.
 1 APPPATH\Libraries\IonAuth.php(71): IonAuth\Models\IonAuthModel->__construct()
 2 APPPATH\Filters\CheckPermissions.php(16): App\Libraries\IonAuth->__construct()
 3 SYSTEMPATH\Filters\Filters.php(197): App\Filters\CheckPermissions->__construct()
 4 SYSTEMPATH\Filters\Filters.php(184): CodeIgniter\Filters\Filters->runBefore([...])
 5 SYSTEMPATH\CodeIgniter.php(481): CodeIgniter\Filters\Filters->run('vendor/products', 'before')
 6 SYSTEMPATH\CodeIgniter.php(355): CodeIgniter\CodeIgniter->handleRequest(null, Object(Config\Cache), false)
 7 SYSTEMPATH\Boot.php(325): CodeIgniter\CodeIgniter->run()
 8 SYSTEMPATH\Boot.php(67): CodeIgniter\Boot::runCodeIgniter(Object(CodeIgniter\CodeIgniter))
 9 FCPATH\index.php(56): CodeIgniter\Boot::bootWeb(Object(Config\Paths))
WARNING - 2025-02-13 09:42:07 --> [DEPRECATED] Creation of dynamic property IonAuth\Models\IonAuthModel::$hashMethod is deprecated in FCPATH\vendor\benedmunds\codeigniter-ion-auth\Models\IonAuthModel.php on line 234.
 1 APPPATH\Libraries\IonAuth.php(71): IonAuth\Models\IonAuthModel->__construct()
 2 APPPATH\Filters\CheckPermissions.php(16): App\Libraries\IonAuth->__construct()
 3 SYSTEMPATH\Filters\Filters.php(197): App\Filters\CheckPermissions->__construct()
 4 SYSTEMPATH\Filters\Filters.php(184): CodeIgniter\Filters\Filters->runBefore([...])
 5 SYSTEMPATH\CodeIgniter.php(481): CodeIgniter\Filters\Filters->run('vendor/products', 'before')
 6 SYSTEMPATH\CodeIgniter.php(355): CodeIgniter\CodeIgniter->handleRequest(null, Object(Config\Cache), false)
 7 SYSTEMPATH\Boot.php(325): CodeIgniter\CodeIgniter->run()
 8 SYSTEMPATH\Boot.php(67): CodeIgniter\Boot::runCodeIgniter(Object(CodeIgniter\CodeIgniter))
 9 FCPATH\index.php(56): CodeIgniter\Boot::bootWeb(Object(Config\Paths))
WARNING - 2025-02-13 09:42:07 --> [DEPRECATED] Creation of dynamic property IonAuth\Models\IonAuthModel::$messagesTemplates is deprecated in FCPATH\vendor\benedmunds\codeigniter-ion-auth\Models\IonAuthModel.php on line 237.
 1 APPPATH\Libraries\IonAuth.php(71): IonAuth\Models\IonAuthModel->__construct()
 2 APPPATH\Filters\CheckPermissions.php(16): App\Libraries\IonAuth->__construct()
 3 SYSTEMPATH\Filters\Filters.php(197): App\Filters\CheckPermissions->__construct()
 4 SYSTEMPATH\Filters\Filters.php(184): CodeIgniter\Filters\Filters->runBefore([...])
 5 SYSTEMPATH\CodeIgniter.php(481): CodeIgniter\Filters\Filters->run('vendor/products', 'before')
 6 SYSTEMPATH\CodeIgniter.php(355): CodeIgniter\CodeIgniter->handleRequest(null, Object(Config\Cache), false)
 7 SYSTEMPATH\Boot.php(325): CodeIgniter\CodeIgniter->run()
 8 SYSTEMPATH\Boot.php(67): CodeIgniter\Boot::runCodeIgniter(Object(CodeIgniter\CodeIgniter))
 9 FCPATH\index.php(56): CodeIgniter\Boot::bootWeb(Object(Config\Paths))
WARNING - 2025-02-13 09:42:07 --> [DEPRECATED] Creation of dynamic property IonAuth\Models\IonAuthModel::$join is deprecated in FCPATH\vendor\benedmunds\codeigniter-ion-auth\Models\IonAuthModel.php on line 231.
 1 APPPATH\Libraries\IonAuth.php(71): IonAuth\Models\IonAuthModel->__construct()
 2 APPPATH\Controllers\vendor\Products.php(25): App\Libraries\IonAuth->__construct()
 3 SYSTEMPATH\CodeIgniter.php(903): App\Controllers\vendor\Products->__construct()
 4 SYSTEMPATH\CodeIgniter.php(500): CodeIgniter\CodeIgniter->createController()
 5 SYSTEMPATH\CodeIgniter.php(355): CodeIgniter\CodeIgniter->handleRequest(null, Object(Config\Cache), false)
 6 SYSTEMPATH\Boot.php(325): CodeIgniter\CodeIgniter->run()
 7 SYSTEMPATH\Boot.php(67): CodeIgniter\Boot::runCodeIgniter(Object(CodeIgniter\CodeIgniter))
 8 FCPATH\index.php(56): CodeIgniter\Boot::bootWeb(Object(Config\Paths))
WARNING - 2025-02-13 09:42:07 --> [DEPRECATED] Creation of dynamic property IonAuth\Models\IonAuthModel::$hashMethod is deprecated in FCPATH\vendor\benedmunds\codeigniter-ion-auth\Models\IonAuthModel.php on line 234.
 1 APPPATH\Libraries\IonAuth.php(71): IonAuth\Models\IonAuthModel->__construct()
 2 APPPATH\Controllers\vendor\Products.php(25): App\Libraries\IonAuth->__construct()
 3 SYSTEMPATH\CodeIgniter.php(903): App\Controllers\vendor\Products->__construct()
 4 SYSTEMPATH\CodeIgniter.php(500): CodeIgniter\CodeIgniter->createController()
 5 SYSTEMPATH\CodeIgniter.php(355): CodeIgniter\CodeIgniter->handleRequest(null, Object(Config\Cache), false)
 6 SYSTEMPATH\Boot.php(325): CodeIgniter\CodeIgniter->run()
 7 SYSTEMPATH\Boot.php(67): CodeIgniter\Boot::runCodeIgniter(Object(CodeIgniter\CodeIgniter))
 8 FCPATH\index.php(56): CodeIgniter\Boot::bootWeb(Object(Config\Paths))
WARNING - 2025-02-13 09:42:07 --> [DEPRECATED] Creation of dynamic property IonAuth\Models\IonAuthModel::$messagesTemplates is deprecated in FCPATH\vendor\benedmunds\codeigniter-ion-auth\Models\IonAuthModel.php on line 237.
 1 APPPATH\Libraries\IonAuth.php(71): IonAuth\Models\IonAuthModel->__construct()
 2 APPPATH\Controllers\vendor\Products.php(25): App\Libraries\IonAuth->__construct()
 3 SYSTEMPATH\CodeIgniter.php(903): App\Controllers\vendor\Products->__construct()
 4 SYSTEMPATH\CodeIgniter.php(500): CodeIgniter\CodeIgniter->createController()
 5 SYSTEMPATH\CodeIgniter.php(355): CodeIgniter\CodeIgniter->handleRequest(null, Object(Config\Cache), false)
 6 SYSTEMPATH\Boot.php(325): CodeIgniter\CodeIgniter->run()
 7 SYSTEMPATH\Boot.php(67): CodeIgniter\Boot::runCodeIgniter(Object(CodeIgniter\CodeIgniter))
 8 FCPATH\index.php(56): CodeIgniter\Boot::bootWeb(Object(Config\Paths))
WARNING - 2025-02-13 15:12:07 --> [DEPRECATED] Creation of dynamic property IonAuth\Models\IonAuthModel::$join is deprecated in FCPATH\vendor\benedmunds\codeigniter-ion-auth\Models\IonAuthModel.php on line 231.
 1 APPPATH\Libraries\IonAuth.php(71): IonAuth\Models\IonAuthModel->__construct()
 2 APPPATH\Filters\CheckPermissions.php(16): App\Libraries\IonAuth->__construct()
 3 SYSTEMPATH\Filters\Filters.php(235): App\Filters\CheckPermissions->__construct()
 4 SYSTEMPATH\Filters\Filters.php(188): CodeIgniter\Filters\Filters->runAfter([...])
 5 SYSTEMPATH\CodeIgniter.php(527): CodeIgniter\Filters\Filters->run('vendor/products', 'after')
 6 SYSTEMPATH\CodeIgniter.php(355): CodeIgniter\CodeIgniter->handleRequest(null, Object(Config\Cache), false)
 7 SYSTEMPATH\Boot.php(325): CodeIgniter\CodeIgniter->run()
 8 SYSTEMPATH\Boot.php(67): CodeIgniter\Boot::runCodeIgniter(Object(CodeIgniter\CodeIgniter))
 9 FCPATH\index.php(56): CodeIgniter\Boot::bootWeb(Object(Config\Paths))
WARNING - 2025-02-13 15:12:07 --> [DEPRECATED] Creation of dynamic property IonAuth\Models\IonAuthModel::$hashMethod is deprecated in FCPATH\vendor\benedmunds\codeigniter-ion-auth\Models\IonAuthModel.php on line 234.
 1 APPPATH\Libraries\IonAuth.php(71): IonAuth\Models\IonAuthModel->__construct()
 2 APPPATH\Filters\CheckPermissions.php(16): App\Libraries\IonAuth->__construct()
 3 SYSTEMPATH\Filters\Filters.php(235): App\Filters\CheckPermissions->__construct()
 4 SYSTEMPATH\Filters\Filters.php(188): CodeIgniter\Filters\Filters->runAfter([...])
 5 SYSTEMPATH\CodeIgniter.php(527): CodeIgniter\Filters\Filters->run('vendor/products', 'after')
 6 SYSTEMPATH\CodeIgniter.php(355): CodeIgniter\CodeIgniter->handleRequest(null, Object(Config\Cache), false)
 7 SYSTEMPATH\Boot.php(325): CodeIgniter\CodeIgniter->run()
 8 SYSTEMPATH\Boot.php(67): CodeIgniter\Boot::runCodeIgniter(Object(CodeIgniter\CodeIgniter))
 9 FCPATH\index.php(56): CodeIgniter\Boot::bootWeb(Object(Config\Paths))
WARNING - 2025-02-13 15:12:07 --> [DEPRECATED] Creation of dynamic property IonAuth\Models\IonAuthModel::$messagesTemplates is deprecated in FCPATH\vendor\benedmunds\codeigniter-ion-auth\Models\IonAuthModel.php on line 237.
 1 APPPATH\Libraries\IonAuth.php(71): IonAuth\Models\IonAuthModel->__construct()
 2 APPPATH\Filters\CheckPermissions.php(16): App\Libraries\IonAuth->__construct()
 3 SYSTEMPATH\Filters\Filters.php(235): App\Filters\CheckPermissions->__construct()
 4 SYSTEMPATH\Filters\Filters.php(188): CodeIgniter\Filters\Filters->runAfter([...])
 5 SYSTEMPATH\CodeIgniter.php(527): CodeIgniter\Filters\Filters->run('vendor/products', 'after')
 6 SYSTEMPATH\CodeIgniter.php(355): CodeIgniter\CodeIgniter->handleRequest(null, Object(Config\Cache), false)
 7 SYSTEMPATH\Boot.php(325): CodeIgniter\CodeIgniter->run()
 8 SYSTEMPATH\Boot.php(67): CodeIgniter\Boot::runCodeIgniter(Object(CodeIgniter\CodeIgniter))
 9 FCPATH\index.php(56): CodeIgniter\Boot::bootWeb(Object(Config\Paths))
INFO - 2025-02-13 09:42:09 --> Session: Class initialized using 'CodeIgniter\Session\Handlers\FileHandler' driver.
WARNING - 2025-02-13 09:42:09 --> [DEPRECATED] Creation of dynamic property IonAuth\Models\IonAuthModel::$join is deprecated in FCPATH\vendor\benedmunds\codeigniter-ion-auth\Models\IonAuthModel.php on line 231.
 1 APPPATH\Libraries\IonAuth.php(71): IonAuth\Models\IonAuthModel->__construct()
 2 APPPATH\Filters\CheckPermissions.php(16): App\Libraries\IonAuth->__construct()
 3 SYSTEMPATH\Filters\Filters.php(197): App\Filters\CheckPermissions->__construct()
 4 SYSTEMPATH\Filters\Filters.php(184): CodeIgniter\Filters\Filters->runBefore([...])
 5 SYSTEMPATH\CodeIgniter.php(481): CodeIgniter\Filters\Filters->run('vendor/products/products_table', 'before')
 6 SYSTEMPATH\CodeIgniter.php(355): CodeIgniter\CodeIgniter->handleRequest(null, Object(Config\Cache), false)
 7 SYSTEMPATH\Boot.php(325): CodeIgniter\CodeIgniter->run()
 8 SYSTEMPATH\Boot.php(67): CodeIgniter\Boot::runCodeIgniter(Object(CodeIgniter\CodeIgniter))
 9 FCPATH\index.php(56): CodeIgniter\Boot::bootWeb(Object(Config\Paths))
WARNING - 2025-02-13 09:42:09 --> [DEPRECATED] Creation of dynamic property IonAuth\Models\IonAuthModel::$hashMethod is deprecated in FCPATH\vendor\benedmunds\codeigniter-ion-auth\Models\IonAuthModel.php on line 234.
 1 APPPATH\Libraries\IonAuth.php(71): IonAuth\Models\IonAuthModel->__construct()
 2 APPPATH\Filters\CheckPermissions.php(16): App\Libraries\IonAuth->__construct()
 3 SYSTEMPATH\Filters\Filters.php(197): App\Filters\CheckPermissions->__construct()
 4 SYSTEMPATH\Filters\Filters.php(184): CodeIgniter\Filters\Filters->runBefore([...])
 5 SYSTEMPATH\CodeIgniter.php(481): CodeIgniter\Filters\Filters->run('vendor/products/products_table', 'before')
 6 SYSTEMPATH\CodeIgniter.php(355): CodeIgniter\CodeIgniter->handleRequest(null, Object(Config\Cache), false)
 7 SYSTEMPATH\Boot.php(325): CodeIgniter\CodeIgniter->run()
 8 SYSTEMPATH\Boot.php(67): CodeIgniter\Boot::runCodeIgniter(Object(CodeIgniter\CodeIgniter))
 9 FCPATH\index.php(56): CodeIgniter\Boot::bootWeb(Object(Config\Paths))
WARNING - 2025-02-13 09:42:09 --> [DEPRECATED] Creation of dynamic property IonAuth\Models\IonAuthModel::$messagesTemplates is deprecated in FCPATH\vendor\benedmunds\codeigniter-ion-auth\Models\IonAuthModel.php on line 237.
 1 APPPATH\Libraries\IonAuth.php(71): IonAuth\Models\IonAuthModel->__construct()
 2 APPPATH\Filters\CheckPermissions.php(16): App\Libraries\IonAuth->__construct()
 3 SYSTEMPATH\Filters\Filters.php(197): App\Filters\CheckPermissions->__construct()
 4 SYSTEMPATH\Filters\Filters.php(184): CodeIgniter\Filters\Filters->runBefore([...])
 5 SYSTEMPATH\CodeIgniter.php(481): CodeIgniter\Filters\Filters->run('vendor/products/products_table', 'before')
 6 SYSTEMPATH\CodeIgniter.php(355): CodeIgniter\CodeIgniter->handleRequest(null, Object(Config\Cache), false)
 7 SYSTEMPATH\Boot.php(325): CodeIgniter\CodeIgniter->run()
 8 SYSTEMPATH\Boot.php(67): CodeIgniter\Boot::runCodeIgniter(Object(CodeIgniter\CodeIgniter))
 9 FCPATH\index.php(56): CodeIgniter\Boot::bootWeb(Object(Config\Paths))
WARNING - 2025-02-13 09:42:09 --> [DEPRECATED] Creation of dynamic property IonAuth\Models\IonAuthModel::$join is deprecated in FCPATH\vendor\benedmunds\codeigniter-ion-auth\Models\IonAuthModel.php on line 231.
 1 APPPATH\Libraries\IonAuth.php(71): IonAuth\Models\IonAuthModel->__construct()
 2 APPPATH\Controllers\vendor\Products.php(25): App\Libraries\IonAuth->__construct()
 3 SYSTEMPATH\CodeIgniter.php(903): App\Controllers\vendor\Products->__construct()
 4 SYSTEMPATH\CodeIgniter.php(500): CodeIgniter\CodeIgniter->createController()
 5 SYSTEMPATH\CodeIgniter.php(355): CodeIgniter\CodeIgniter->handleRequest(null, Object(Config\Cache), false)
 6 SYSTEMPATH\Boot.php(325): CodeIgniter\CodeIgniter->run()
 7 SYSTEMPATH\Boot.php(67): CodeIgniter\Boot::runCodeIgniter(Object(CodeIgniter\CodeIgniter))
 8 FCPATH\index.php(56): CodeIgniter\Boot::bootWeb(Object(Config\Paths))
WARNING - 2025-02-13 09:42:09 --> [DEPRECATED] Creation of dynamic property IonAuth\Models\IonAuthModel::$hashMethod is deprecated in FCPATH\vendor\benedmunds\codeigniter-ion-auth\Models\IonAuthModel.php on line 234.
 1 APPPATH\Libraries\IonAuth.php(71): IonAuth\Models\IonAuthModel->__construct()
 2 APPPATH\Controllers\vendor\Products.php(25): App\Libraries\IonAuth->__construct()
 3 SYSTEMPATH\CodeIgniter.php(903): App\Controllers\vendor\Products->__construct()
 4 SYSTEMPATH\CodeIgniter.php(500): CodeIgniter\CodeIgniter->createController()
 5 SYSTEMPATH\CodeIgniter.php(355): CodeIgniter\CodeIgniter->handleRequest(null, Object(Config\Cache), false)
 6 SYSTEMPATH\Boot.php(325): CodeIgniter\CodeIgniter->run()
 7 SYSTEMPATH\Boot.php(67): CodeIgniter\Boot::runCodeIgniter(Object(CodeIgniter\CodeIgniter))
 8 FCPATH\index.php(56): CodeIgniter\Boot::bootWeb(Object(Config\Paths))
WARNING - 2025-02-13 09:42:09 --> [DEPRECATED] Creation of dynamic property IonAuth\Models\IonAuthModel::$messagesTemplates is deprecated in FCPATH\vendor\benedmunds\codeigniter-ion-auth\Models\IonAuthModel.php on line 237.
 1 APPPATH\Libraries\IonAuth.php(71): IonAuth\Models\IonAuthModel->__construct()
 2 APPPATH\Controllers\vendor\Products.php(25): App\Libraries\IonAuth->__construct()
 3 SYSTEMPATH\CodeIgniter.php(903): App\Controllers\vendor\Products->__construct()
 4 SYSTEMPATH\CodeIgniter.php(500): CodeIgniter\CodeIgniter->createController()
 5 SYSTEMPATH\CodeIgniter.php(355): CodeIgniter\CodeIgniter->handleRequest(null, Object(Config\Cache), false)
 6 SYSTEMPATH\Boot.php(325): CodeIgniter\CodeIgniter->run()
 7 SYSTEMPATH\Boot.php(67): CodeIgniter\Boot::runCodeIgniter(Object(CodeIgniter\CodeIgniter))
 8 FCPATH\index.php(56): CodeIgniter\Boot::bootWeb(Object(Config\Paths))
WARNING - 2025-02-13 15:12:09 --> [DEPRECATED] Creation of dynamic property IonAuth\Models\IonAuthModel::$join is deprecated in FCPATH\vendor\benedmunds\codeigniter-ion-auth\Models\IonAuthModel.php on line 231.
 1 APPPATH\Libraries\IonAuth.php(71): IonAuth\Models\IonAuthModel->__construct()
 2 APPPATH\Filters\CheckPermissions.php(16): App\Libraries\IonAuth->__construct()
 3 SYSTEMPATH\Filters\Filters.php(235): App\Filters\CheckPermissions->__construct()
 4 SYSTEMPATH\Filters\Filters.php(188): CodeIgniter\Filters\Filters->runAfter([...])
 5 SYSTEMPATH\CodeIgniter.php(527): CodeIgniter\Filters\Filters->run('vendor/products/products_table', 'after')
 6 SYSTEMPATH\CodeIgniter.php(355): CodeIgniter\CodeIgniter->handleRequest(null, Object(Config\Cache), false)
 7 SYSTEMPATH\Boot.php(325): CodeIgniter\CodeIgniter->run()
 8 SYSTEMPATH\Boot.php(67): CodeIgniter\Boot::runCodeIgniter(Object(CodeIgniter\CodeIgniter))
 9 FCPATH\index.php(56): CodeIgniter\Boot::bootWeb(Object(Config\Paths))
WARNING - 2025-02-13 15:12:09 --> [DEPRECATED] Creation of dynamic property IonAuth\Models\IonAuthModel::$hashMethod is deprecated in FCPATH\vendor\benedmunds\codeigniter-ion-auth\Models\IonAuthModel.php on line 234.
 1 APPPATH\Libraries\IonAuth.php(71): IonAuth\Models\IonAuthModel->__construct()
 2 APPPATH\Filters\CheckPermissions.php(16): App\Libraries\IonAuth->__construct()
 3 SYSTEMPATH\Filters\Filters.php(235): App\Filters\CheckPermissions->__construct()
 4 SYSTEMPATH\Filters\Filters.php(188): CodeIgniter\Filters\Filters->runAfter([...])
 5 SYSTEMPATH\CodeIgniter.php(527): CodeIgniter\Filters\Filters->run('vendor/products/products_table', 'after')
 6 SYSTEMPATH\CodeIgniter.php(355): CodeIgniter\CodeIgniter->handleRequest(null, Object(Config\Cache), false)
 7 SYSTEMPATH\Boot.php(325): CodeIgniter\CodeIgniter->run()
 8 SYSTEMPATH\Boot.php(67): CodeIgniter\Boot::runCodeIgniter(Object(CodeIgniter\CodeIgniter))
 9 FCPATH\index.php(56): CodeIgniter\Boot::bootWeb(Object(Config\Paths))
WARNING - 2025-02-13 15:12:09 --> [DEPRECATED] Creation of dynamic property IonAuth\Models\IonAuthModel::$messagesTemplates is deprecated in FCPATH\vendor\benedmunds\codeigniter-ion-auth\Models\IonAuthModel.php on line 237.
 1 APPPATH\Libraries\IonAuth.php(71): IonAuth\Models\IonAuthModel->__construct()
 2 APPPATH\Filters\CheckPermissions.php(16): App\Libraries\IonAuth->__construct()
 3 SYSTEMPATH\Filters\Filters.php(235): App\Filters\CheckPermissions->__construct()
 4 SYSTEMPATH\Filters\Filters.php(188): CodeIgniter\Filters\Filters->runAfter([...])
 5 SYSTEMPATH\CodeIgniter.php(527): CodeIgniter\Filters\Filters->run('vendor/products/products_table', 'after')
 6 SYSTEMPATH\CodeIgniter.php(355): CodeIgniter\CodeIgniter->handleRequest(null, Object(Config\Cache), false)
 7 SYSTEMPATH\Boot.php(325): CodeIgniter\CodeIgniter->run()
 8 SYSTEMPATH\Boot.php(67): CodeIgniter\Boot::runCodeIgniter(Object(CodeIgniter\CodeIgniter))
 9 FCPATH\index.php(56): CodeIgniter\Boot::bootWeb(Object(Config\Paths))
INFO - 2025-02-13 09:42:09 --> Session: Class initialized using 'CodeIgniter\Session\Handlers\FileHandler' driver.
WARNING - 2025-02-13 09:42:09 --> [DEPRECATED] Creation of dynamic property IonAuth\Models\IonAuthModel::$join is deprecated in FCPATH\vendor\benedmunds\codeigniter-ion-auth\Models\IonAuthModel.php on line 231.
 1 APPPATH\Libraries\IonAuth.php(71): IonAuth\Models\IonAuthModel->__construct()
 2 APPPATH\Filters\CheckPermissions.php(16): App\Libraries\IonAuth->__construct()
 3 SYSTEMPATH\Filters\Filters.php(197): App\Filters\CheckPermissions->__construct()
 4 SYSTEMPATH\Filters\Filters.php(184): CodeIgniter\Filters\Filters->runBefore([...])
 5 SYSTEMPATH\CodeIgniter.php(481): CodeIgniter\Filters\Filters->run('vendor/products/variants_table', 'before')
 6 SYSTEMPATH\CodeIgniter.php(355): CodeIgniter\CodeIgniter->handleRequest(null, Object(Config\Cache), false)
 7 SYSTEMPATH\Boot.php(325): CodeIgniter\CodeIgniter->run()
 8 SYSTEMPATH\Boot.php(67): CodeIgniter\Boot::runCodeIgniter(Object(CodeIgniter\CodeIgniter))
 9 FCPATH\index.php(56): CodeIgniter\Boot::bootWeb(Object(Config\Paths))
WARNING - 2025-02-13 09:42:09 --> [DEPRECATED] Creation of dynamic property IonAuth\Models\IonAuthModel::$hashMethod is deprecated in FCPATH\vendor\benedmunds\codeigniter-ion-auth\Models\IonAuthModel.php on line 234.
 1 APPPATH\Libraries\IonAuth.php(71): IonAuth\Models\IonAuthModel->__construct()
 2 APPPATH\Filters\CheckPermissions.php(16): App\Libraries\IonAuth->__construct()
 3 SYSTEMPATH\Filters\Filters.php(197): App\Filters\CheckPermissions->__construct()
 4 SYSTEMPATH\Filters\Filters.php(184): CodeIgniter\Filters\Filters->runBefore([...])
 5 SYSTEMPATH\CodeIgniter.php(481): CodeIgniter\Filters\Filters->run('vendor/products/variants_table', 'before')
 6 SYSTEMPATH\CodeIgniter.php(355): CodeIgniter\CodeIgniter->handleRequest(null, Object(Config\Cache), false)
 7 SYSTEMPATH\Boot.php(325): CodeIgniter\CodeIgniter->run()
 8 SYSTEMPATH\Boot.php(67): CodeIgniter\Boot::runCodeIgniter(Object(CodeIgniter\CodeIgniter))
 9 FCPATH\index.php(56): CodeIgniter\Boot::bootWeb(Object(Config\Paths))
WARNING - 2025-02-13 09:42:09 --> [DEPRECATED] Creation of dynamic property IonAuth\Models\IonAuthModel::$messagesTemplates is deprecated in FCPATH\vendor\benedmunds\codeigniter-ion-auth\Models\IonAuthModel.php on line 237.
 1 APPPATH\Libraries\IonAuth.php(71): IonAuth\Models\IonAuthModel->__construct()
 2 APPPATH\Filters\CheckPermissions.php(16): App\Libraries\IonAuth->__construct()
 3 SYSTEMPATH\Filters\Filters.php(197): App\Filters\CheckPermissions->__construct()
 4 SYSTEMPATH\Filters\Filters.php(184): CodeIgniter\Filters\Filters->runBefore([...])
 5 SYSTEMPATH\CodeIgniter.php(481): CodeIgniter\Filters\Filters->run('vendor/products/variants_table', 'before')
 6 SYSTEMPATH\CodeIgniter.php(355): CodeIgniter\CodeIgniter->handleRequest(null, Object(Config\Cache), false)
 7 SYSTEMPATH\Boot.php(325): CodeIgniter\CodeIgniter->run()
 8 SYSTEMPATH\Boot.php(67): CodeIgniter\Boot::runCodeIgniter(Object(CodeIgniter\CodeIgniter))
 9 FCPATH\index.php(56): CodeIgniter\Boot::bootWeb(Object(Config\Paths))
WARNING - 2025-02-13 09:42:09 --> [DEPRECATED] Creation of dynamic property IonAuth\Models\IonAuthModel::$join is deprecated in FCPATH\vendor\benedmunds\codeigniter-ion-auth\Models\IonAuthModel.php on line 231.
 1 APPPATH\Libraries\IonAuth.php(71): IonAuth\Models\IonAuthModel->__construct()
 2 APPPATH\Controllers\vendor\Products.php(25): App\Libraries\IonAuth->__construct()
 3 SYSTEMPATH\CodeIgniter.php(903): App\Controllers\vendor\Products->__construct()
 4 SYSTEMPATH\CodeIgniter.php(500): CodeIgniter\CodeIgniter->createController()
 5 SYSTEMPATH\CodeIgniter.php(355): CodeIgniter\CodeIgniter->handleRequest(null, Object(Config\Cache), false)
 6 SYSTEMPATH\Boot.php(325): CodeIgniter\CodeIgniter->run()
 7 SYSTEMPATH\Boot.php(67): CodeIgniter\Boot::runCodeIgniter(Object(CodeIgniter\CodeIgniter))
 8 FCPATH\index.php(56): CodeIgniter\Boot::bootWeb(Object(Config\Paths))
WARNING - 2025-02-13 09:42:09 --> [DEPRECATED] Creation of dynamic property IonAuth\Models\IonAuthModel::$hashMethod is deprecated in FCPATH\vendor\benedmunds\codeigniter-ion-auth\Models\IonAuthModel.php on line 234.
 1 APPPATH\Libraries\IonAuth.php(71): IonAuth\Models\IonAuthModel->__construct()
 2 APPPATH\Controllers\vendor\Products.php(25): App\Libraries\IonAuth->__construct()
 3 SYSTEMPATH\CodeIgniter.php(903): App\Controllers\vendor\Products->__construct()
 4 SYSTEMPATH\CodeIgniter.php(500): CodeIgniter\CodeIgniter->createController()
 5 SYSTEMPATH\CodeIgniter.php(355): CodeIgniter\CodeIgniter->handleRequest(null, Object(Config\Cache), false)
 6 SYSTEMPATH\Boot.php(325): CodeIgniter\CodeIgniter->run()
 7 SYSTEMPATH\Boot.php(67): CodeIgniter\Boot::runCodeIgniter(Object(CodeIgniter\CodeIgniter))
 8 FCPATH\index.php(56): CodeIgniter\Boot::bootWeb(Object(Config\Paths))
WARNING - 2025-02-13 09:42:09 --> [DEPRECATED] Creation of dynamic property IonAuth\Models\IonAuthModel::$messagesTemplates is deprecated in FCPATH\vendor\benedmunds\codeigniter-ion-auth\Models\IonAuthModel.php on line 237.
 1 APPPATH\Libraries\IonAuth.php(71): IonAuth\Models\IonAuthModel->__construct()
 2 APPPATH\Controllers\vendor\Products.php(25): App\Libraries\IonAuth->__construct()
 3 SYSTEMPATH\CodeIgniter.php(903): App\Controllers\vendor\Products->__construct()
 4 SYSTEMPATH\CodeIgniter.php(500): CodeIgniter\CodeIgniter->createController()
 5 SYSTEMPATH\CodeIgniter.php(355): CodeIgniter\CodeIgniter->handleRequest(null, Object(Config\Cache), false)
 6 SYSTEMPATH\Boot.php(325): CodeIgniter\CodeIgniter->run()
 7 SYSTEMPATH\Boot.php(67): CodeIgniter\Boot::runCodeIgniter(Object(CodeIgniter\CodeIgniter))
 8 FCPATH\index.php(56): CodeIgniter\Boot::bootWeb(Object(Config\Paths))
WARNING - 2025-02-13 15:12:09 --> [DEPRECATED] Creation of dynamic property IonAuth\Models\IonAuthModel::$join is deprecated in FCPATH\vendor\benedmunds\codeigniter-ion-auth\Models\IonAuthModel.php on line 231.
 1 APPPATH\Libraries\IonAuth.php(71): IonAuth\Models\IonAuthModel->__construct()
 2 APPPATH\Filters\CheckPermissions.php(16): App\Libraries\IonAuth->__construct()
 3 SYSTEMPATH\Filters\Filters.php(235): App\Filters\CheckPermissions->__construct()
 4 SYSTEMPATH\Filters\Filters.php(188): CodeIgniter\Filters\Filters->runAfter([...])
 5 SYSTEMPATH\CodeIgniter.php(527): CodeIgniter\Filters\Filters->run('vendor/products/variants_table', 'after')
 6 SYSTEMPATH\CodeIgniter.php(355): CodeIgniter\CodeIgniter->handleRequest(null, Object(Config\Cache), false)
 7 SYSTEMPATH\Boot.php(325): CodeIgniter\CodeIgniter->run()
 8 SYSTEMPATH\Boot.php(67): CodeIgniter\Boot::runCodeIgniter(Object(CodeIgniter\CodeIgniter))
 9 FCPATH\index.php(56): CodeIgniter\Boot::bootWeb(Object(Config\Paths))
WARNING - 2025-02-13 15:12:09 --> [DEPRECATED] Creation of dynamic property IonAuth\Models\IonAuthModel::$hashMethod is deprecated in FCPATH\vendor\benedmunds\codeigniter-ion-auth\Models\IonAuthModel.php on line 234.
 1 APPPATH\Libraries\IonAuth.php(71): IonAuth\Models\IonAuthModel->__construct()
 2 APPPATH\Filters\CheckPermissions.php(16): App\Libraries\IonAuth->__construct()
 3 SYSTEMPATH\Filters\Filters.php(235): App\Filters\CheckPermissions->__construct()
 4 SYSTEMPATH\Filters\Filters.php(188): CodeIgniter\Filters\Filters->runAfter([...])
 5 SYSTEMPATH\CodeIgniter.php(527): CodeIgniter\Filters\Filters->run('vendor/products/variants_table', 'after')
 6 SYSTEMPATH\CodeIgniter.php(355): CodeIgniter\CodeIgniter->handleRequest(null, Object(Config\Cache), false)
 7 SYSTEMPATH\Boot.php(325): CodeIgniter\CodeIgniter->run()
 8 SYSTEMPATH\Boot.php(67): CodeIgniter\Boot::runCodeIgniter(Object(CodeIgniter\CodeIgniter))
 9 FCPATH\index.php(56): CodeIgniter\Boot::bootWeb(Object(Config\Paths))
WARNING - 2025-02-13 15:12:09 --> [DEPRECATED] Creation of dynamic property IonAuth\Models\IonAuthModel::$messagesTemplates is deprecated in FCPATH\vendor\benedmunds\codeigniter-ion-auth\Models\IonAuthModel.php on line 237.
 1 APPPATH\Libraries\IonAuth.php(71): IonAuth\Models\IonAuthModel->__construct()
 2 APPPATH\Filters\CheckPermissions.php(16): App\Libraries\IonAuth->__construct()
 3 SYSTEMPATH\Filters\Filters.php(235): App\Filters\CheckPermissions->__construct()
 4 SYSTEMPATH\Filters\Filters.php(188): CodeIgniter\Filters\Filters->runAfter([...])
 5 SYSTEMPATH\CodeIgniter.php(527): CodeIgniter\Filters\Filters->run('vendor/products/variants_table', 'after')
 6 SYSTEMPATH\CodeIgniter.php(355): CodeIgniter\CodeIgniter->handleRequest(null, Object(Config\Cache), false)
 7 SYSTEMPATH\Boot.php(325): CodeIgniter\CodeIgniter->run()
 8 SYSTEMPATH\Boot.php(67): CodeIgniter\Boot::runCodeIgniter(Object(CodeIgniter\CodeIgniter))
 9 FCPATH\index.php(56): CodeIgniter\Boot::bootWeb(Object(Config\Paths))
INFO - 2025-02-13 09:42:09 --> Session: Class initialized using 'CodeIgniter\Session\Handlers\FileHandler' driver.
WARNING - 2025-02-13 09:42:09 --> [DEPRECATED] Creation of dynamic property IonAuth\Models\IonAuthModel::$join is deprecated in FCPATH\vendor\benedmunds\codeigniter-ion-auth\Models\IonAuthModel.php on line 231.
 1 APPPATH\Libraries\IonAuth.php(71): IonAuth\Models\IonAuthModel->__construct()
 2 APPPATH\Filters\CheckPermissions.php(16): App\Libraries\IonAuth->__construct()
 3 SYSTEMPATH\Filters\Filters.php(197): App\Filters\CheckPermissions->__construct()
 4 SYSTEMPATH\Filters\Filters.php(184): CodeIgniter\Filters\Filters->runBefore([...])
 5 SYSTEMPATH\CodeIgniter.php(481): CodeIgniter\Filters\Filters->run('vendor/products/stock_alert', 'before')
 6 SYSTEMPATH\CodeIgniter.php(355): CodeIgniter\CodeIgniter->handleRequest(null, Object(Config\Cache), false)
 7 SYSTEMPATH\Boot.php(325): CodeIgniter\CodeIgniter->run()
 8 SYSTEMPATH\Boot.php(67): CodeIgniter\Boot::runCodeIgniter(Object(CodeIgniter\CodeIgniter))
 9 FCPATH\index.php(56): CodeIgniter\Boot::bootWeb(Object(Config\Paths))
WARNING - 2025-02-13 09:42:10 --> [DEPRECATED] Creation of dynamic property IonAuth\Models\IonAuthModel::$hashMethod is deprecated in FCPATH\vendor\benedmunds\codeigniter-ion-auth\Models\IonAuthModel.php on line 234.
 1 APPPATH\Libraries\IonAuth.php(71): IonAuth\Models\IonAuthModel->__construct()
 2 APPPATH\Filters\CheckPermissions.php(16): App\Libraries\IonAuth->__construct()
 3 SYSTEMPATH\Filters\Filters.php(197): App\Filters\CheckPermissions->__construct()
 4 SYSTEMPATH\Filters\Filters.php(184): CodeIgniter\Filters\Filters->runBefore([...])
 5 SYSTEMPATH\CodeIgniter.php(481): CodeIgniter\Filters\Filters->run('vendor/products/stock_alert', 'before')
 6 SYSTEMPATH\CodeIgniter.php(355): CodeIgniter\CodeIgniter->handleRequest(null, Object(Config\Cache), false)
 7 SYSTEMPATH\Boot.php(325): CodeIgniter\CodeIgniter->run()
 8 SYSTEMPATH\Boot.php(67): CodeIgniter\Boot::runCodeIgniter(Object(CodeIgniter\CodeIgniter))
 9 FCPATH\index.php(56): CodeIgniter\Boot::bootWeb(Object(Config\Paths))
WARNING - 2025-02-13 09:42:10 --> [DEPRECATED] Creation of dynamic property IonAuth\Models\IonAuthModel::$messagesTemplates is deprecated in FCPATH\vendor\benedmunds\codeigniter-ion-auth\Models\IonAuthModel.php on line 237.
 1 APPPATH\Libraries\IonAuth.php(71): IonAuth\Models\IonAuthModel->__construct()
 2 APPPATH\Filters\CheckPermissions.php(16): App\Libraries\IonAuth->__construct()
 3 SYSTEMPATH\Filters\Filters.php(197): App\Filters\CheckPermissions->__construct()
 4 SYSTEMPATH\Filters\Filters.php(184): CodeIgniter\Filters\Filters->runBefore([...])
 5 SYSTEMPATH\CodeIgniter.php(481): CodeIgniter\Filters\Filters->run('vendor/products/stock_alert', 'before')
 6 SYSTEMPATH\CodeIgniter.php(355): CodeIgniter\CodeIgniter->handleRequest(null, Object(Config\Cache), false)
 7 SYSTEMPATH\Boot.php(325): CodeIgniter\CodeIgniter->run()
 8 SYSTEMPATH\Boot.php(67): CodeIgniter\Boot::runCodeIgniter(Object(CodeIgniter\CodeIgniter))
 9 FCPATH\index.php(56): CodeIgniter\Boot::bootWeb(Object(Config\Paths))
WARNING - 2025-02-13 09:42:10 --> [DEPRECATED] Creation of dynamic property IonAuth\Models\IonAuthModel::$join is deprecated in FCPATH\vendor\benedmunds\codeigniter-ion-auth\Models\IonAuthModel.php on line 231.
 1 APPPATH\Libraries\IonAuth.php(71): IonAuth\Models\IonAuthModel->__construct()
 2 APPPATH\Controllers\vendor\Products.php(25): App\Libraries\IonAuth->__construct()
 3 SYSTEMPATH\CodeIgniter.php(903): App\Controllers\vendor\Products->__construct()
 4 SYSTEMPATH\CodeIgniter.php(500): CodeIgniter\CodeIgniter->createController()
 5 SYSTEMPATH\CodeIgniter.php(355): CodeIgniter\CodeIgniter->handleRequest(null, Object(Config\Cache), false)
 6 SYSTEMPATH\Boot.php(325): CodeIgniter\CodeIgniter->run()
 7 SYSTEMPATH\Boot.php(67): CodeIgniter\Boot::runCodeIgniter(Object(CodeIgniter\CodeIgniter))
 8 FCPATH\index.php(56): CodeIgniter\Boot::bootWeb(Object(Config\Paths))
WARNING - 2025-02-13 09:42:10 --> [DEPRECATED] Creation of dynamic property IonAuth\Models\IonAuthModel::$hashMethod is deprecated in FCPATH\vendor\benedmunds\codeigniter-ion-auth\Models\IonAuthModel.php on line 234.
 1 APPPATH\Libraries\IonAuth.php(71): IonAuth\Models\IonAuthModel->__construct()
 2 APPPATH\Controllers\vendor\Products.php(25): App\Libraries\IonAuth->__construct()
 3 SYSTEMPATH\CodeIgniter.php(903): App\Controllers\vendor\Products->__construct()
 4 SYSTEMPATH\CodeIgniter.php(500): CodeIgniter\CodeIgniter->createController()
 5 SYSTEMPATH\CodeIgniter.php(355): CodeIgniter\CodeIgniter->handleRequest(null, Object(Config\Cache), false)
 6 SYSTEMPATH\Boot.php(325): CodeIgniter\CodeIgniter->run()
 7 SYSTEMPATH\Boot.php(67): CodeIgniter\Boot::runCodeIgniter(Object(CodeIgniter\CodeIgniter))
 8 FCPATH\index.php(56): CodeIgniter\Boot::bootWeb(Object(Config\Paths))
WARNING - 2025-02-13 09:42:10 --> [DEPRECATED] Creation of dynamic property IonAuth\Models\IonAuthModel::$messagesTemplates is deprecated in FCPATH\vendor\benedmunds\codeigniter-ion-auth\Models\IonAuthModel.php on line 237.
 1 APPPATH\Libraries\IonAuth.php(71): IonAuth\Models\IonAuthModel->__construct()
 2 APPPATH\Controllers\vendor\Products.php(25): App\Libraries\IonAuth->__construct()
 3 SYSTEMPATH\CodeIgniter.php(903): App\Controllers\vendor\Products->__construct()
 4 SYSTEMPATH\CodeIgniter.php(500): CodeIgniter\CodeIgniter->createController()
 5 SYSTEMPATH\CodeIgniter.php(355): CodeIgniter\CodeIgniter->handleRequest(null, Object(Config\Cache), false)
 6 SYSTEMPATH\Boot.php(325): CodeIgniter\CodeIgniter->run()
 7 SYSTEMPATH\Boot.php(67): CodeIgniter\Boot::runCodeIgniter(Object(CodeIgniter\CodeIgniter))
 8 FCPATH\index.php(56): CodeIgniter\Boot::bootWeb(Object(Config\Paths))
WARNING - 2025-02-13 15:12:10 --> [DEPRECATED] Creation of dynamic property IonAuth\Models\IonAuthModel::$join is deprecated in FCPATH\vendor\benedmunds\codeigniter-ion-auth\Models\IonAuthModel.php on line 231.
 1 APPPATH\Libraries\IonAuth.php(71): IonAuth\Models\IonAuthModel->__construct()
 2 APPPATH\Filters\CheckPermissions.php(16): App\Libraries\IonAuth->__construct()
 3 SYSTEMPATH\Filters\Filters.php(235): App\Filters\CheckPermissions->__construct()
 4 SYSTEMPATH\Filters\Filters.php(188): CodeIgniter\Filters\Filters->runAfter([...])
 5 SYSTEMPATH\CodeIgniter.php(527): CodeIgniter\Filters\Filters->run('vendor/products/stock_alert', 'after')
 6 SYSTEMPATH\CodeIgniter.php(355): CodeIgniter\CodeIgniter->handleRequest(null, Object(Config\Cache), false)
 7 SYSTEMPATH\Boot.php(325): CodeIgniter\CodeIgniter->run()
 8 SYSTEMPATH\Boot.php(67): CodeIgniter\Boot::runCodeIgniter(Object(CodeIgniter\CodeIgniter))
 9 FCPATH\index.php(56): CodeIgniter\Boot::bootWeb(Object(Config\Paths))
WARNING - 2025-02-13 15:12:10 --> [DEPRECATED] Creation of dynamic property IonAuth\Models\IonAuthModel::$hashMethod is deprecated in FCPATH\vendor\benedmunds\codeigniter-ion-auth\Models\IonAuthModel.php on line 234.
 1 APPPATH\Libraries\IonAuth.php(71): IonAuth\Models\IonAuthModel->__construct()
 2 APPPATH\Filters\CheckPermissions.php(16): App\Libraries\IonAuth->__construct()
 3 SYSTEMPATH\Filters\Filters.php(235): App\Filters\CheckPermissions->__construct()
 4 SYSTEMPATH\Filters\Filters.php(188): CodeIgniter\Filters\Filters->runAfter([...])
 5 SYSTEMPATH\CodeIgniter.php(527): CodeIgniter\Filters\Filters->run('vendor/products/stock_alert', 'after')
 6 SYSTEMPATH\CodeIgniter.php(355): CodeIgniter\CodeIgniter->handleRequest(null, Object(Config\Cache), false)
 7 SYSTEMPATH\Boot.php(325): CodeIgniter\CodeIgniter->run()
 8 SYSTEMPATH\Boot.php(67): CodeIgniter\Boot::runCodeIgniter(Object(CodeIgniter\CodeIgniter))
 9 FCPATH\index.php(56): CodeIgniter\Boot::bootWeb(Object(Config\Paths))
WARNING - 2025-02-13 15:12:10 --> [DEPRECATED] Creation of dynamic property IonAuth\Models\IonAuthModel::$messagesTemplates is deprecated in FCPATH\vendor\benedmunds\codeigniter-ion-auth\Models\IonAuthModel.php on line 237.
 1 APPPATH\Libraries\IonAuth.php(71): IonAuth\Models\IonAuthModel->__construct()
 2 APPPATH\Filters\CheckPermissions.php(16): App\Libraries\IonAuth->__construct()
 3 SYSTEMPATH\Filters\Filters.php(235): App\Filters\CheckPermissions->__construct()
 4 SYSTEMPATH\Filters\Filters.php(188): CodeIgniter\Filters\Filters->runAfter([...])
 5 SYSTEMPATH\CodeIgniter.php(527): CodeIgniter\Filters\Filters->run('vendor/products/stock_alert', 'after')
 6 SYSTEMPATH\CodeIgniter.php(355): CodeIgniter\CodeIgniter->handleRequest(null, Object(Config\Cache), false)
 7 SYSTEMPATH\Boot.php(325): CodeIgniter\CodeIgniter->run()
 8 SYSTEMPATH\Boot.php(67): CodeIgniter\Boot::runCodeIgniter(Object(CodeIgniter\CodeIgniter))
 9 FCPATH\index.php(56): CodeIgniter\Boot::bootWeb(Object(Config\Paths))
INFO - 2025-02-13 09:42:10 --> Session: Class initialized using 'CodeIgniter\Session\Handlers\FileHandler' driver.
WARNING - 2025-02-13 09:42:10 --> [DEPRECATED] Creation of dynamic property IonAuth\Models\IonAuthModel::$join is deprecated in FCPATH\vendor\benedmunds\codeigniter-ion-auth\Models\IonAuthModel.php on line 231.
 1 APPPATH\Libraries\IonAuth.php(71): IonAuth\Models\IonAuthModel->__construct()
 2 APPPATH\Controllers\Home.php(12): App\Libraries\IonAuth->__construct()
 3 SYSTEMPATH\CodeIgniter.php(903): App\Controllers\Home->__construct()
 4 SYSTEMPATH\CodeIgniter.php(500): CodeIgniter\CodeIgniter->createController()
 5 SYSTEMPATH\CodeIgniter.php(355): CodeIgniter\CodeIgniter->handleRequest(null, Object(Config\Cache), false)
 6 SYSTEMPATH\Boot.php(325): CodeIgniter\CodeIgniter->run()
 7 SYSTEMPATH\Boot.php(67): CodeIgniter\Boot::runCodeIgniter(Object(CodeIgniter\CodeIgniter))
 8 FCPATH\index.php(56): CodeIgniter\Boot::bootWeb(Object(Config\Paths))
WARNING - 2025-02-13 09:42:10 --> [DEPRECATED] Creation of dynamic property IonAuth\Models\IonAuthModel::$hashMethod is deprecated in FCPATH\vendor\benedmunds\codeigniter-ion-auth\Models\IonAuthModel.php on line 234.
 1 APPPATH\Libraries\IonAuth.php(71): IonAuth\Models\IonAuthModel->__construct()
 2 APPPATH\Controllers\Home.php(12): App\Libraries\IonAuth->__construct()
 3 SYSTEMPATH\CodeIgniter.php(903): App\Controllers\Home->__construct()
 4 SYSTEMPATH\CodeIgniter.php(500): CodeIgniter\CodeIgniter->createController()
 5 SYSTEMPATH\CodeIgniter.php(355): CodeIgniter\CodeIgniter->handleRequest(null, Object(Config\Cache), false)
 6 SYSTEMPATH\Boot.php(325): CodeIgniter\CodeIgniter->run()
 7 SYSTEMPATH\Boot.php(67): CodeIgniter\Boot::runCodeIgniter(Object(CodeIgniter\CodeIgniter))
 8 FCPATH\index.php(56): CodeIgniter\Boot::bootWeb(Object(Config\Paths))
WARNING - 2025-02-13 09:42:10 --> [DEPRECATED] Creation of dynamic property IonAuth\Models\IonAuthModel::$messagesTemplates is deprecated in FCPATH\vendor\benedmunds\codeigniter-ion-auth\Models\IonAuthModel.php on line 237.
 1 APPPATH\Libraries\IonAuth.php(71): IonAuth\Models\IonAuthModel->__construct()
 2 APPPATH\Controllers\Home.php(12): App\Libraries\IonAuth->__construct()
 3 SYSTEMPATH\CodeIgniter.php(903): App\Controllers\Home->__construct()
 4 SYSTEMPATH\CodeIgniter.php(500): CodeIgniter\CodeIgniter->createController()
 5 SYSTEMPATH\CodeIgniter.php(355): CodeIgniter\CodeIgniter->handleRequest(null, Object(Config\Cache), false)
 6 SYSTEMPATH\Boot.php(325): CodeIgniter\CodeIgniter->run()
 7 SYSTEMPATH\Boot.php(67): CodeIgniter\Boot::runCodeIgniter(Object(CodeIgniter\CodeIgniter))
 8 FCPATH\index.php(56): CodeIgniter\Boot::bootWeb(Object(Config\Paths))
INFO - 2025-02-13 09:43:44 --> Session: Class initialized using 'CodeIgniter\Session\Handlers\FileHandler' driver.
WARNING - 2025-02-13 09:43:44 --> [DEPRECATED] Creation of dynamic property IonAuth\Models\IonAuthModel::$join is deprecated in FCPATH\vendor\benedmunds\codeigniter-ion-auth\Models\IonAuthModel.php on line 231.
 1 APPPATH\Libraries\IonAuth.php(71): IonAuth\Models\IonAuthModel->__construct()
 2 APPPATH\Controllers\vendor\Brand.php(18): App\Libraries\IonAuth->__construct()
 3 SYSTEMPATH\CodeIgniter.php(903): App\Controllers\Vendor\Brand->__construct()
 4 SYSTEMPATH\CodeIgniter.php(500): CodeIgniter\CodeIgniter->createController()
 5 SYSTEMPATH\CodeIgniter.php(355): CodeIgniter\CodeIgniter->handleRequest(null, Object(Config\Cache), false)
 6 SYSTEMPATH\Boot.php(325): CodeIgniter\CodeIgniter->run()
 7 SYSTEMPATH\Boot.php(67): CodeIgniter\Boot::runCodeIgniter(Object(CodeIgniter\CodeIgniter))
 8 FCPATH\index.php(56): CodeIgniter\Boot::bootWeb(Object(Config\Paths))
WARNING - 2025-02-13 09:43:44 --> [DEPRECATED] Creation of dynamic property IonAuth\Models\IonAuthModel::$hashMethod is deprecated in FCPATH\vendor\benedmunds\codeigniter-ion-auth\Models\IonAuthModel.php on line 234.
 1 APPPATH\Libraries\IonAuth.php(71): IonAuth\Models\IonAuthModel->__construct()
 2 APPPATH\Controllers\vendor\Brand.php(18): App\Libraries\IonAuth->__construct()
 3 SYSTEMPATH\CodeIgniter.php(903): App\Controllers\Vendor\Brand->__construct()
 4 SYSTEMPATH\CodeIgniter.php(500): CodeIgniter\CodeIgniter->createController()
 5 SYSTEMPATH\CodeIgniter.php(355): CodeIgniter\CodeIgniter->handleRequest(null, Object(Config\Cache), false)
 6 SYSTEMPATH\Boot.php(325): CodeIgniter\CodeIgniter->run()
 7 SYSTEMPATH\Boot.php(67): CodeIgniter\Boot::runCodeIgniter(Object(CodeIgniter\CodeIgniter))
 8 FCPATH\index.php(56): CodeIgniter\Boot::bootWeb(Object(Config\Paths))
WARNING - 2025-02-13 09:43:44 --> [DEPRECATED] Creation of dynamic property IonAuth\Models\IonAuthModel::$messagesTemplates is deprecated in FCPATH\vendor\benedmunds\codeigniter-ion-auth\Models\IonAuthModel.php on line 237.
 1 APPPATH\Libraries\IonAuth.php(71): IonAuth\Models\IonAuthModel->__construct()
 2 APPPATH\Controllers\vendor\Brand.php(18): App\Libraries\IonAuth->__construct()
 3 SYSTEMPATH\CodeIgniter.php(903): App\Controllers\Vendor\Brand->__construct()
 4 SYSTEMPATH\CodeIgniter.php(500): CodeIgniter\CodeIgniter->createController()
 5 SYSTEMPATH\CodeIgniter.php(355): CodeIgniter\CodeIgniter->handleRequest(null, Object(Config\Cache), false)
 6 SYSTEMPATH\Boot.php(325): CodeIgniter\CodeIgniter->run()
 7 SYSTEMPATH\Boot.php(67): CodeIgniter\Boot::runCodeIgniter(Object(CodeIgniter\CodeIgniter))
 8 FCPATH\index.php(56): CodeIgniter\Boot::bootWeb(Object(Config\Paths))
INFO - 2025-02-13 09:43:46 --> Session: Class initialized using 'CodeIgniter\Session\Handlers\FileHandler' driver.
WARNING - 2025-02-13 09:43:46 --> [DEPRECATED] Creation of dynamic property IonAuth\Models\IonAuthModel::$join is deprecated in FCPATH\vendor\benedmunds\codeigniter-ion-auth\Models\IonAuthModel.php on line 231.
 1 APPPATH\Libraries\IonAuth.php(71): IonAuth\Models\IonAuthModel->__construct()
 2 APPPATH\Filters\CheckPermissions.php(16): App\Libraries\IonAuth->__construct()
 3 SYSTEMPATH\Filters\Filters.php(197): App\Filters\CheckPermissions->__construct()
 4 SYSTEMPATH\Filters\Filters.php(184): CodeIgniter\Filters\Filters->runBefore([...])
 5 SYSTEMPATH\CodeIgniter.php(481): CodeIgniter\Filters\Filters->run('vendor/brand/brand-table', 'before')
 6 SYSTEMPATH\CodeIgniter.php(355): CodeIgniter\CodeIgniter->handleRequest(null, Object(Config\Cache), false)
 7 SYSTEMPATH\Boot.php(325): CodeIgniter\CodeIgniter->run()
 8 SYSTEMPATH\Boot.php(67): CodeIgniter\Boot::runCodeIgniter(Object(CodeIgniter\CodeIgniter))
 9 FCPATH\index.php(56): CodeIgniter\Boot::bootWeb(Object(Config\Paths))
WARNING - 2025-02-13 09:43:46 --> [DEPRECATED] Creation of dynamic property IonAuth\Models\IonAuthModel::$hashMethod is deprecated in FCPATH\vendor\benedmunds\codeigniter-ion-auth\Models\IonAuthModel.php on line 234.
 1 APPPATH\Libraries\IonAuth.php(71): IonAuth\Models\IonAuthModel->__construct()
 2 APPPATH\Filters\CheckPermissions.php(16): App\Libraries\IonAuth->__construct()
 3 SYSTEMPATH\Filters\Filters.php(197): App\Filters\CheckPermissions->__construct()
 4 SYSTEMPATH\Filters\Filters.php(184): CodeIgniter\Filters\Filters->runBefore([...])
 5 SYSTEMPATH\CodeIgniter.php(481): CodeIgniter\Filters\Filters->run('vendor/brand/brand-table', 'before')
 6 SYSTEMPATH\CodeIgniter.php(355): CodeIgniter\CodeIgniter->handleRequest(null, Object(Config\Cache), false)
 7 SYSTEMPATH\Boot.php(325): CodeIgniter\CodeIgniter->run()
 8 SYSTEMPATH\Boot.php(67): CodeIgniter\Boot::runCodeIgniter(Object(CodeIgniter\CodeIgniter))
 9 FCPATH\index.php(56): CodeIgniter\Boot::bootWeb(Object(Config\Paths))
WARNING - 2025-02-13 09:43:46 --> [DEPRECATED] Creation of dynamic property IonAuth\Models\IonAuthModel::$messagesTemplates is deprecated in FCPATH\vendor\benedmunds\codeigniter-ion-auth\Models\IonAuthModel.php on line 237.
 1 APPPATH\Libraries\IonAuth.php(71): IonAuth\Models\IonAuthModel->__construct()
 2 APPPATH\Filters\CheckPermissions.php(16): App\Libraries\IonAuth->__construct()
 3 SYSTEMPATH\Filters\Filters.php(197): App\Filters\CheckPermissions->__construct()
 4 SYSTEMPATH\Filters\Filters.php(184): CodeIgniter\Filters\Filters->runBefore([...])
 5 SYSTEMPATH\CodeIgniter.php(481): CodeIgniter\Filters\Filters->run('vendor/brand/brand-table', 'before')
 6 SYSTEMPATH\CodeIgniter.php(355): CodeIgniter\CodeIgniter->handleRequest(null, Object(Config\Cache), false)
 7 SYSTEMPATH\Boot.php(325): CodeIgniter\CodeIgniter->run()
 8 SYSTEMPATH\Boot.php(67): CodeIgniter\Boot::runCodeIgniter(Object(CodeIgniter\CodeIgniter))
 9 FCPATH\index.php(56): CodeIgniter\Boot::bootWeb(Object(Config\Paths))
WARNING - 2025-02-13 09:43:46 --> [DEPRECATED] Creation of dynamic property IonAuth\Models\IonAuthModel::$join is deprecated in FCPATH\vendor\benedmunds\codeigniter-ion-auth\Models\IonAuthModel.php on line 231.
 1 APPPATH\Libraries\IonAuth.php(71): IonAuth\Models\IonAuthModel->__construct()
 2 APPPATH\Controllers\vendor\Brand.php(18): App\Libraries\IonAuth->__construct()
 3 SYSTEMPATH\CodeIgniter.php(903): App\Controllers\Vendor\Brand->__construct()
 4 SYSTEMPATH\CodeIgniter.php(500): CodeIgniter\CodeIgniter->createController()
 5 SYSTEMPATH\CodeIgniter.php(355): CodeIgniter\CodeIgniter->handleRequest(null, Object(Config\Cache), false)
 6 SYSTEMPATH\Boot.php(325): CodeIgniter\CodeIgniter->run()
 7 SYSTEMPATH\Boot.php(67): CodeIgniter\Boot::runCodeIgniter(Object(CodeIgniter\CodeIgniter))
 8 FCPATH\index.php(56): CodeIgniter\Boot::bootWeb(Object(Config\Paths))
WARNING - 2025-02-13 09:43:46 --> [DEPRECATED] Creation of dynamic property IonAuth\Models\IonAuthModel::$hashMethod is deprecated in FCPATH\vendor\benedmunds\codeigniter-ion-auth\Models\IonAuthModel.php on line 234.
 1 APPPATH\Libraries\IonAuth.php(71): IonAuth\Models\IonAuthModel->__construct()
 2 APPPATH\Controllers\vendor\Brand.php(18): App\Libraries\IonAuth->__construct()
 3 SYSTEMPATH\CodeIgniter.php(903): App\Controllers\Vendor\Brand->__construct()
 4 SYSTEMPATH\CodeIgniter.php(500): CodeIgniter\CodeIgniter->createController()
 5 SYSTEMPATH\CodeIgniter.php(355): CodeIgniter\CodeIgniter->handleRequest(null, Object(Config\Cache), false)
 6 SYSTEMPATH\Boot.php(325): CodeIgniter\CodeIgniter->run()
 7 SYSTEMPATH\Boot.php(67): CodeIgniter\Boot::runCodeIgniter(Object(CodeIgniter\CodeIgniter))
 8 FCPATH\index.php(56): CodeIgniter\Boot::bootWeb(Object(Config\Paths))
WARNING - 2025-02-13 09:43:46 --> [DEPRECATED] Creation of dynamic property IonAuth\Models\IonAuthModel::$messagesTemplates is deprecated in FCPATH\vendor\benedmunds\codeigniter-ion-auth\Models\IonAuthModel.php on line 237.
 1 APPPATH\Libraries\IonAuth.php(71): IonAuth\Models\IonAuthModel->__construct()
 2 APPPATH\Controllers\vendor\Brand.php(18): App\Libraries\IonAuth->__construct()
 3 SYSTEMPATH\CodeIgniter.php(903): App\Controllers\Vendor\Brand->__construct()
 4 SYSTEMPATH\CodeIgniter.php(500): CodeIgniter\CodeIgniter->createController()
 5 SYSTEMPATH\CodeIgniter.php(355): CodeIgniter\CodeIgniter->handleRequest(null, Object(Config\Cache), false)
 6 SYSTEMPATH\Boot.php(325): CodeIgniter\CodeIgniter->run()
 7 SYSTEMPATH\Boot.php(67): CodeIgniter\Boot::runCodeIgniter(Object(CodeIgniter\CodeIgniter))
 8 FCPATH\index.php(56): CodeIgniter\Boot::bootWeb(Object(Config\Paths))
WARNING - 2025-02-13 15:13:46 --> [DEPRECATED] Creation of dynamic property IonAuth\Models\IonAuthModel::$join is deprecated in FCPATH\vendor\benedmunds\codeigniter-ion-auth\Models\IonAuthModel.php on line 231.
 1 APPPATH\Libraries\IonAuth.php(71): IonAuth\Models\IonAuthModel->__construct()
 2 APPPATH\Filters\CheckPermissions.php(16): App\Libraries\IonAuth->__construct()
 3 SYSTEMPATH\Filters\Filters.php(235): App\Filters\CheckPermissions->__construct()
 4 SYSTEMPATH\Filters\Filters.php(188): CodeIgniter\Filters\Filters->runAfter([...])
 5 SYSTEMPATH\CodeIgniter.php(527): CodeIgniter\Filters\Filters->run('vendor/brand/brand-table', 'after')
 6 SYSTEMPATH\CodeIgniter.php(355): CodeIgniter\CodeIgniter->handleRequest(null, Object(Config\Cache), false)
 7 SYSTEMPATH\Boot.php(325): CodeIgniter\CodeIgniter->run()
 8 SYSTEMPATH\Boot.php(67): CodeIgniter\Boot::runCodeIgniter(Object(CodeIgniter\CodeIgniter))
 9 FCPATH\index.php(56): CodeIgniter\Boot::bootWeb(Object(Config\Paths))
WARNING - 2025-02-13 15:13:46 --> [DEPRECATED] Creation of dynamic property IonAuth\Models\IonAuthModel::$hashMethod is deprecated in FCPATH\vendor\benedmunds\codeigniter-ion-auth\Models\IonAuthModel.php on line 234.
 1 APPPATH\Libraries\IonAuth.php(71): IonAuth\Models\IonAuthModel->__construct()
 2 APPPATH\Filters\CheckPermissions.php(16): App\Libraries\IonAuth->__construct()
 3 SYSTEMPATH\Filters\Filters.php(235): App\Filters\CheckPermissions->__construct()
 4 SYSTEMPATH\Filters\Filters.php(188): CodeIgniter\Filters\Filters->runAfter([...])
 5 SYSTEMPATH\CodeIgniter.php(527): CodeIgniter\Filters\Filters->run('vendor/brand/brand-table', 'after')
 6 SYSTEMPATH\CodeIgniter.php(355): CodeIgniter\CodeIgniter->handleRequest(null, Object(Config\Cache), false)
 7 SYSTEMPATH\Boot.php(325): CodeIgniter\CodeIgniter->run()
 8 SYSTEMPATH\Boot.php(67): CodeIgniter\Boot::runCodeIgniter(Object(CodeIgniter\CodeIgniter))
 9 FCPATH\index.php(56): CodeIgniter\Boot::bootWeb(Object(Config\Paths))
WARNING - 2025-02-13 15:13:46 --> [DEPRECATED] Creation of dynamic property IonAuth\Models\IonAuthModel::$messagesTemplates is deprecated in FCPATH\vendor\benedmunds\codeigniter-ion-auth\Models\IonAuthModel.php on line 237.
 1 APPPATH\Libraries\IonAuth.php(71): IonAuth\Models\IonAuthModel->__construct()
 2 APPPATH\Filters\CheckPermissions.php(16): App\Libraries\IonAuth->__construct()
 3 SYSTEMPATH\Filters\Filters.php(235): App\Filters\CheckPermissions->__construct()
 4 SYSTEMPATH\Filters\Filters.php(188): CodeIgniter\Filters\Filters->runAfter([...])
 5 SYSTEMPATH\CodeIgniter.php(527): CodeIgniter\Filters\Filters->run('vendor/brand/brand-table', 'after')
 6 SYSTEMPATH\CodeIgniter.php(355): CodeIgniter\CodeIgniter->handleRequest(null, Object(Config\Cache), false)
 7 SYSTEMPATH\Boot.php(325): CodeIgniter\CodeIgniter->run()
 8 SYSTEMPATH\Boot.php(67): CodeIgniter\Boot::runCodeIgniter(Object(CodeIgniter\CodeIgniter))
 9 FCPATH\index.php(56): CodeIgniter\Boot::bootWeb(Object(Config\Paths))
INFO - 2025-02-13 09:43:46 --> Session: Class initialized using 'CodeIgniter\Session\Handlers\FileHandler' driver.
WARNING - 2025-02-13 09:43:47 --> [DEPRECATED] Creation of dynamic property IonAuth\Models\IonAuthModel::$join is deprecated in FCPATH\vendor\benedmunds\codeigniter-ion-auth\Models\IonAuthModel.php on line 231.
 1 APPPATH\Libraries\IonAuth.php(71): IonAuth\Models\IonAuthModel->__construct()
 2 APPPATH\Filters\CheckPermissions.php(16): App\Libraries\IonAuth->__construct()
 3 SYSTEMPATH\Filters\Filters.php(197): App\Filters\CheckPermissions->__construct()
 4 SYSTEMPATH\Filters\Filters.php(184): CodeIgniter\Filters\Filters->runBefore([...])
 5 SYSTEMPATH\CodeIgniter.php(481): CodeIgniter\Filters\Filters->run('vendor/products/stock_alert', 'before')
 6 SYSTEMPATH\CodeIgniter.php(355): CodeIgniter\CodeIgniter->handleRequest(null, Object(Config\Cache), false)
 7 SYSTEMPATH\Boot.php(325): CodeIgniter\CodeIgniter->run()
 8 SYSTEMPATH\Boot.php(67): CodeIgniter\Boot::runCodeIgniter(Object(CodeIgniter\CodeIgniter))
 9 FCPATH\index.php(56): CodeIgniter\Boot::bootWeb(Object(Config\Paths))
WARNING - 2025-02-13 09:43:47 --> [DEPRECATED] Creation of dynamic property IonAuth\Models\IonAuthModel::$hashMethod is deprecated in FCPATH\vendor\benedmunds\codeigniter-ion-auth\Models\IonAuthModel.php on line 234.
 1 APPPATH\Libraries\IonAuth.php(71): IonAuth\Models\IonAuthModel->__construct()
 2 APPPATH\Filters\CheckPermissions.php(16): App\Libraries\IonAuth->__construct()
 3 SYSTEMPATH\Filters\Filters.php(197): App\Filters\CheckPermissions->__construct()
 4 SYSTEMPATH\Filters\Filters.php(184): CodeIgniter\Filters\Filters->runBefore([...])
 5 SYSTEMPATH\CodeIgniter.php(481): CodeIgniter\Filters\Filters->run('vendor/products/stock_alert', 'before')
 6 SYSTEMPATH\CodeIgniter.php(355): CodeIgniter\CodeIgniter->handleRequest(null, Object(Config\Cache), false)
 7 SYSTEMPATH\Boot.php(325): CodeIgniter\CodeIgniter->run()
 8 SYSTEMPATH\Boot.php(67): CodeIgniter\Boot::runCodeIgniter(Object(CodeIgniter\CodeIgniter))
 9 FCPATH\index.php(56): CodeIgniter\Boot::bootWeb(Object(Config\Paths))
WARNING - 2025-02-13 09:43:47 --> [DEPRECATED] Creation of dynamic property IonAuth\Models\IonAuthModel::$messagesTemplates is deprecated in FCPATH\vendor\benedmunds\codeigniter-ion-auth\Models\IonAuthModel.php on line 237.
 1 APPPATH\Libraries\IonAuth.php(71): IonAuth\Models\IonAuthModel->__construct()
 2 APPPATH\Filters\CheckPermissions.php(16): App\Libraries\IonAuth->__construct()
 3 SYSTEMPATH\Filters\Filters.php(197): App\Filters\CheckPermissions->__construct()
 4 SYSTEMPATH\Filters\Filters.php(184): CodeIgniter\Filters\Filters->runBefore([...])
 5 SYSTEMPATH\CodeIgniter.php(481): CodeIgniter\Filters\Filters->run('vendor/products/stock_alert', 'before')
 6 SYSTEMPATH\CodeIgniter.php(355): CodeIgniter\CodeIgniter->handleRequest(null, Object(Config\Cache), false)
 7 SYSTEMPATH\Boot.php(325): CodeIgniter\CodeIgniter->run()
 8 SYSTEMPATH\Boot.php(67): CodeIgniter\Boot::runCodeIgniter(Object(CodeIgniter\CodeIgniter))
 9 FCPATH\index.php(56): CodeIgniter\Boot::bootWeb(Object(Config\Paths))
WARNING - 2025-02-13 09:43:47 --> [DEPRECATED] Creation of dynamic property IonAuth\Models\IonAuthModel::$join is deprecated in FCPATH\vendor\benedmunds\codeigniter-ion-auth\Models\IonAuthModel.php on line 231.
 1 APPPATH\Libraries\IonAuth.php(71): IonAuth\Models\IonAuthModel->__construct()
 2 APPPATH\Controllers\vendor\Products.php(25): App\Libraries\IonAuth->__construct()
 3 SYSTEMPATH\CodeIgniter.php(903): App\Controllers\vendor\Products->__construct()
 4 SYSTEMPATH\CodeIgniter.php(500): CodeIgniter\CodeIgniter->createController()
 5 SYSTEMPATH\CodeIgniter.php(355): CodeIgniter\CodeIgniter->handleRequest(null, Object(Config\Cache), false)
 6 SYSTEMPATH\Boot.php(325): CodeIgniter\CodeIgniter->run()
 7 SYSTEMPATH\Boot.php(67): CodeIgniter\Boot::runCodeIgniter(Object(CodeIgniter\CodeIgniter))
 8 FCPATH\index.php(56): CodeIgniter\Boot::bootWeb(Object(Config\Paths))
WARNING - 2025-02-13 09:43:47 --> [DEPRECATED] Creation of dynamic property IonAuth\Models\IonAuthModel::$hashMethod is deprecated in FCPATH\vendor\benedmunds\codeigniter-ion-auth\Models\IonAuthModel.php on line 234.
 1 APPPATH\Libraries\IonAuth.php(71): IonAuth\Models\IonAuthModel->__construct()
 2 APPPATH\Controllers\vendor\Products.php(25): App\Libraries\IonAuth->__construct()
 3 SYSTEMPATH\CodeIgniter.php(903): App\Controllers\vendor\Products->__construct()
 4 SYSTEMPATH\CodeIgniter.php(500): CodeIgniter\CodeIgniter->createController()
 5 SYSTEMPATH\CodeIgniter.php(355): CodeIgniter\CodeIgniter->handleRequest(null, Object(Config\Cache), false)
 6 SYSTEMPATH\Boot.php(325): CodeIgniter\CodeIgniter->run()
 7 SYSTEMPATH\Boot.php(67): CodeIgniter\Boot::runCodeIgniter(Object(CodeIgniter\CodeIgniter))
 8 FCPATH\index.php(56): CodeIgniter\Boot::bootWeb(Object(Config\Paths))
WARNING - 2025-02-13 09:43:47 --> [DEPRECATED] Creation of dynamic property IonAuth\Models\IonAuthModel::$messagesTemplates is deprecated in FCPATH\vendor\benedmunds\codeigniter-ion-auth\Models\IonAuthModel.php on line 237.
 1 APPPATH\Libraries\IonAuth.php(71): IonAuth\Models\IonAuthModel->__construct()
 2 APPPATH\Controllers\vendor\Products.php(25): App\Libraries\IonAuth->__construct()
 3 SYSTEMPATH\CodeIgniter.php(903): App\Controllers\vendor\Products->__construct()
 4 SYSTEMPATH\CodeIgniter.php(500): CodeIgniter\CodeIgniter->createController()
 5 SYSTEMPATH\CodeIgniter.php(355): CodeIgniter\CodeIgniter->handleRequest(null, Object(Config\Cache), false)
 6 SYSTEMPATH\Boot.php(325): CodeIgniter\CodeIgniter->run()
 7 SYSTEMPATH\Boot.php(67): CodeIgniter\Boot::runCodeIgniter(Object(CodeIgniter\CodeIgniter))
 8 FCPATH\index.php(56): CodeIgniter\Boot::bootWeb(Object(Config\Paths))
WARNING - 2025-02-13 15:13:47 --> [DEPRECATED] Creation of dynamic property IonAuth\Models\IonAuthModel::$join is deprecated in FCPATH\vendor\benedmunds\codeigniter-ion-auth\Models\IonAuthModel.php on line 231.
 1 APPPATH\Libraries\IonAuth.php(71): IonAuth\Models\IonAuthModel->__construct()
 2 APPPATH\Filters\CheckPermissions.php(16): App\Libraries\IonAuth->__construct()
 3 SYSTEMPATH\Filters\Filters.php(235): App\Filters\CheckPermissions->__construct()
 4 SYSTEMPATH\Filters\Filters.php(188): CodeIgniter\Filters\Filters->runAfter([...])
 5 SYSTEMPATH\CodeIgniter.php(527): CodeIgniter\Filters\Filters->run('vendor/products/stock_alert', 'after')
 6 SYSTEMPATH\CodeIgniter.php(355): CodeIgniter\CodeIgniter->handleRequest(null, Object(Config\Cache), false)
 7 SYSTEMPATH\Boot.php(325): CodeIgniter\CodeIgniter->run()
 8 SYSTEMPATH\Boot.php(67): CodeIgniter\Boot::runCodeIgniter(Object(CodeIgniter\CodeIgniter))
 9 FCPATH\index.php(56): CodeIgniter\Boot::bootWeb(Object(Config\Paths))
WARNING - 2025-02-13 15:13:47 --> [DEPRECATED] Creation of dynamic property IonAuth\Models\IonAuthModel::$hashMethod is deprecated in FCPATH\vendor\benedmunds\codeigniter-ion-auth\Models\IonAuthModel.php on line 234.
 1 APPPATH\Libraries\IonAuth.php(71): IonAuth\Models\IonAuthModel->__construct()
 2 APPPATH\Filters\CheckPermissions.php(16): App\Libraries\IonAuth->__construct()
 3 SYSTEMPATH\Filters\Filters.php(235): App\Filters\CheckPermissions->__construct()
 4 SYSTEMPATH\Filters\Filters.php(188): CodeIgniter\Filters\Filters->runAfter([...])
 5 SYSTEMPATH\CodeIgniter.php(527): CodeIgniter\Filters\Filters->run('vendor/products/stock_alert', 'after')
 6 SYSTEMPATH\CodeIgniter.php(355): CodeIgniter\CodeIgniter->handleRequest(null, Object(Config\Cache), false)
 7 SYSTEMPATH\Boot.php(325): CodeIgniter\CodeIgniter->run()
 8 SYSTEMPATH\Boot.php(67): CodeIgniter\Boot::runCodeIgniter(Object(CodeIgniter\CodeIgniter))
 9 FCPATH\index.php(56): CodeIgniter\Boot::bootWeb(Object(Config\Paths))
WARNING - 2025-02-13 15:13:47 --> [DEPRECATED] Creation of dynamic property IonAuth\Models\IonAuthModel::$messagesTemplates is deprecated in FCPATH\vendor\benedmunds\codeigniter-ion-auth\Models\IonAuthModel.php on line 237.
 1 APPPATH\Libraries\IonAuth.php(71): IonAuth\Models\IonAuthModel->__construct()
 2 APPPATH\Filters\CheckPermissions.php(16): App\Libraries\IonAuth->__construct()
 3 SYSTEMPATH\Filters\Filters.php(235): App\Filters\CheckPermissions->__construct()
 4 SYSTEMPATH\Filters\Filters.php(188): CodeIgniter\Filters\Filters->runAfter([...])
 5 SYSTEMPATH\CodeIgniter.php(527): CodeIgniter\Filters\Filters->run('vendor/products/stock_alert', 'after')
 6 SYSTEMPATH\CodeIgniter.php(355): CodeIgniter\CodeIgniter->handleRequest(null, Object(Config\Cache), false)
 7 SYSTEMPATH\Boot.php(325): CodeIgniter\CodeIgniter->run()
 8 SYSTEMPATH\Boot.php(67): CodeIgniter\Boot::runCodeIgniter(Object(CodeIgniter\CodeIgniter))
 9 FCPATH\index.php(56): CodeIgniter\Boot::bootWeb(Object(Config\Paths))
INFO - 2025-02-13 09:43:48 --> Session: Class initialized using 'CodeIgniter\Session\Handlers\FileHandler' driver.
WARNING - 2025-02-13 09:43:48 --> [DEPRECATED] Creation of dynamic property IonAuth\Models\IonAuthModel::$join is deprecated in FCPATH\vendor\benedmunds\codeigniter-ion-auth\Models\IonAuthModel.php on line 231.
 1 APPPATH\Libraries\IonAuth.php(71): IonAuth\Models\IonAuthModel->__construct()
 2 APPPATH\Controllers\vendor\Brand.php(18): App\Libraries\IonAuth->__construct()
 3 SYSTEMPATH\CodeIgniter.php(903): App\Controllers\Vendor\Brand->__construct()
 4 SYSTEMPATH\CodeIgniter.php(500): CodeIgniter\CodeIgniter->createController()
 5 SYSTEMPATH\CodeIgniter.php(355): CodeIgniter\CodeIgniter->handleRequest(null, Object(Config\Cache), false)
 6 SYSTEMPATH\Boot.php(325): CodeIgniter\CodeIgniter->run()
 7 SYSTEMPATH\Boot.php(67): CodeIgniter\Boot::runCodeIgniter(Object(CodeIgniter\CodeIgniter))
 8 FCPATH\index.php(56): CodeIgniter\Boot::bootWeb(Object(Config\Paths))
WARNING - 2025-02-13 09:43:48 --> [DEPRECATED] Creation of dynamic property IonAuth\Models\IonAuthModel::$hashMethod is deprecated in FCPATH\vendor\benedmunds\codeigniter-ion-auth\Models\IonAuthModel.php on line 234.
 1 APPPATH\Libraries\IonAuth.php(71): IonAuth\Models\IonAuthModel->__construct()
 2 APPPATH\Controllers\vendor\Brand.php(18): App\Libraries\IonAuth->__construct()
 3 SYSTEMPATH\CodeIgniter.php(903): App\Controllers\Vendor\Brand->__construct()
 4 SYSTEMPATH\CodeIgniter.php(500): CodeIgniter\CodeIgniter->createController()
 5 SYSTEMPATH\CodeIgniter.php(355): CodeIgniter\CodeIgniter->handleRequest(null, Object(Config\Cache), false)
 6 SYSTEMPATH\Boot.php(325): CodeIgniter\CodeIgniter->run()
 7 SYSTEMPATH\Boot.php(67): CodeIgniter\Boot::runCodeIgniter(Object(CodeIgniter\CodeIgniter))
 8 FCPATH\index.php(56): CodeIgniter\Boot::bootWeb(Object(Config\Paths))
WARNING - 2025-02-13 09:43:48 --> [DEPRECATED] Creation of dynamic property IonAuth\Models\IonAuthModel::$messagesTemplates is deprecated in FCPATH\vendor\benedmunds\codeigniter-ion-auth\Models\IonAuthModel.php on line 237.
 1 APPPATH\Libraries\IonAuth.php(71): IonAuth\Models\IonAuthModel->__construct()
 2 APPPATH\Controllers\vendor\Brand.php(18): App\Libraries\IonAuth->__construct()
 3 SYSTEMPATH\CodeIgniter.php(903): App\Controllers\Vendor\Brand->__construct()
 4 SYSTEMPATH\CodeIgniter.php(500): CodeIgniter\CodeIgniter->createController()
 5 SYSTEMPATH\CodeIgniter.php(355): CodeIgniter\CodeIgniter->handleRequest(null, Object(Config\Cache), false)
 6 SYSTEMPATH\Boot.php(325): CodeIgniter\CodeIgniter->run()
 7 SYSTEMPATH\Boot.php(67): CodeIgniter\Boot::runCodeIgniter(Object(CodeIgniter\CodeIgniter))
 8 FCPATH\index.php(56): CodeIgniter\Boot::bootWeb(Object(Config\Paths))
INFO - 2025-02-13 09:43:53 --> Session: Class initialized using 'CodeIgniter\Session\Handlers\FileHandler' driver.
WARNING - 2025-02-13 09:43:53 --> [DEPRECATED] Creation of dynamic property IonAuth\Models\IonAuthModel::$join is deprecated in FCPATH\vendor\benedmunds\codeigniter-ion-auth\Models\IonAuthModel.php on line 231.
 1 APPPATH\Libraries\IonAuth.php(71): IonAuth\Models\IonAuthModel->__construct()
 2 APPPATH\Controllers\vendor\Brand.php(18): App\Libraries\IonAuth->__construct()
 3 SYSTEMPATH\CodeIgniter.php(903): App\Controllers\Vendor\Brand->__construct()
 4 SYSTEMPATH\CodeIgniter.php(500): CodeIgniter\CodeIgniter->createController()
 5 SYSTEMPATH\CodeIgniter.php(355): CodeIgniter\CodeIgniter->handleRequest(null, Object(Config\Cache), false)
 6 SYSTEMPATH\Boot.php(325): CodeIgniter\CodeIgniter->run()
 7 SYSTEMPATH\Boot.php(67): CodeIgniter\Boot::runCodeIgniter(Object(CodeIgniter\CodeIgniter))
 8 FCPATH\index.php(56): CodeIgniter\Boot::bootWeb(Object(Config\Paths))
WARNING - 2025-02-13 09:43:53 --> [DEPRECATED] Creation of dynamic property IonAuth\Models\IonAuthModel::$hashMethod is deprecated in FCPATH\vendor\benedmunds\codeigniter-ion-auth\Models\IonAuthModel.php on line 234.
 1 APPPATH\Libraries\IonAuth.php(71): IonAuth\Models\IonAuthModel->__construct()
 2 APPPATH\Controllers\vendor\Brand.php(18): App\Libraries\IonAuth->__construct()
 3 SYSTEMPATH\CodeIgniter.php(903): App\Controllers\Vendor\Brand->__construct()
 4 SYSTEMPATH\CodeIgniter.php(500): CodeIgniter\CodeIgniter->createController()
 5 SYSTEMPATH\CodeIgniter.php(355): CodeIgniter\CodeIgniter->handleRequest(null, Object(Config\Cache), false)
 6 SYSTEMPATH\Boot.php(325): CodeIgniter\CodeIgniter->run()
 7 SYSTEMPATH\Boot.php(67): CodeIgniter\Boot::runCodeIgniter(Object(CodeIgniter\CodeIgniter))
 8 FCPATH\index.php(56): CodeIgniter\Boot::bootWeb(Object(Config\Paths))
WARNING - 2025-02-13 09:43:53 --> [DEPRECATED] Creation of dynamic property IonAuth\Models\IonAuthModel::$messagesTemplates is deprecated in FCPATH\vendor\benedmunds\codeigniter-ion-auth\Models\IonAuthModel.php on line 237.
 1 APPPATH\Libraries\IonAuth.php(71): IonAuth\Models\IonAuthModel->__construct()
 2 APPPATH\Controllers\vendor\Brand.php(18): App\Libraries\IonAuth->__construct()
 3 SYSTEMPATH\CodeIgniter.php(903): App\Controllers\Vendor\Brand->__construct()
 4 SYSTEMPATH\CodeIgniter.php(500): CodeIgniter\CodeIgniter->createController()
 5 SYSTEMPATH\CodeIgniter.php(355): CodeIgniter\CodeIgniter->handleRequest(null, Object(Config\Cache), false)
 6 SYSTEMPATH\Boot.php(325): CodeIgniter\CodeIgniter->run()
 7 SYSTEMPATH\Boot.php(67): CodeIgniter\Boot::runCodeIgniter(Object(CodeIgniter\CodeIgniter))
 8 FCPATH\index.php(56): CodeIgniter\Boot::bootWeb(Object(Config\Paths))
INFO - 2025-02-13 09:43:54 --> Session: Class initialized using 'CodeIgniter\Session\Handlers\FileHandler' driver.
WARNING - 2025-02-13 09:43:54 --> [DEPRECATED] Creation of dynamic property IonAuth\Models\IonAuthModel::$join is deprecated in FCPATH\vendor\benedmunds\codeigniter-ion-auth\Models\IonAuthModel.php on line 231.
 1 APPPATH\Libraries\IonAuth.php(71): IonAuth\Models\IonAuthModel->__construct()
 2 APPPATH\Filters\CheckPermissions.php(16): App\Libraries\IonAuth->__construct()
 3 SYSTEMPATH\Filters\Filters.php(197): App\Filters\CheckPermissions->__construct()
 4 SYSTEMPATH\Filters\Filters.php(184): CodeIgniter\Filters\Filters->runBefore([...])
 5 SYSTEMPATH\CodeIgniter.php(481): CodeIgniter\Filters\Filters->run('vendor/brand/brand-table', 'before')
 6 SYSTEMPATH\CodeIgniter.php(355): CodeIgniter\CodeIgniter->handleRequest(null, Object(Config\Cache), false)
 7 SYSTEMPATH\Boot.php(325): CodeIgniter\CodeIgniter->run()
 8 SYSTEMPATH\Boot.php(67): CodeIgniter\Boot::runCodeIgniter(Object(CodeIgniter\CodeIgniter))
 9 FCPATH\index.php(56): CodeIgniter\Boot::bootWeb(Object(Config\Paths))
WARNING - 2025-02-13 09:43:54 --> [DEPRECATED] Creation of dynamic property IonAuth\Models\IonAuthModel::$hashMethod is deprecated in FCPATH\vendor\benedmunds\codeigniter-ion-auth\Models\IonAuthModel.php on line 234.
 1 APPPATH\Libraries\IonAuth.php(71): IonAuth\Models\IonAuthModel->__construct()
 2 APPPATH\Filters\CheckPermissions.php(16): App\Libraries\IonAuth->__construct()
 3 SYSTEMPATH\Filters\Filters.php(197): App\Filters\CheckPermissions->__construct()
 4 SYSTEMPATH\Filters\Filters.php(184): CodeIgniter\Filters\Filters->runBefore([...])
 5 SYSTEMPATH\CodeIgniter.php(481): CodeIgniter\Filters\Filters->run('vendor/brand/brand-table', 'before')
 6 SYSTEMPATH\CodeIgniter.php(355): CodeIgniter\CodeIgniter->handleRequest(null, Object(Config\Cache), false)
 7 SYSTEMPATH\Boot.php(325): CodeIgniter\CodeIgniter->run()
 8 SYSTEMPATH\Boot.php(67): CodeIgniter\Boot::runCodeIgniter(Object(CodeIgniter\CodeIgniter))
 9 FCPATH\index.php(56): CodeIgniter\Boot::bootWeb(Object(Config\Paths))
WARNING - 2025-02-13 09:43:54 --> [DEPRECATED] Creation of dynamic property IonAuth\Models\IonAuthModel::$messagesTemplates is deprecated in FCPATH\vendor\benedmunds\codeigniter-ion-auth\Models\IonAuthModel.php on line 237.
 1 APPPATH\Libraries\IonAuth.php(71): IonAuth\Models\IonAuthModel->__construct()
 2 APPPATH\Filters\CheckPermissions.php(16): App\Libraries\IonAuth->__construct()
 3 SYSTEMPATH\Filters\Filters.php(197): App\Filters\CheckPermissions->__construct()
 4 SYSTEMPATH\Filters\Filters.php(184): CodeIgniter\Filters\Filters->runBefore([...])
 5 SYSTEMPATH\CodeIgniter.php(481): CodeIgniter\Filters\Filters->run('vendor/brand/brand-table', 'before')
 6 SYSTEMPATH\CodeIgniter.php(355): CodeIgniter\CodeIgniter->handleRequest(null, Object(Config\Cache), false)
 7 SYSTEMPATH\Boot.php(325): CodeIgniter\CodeIgniter->run()
 8 SYSTEMPATH\Boot.php(67): CodeIgniter\Boot::runCodeIgniter(Object(CodeIgniter\CodeIgniter))
 9 FCPATH\index.php(56): CodeIgniter\Boot::bootWeb(Object(Config\Paths))
WARNING - 2025-02-13 09:43:54 --> [DEPRECATED] Creation of dynamic property IonAuth\Models\IonAuthModel::$join is deprecated in FCPATH\vendor\benedmunds\codeigniter-ion-auth\Models\IonAuthModel.php on line 231.
 1 APPPATH\Libraries\IonAuth.php(71): IonAuth\Models\IonAuthModel->__construct()
 2 APPPATH\Controllers\vendor\Brand.php(18): App\Libraries\IonAuth->__construct()
 3 SYSTEMPATH\CodeIgniter.php(903): App\Controllers\Vendor\Brand->__construct()
 4 SYSTEMPATH\CodeIgniter.php(500): CodeIgniter\CodeIgniter->createController()
 5 SYSTEMPATH\CodeIgniter.php(355): CodeIgniter\CodeIgniter->handleRequest(null, Object(Config\Cache), false)
 6 SYSTEMPATH\Boot.php(325): CodeIgniter\CodeIgniter->run()
 7 SYSTEMPATH\Boot.php(67): CodeIgniter\Boot::runCodeIgniter(Object(CodeIgniter\CodeIgniter))
 8 FCPATH\index.php(56): CodeIgniter\Boot::bootWeb(Object(Config\Paths))
WARNING - 2025-02-13 09:43:54 --> [DEPRECATED] Creation of dynamic property IonAuth\Models\IonAuthModel::$hashMethod is deprecated in FCPATH\vendor\benedmunds\codeigniter-ion-auth\Models\IonAuthModel.php on line 234.
 1 APPPATH\Libraries\IonAuth.php(71): IonAuth\Models\IonAuthModel->__construct()
 2 APPPATH\Controllers\vendor\Brand.php(18): App\Libraries\IonAuth->__construct()
 3 SYSTEMPATH\CodeIgniter.php(903): App\Controllers\Vendor\Brand->__construct()
 4 SYSTEMPATH\CodeIgniter.php(500): CodeIgniter\CodeIgniter->createController()
 5 SYSTEMPATH\CodeIgniter.php(355): CodeIgniter\CodeIgniter->handleRequest(null, Object(Config\Cache), false)
 6 SYSTEMPATH\Boot.php(325): CodeIgniter\CodeIgniter->run()
 7 SYSTEMPATH\Boot.php(67): CodeIgniter\Boot::runCodeIgniter(Object(CodeIgniter\CodeIgniter))
 8 FCPATH\index.php(56): CodeIgniter\Boot::bootWeb(Object(Config\Paths))
WARNING - 2025-02-13 09:43:54 --> [DEPRECATED] Creation of dynamic property IonAuth\Models\IonAuthModel::$messagesTemplates is deprecated in FCPATH\vendor\benedmunds\codeigniter-ion-auth\Models\IonAuthModel.php on line 237.
 1 APPPATH\Libraries\IonAuth.php(71): IonAuth\Models\IonAuthModel->__construct()
 2 APPPATH\Controllers\vendor\Brand.php(18): App\Libraries\IonAuth->__construct()
 3 SYSTEMPATH\CodeIgniter.php(903): App\Controllers\Vendor\Brand->__construct()
 4 SYSTEMPATH\CodeIgniter.php(500): CodeIgniter\CodeIgniter->createController()
 5 SYSTEMPATH\CodeIgniter.php(355): CodeIgniter\CodeIgniter->handleRequest(null, Object(Config\Cache), false)
 6 SYSTEMPATH\Boot.php(325): CodeIgniter\CodeIgniter->run()
 7 SYSTEMPATH\Boot.php(67): CodeIgniter\Boot::runCodeIgniter(Object(CodeIgniter\CodeIgniter))
 8 FCPATH\index.php(56): CodeIgniter\Boot::bootWeb(Object(Config\Paths))
WARNING - 2025-02-13 15:13:54 --> [DEPRECATED] Creation of dynamic property IonAuth\Models\IonAuthModel::$join is deprecated in FCPATH\vendor\benedmunds\codeigniter-ion-auth\Models\IonAuthModel.php on line 231.
 1 APPPATH\Libraries\IonAuth.php(71): IonAuth\Models\IonAuthModel->__construct()
 2 APPPATH\Filters\CheckPermissions.php(16): App\Libraries\IonAuth->__construct()
 3 SYSTEMPATH\Filters\Filters.php(235): App\Filters\CheckPermissions->__construct()
 4 SYSTEMPATH\Filters\Filters.php(188): CodeIgniter\Filters\Filters->runAfter([...])
 5 SYSTEMPATH\CodeIgniter.php(527): CodeIgniter\Filters\Filters->run('vendor/brand/brand-table', 'after')
 6 SYSTEMPATH\CodeIgniter.php(355): CodeIgniter\CodeIgniter->handleRequest(null, Object(Config\Cache), false)
 7 SYSTEMPATH\Boot.php(325): CodeIgniter\CodeIgniter->run()
 8 SYSTEMPATH\Boot.php(67): CodeIgniter\Boot::runCodeIgniter(Object(CodeIgniter\CodeIgniter))
 9 FCPATH\index.php(56): CodeIgniter\Boot::bootWeb(Object(Config\Paths))
WARNING - 2025-02-13 15:13:54 --> [DEPRECATED] Creation of dynamic property IonAuth\Models\IonAuthModel::$hashMethod is deprecated in FCPATH\vendor\benedmunds\codeigniter-ion-auth\Models\IonAuthModel.php on line 234.
 1 APPPATH\Libraries\IonAuth.php(71): IonAuth\Models\IonAuthModel->__construct()
 2 APPPATH\Filters\CheckPermissions.php(16): App\Libraries\IonAuth->__construct()
 3 SYSTEMPATH\Filters\Filters.php(235): App\Filters\CheckPermissions->__construct()
 4 SYSTEMPATH\Filters\Filters.php(188): CodeIgniter\Filters\Filters->runAfter([...])
 5 SYSTEMPATH\CodeIgniter.php(527): CodeIgniter\Filters\Filters->run('vendor/brand/brand-table', 'after')
 6 SYSTEMPATH\CodeIgniter.php(355): CodeIgniter\CodeIgniter->handleRequest(null, Object(Config\Cache), false)
 7 SYSTEMPATH\Boot.php(325): CodeIgniter\CodeIgniter->run()
 8 SYSTEMPATH\Boot.php(67): CodeIgniter\Boot::runCodeIgniter(Object(CodeIgniter\CodeIgniter))
 9 FCPATH\index.php(56): CodeIgniter\Boot::bootWeb(Object(Config\Paths))
WARNING - 2025-02-13 15:13:54 --> [DEPRECATED] Creation of dynamic property IonAuth\Models\IonAuthModel::$messagesTemplates is deprecated in FCPATH\vendor\benedmunds\codeigniter-ion-auth\Models\IonAuthModel.php on line 237.
 1 APPPATH\Libraries\IonAuth.php(71): IonAuth\Models\IonAuthModel->__construct()
 2 APPPATH\Filters\CheckPermissions.php(16): App\Libraries\IonAuth->__construct()
 3 SYSTEMPATH\Filters\Filters.php(235): App\Filters\CheckPermissions->__construct()
 4 SYSTEMPATH\Filters\Filters.php(188): CodeIgniter\Filters\Filters->runAfter([...])
 5 SYSTEMPATH\CodeIgniter.php(527): CodeIgniter\Filters\Filters->run('vendor/brand/brand-table', 'after')
 6 SYSTEMPATH\CodeIgniter.php(355): CodeIgniter\CodeIgniter->handleRequest(null, Object(Config\Cache), false)
 7 SYSTEMPATH\Boot.php(325): CodeIgniter\CodeIgniter->run()
 8 SYSTEMPATH\Boot.php(67): CodeIgniter\Boot::runCodeIgniter(Object(CodeIgniter\CodeIgniter))
 9 FCPATH\index.php(56): CodeIgniter\Boot::bootWeb(Object(Config\Paths))
INFO - 2025-02-13 09:44:52 --> Session: Class initialized using 'CodeIgniter\Session\Handlers\FileHandler' driver.
WARNING - 2025-02-13 09:44:52 --> [DEPRECATED] Creation of dynamic property IonAuth\Models\IonAuthModel::$join is deprecated in FCPATH\vendor\benedmunds\codeigniter-ion-auth\Models\IonAuthModel.php on line 231.
 1 APPPATH\Libraries\IonAuth.php(71): IonAuth\Models\IonAuthModel->__construct()
 2 APPPATH\Filters\CheckPermissions.php(16): App\Libraries\IonAuth->__construct()
 3 SYSTEMPATH\Filters\Filters.php(197): App\Filters\CheckPermissions->__construct()
 4 SYSTEMPATH\Filters\Filters.php(184): CodeIgniter\Filters\Filters->runBefore([...])
 5 SYSTEMPATH\CodeIgniter.php(481): CodeIgniter\Filters\Filters->run('vendor/products', 'before')
 6 SYSTEMPATH\CodeIgniter.php(355): CodeIgniter\CodeIgniter->handleRequest(null, Object(Config\Cache), false)
 7 SYSTEMPATH\Boot.php(325): CodeIgniter\CodeIgniter->run()
 8 SYSTEMPATH\Boot.php(67): CodeIgniter\Boot::runCodeIgniter(Object(CodeIgniter\CodeIgniter))
 9 FCPATH\index.php(56): CodeIgniter\Boot::bootWeb(Object(Config\Paths))
WARNING - 2025-02-13 09:44:52 --> [DEPRECATED] Creation of dynamic property IonAuth\Models\IonAuthModel::$hashMethod is deprecated in FCPATH\vendor\benedmunds\codeigniter-ion-auth\Models\IonAuthModel.php on line 234.
 1 APPPATH\Libraries\IonAuth.php(71): IonAuth\Models\IonAuthModel->__construct()
 2 APPPATH\Filters\CheckPermissions.php(16): App\Libraries\IonAuth->__construct()
 3 SYSTEMPATH\Filters\Filters.php(197): App\Filters\CheckPermissions->__construct()
 4 SYSTEMPATH\Filters\Filters.php(184): CodeIgniter\Filters\Filters->runBefore([...])
 5 SYSTEMPATH\CodeIgniter.php(481): CodeIgniter\Filters\Filters->run('vendor/products', 'before')
 6 SYSTEMPATH\CodeIgniter.php(355): CodeIgniter\CodeIgniter->handleRequest(null, Object(Config\Cache), false)
 7 SYSTEMPATH\Boot.php(325): CodeIgniter\CodeIgniter->run()
 8 SYSTEMPATH\Boot.php(67): CodeIgniter\Boot::runCodeIgniter(Object(CodeIgniter\CodeIgniter))
 9 FCPATH\index.php(56): CodeIgniter\Boot::bootWeb(Object(Config\Paths))
WARNING - 2025-02-13 09:44:52 --> [DEPRECATED] Creation of dynamic property IonAuth\Models\IonAuthModel::$messagesTemplates is deprecated in FCPATH\vendor\benedmunds\codeigniter-ion-auth\Models\IonAuthModel.php on line 237.
 1 APPPATH\Libraries\IonAuth.php(71): IonAuth\Models\IonAuthModel->__construct()
 2 APPPATH\Filters\CheckPermissions.php(16): App\Libraries\IonAuth->__construct()
 3 SYSTEMPATH\Filters\Filters.php(197): App\Filters\CheckPermissions->__construct()
 4 SYSTEMPATH\Filters\Filters.php(184): CodeIgniter\Filters\Filters->runBefore([...])
 5 SYSTEMPATH\CodeIgniter.php(481): CodeIgniter\Filters\Filters->run('vendor/products', 'before')
 6 SYSTEMPATH\CodeIgniter.php(355): CodeIgniter\CodeIgniter->handleRequest(null, Object(Config\Cache), false)
 7 SYSTEMPATH\Boot.php(325): CodeIgniter\CodeIgniter->run()
 8 SYSTEMPATH\Boot.php(67): CodeIgniter\Boot::runCodeIgniter(Object(CodeIgniter\CodeIgniter))
 9 FCPATH\index.php(56): CodeIgniter\Boot::bootWeb(Object(Config\Paths))
WARNING - 2025-02-13 09:44:52 --> [DEPRECATED] Creation of dynamic property IonAuth\Models\IonAuthModel::$join is deprecated in FCPATH\vendor\benedmunds\codeigniter-ion-auth\Models\IonAuthModel.php on line 231.
 1 APPPATH\Libraries\IonAuth.php(71): IonAuth\Models\IonAuthModel->__construct()
 2 APPPATH\Controllers\vendor\Products.php(25): App\Libraries\IonAuth->__construct()
 3 SYSTEMPATH\CodeIgniter.php(903): App\Controllers\vendor\Products->__construct()
 4 SYSTEMPATH\CodeIgniter.php(500): CodeIgniter\CodeIgniter->createController()
 5 SYSTEMPATH\CodeIgniter.php(355): CodeIgniter\CodeIgniter->handleRequest(null, Object(Config\Cache), false)
 6 SYSTEMPATH\Boot.php(325): CodeIgniter\CodeIgniter->run()
 7 SYSTEMPATH\Boot.php(67): CodeIgniter\Boot::runCodeIgniter(Object(CodeIgniter\CodeIgniter))
 8 FCPATH\index.php(56): CodeIgniter\Boot::bootWeb(Object(Config\Paths))
WARNING - 2025-02-13 09:44:52 --> [DEPRECATED] Creation of dynamic property IonAuth\Models\IonAuthModel::$hashMethod is deprecated in FCPATH\vendor\benedmunds\codeigniter-ion-auth\Models\IonAuthModel.php on line 234.
 1 APPPATH\Libraries\IonAuth.php(71): IonAuth\Models\IonAuthModel->__construct()
 2 APPPATH\Controllers\vendor\Products.php(25): App\Libraries\IonAuth->__construct()
 3 SYSTEMPATH\CodeIgniter.php(903): App\Controllers\vendor\Products->__construct()
 4 SYSTEMPATH\CodeIgniter.php(500): CodeIgniter\CodeIgniter->createController()
 5 SYSTEMPATH\CodeIgniter.php(355): CodeIgniter\CodeIgniter->handleRequest(null, Object(Config\Cache), false)
 6 SYSTEMPATH\Boot.php(325): CodeIgniter\CodeIgniter->run()
 7 SYSTEMPATH\Boot.php(67): CodeIgniter\Boot::runCodeIgniter(Object(CodeIgniter\CodeIgniter))
 8 FCPATH\index.php(56): CodeIgniter\Boot::bootWeb(Object(Config\Paths))
WARNING - 2025-02-13 09:44:52 --> [DEPRECATED] Creation of dynamic property IonAuth\Models\IonAuthModel::$messagesTemplates is deprecated in FCPATH\vendor\benedmunds\codeigniter-ion-auth\Models\IonAuthModel.php on line 237.
 1 APPPATH\Libraries\IonAuth.php(71): IonAuth\Models\IonAuthModel->__construct()
 2 APPPATH\Controllers\vendor\Products.php(25): App\Libraries\IonAuth->__construct()
 3 SYSTEMPATH\CodeIgniter.php(903): App\Controllers\vendor\Products->__construct()
 4 SYSTEMPATH\CodeIgniter.php(500): CodeIgniter\CodeIgniter->createController()
 5 SYSTEMPATH\CodeIgniter.php(355): CodeIgniter\CodeIgniter->handleRequest(null, Object(Config\Cache), false)
 6 SYSTEMPATH\Boot.php(325): CodeIgniter\CodeIgniter->run()
 7 SYSTEMPATH\Boot.php(67): CodeIgniter\Boot::runCodeIgniter(Object(CodeIgniter\CodeIgniter))
 8 FCPATH\index.php(56): CodeIgniter\Boot::bootWeb(Object(Config\Paths))
WARNING - 2025-02-13 15:14:52 --> [DEPRECATED] Creation of dynamic property IonAuth\Models\IonAuthModel::$join is deprecated in FCPATH\vendor\benedmunds\codeigniter-ion-auth\Models\IonAuthModel.php on line 231.
 1 APPPATH\Libraries\IonAuth.php(71): IonAuth\Models\IonAuthModel->__construct()
 2 APPPATH\Filters\CheckPermissions.php(16): App\Libraries\IonAuth->__construct()
 3 SYSTEMPATH\Filters\Filters.php(235): App\Filters\CheckPermissions->__construct()
 4 SYSTEMPATH\Filters\Filters.php(188): CodeIgniter\Filters\Filters->runAfter([...])
 5 SYSTEMPATH\CodeIgniter.php(527): CodeIgniter\Filters\Filters->run('vendor/products', 'after')
 6 SYSTEMPATH\CodeIgniter.php(355): CodeIgniter\CodeIgniter->handleRequest(null, Object(Config\Cache), false)
 7 SYSTEMPATH\Boot.php(325): CodeIgniter\CodeIgniter->run()
 8 SYSTEMPATH\Boot.php(67): CodeIgniter\Boot::runCodeIgniter(Object(CodeIgniter\CodeIgniter))
 9 FCPATH\index.php(56): CodeIgniter\Boot::bootWeb(Object(Config\Paths))
WARNING - 2025-02-13 15:14:52 --> [DEPRECATED] Creation of dynamic property IonAuth\Models\IonAuthModel::$hashMethod is deprecated in FCPATH\vendor\benedmunds\codeigniter-ion-auth\Models\IonAuthModel.php on line 234.
 1 APPPATH\Libraries\IonAuth.php(71): IonAuth\Models\IonAuthModel->__construct()
 2 APPPATH\Filters\CheckPermissions.php(16): App\Libraries\IonAuth->__construct()
 3 SYSTEMPATH\Filters\Filters.php(235): App\Filters\CheckPermissions->__construct()
 4 SYSTEMPATH\Filters\Filters.php(188): CodeIgniter\Filters\Filters->runAfter([...])
 5 SYSTEMPATH\CodeIgniter.php(527): CodeIgniter\Filters\Filters->run('vendor/products', 'after')
 6 SYSTEMPATH\CodeIgniter.php(355): CodeIgniter\CodeIgniter->handleRequest(null, Object(Config\Cache), false)
 7 SYSTEMPATH\Boot.php(325): CodeIgniter\CodeIgniter->run()
 8 SYSTEMPATH\Boot.php(67): CodeIgniter\Boot::runCodeIgniter(Object(CodeIgniter\CodeIgniter))
 9 FCPATH\index.php(56): CodeIgniter\Boot::bootWeb(Object(Config\Paths))
WARNING - 2025-02-13 15:14:52 --> [DEPRECATED] Creation of dynamic property IonAuth\Models\IonAuthModel::$messagesTemplates is deprecated in FCPATH\vendor\benedmunds\codeigniter-ion-auth\Models\IonAuthModel.php on line 237.
 1 APPPATH\Libraries\IonAuth.php(71): IonAuth\Models\IonAuthModel->__construct()
 2 APPPATH\Filters\CheckPermissions.php(16): App\Libraries\IonAuth->__construct()
 3 SYSTEMPATH\Filters\Filters.php(235): App\Filters\CheckPermissions->__construct()
 4 SYSTEMPATH\Filters\Filters.php(188): CodeIgniter\Filters\Filters->runAfter([...])
 5 SYSTEMPATH\CodeIgniter.php(527): CodeIgniter\Filters\Filters->run('vendor/products', 'after')
 6 SYSTEMPATH\CodeIgniter.php(355): CodeIgniter\CodeIgniter->handleRequest(null, Object(Config\Cache), false)
 7 SYSTEMPATH\Boot.php(325): CodeIgniter\CodeIgniter->run()
 8 SYSTEMPATH\Boot.php(67): CodeIgniter\Boot::runCodeIgniter(Object(CodeIgniter\CodeIgniter))
 9 FCPATH\index.php(56): CodeIgniter\Boot::bootWeb(Object(Config\Paths))
INFO - 2025-02-13 09:44:53 --> Session: Class initialized using 'CodeIgniter\Session\Handlers\FileHandler' driver.
WARNING - 2025-02-13 09:44:53 --> [DEPRECATED] Creation of dynamic property IonAuth\Models\IonAuthModel::$join is deprecated in FCPATH\vendor\benedmunds\codeigniter-ion-auth\Models\IonAuthModel.php on line 231.
 1 APPPATH\Libraries\IonAuth.php(71): IonAuth\Models\IonAuthModel->__construct()
 2 APPPATH\Filters\CheckPermissions.php(16): App\Libraries\IonAuth->__construct()
 3 SYSTEMPATH\Filters\Filters.php(197): App\Filters\CheckPermissions->__construct()
 4 SYSTEMPATH\Filters\Filters.php(184): CodeIgniter\Filters\Filters->runBefore([...])
 5 SYSTEMPATH\CodeIgniter.php(481): CodeIgniter\Filters\Filters->run('vendor/products/products_table', 'before')
 6 SYSTEMPATH\CodeIgniter.php(355): CodeIgniter\CodeIgniter->handleRequest(null, Object(Config\Cache), false)
 7 SYSTEMPATH\Boot.php(325): CodeIgniter\CodeIgniter->run()
 8 SYSTEMPATH\Boot.php(67): CodeIgniter\Boot::runCodeIgniter(Object(CodeIgniter\CodeIgniter))
 9 FCPATH\index.php(56): CodeIgniter\Boot::bootWeb(Object(Config\Paths))
WARNING - 2025-02-13 09:44:53 --> [DEPRECATED] Creation of dynamic property IonAuth\Models\IonAuthModel::$hashMethod is deprecated in FCPATH\vendor\benedmunds\codeigniter-ion-auth\Models\IonAuthModel.php on line 234.
 1 APPPATH\Libraries\IonAuth.php(71): IonAuth\Models\IonAuthModel->__construct()
 2 APPPATH\Filters\CheckPermissions.php(16): App\Libraries\IonAuth->__construct()
 3 SYSTEMPATH\Filters\Filters.php(197): App\Filters\CheckPermissions->__construct()
 4 SYSTEMPATH\Filters\Filters.php(184): CodeIgniter\Filters\Filters->runBefore([...])
 5 SYSTEMPATH\CodeIgniter.php(481): CodeIgniter\Filters\Filters->run('vendor/products/products_table', 'before')
 6 SYSTEMPATH\CodeIgniter.php(355): CodeIgniter\CodeIgniter->handleRequest(null, Object(Config\Cache), false)
 7 SYSTEMPATH\Boot.php(325): CodeIgniter\CodeIgniter->run()
 8 SYSTEMPATH\Boot.php(67): CodeIgniter\Boot::runCodeIgniter(Object(CodeIgniter\CodeIgniter))
 9 FCPATH\index.php(56): CodeIgniter\Boot::bootWeb(Object(Config\Paths))
WARNING - 2025-02-13 09:44:53 --> [DEPRECATED] Creation of dynamic property IonAuth\Models\IonAuthModel::$messagesTemplates is deprecated in FCPATH\vendor\benedmunds\codeigniter-ion-auth\Models\IonAuthModel.php on line 237.
 1 APPPATH\Libraries\IonAuth.php(71): IonAuth\Models\IonAuthModel->__construct()
 2 APPPATH\Filters\CheckPermissions.php(16): App\Libraries\IonAuth->__construct()
 3 SYSTEMPATH\Filters\Filters.php(197): App\Filters\CheckPermissions->__construct()
 4 SYSTEMPATH\Filters\Filters.php(184): CodeIgniter\Filters\Filters->runBefore([...])
 5 SYSTEMPATH\CodeIgniter.php(481): CodeIgniter\Filters\Filters->run('vendor/products/products_table', 'before')
 6 SYSTEMPATH\CodeIgniter.php(355): CodeIgniter\CodeIgniter->handleRequest(null, Object(Config\Cache), false)
 7 SYSTEMPATH\Boot.php(325): CodeIgniter\CodeIgniter->run()
 8 SYSTEMPATH\Boot.php(67): CodeIgniter\Boot::runCodeIgniter(Object(CodeIgniter\CodeIgniter))
 9 FCPATH\index.php(56): CodeIgniter\Boot::bootWeb(Object(Config\Paths))
WARNING - 2025-02-13 09:44:53 --> [DEPRECATED] Creation of dynamic property IonAuth\Models\IonAuthModel::$join is deprecated in FCPATH\vendor\benedmunds\codeigniter-ion-auth\Models\IonAuthModel.php on line 231.
 1 APPPATH\Libraries\IonAuth.php(71): IonAuth\Models\IonAuthModel->__construct()
 2 APPPATH\Controllers\vendor\Products.php(25): App\Libraries\IonAuth->__construct()
 3 SYSTEMPATH\CodeIgniter.php(903): App\Controllers\vendor\Products->__construct()
 4 SYSTEMPATH\CodeIgniter.php(500): CodeIgniter\CodeIgniter->createController()
 5 SYSTEMPATH\CodeIgniter.php(355): CodeIgniter\CodeIgniter->handleRequest(null, Object(Config\Cache), false)
 6 SYSTEMPATH\Boot.php(325): CodeIgniter\CodeIgniter->run()
 7 SYSTEMPATH\Boot.php(67): CodeIgniter\Boot::runCodeIgniter(Object(CodeIgniter\CodeIgniter))
 8 FCPATH\index.php(56): CodeIgniter\Boot::bootWeb(Object(Config\Paths))
WARNING - 2025-02-13 09:44:53 --> [DEPRECATED] Creation of dynamic property IonAuth\Models\IonAuthModel::$hashMethod is deprecated in FCPATH\vendor\benedmunds\codeigniter-ion-auth\Models\IonAuthModel.php on line 234.
 1 APPPATH\Libraries\IonAuth.php(71): IonAuth\Models\IonAuthModel->__construct()
 2 APPPATH\Controllers\vendor\Products.php(25): App\Libraries\IonAuth->__construct()
 3 SYSTEMPATH\CodeIgniter.php(903): App\Controllers\vendor\Products->__construct()
 4 SYSTEMPATH\CodeIgniter.php(500): CodeIgniter\CodeIgniter->createController()
 5 SYSTEMPATH\CodeIgniter.php(355): CodeIgniter\CodeIgniter->handleRequest(null, Object(Config\Cache), false)
 6 SYSTEMPATH\Boot.php(325): CodeIgniter\CodeIgniter->run()
 7 SYSTEMPATH\Boot.php(67): CodeIgniter\Boot::runCodeIgniter(Object(CodeIgniter\CodeIgniter))
 8 FCPATH\index.php(56): CodeIgniter\Boot::bootWeb(Object(Config\Paths))
WARNING - 2025-02-13 09:44:53 --> [DEPRECATED] Creation of dynamic property IonAuth\Models\IonAuthModel::$messagesTemplates is deprecated in FCPATH\vendor\benedmunds\codeigniter-ion-auth\Models\IonAuthModel.php on line 237.
 1 APPPATH\Libraries\IonAuth.php(71): IonAuth\Models\IonAuthModel->__construct()
 2 APPPATH\Controllers\vendor\Products.php(25): App\Libraries\IonAuth->__construct()
 3 SYSTEMPATH\CodeIgniter.php(903): App\Controllers\vendor\Products->__construct()
 4 SYSTEMPATH\CodeIgniter.php(500): CodeIgniter\CodeIgniter->createController()
 5 SYSTEMPATH\CodeIgniter.php(355): CodeIgniter\CodeIgniter->handleRequest(null, Object(Config\Cache), false)
 6 SYSTEMPATH\Boot.php(325): CodeIgniter\CodeIgniter->run()
 7 SYSTEMPATH\Boot.php(67): CodeIgniter\Boot::runCodeIgniter(Object(CodeIgniter\CodeIgniter))
 8 FCPATH\index.php(56): CodeIgniter\Boot::bootWeb(Object(Config\Paths))
WARNING - 2025-02-13 15:14:53 --> [DEPRECATED] Creation of dynamic property IonAuth\Models\IonAuthModel::$join is deprecated in FCPATH\vendor\benedmunds\codeigniter-ion-auth\Models\IonAuthModel.php on line 231.
 1 APPPATH\Libraries\IonAuth.php(71): IonAuth\Models\IonAuthModel->__construct()
 2 APPPATH\Filters\CheckPermissions.php(16): App\Libraries\IonAuth->__construct()
 3 SYSTEMPATH\Filters\Filters.php(235): App\Filters\CheckPermissions->__construct()
 4 SYSTEMPATH\Filters\Filters.php(188): CodeIgniter\Filters\Filters->runAfter([...])
 5 SYSTEMPATH\CodeIgniter.php(527): CodeIgniter\Filters\Filters->run('vendor/products/products_table', 'after')
 6 SYSTEMPATH\CodeIgniter.php(355): CodeIgniter\CodeIgniter->handleRequest(null, Object(Config\Cache), false)
 7 SYSTEMPATH\Boot.php(325): CodeIgniter\CodeIgniter->run()
 8 SYSTEMPATH\Boot.php(67): CodeIgniter\Boot::runCodeIgniter(Object(CodeIgniter\CodeIgniter))
 9 FCPATH\index.php(56): CodeIgniter\Boot::bootWeb(Object(Config\Paths))
WARNING - 2025-02-13 15:14:53 --> [DEPRECATED] Creation of dynamic property IonAuth\Models\IonAuthModel::$hashMethod is deprecated in FCPATH\vendor\benedmunds\codeigniter-ion-auth\Models\IonAuthModel.php on line 234.
 1 APPPATH\Libraries\IonAuth.php(71): IonAuth\Models\IonAuthModel->__construct()
 2 APPPATH\Filters\CheckPermissions.php(16): App\Libraries\IonAuth->__construct()
 3 SYSTEMPATH\Filters\Filters.php(235): App\Filters\CheckPermissions->__construct()
 4 SYSTEMPATH\Filters\Filters.php(188): CodeIgniter\Filters\Filters->runAfter([...])
 5 SYSTEMPATH\CodeIgniter.php(527): CodeIgniter\Filters\Filters->run('vendor/products/products_table', 'after')
 6 SYSTEMPATH\CodeIgniter.php(355): CodeIgniter\CodeIgniter->handleRequest(null, Object(Config\Cache), false)
 7 SYSTEMPATH\Boot.php(325): CodeIgniter\CodeIgniter->run()
 8 SYSTEMPATH\Boot.php(67): CodeIgniter\Boot::runCodeIgniter(Object(CodeIgniter\CodeIgniter))
 9 FCPATH\index.php(56): CodeIgniter\Boot::bootWeb(Object(Config\Paths))
WARNING - 2025-02-13 15:14:53 --> [DEPRECATED] Creation of dynamic property IonAuth\Models\IonAuthModel::$messagesTemplates is deprecated in FCPATH\vendor\benedmunds\codeigniter-ion-auth\Models\IonAuthModel.php on line 237.
 1 APPPATH\Libraries\IonAuth.php(71): IonAuth\Models\IonAuthModel->__construct()
 2 APPPATH\Filters\CheckPermissions.php(16): App\Libraries\IonAuth->__construct()
 3 SYSTEMPATH\Filters\Filters.php(235): App\Filters\CheckPermissions->__construct()
 4 SYSTEMPATH\Filters\Filters.php(188): CodeIgniter\Filters\Filters->runAfter([...])
 5 SYSTEMPATH\CodeIgniter.php(527): CodeIgniter\Filters\Filters->run('vendor/products/products_table', 'after')
 6 SYSTEMPATH\CodeIgniter.php(355): CodeIgniter\CodeIgniter->handleRequest(null, Object(Config\Cache), false)
 7 SYSTEMPATH\Boot.php(325): CodeIgniter\CodeIgniter->run()
 8 SYSTEMPATH\Boot.php(67): CodeIgniter\Boot::runCodeIgniter(Object(CodeIgniter\CodeIgniter))
 9 FCPATH\index.php(56): CodeIgniter\Boot::bootWeb(Object(Config\Paths))
INFO - 2025-02-13 09:44:53 --> Session: Class initialized using 'CodeIgniter\Session\Handlers\FileHandler' driver.
WARNING - 2025-02-13 09:44:53 --> [DEPRECATED] Creation of dynamic property IonAuth\Models\IonAuthModel::$join is deprecated in FCPATH\vendor\benedmunds\codeigniter-ion-auth\Models\IonAuthModel.php on line 231.
 1 APPPATH\Libraries\IonAuth.php(71): IonAuth\Models\IonAuthModel->__construct()
 2 APPPATH\Filters\CheckPermissions.php(16): App\Libraries\IonAuth->__construct()
 3 SYSTEMPATH\Filters\Filters.php(197): App\Filters\CheckPermissions->__construct()
 4 SYSTEMPATH\Filters\Filters.php(184): CodeIgniter\Filters\Filters->runBefore([...])
 5 SYSTEMPATH\CodeIgniter.php(481): CodeIgniter\Filters\Filters->run('vendor/products/variants_table', 'before')
 6 SYSTEMPATH\CodeIgniter.php(355): CodeIgniter\CodeIgniter->handleRequest(null, Object(Config\Cache), false)
 7 SYSTEMPATH\Boot.php(325): CodeIgniter\CodeIgniter->run()
 8 SYSTEMPATH\Boot.php(67): CodeIgniter\Boot::runCodeIgniter(Object(CodeIgniter\CodeIgniter))
 9 FCPATH\index.php(56): CodeIgniter\Boot::bootWeb(Object(Config\Paths))
WARNING - 2025-02-13 09:44:53 --> [DEPRECATED] Creation of dynamic property IonAuth\Models\IonAuthModel::$hashMethod is deprecated in FCPATH\vendor\benedmunds\codeigniter-ion-auth\Models\IonAuthModel.php on line 234.
 1 APPPATH\Libraries\IonAuth.php(71): IonAuth\Models\IonAuthModel->__construct()
 2 APPPATH\Filters\CheckPermissions.php(16): App\Libraries\IonAuth->__construct()
 3 SYSTEMPATH\Filters\Filters.php(197): App\Filters\CheckPermissions->__construct()
 4 SYSTEMPATH\Filters\Filters.php(184): CodeIgniter\Filters\Filters->runBefore([...])
 5 SYSTEMPATH\CodeIgniter.php(481): CodeIgniter\Filters\Filters->run('vendor/products/variants_table', 'before')
 6 SYSTEMPATH\CodeIgniter.php(355): CodeIgniter\CodeIgniter->handleRequest(null, Object(Config\Cache), false)
 7 SYSTEMPATH\Boot.php(325): CodeIgniter\CodeIgniter->run()
 8 SYSTEMPATH\Boot.php(67): CodeIgniter\Boot::runCodeIgniter(Object(CodeIgniter\CodeIgniter))
 9 FCPATH\index.php(56): CodeIgniter\Boot::bootWeb(Object(Config\Paths))
WARNING - 2025-02-13 09:44:53 --> [DEPRECATED] Creation of dynamic property IonAuth\Models\IonAuthModel::$messagesTemplates is deprecated in FCPATH\vendor\benedmunds\codeigniter-ion-auth\Models\IonAuthModel.php on line 237.
 1 APPPATH\Libraries\IonAuth.php(71): IonAuth\Models\IonAuthModel->__construct()
 2 APPPATH\Filters\CheckPermissions.php(16): App\Libraries\IonAuth->__construct()
 3 SYSTEMPATH\Filters\Filters.php(197): App\Filters\CheckPermissions->__construct()
 4 SYSTEMPATH\Filters\Filters.php(184): CodeIgniter\Filters\Filters->runBefore([...])
 5 SYSTEMPATH\CodeIgniter.php(481): CodeIgniter\Filters\Filters->run('vendor/products/variants_table', 'before')
 6 SYSTEMPATH\CodeIgniter.php(355): CodeIgniter\CodeIgniter->handleRequest(null, Object(Config\Cache), false)
 7 SYSTEMPATH\Boot.php(325): CodeIgniter\CodeIgniter->run()
 8 SYSTEMPATH\Boot.php(67): CodeIgniter\Boot::runCodeIgniter(Object(CodeIgniter\CodeIgniter))
 9 FCPATH\index.php(56): CodeIgniter\Boot::bootWeb(Object(Config\Paths))
WARNING - 2025-02-13 09:44:53 --> [DEPRECATED] Creation of dynamic property IonAuth\Models\IonAuthModel::$join is deprecated in FCPATH\vendor\benedmunds\codeigniter-ion-auth\Models\IonAuthModel.php on line 231.
 1 APPPATH\Libraries\IonAuth.php(71): IonAuth\Models\IonAuthModel->__construct()
 2 APPPATH\Controllers\vendor\Products.php(25): App\Libraries\IonAuth->__construct()
 3 SYSTEMPATH\CodeIgniter.php(903): App\Controllers\vendor\Products->__construct()
 4 SYSTEMPATH\CodeIgniter.php(500): CodeIgniter\CodeIgniter->createController()
 5 SYSTEMPATH\CodeIgniter.php(355): CodeIgniter\CodeIgniter->handleRequest(null, Object(Config\Cache), false)
 6 SYSTEMPATH\Boot.php(325): CodeIgniter\CodeIgniter->run()
 7 SYSTEMPATH\Boot.php(67): CodeIgniter\Boot::runCodeIgniter(Object(CodeIgniter\CodeIgniter))
 8 FCPATH\index.php(56): CodeIgniter\Boot::bootWeb(Object(Config\Paths))
WARNING - 2025-02-13 09:44:53 --> [DEPRECATED] Creation of dynamic property IonAuth\Models\IonAuthModel::$hashMethod is deprecated in FCPATH\vendor\benedmunds\codeigniter-ion-auth\Models\IonAuthModel.php on line 234.
 1 APPPATH\Libraries\IonAuth.php(71): IonAuth\Models\IonAuthModel->__construct()
 2 APPPATH\Controllers\vendor\Products.php(25): App\Libraries\IonAuth->__construct()
 3 SYSTEMPATH\CodeIgniter.php(903): App\Controllers\vendor\Products->__construct()
 4 SYSTEMPATH\CodeIgniter.php(500): CodeIgniter\CodeIgniter->createController()
 5 SYSTEMPATH\CodeIgniter.php(355): CodeIgniter\CodeIgniter->handleRequest(null, Object(Config\Cache), false)
 6 SYSTEMPATH\Boot.php(325): CodeIgniter\CodeIgniter->run()
 7 SYSTEMPATH\Boot.php(67): CodeIgniter\Boot::runCodeIgniter(Object(CodeIgniter\CodeIgniter))
 8 FCPATH\index.php(56): CodeIgniter\Boot::bootWeb(Object(Config\Paths))
WARNING - 2025-02-13 09:44:53 --> [DEPRECATED] Creation of dynamic property IonAuth\Models\IonAuthModel::$messagesTemplates is deprecated in FCPATH\vendor\benedmunds\codeigniter-ion-auth\Models\IonAuthModel.php on line 237.
 1 APPPATH\Libraries\IonAuth.php(71): IonAuth\Models\IonAuthModel->__construct()
 2 APPPATH\Controllers\vendor\Products.php(25): App\Libraries\IonAuth->__construct()
 3 SYSTEMPATH\CodeIgniter.php(903): App\Controllers\vendor\Products->__construct()
 4 SYSTEMPATH\CodeIgniter.php(500): CodeIgniter\CodeIgniter->createController()
 5 SYSTEMPATH\CodeIgniter.php(355): CodeIgniter\CodeIgniter->handleRequest(null, Object(Config\Cache), false)
 6 SYSTEMPATH\Boot.php(325): CodeIgniter\CodeIgniter->run()
 7 SYSTEMPATH\Boot.php(67): CodeIgniter\Boot::runCodeIgniter(Object(CodeIgniter\CodeIgniter))
 8 FCPATH\index.php(56): CodeIgniter\Boot::bootWeb(Object(Config\Paths))
WARNING - 2025-02-13 15:14:53 --> [DEPRECATED] Creation of dynamic property IonAuth\Models\IonAuthModel::$join is deprecated in FCPATH\vendor\benedmunds\codeigniter-ion-auth\Models\IonAuthModel.php on line 231.
 1 APPPATH\Libraries\IonAuth.php(71): IonAuth\Models\IonAuthModel->__construct()
 2 APPPATH\Filters\CheckPermissions.php(16): App\Libraries\IonAuth->__construct()
 3 SYSTEMPATH\Filters\Filters.php(235): App\Filters\CheckPermissions->__construct()
 4 SYSTEMPATH\Filters\Filters.php(188): CodeIgniter\Filters\Filters->runAfter([...])
 5 SYSTEMPATH\CodeIgniter.php(527): CodeIgniter\Filters\Filters->run('vendor/products/variants_table', 'after')
 6 SYSTEMPATH\CodeIgniter.php(355): CodeIgniter\CodeIgniter->handleRequest(null, Object(Config\Cache), false)
 7 SYSTEMPATH\Boot.php(325): CodeIgniter\CodeIgniter->run()
 8 SYSTEMPATH\Boot.php(67): CodeIgniter\Boot::runCodeIgniter(Object(CodeIgniter\CodeIgniter))
 9 FCPATH\index.php(56): CodeIgniter\Boot::bootWeb(Object(Config\Paths))
WARNING - 2025-02-13 15:14:53 --> [DEPRECATED] Creation of dynamic property IonAuth\Models\IonAuthModel::$hashMethod is deprecated in FCPATH\vendor\benedmunds\codeigniter-ion-auth\Models\IonAuthModel.php on line 234.
 1 APPPATH\Libraries\IonAuth.php(71): IonAuth\Models\IonAuthModel->__construct()
 2 APPPATH\Filters\CheckPermissions.php(16): App\Libraries\IonAuth->__construct()
 3 SYSTEMPATH\Filters\Filters.php(235): App\Filters\CheckPermissions->__construct()
 4 SYSTEMPATH\Filters\Filters.php(188): CodeIgniter\Filters\Filters->runAfter([...])
 5 SYSTEMPATH\CodeIgniter.php(527): CodeIgniter\Filters\Filters->run('vendor/products/variants_table', 'after')
 6 SYSTEMPATH\CodeIgniter.php(355): CodeIgniter\CodeIgniter->handleRequest(null, Object(Config\Cache), false)
 7 SYSTEMPATH\Boot.php(325): CodeIgniter\CodeIgniter->run()
 8 SYSTEMPATH\Boot.php(67): CodeIgniter\Boot::runCodeIgniter(Object(CodeIgniter\CodeIgniter))
 9 FCPATH\index.php(56): CodeIgniter\Boot::bootWeb(Object(Config\Paths))
WARNING - 2025-02-13 15:14:53 --> [DEPRECATED] Creation of dynamic property IonAuth\Models\IonAuthModel::$messagesTemplates is deprecated in FCPATH\vendor\benedmunds\codeigniter-ion-auth\Models\IonAuthModel.php on line 237.
 1 APPPATH\Libraries\IonAuth.php(71): IonAuth\Models\IonAuthModel->__construct()
 2 APPPATH\Filters\CheckPermissions.php(16): App\Libraries\IonAuth->__construct()
 3 SYSTEMPATH\Filters\Filters.php(235): App\Filters\CheckPermissions->__construct()
 4 SYSTEMPATH\Filters\Filters.php(188): CodeIgniter\Filters\Filters->runAfter([...])
 5 SYSTEMPATH\CodeIgniter.php(527): CodeIgniter\Filters\Filters->run('vendor/products/variants_table', 'after')
 6 SYSTEMPATH\CodeIgniter.php(355): CodeIgniter\CodeIgniter->handleRequest(null, Object(Config\Cache), false)
 7 SYSTEMPATH\Boot.php(325): CodeIgniter\CodeIgniter->run()
 8 SYSTEMPATH\Boot.php(67): CodeIgniter\Boot::runCodeIgniter(Object(CodeIgniter\CodeIgniter))
 9 FCPATH\index.php(56): CodeIgniter\Boot::bootWeb(Object(Config\Paths))
INFO - 2025-02-13 09:44:54 --> Session: Class initialized using 'CodeIgniter\Session\Handlers\FileHandler' driver.
WARNING - 2025-02-13 09:44:54 --> [DEPRECATED] Creation of dynamic property IonAuth\Models\IonAuthModel::$join is deprecated in FCPATH\vendor\benedmunds\codeigniter-ion-auth\Models\IonAuthModel.php on line 231.
 1 APPPATH\Libraries\IonAuth.php(71): IonAuth\Models\IonAuthModel->__construct()
 2 APPPATH\Filters\CheckPermissions.php(16): App\Libraries\IonAuth->__construct()
 3 SYSTEMPATH\Filters\Filters.php(197): App\Filters\CheckPermissions->__construct()
 4 SYSTEMPATH\Filters\Filters.php(184): CodeIgniter\Filters\Filters->runBefore([...])
 5 SYSTEMPATH\CodeIgniter.php(481): CodeIgniter\Filters\Filters->run('vendor/products/stock_alert', 'before')
 6 SYSTEMPATH\CodeIgniter.php(355): CodeIgniter\CodeIgniter->handleRequest(null, Object(Config\Cache), false)
 7 SYSTEMPATH\Boot.php(325): CodeIgniter\CodeIgniter->run()
 8 SYSTEMPATH\Boot.php(67): CodeIgniter\Boot::runCodeIgniter(Object(CodeIgniter\CodeIgniter))
 9 FCPATH\index.php(56): CodeIgniter\Boot::bootWeb(Object(Config\Paths))
WARNING - 2025-02-13 09:44:54 --> [DEPRECATED] Creation of dynamic property IonAuth\Models\IonAuthModel::$hashMethod is deprecated in FCPATH\vendor\benedmunds\codeigniter-ion-auth\Models\IonAuthModel.php on line 234.
 1 APPPATH\Libraries\IonAuth.php(71): IonAuth\Models\IonAuthModel->__construct()
 2 APPPATH\Filters\CheckPermissions.php(16): App\Libraries\IonAuth->__construct()
 3 SYSTEMPATH\Filters\Filters.php(197): App\Filters\CheckPermissions->__construct()
 4 SYSTEMPATH\Filters\Filters.php(184): CodeIgniter\Filters\Filters->runBefore([...])
 5 SYSTEMPATH\CodeIgniter.php(481): CodeIgniter\Filters\Filters->run('vendor/products/stock_alert', 'before')
 6 SYSTEMPATH\CodeIgniter.php(355): CodeIgniter\CodeIgniter->handleRequest(null, Object(Config\Cache), false)
 7 SYSTEMPATH\Boot.php(325): CodeIgniter\CodeIgniter->run()
 8 SYSTEMPATH\Boot.php(67): CodeIgniter\Boot::runCodeIgniter(Object(CodeIgniter\CodeIgniter))
 9 FCPATH\index.php(56): CodeIgniter\Boot::bootWeb(Object(Config\Paths))
WARNING - 2025-02-13 09:44:54 --> [DEPRECATED] Creation of dynamic property IonAuth\Models\IonAuthModel::$messagesTemplates is deprecated in FCPATH\vendor\benedmunds\codeigniter-ion-auth\Models\IonAuthModel.php on line 237.
 1 APPPATH\Libraries\IonAuth.php(71): IonAuth\Models\IonAuthModel->__construct()
 2 APPPATH\Filters\CheckPermissions.php(16): App\Libraries\IonAuth->__construct()
 3 SYSTEMPATH\Filters\Filters.php(197): App\Filters\CheckPermissions->__construct()
 4 SYSTEMPATH\Filters\Filters.php(184): CodeIgniter\Filters\Filters->runBefore([...])
 5 SYSTEMPATH\CodeIgniter.php(481): CodeIgniter\Filters\Filters->run('vendor/products/stock_alert', 'before')
 6 SYSTEMPATH\CodeIgniter.php(355): CodeIgniter\CodeIgniter->handleRequest(null, Object(Config\Cache), false)
 7 SYSTEMPATH\Boot.php(325): CodeIgniter\CodeIgniter->run()
 8 SYSTEMPATH\Boot.php(67): CodeIgniter\Boot::runCodeIgniter(Object(CodeIgniter\CodeIgniter))
 9 FCPATH\index.php(56): CodeIgniter\Boot::bootWeb(Object(Config\Paths))
WARNING - 2025-02-13 09:44:54 --> [DEPRECATED] Creation of dynamic property IonAuth\Models\IonAuthModel::$join is deprecated in FCPATH\vendor\benedmunds\codeigniter-ion-auth\Models\IonAuthModel.php on line 231.
 1 APPPATH\Libraries\IonAuth.php(71): IonAuth\Models\IonAuthModel->__construct()
 2 APPPATH\Controllers\vendor\Products.php(25): App\Libraries\IonAuth->__construct()
 3 SYSTEMPATH\CodeIgniter.php(903): App\Controllers\vendor\Products->__construct()
 4 SYSTEMPATH\CodeIgniter.php(500): CodeIgniter\CodeIgniter->createController()
 5 SYSTEMPATH\CodeIgniter.php(355): CodeIgniter\CodeIgniter->handleRequest(null, Object(Config\Cache), false)
 6 SYSTEMPATH\Boot.php(325): CodeIgniter\CodeIgniter->run()
 7 SYSTEMPATH\Boot.php(67): CodeIgniter\Boot::runCodeIgniter(Object(CodeIgniter\CodeIgniter))
 8 FCPATH\index.php(56): CodeIgniter\Boot::bootWeb(Object(Config\Paths))
WARNING - 2025-02-13 09:44:54 --> [DEPRECATED] Creation of dynamic property IonAuth\Models\IonAuthModel::$hashMethod is deprecated in FCPATH\vendor\benedmunds\codeigniter-ion-auth\Models\IonAuthModel.php on line 234.
 1 APPPATH\Libraries\IonAuth.php(71): IonAuth\Models\IonAuthModel->__construct()
 2 APPPATH\Controllers\vendor\Products.php(25): App\Libraries\IonAuth->__construct()
 3 SYSTEMPATH\CodeIgniter.php(903): App\Controllers\vendor\Products->__construct()
 4 SYSTEMPATH\CodeIgniter.php(500): CodeIgniter\CodeIgniter->createController()
 5 SYSTEMPATH\CodeIgniter.php(355): CodeIgniter\CodeIgniter->handleRequest(null, Object(Config\Cache), false)
 6 SYSTEMPATH\Boot.php(325): CodeIgniter\CodeIgniter->run()
 7 SYSTEMPATH\Boot.php(67): CodeIgniter\Boot::runCodeIgniter(Object(CodeIgniter\CodeIgniter))
 8 FCPATH\index.php(56): CodeIgniter\Boot::bootWeb(Object(Config\Paths))
WARNING - 2025-02-13 09:44:54 --> [DEPRECATED] Creation of dynamic property IonAuth\Models\IonAuthModel::$messagesTemplates is deprecated in FCPATH\vendor\benedmunds\codeigniter-ion-auth\Models\IonAuthModel.php on line 237.
 1 APPPATH\Libraries\IonAuth.php(71): IonAuth\Models\IonAuthModel->__construct()
 2 APPPATH\Controllers\vendor\Products.php(25): App\Libraries\IonAuth->__construct()
 3 SYSTEMPATH\CodeIgniter.php(903): App\Controllers\vendor\Products->__construct()
 4 SYSTEMPATH\CodeIgniter.php(500): CodeIgniter\CodeIgniter->createController()
 5 SYSTEMPATH\CodeIgniter.php(355): CodeIgniter\CodeIgniter->handleRequest(null, Object(Config\Cache), false)
 6 SYSTEMPATH\Boot.php(325): CodeIgniter\CodeIgniter->run()
 7 SYSTEMPATH\Boot.php(67): CodeIgniter\Boot::runCodeIgniter(Object(CodeIgniter\CodeIgniter))
 8 FCPATH\index.php(56): CodeIgniter\Boot::bootWeb(Object(Config\Paths))
WARNING - 2025-02-13 15:14:54 --> [DEPRECATED] Creation of dynamic property IonAuth\Models\IonAuthModel::$join is deprecated in FCPATH\vendor\benedmunds\codeigniter-ion-auth\Models\IonAuthModel.php on line 231.
 1 APPPATH\Libraries\IonAuth.php(71): IonAuth\Models\IonAuthModel->__construct()
 2 APPPATH\Filters\CheckPermissions.php(16): App\Libraries\IonAuth->__construct()
 3 SYSTEMPATH\Filters\Filters.php(235): App\Filters\CheckPermissions->__construct()
 4 SYSTEMPATH\Filters\Filters.php(188): CodeIgniter\Filters\Filters->runAfter([...])
 5 SYSTEMPATH\CodeIgniter.php(527): CodeIgniter\Filters\Filters->run('vendor/products/stock_alert', 'after')
 6 SYSTEMPATH\CodeIgniter.php(355): CodeIgniter\CodeIgniter->handleRequest(null, Object(Config\Cache), false)
 7 SYSTEMPATH\Boot.php(325): CodeIgniter\CodeIgniter->run()
 8 SYSTEMPATH\Boot.php(67): CodeIgniter\Boot::runCodeIgniter(Object(CodeIgniter\CodeIgniter))
 9 FCPATH\index.php(56): CodeIgniter\Boot::bootWeb(Object(Config\Paths))
WARNING - 2025-02-13 15:14:54 --> [DEPRECATED] Creation of dynamic property IonAuth\Models\IonAuthModel::$hashMethod is deprecated in FCPATH\vendor\benedmunds\codeigniter-ion-auth\Models\IonAuthModel.php on line 234.
 1 APPPATH\Libraries\IonAuth.php(71): IonAuth\Models\IonAuthModel->__construct()
 2 APPPATH\Filters\CheckPermissions.php(16): App\Libraries\IonAuth->__construct()
 3 SYSTEMPATH\Filters\Filters.php(235): App\Filters\CheckPermissions->__construct()
 4 SYSTEMPATH\Filters\Filters.php(188): CodeIgniter\Filters\Filters->runAfter([...])
 5 SYSTEMPATH\CodeIgniter.php(527): CodeIgniter\Filters\Filters->run('vendor/products/stock_alert', 'after')
 6 SYSTEMPATH\CodeIgniter.php(355): CodeIgniter\CodeIgniter->handleRequest(null, Object(Config\Cache), false)
 7 SYSTEMPATH\Boot.php(325): CodeIgniter\CodeIgniter->run()
 8 SYSTEMPATH\Boot.php(67): CodeIgniter\Boot::runCodeIgniter(Object(CodeIgniter\CodeIgniter))
 9 FCPATH\index.php(56): CodeIgniter\Boot::bootWeb(Object(Config\Paths))
WARNING - 2025-02-13 15:14:54 --> [DEPRECATED] Creation of dynamic property IonAuth\Models\IonAuthModel::$messagesTemplates is deprecated in FCPATH\vendor\benedmunds\codeigniter-ion-auth\Models\IonAuthModel.php on line 237.
 1 APPPATH\Libraries\IonAuth.php(71): IonAuth\Models\IonAuthModel->__construct()
 2 APPPATH\Filters\CheckPermissions.php(16): App\Libraries\IonAuth->__construct()
 3 SYSTEMPATH\Filters\Filters.php(235): App\Filters\CheckPermissions->__construct()
 4 SYSTEMPATH\Filters\Filters.php(188): CodeIgniter\Filters\Filters->runAfter([...])
 5 SYSTEMPATH\CodeIgniter.php(527): CodeIgniter\Filters\Filters->run('vendor/products/stock_alert', 'after')
 6 SYSTEMPATH\CodeIgniter.php(355): CodeIgniter\CodeIgniter->handleRequest(null, Object(Config\Cache), false)
 7 SYSTEMPATH\Boot.php(325): CodeIgniter\CodeIgniter->run()
 8 SYSTEMPATH\Boot.php(67): CodeIgniter\Boot::runCodeIgniter(Object(CodeIgniter\CodeIgniter))
 9 FCPATH\index.php(56): CodeIgniter\Boot::bootWeb(Object(Config\Paths))
INFO - 2025-02-13 09:44:54 --> Session: Class initialized using 'CodeIgniter\Session\Handlers\FileHandler' driver.
WARNING - 2025-02-13 09:44:54 --> [DEPRECATED] Creation of dynamic property IonAuth\Models\IonAuthModel::$join is deprecated in FCPATH\vendor\benedmunds\codeigniter-ion-auth\Models\IonAuthModel.php on line 231.
 1 APPPATH\Libraries\IonAuth.php(71): IonAuth\Models\IonAuthModel->__construct()
 2 APPPATH\Controllers\Home.php(12): App\Libraries\IonAuth->__construct()
 3 SYSTEMPATH\CodeIgniter.php(903): App\Controllers\Home->__construct()
 4 SYSTEMPATH\CodeIgniter.php(500): CodeIgniter\CodeIgniter->createController()
 5 SYSTEMPATH\CodeIgniter.php(355): CodeIgniter\CodeIgniter->handleRequest(null, Object(Config\Cache), false)
 6 SYSTEMPATH\Boot.php(325): CodeIgniter\CodeIgniter->run()
 7 SYSTEMPATH\Boot.php(67): CodeIgniter\Boot::runCodeIgniter(Object(CodeIgniter\CodeIgniter))
 8 FCPATH\index.php(56): CodeIgniter\Boot::bootWeb(Object(Config\Paths))
WARNING - 2025-02-13 09:44:54 --> [DEPRECATED] Creation of dynamic property IonAuth\Models\IonAuthModel::$hashMethod is deprecated in FCPATH\vendor\benedmunds\codeigniter-ion-auth\Models\IonAuthModel.php on line 234.
 1 APPPATH\Libraries\IonAuth.php(71): IonAuth\Models\IonAuthModel->__construct()
 2 APPPATH\Controllers\Home.php(12): App\Libraries\IonAuth->__construct()
 3 SYSTEMPATH\CodeIgniter.php(903): App\Controllers\Home->__construct()
 4 SYSTEMPATH\CodeIgniter.php(500): CodeIgniter\CodeIgniter->createController()
 5 SYSTEMPATH\CodeIgniter.php(355): CodeIgniter\CodeIgniter->handleRequest(null, Object(Config\Cache), false)
 6 SYSTEMPATH\Boot.php(325): CodeIgniter\CodeIgniter->run()
 7 SYSTEMPATH\Boot.php(67): CodeIgniter\Boot::runCodeIgniter(Object(CodeIgniter\CodeIgniter))
 8 FCPATH\index.php(56): CodeIgniter\Boot::bootWeb(Object(Config\Paths))
WARNING - 2025-02-13 09:44:54 --> [DEPRECATED] Creation of dynamic property IonAuth\Models\IonAuthModel::$messagesTemplates is deprecated in FCPATH\vendor\benedmunds\codeigniter-ion-auth\Models\IonAuthModel.php on line 237.
 1 APPPATH\Libraries\IonAuth.php(71): IonAuth\Models\IonAuthModel->__construct()
 2 APPPATH\Controllers\Home.php(12): App\Libraries\IonAuth->__construct()
 3 SYSTEMPATH\CodeIgniter.php(903): App\Controllers\Home->__construct()
 4 SYSTEMPATH\CodeIgniter.php(500): CodeIgniter\CodeIgniter->createController()
 5 SYSTEMPATH\CodeIgniter.php(355): CodeIgniter\CodeIgniter->handleRequest(null, Object(Config\Cache), false)
 6 SYSTEMPATH\Boot.php(325): CodeIgniter\CodeIgniter->run()
 7 SYSTEMPATH\Boot.php(67): CodeIgniter\Boot::runCodeIgniter(Object(CodeIgniter\CodeIgniter))
 8 FCPATH\index.php(56): CodeIgniter\Boot::bootWeb(Object(Config\Paths))
INFO - 2025-02-13 09:49:05 --> Session: Class initialized using 'CodeIgniter\Session\Handlers\FileHandler' driver.
WARNING - 2025-02-13 09:49:05 --> [DEPRECATED] Creation of dynamic property IonAuth\Models\IonAuthModel::$join is deprecated in FCPATH\vendor\benedmunds\codeigniter-ion-auth\Models\IonAuthModel.php on line 231.
 1 APPPATH\Libraries\IonAuth.php(71): IonAuth\Models\IonAuthModel->__construct()
 2 APPPATH\Filters\CheckPermissions.php(16): App\Libraries\IonAuth->__construct()
 3 SYSTEMPATH\Filters\Filters.php(197): App\Filters\CheckPermissions->__construct()
 4 SYSTEMPATH\Filters\Filters.php(184): CodeIgniter\Filters\Filters->runBefore([...])
 5 SYSTEMPATH\CodeIgniter.php(481): CodeIgniter\Filters\Filters->run('vendor/products', 'before')
 6 SYSTEMPATH\CodeIgniter.php(355): CodeIgniter\CodeIgniter->handleRequest(null, Object(Config\Cache), false)
 7 SYSTEMPATH\Boot.php(325): CodeIgniter\CodeIgniter->run()
 8 SYSTEMPATH\Boot.php(67): CodeIgniter\Boot::runCodeIgniter(Object(CodeIgniter\CodeIgniter))
 9 FCPATH\index.php(56): CodeIgniter\Boot::bootWeb(Object(Config\Paths))
WARNING - 2025-02-13 09:49:05 --> [DEPRECATED] Creation of dynamic property IonAuth\Models\IonAuthModel::$hashMethod is deprecated in FCPATH\vendor\benedmunds\codeigniter-ion-auth\Models\IonAuthModel.php on line 234.
 1 APPPATH\Libraries\IonAuth.php(71): IonAuth\Models\IonAuthModel->__construct()
 2 APPPATH\Filters\CheckPermissions.php(16): App\Libraries\IonAuth->__construct()
 3 SYSTEMPATH\Filters\Filters.php(197): App\Filters\CheckPermissions->__construct()
 4 SYSTEMPATH\Filters\Filters.php(184): CodeIgniter\Filters\Filters->runBefore([...])
 5 SYSTEMPATH\CodeIgniter.php(481): CodeIgniter\Filters\Filters->run('vendor/products', 'before')
 6 SYSTEMPATH\CodeIgniter.php(355): CodeIgniter\CodeIgniter->handleRequest(null, Object(Config\Cache), false)
 7 SYSTEMPATH\Boot.php(325): CodeIgniter\CodeIgniter->run()
 8 SYSTEMPATH\Boot.php(67): CodeIgniter\Boot::runCodeIgniter(Object(CodeIgniter\CodeIgniter))
 9 FCPATH\index.php(56): CodeIgniter\Boot::bootWeb(Object(Config\Paths))
WARNING - 2025-02-13 09:49:05 --> [DEPRECATED] Creation of dynamic property IonAuth\Models\IonAuthModel::$messagesTemplates is deprecated in FCPATH\vendor\benedmunds\codeigniter-ion-auth\Models\IonAuthModel.php on line 237.
 1 APPPATH\Libraries\IonAuth.php(71): IonAuth\Models\IonAuthModel->__construct()
 2 APPPATH\Filters\CheckPermissions.php(16): App\Libraries\IonAuth->__construct()
 3 SYSTEMPATH\Filters\Filters.php(197): App\Filters\CheckPermissions->__construct()
 4 SYSTEMPATH\Filters\Filters.php(184): CodeIgniter\Filters\Filters->runBefore([...])
 5 SYSTEMPATH\CodeIgniter.php(481): CodeIgniter\Filters\Filters->run('vendor/products', 'before')
 6 SYSTEMPATH\CodeIgniter.php(355): CodeIgniter\CodeIgniter->handleRequest(null, Object(Config\Cache), false)
 7 SYSTEMPATH\Boot.php(325): CodeIgniter\CodeIgniter->run()
 8 SYSTEMPATH\Boot.php(67): CodeIgniter\Boot::runCodeIgniter(Object(CodeIgniter\CodeIgniter))
 9 FCPATH\index.php(56): CodeIgniter\Boot::bootWeb(Object(Config\Paths))
WARNING - 2025-02-13 09:49:05 --> [DEPRECATED] Creation of dynamic property IonAuth\Models\IonAuthModel::$join is deprecated in FCPATH\vendor\benedmunds\codeigniter-ion-auth\Models\IonAuthModel.php on line 231.
 1 APPPATH\Libraries\IonAuth.php(71): IonAuth\Models\IonAuthModel->__construct()
 2 APPPATH\Controllers\vendor\Products.php(25): App\Libraries\IonAuth->__construct()
 3 SYSTEMPATH\CodeIgniter.php(903): App\Controllers\vendor\Products->__construct()
 4 SYSTEMPATH\CodeIgniter.php(500): CodeIgniter\CodeIgniter->createController()
 5 SYSTEMPATH\CodeIgniter.php(355): CodeIgniter\CodeIgniter->handleRequest(null, Object(Config\Cache), false)
 6 SYSTEMPATH\Boot.php(325): CodeIgniter\CodeIgniter->run()
 7 SYSTEMPATH\Boot.php(67): CodeIgniter\Boot::runCodeIgniter(Object(CodeIgniter\CodeIgniter))
 8 FCPATH\index.php(56): CodeIgniter\Boot::bootWeb(Object(Config\Paths))
WARNING - 2025-02-13 09:49:05 --> [DEPRECATED] Creation of dynamic property IonAuth\Models\IonAuthModel::$hashMethod is deprecated in FCPATH\vendor\benedmunds\codeigniter-ion-auth\Models\IonAuthModel.php on line 234.
 1 APPPATH\Libraries\IonAuth.php(71): IonAuth\Models\IonAuthModel->__construct()
 2 APPPATH\Controllers\vendor\Products.php(25): App\Libraries\IonAuth->__construct()
 3 SYSTEMPATH\CodeIgniter.php(903): App\Controllers\vendor\Products->__construct()
 4 SYSTEMPATH\CodeIgniter.php(500): CodeIgniter\CodeIgniter->createController()
 5 SYSTEMPATH\CodeIgniter.php(355): CodeIgniter\CodeIgniter->handleRequest(null, Object(Config\Cache), false)
 6 SYSTEMPATH\Boot.php(325): CodeIgniter\CodeIgniter->run()
 7 SYSTEMPATH\Boot.php(67): CodeIgniter\Boot::runCodeIgniter(Object(CodeIgniter\CodeIgniter))
 8 FCPATH\index.php(56): CodeIgniter\Boot::bootWeb(Object(Config\Paths))
WARNING - 2025-02-13 09:49:05 --> [DEPRECATED] Creation of dynamic property IonAuth\Models\IonAuthModel::$messagesTemplates is deprecated in FCPATH\vendor\benedmunds\codeigniter-ion-auth\Models\IonAuthModel.php on line 237.
 1 APPPATH\Libraries\IonAuth.php(71): IonAuth\Models\IonAuthModel->__construct()
 2 APPPATH\Controllers\vendor\Products.php(25): App\Libraries\IonAuth->__construct()
 3 SYSTEMPATH\CodeIgniter.php(903): App\Controllers\vendor\Products->__construct()
 4 SYSTEMPATH\CodeIgniter.php(500): CodeIgniter\CodeIgniter->createController()
 5 SYSTEMPATH\CodeIgniter.php(355): CodeIgniter\CodeIgniter->handleRequest(null, Object(Config\Cache), false)
 6 SYSTEMPATH\Boot.php(325): CodeIgniter\CodeIgniter->run()
 7 SYSTEMPATH\Boot.php(67): CodeIgniter\Boot::runCodeIgniter(Object(CodeIgniter\CodeIgniter))
 8 FCPATH\index.php(56): CodeIgniter\Boot::bootWeb(Object(Config\Paths))
CRITICAL - 2025-02-13 15:19:05 --> ErrorException: Undefined variable $brands
[Method: GET, Route: vendor/products]
in APPPATH\Views\vendor\pages\views\products_table.php on line 35.
 1 APPPATH\Views\vendor\pages\views\products_table.php(35): CodeIgniter\Debug\Exceptions->errorHandler(2, 'Undefined variable $brands', 'C:\\xampp1\\htdocs\\upbiz-sass-git\\app\\Views\\vendor\\pages\\views\\products_table.php', 35)
 2 SYSTEMPATH\View\View.php(234): include('C:\\xampp1\\htdocs\\upbiz-sass-git\\app\\Views\\vendor\\pages\\views\\products_table.php')
 3 SYSTEMPATH\View\View.php(237): CodeIgniter\View\View->CodeIgniter\View\{closure}()
 4 SYSTEMPATH\Common.php(1171): CodeIgniter\View\View->render('vendor/pages/views/products_table', [], true)
 5 APPPATH\Views\vendor\template.php(84): view('vendor/pages/views/products_table')
 6 SYSTEMPATH\View\View.php(234): include('C:\\xampp1\\htdocs\\upbiz-sass-git\\app\\Views\\vendor\\template.php')
 7 SYSTEMPATH\View\View.php(237): CodeIgniter\View\View->CodeIgniter\View\{closure}()
 8 SYSTEMPATH\Common.php(1171): CodeIgniter\View\View->render('vendor/template', [], true)
 9 APPPATH\Controllers\vendor\Products.php(76): view('vendor/template', [...])
10 SYSTEMPATH\CodeIgniter.php(933): App\Controllers\vendor\Products->index()
11 SYSTEMPATH\CodeIgniter.php(509): CodeIgniter\CodeIgniter->runController(Object(App\Controllers\vendor\Products))
12 SYSTEMPATH\CodeIgniter.php(355): CodeIgniter\CodeIgniter->handleRequest(null, Object(Config\Cache), false)
13 SYSTEMPATH\Boot.php(325): CodeIgniter\CodeIgniter->run()
14 SYSTEMPATH\Boot.php(67): CodeIgniter\Boot::runCodeIgniter(Object(CodeIgniter\CodeIgniter))
15 FCPATH\index.php(56): CodeIgniter\Boot::bootWeb(Object(Config\Paths))
CRITICAL - 2025-02-13 15:19:05 --> ErrorException: Uncaught Error: Call to undefined method CodeIgniter\Debug\ExceptionHandler::cleanPath() in C:\xampp1\htdocs\upbiz-sass-git\app\Views\errors\html\error_exception.php:33
Stack trace:
#0 C:\xampp1\htdocs\upbiz-sass-git\vendor\codeigniter4\framework\system\Debug\BaseExceptionHandler.php(266): include()
#1 C:\xampp1\htdocs\upbiz-sass-git\vendor\codeigniter4\framework\system\Debug\BaseExceptionHandler.php(269): CodeIgniter\Debug\BaseExceptionHandler->CodeIgniter\Debug\{closure}()
#2 C:\xampp1\htdocs\upbiz-sass-git\vendor\codeigniter4\framework\system\Debug\ExceptionHandler.php(114): CodeIgniter\Debug\BaseExceptionHandler->render(Object(ErrorException), 500, 'C:\\xampp1\\htdoc...')
#3 C:\xampp1\htdocs\upbiz-sass-git\vendor\codeigniter4\framework\system\Debug\Exceptions.php(163): CodeIgniter\Debug\ExceptionHandler->handle(Object(ErrorException), Object(CodeIgniter\HTTP\IncomingRequest), Object(CodeIgniter\HTTP\Response), 500, 1)
#4 [internal function]: CodeIgniter\Debug\Exceptions->exceptionHandler(Object(ErrorException))
#5 {main}
  thrown
【Previous Exception】
ErrorException
Undefined variable $brands
#0 C:\xampp1\htdocs\upbiz-sass-git\app\Views\vendor\pages\views\products_table.php(35): CodeIgniter\Debug\Exceptions->errorHandler(2, 'Undefined varia...', 'C:\\xampp1\\htdoc...', 35)
#1 C:\xampp1\htdocs\upbiz-sass-git\vendor\codeigniter4\framework\system\View\View.php(234): include('C:\\xampp1\\htdoc...')
#2 C:\xampp1\htdocs\upbiz-sass-git\vendor\codeigniter4\framework\system\View\View.php(237): CodeIgniter\View\View->CodeIgniter\View\{closure}()
#3 C:\xampp1\htdocs\upbiz-sass-git\vendor\codeigniter4\framework\system\Common.php(1171): CodeIgniter\View\View->render('vendor/pages/vi...', Array, true)
#4 C:\xampp1\htdocs\upbiz-sass-git\app\Views\vendor\template.php(84): view('vendor/pages/vi...')
#5 C:\xampp1\htdocs\upbiz-sass-git\vendor\codeigniter4\framework\system\View\View.php(234): include('C:\\xampp1\\htdoc...')
#6 C:\xampp1\htdocs\upbiz-sass-git\vendor\codeigniter4\framework\system\View\View.php(237): CodeIgniter\View\View->CodeIgniter\View\{closure}()
#7 C:\xampp1\htdocs\upbiz-sass-git\vendor\codeigniter4\framework\system\Common.php(1171): CodeIgniter\View\View->render('vendor/template', Array, true)
#8 C:\xampp1\htdocs\upbiz-sass-git\app\Controllers\vendor\Products.php(76): view('vendor/template', Array)
#9 C:\xampp1\htdocs\upbiz-sass-git\vendor\codeigniter4\framework\system\CodeIgniter.php(933): App\Controllers\vendor\Products->index()
#10 C:\xampp1\htdocs\upbiz-sass-git\vendor\codeigniter4\framework\system\CodeIgniter.php(509): CodeIgniter\CodeIgniter->runController(Object(App\Controllers\vendor\Products))
#11 C:\xampp1\htdocs\upbiz-sass-git\vendor\codeigniter4\framework\system\CodeIgniter.php(355): CodeIgniter\CodeIgniter->handleRequest(NULL, Object(Config\Cache), false)
#12 C:\xampp1\htdocs\upbiz-sass-git\vendor\codeigniter4\framework\system\Boot.php(325): CodeIgniter\CodeIgniter->run()
#13 C:\xampp1\htdocs\upbiz-sass-git\vendor\codeigniter4\framework\system\Boot.php(67): CodeIgniter\Boot::runCodeIgniter(Object(CodeIgniter\CodeIgniter))
#14 C:\xampp1\htdocs\upbiz-sass-git\index.php(56): CodeIgniter\Boot::bootWeb(Object(Config\Paths))
#15 {main}
[Method: GET, Route: vendor/products]
in APPPATH\Views\errors\html\error_exception.php on line 33.
 1 [internal function]: CodeIgniter\Debug\Exceptions->shutdownHandler()
INFO - 2025-02-13 09:50:36 --> Session: Class initialized using 'CodeIgniter\Session\Handlers\FileHandler' driver.
WARNING - 2025-02-13 09:50:36 --> [DEPRECATED] Creation of dynamic property IonAuth\Models\IonAuthModel::$join is deprecated in FCPATH\vendor\benedmunds\codeigniter-ion-auth\Models\IonAuthModel.php on line 231.
 1 APPPATH\Libraries\IonAuth.php(71): IonAuth\Models\IonAuthModel->__construct()
 2 APPPATH\Filters\CheckPermissions.php(16): App\Libraries\IonAuth->__construct()
 3 SYSTEMPATH\Filters\Filters.php(197): App\Filters\CheckPermissions->__construct()
 4 SYSTEMPATH\Filters\Filters.php(184): CodeIgniter\Filters\Filters->runBefore([...])
 5 SYSTEMPATH\CodeIgniter.php(481): CodeIgniter\Filters\Filters->run('vendor/products', 'before')
 6 SYSTEMPATH\CodeIgniter.php(355): CodeIgniter\CodeIgniter->handleRequest(null, Object(Config\Cache), false)
 7 SYSTEMPATH\Boot.php(325): CodeIgniter\CodeIgniter->run()
 8 SYSTEMPATH\Boot.php(67): CodeIgniter\Boot::runCodeIgniter(Object(CodeIgniter\CodeIgniter))
 9 FCPATH\index.php(56): CodeIgniter\Boot::bootWeb(Object(Config\Paths))
WARNING - 2025-02-13 09:50:36 --> [DEPRECATED] Creation of dynamic property IonAuth\Models\IonAuthModel::$hashMethod is deprecated in FCPATH\vendor\benedmunds\codeigniter-ion-auth\Models\IonAuthModel.php on line 234.
 1 APPPATH\Libraries\IonAuth.php(71): IonAuth\Models\IonAuthModel->__construct()
 2 APPPATH\Filters\CheckPermissions.php(16): App\Libraries\IonAuth->__construct()
 3 SYSTEMPATH\Filters\Filters.php(197): App\Filters\CheckPermissions->__construct()
 4 SYSTEMPATH\Filters\Filters.php(184): CodeIgniter\Filters\Filters->runBefore([...])
 5 SYSTEMPATH\CodeIgniter.php(481): CodeIgniter\Filters\Filters->run('vendor/products', 'before')
 6 SYSTEMPATH\CodeIgniter.php(355): CodeIgniter\CodeIgniter->handleRequest(null, Object(Config\Cache), false)
 7 SYSTEMPATH\Boot.php(325): CodeIgniter\CodeIgniter->run()
 8 SYSTEMPATH\Boot.php(67): CodeIgniter\Boot::runCodeIgniter(Object(CodeIgniter\CodeIgniter))
 9 FCPATH\index.php(56): CodeIgniter\Boot::bootWeb(Object(Config\Paths))
WARNING - 2025-02-13 09:50:36 --> [DEPRECATED] Creation of dynamic property IonAuth\Models\IonAuthModel::$messagesTemplates is deprecated in FCPATH\vendor\benedmunds\codeigniter-ion-auth\Models\IonAuthModel.php on line 237.
 1 APPPATH\Libraries\IonAuth.php(71): IonAuth\Models\IonAuthModel->__construct()
 2 APPPATH\Filters\CheckPermissions.php(16): App\Libraries\IonAuth->__construct()
 3 SYSTEMPATH\Filters\Filters.php(197): App\Filters\CheckPermissions->__construct()
 4 SYSTEMPATH\Filters\Filters.php(184): CodeIgniter\Filters\Filters->runBefore([...])
 5 SYSTEMPATH\CodeIgniter.php(481): CodeIgniter\Filters\Filters->run('vendor/products', 'before')
 6 SYSTEMPATH\CodeIgniter.php(355): CodeIgniter\CodeIgniter->handleRequest(null, Object(Config\Cache), false)
 7 SYSTEMPATH\Boot.php(325): CodeIgniter\CodeIgniter->run()
 8 SYSTEMPATH\Boot.php(67): CodeIgniter\Boot::runCodeIgniter(Object(CodeIgniter\CodeIgniter))
 9 FCPATH\index.php(56): CodeIgniter\Boot::bootWeb(Object(Config\Paths))
WARNING - 2025-02-13 09:50:36 --> [DEPRECATED] Creation of dynamic property IonAuth\Models\IonAuthModel::$join is deprecated in FCPATH\vendor\benedmunds\codeigniter-ion-auth\Models\IonAuthModel.php on line 231.
 1 APPPATH\Libraries\IonAuth.php(71): IonAuth\Models\IonAuthModel->__construct()
 2 APPPATH\Controllers\vendor\Products.php(26): App\Libraries\IonAuth->__construct()
 3 SYSTEMPATH\CodeIgniter.php(903): App\Controllers\vendor\Products->__construct()
 4 SYSTEMPATH\CodeIgniter.php(500): CodeIgniter\CodeIgniter->createController()
 5 SYSTEMPATH\CodeIgniter.php(355): CodeIgniter\CodeIgniter->handleRequest(null, Object(Config\Cache), false)
 6 SYSTEMPATH\Boot.php(325): CodeIgniter\CodeIgniter->run()
 7 SYSTEMPATH\Boot.php(67): CodeIgniter\Boot::runCodeIgniter(Object(CodeIgniter\CodeIgniter))
 8 FCPATH\index.php(56): CodeIgniter\Boot::bootWeb(Object(Config\Paths))
WARNING - 2025-02-13 09:50:36 --> [DEPRECATED] Creation of dynamic property IonAuth\Models\IonAuthModel::$hashMethod is deprecated in FCPATH\vendor\benedmunds\codeigniter-ion-auth\Models\IonAuthModel.php on line 234.
 1 APPPATH\Libraries\IonAuth.php(71): IonAuth\Models\IonAuthModel->__construct()
 2 APPPATH\Controllers\vendor\Products.php(26): App\Libraries\IonAuth->__construct()
 3 SYSTEMPATH\CodeIgniter.php(903): App\Controllers\vendor\Products->__construct()
 4 SYSTEMPATH\CodeIgniter.php(500): CodeIgniter\CodeIgniter->createController()
 5 SYSTEMPATH\CodeIgniter.php(355): CodeIgniter\CodeIgniter->handleRequest(null, Object(Config\Cache), false)
 6 SYSTEMPATH\Boot.php(325): CodeIgniter\CodeIgniter->run()
 7 SYSTEMPATH\Boot.php(67): CodeIgniter\Boot::runCodeIgniter(Object(CodeIgniter\CodeIgniter))
 8 FCPATH\index.php(56): CodeIgniter\Boot::bootWeb(Object(Config\Paths))
WARNING - 2025-02-13 09:50:36 --> [DEPRECATED] Creation of dynamic property IonAuth\Models\IonAuthModel::$messagesTemplates is deprecated in FCPATH\vendor\benedmunds\codeigniter-ion-auth\Models\IonAuthModel.php on line 237.
 1 APPPATH\Libraries\IonAuth.php(71): IonAuth\Models\IonAuthModel->__construct()
 2 APPPATH\Controllers\vendor\Products.php(26): App\Libraries\IonAuth->__construct()
 3 SYSTEMPATH\CodeIgniter.php(903): App\Controllers\vendor\Products->__construct()
 4 SYSTEMPATH\CodeIgniter.php(500): CodeIgniter\CodeIgniter->createController()
 5 SYSTEMPATH\CodeIgniter.php(355): CodeIgniter\CodeIgniter->handleRequest(null, Object(Config\Cache), false)
 6 SYSTEMPATH\Boot.php(325): CodeIgniter\CodeIgniter->run()
 7 SYSTEMPATH\Boot.php(67): CodeIgniter\Boot::runCodeIgniter(Object(CodeIgniter\CodeIgniter))
 8 FCPATH\index.php(56): CodeIgniter\Boot::bootWeb(Object(Config\Paths))
WARNING - 2025-02-13 15:20:37 --> [DEPRECATED] Creation of dynamic property IonAuth\Models\IonAuthModel::$join is deprecated in FCPATH\vendor\benedmunds\codeigniter-ion-auth\Models\IonAuthModel.php on line 231.
 1 APPPATH\Libraries\IonAuth.php(71): IonAuth\Models\IonAuthModel->__construct()
 2 APPPATH\Filters\CheckPermissions.php(16): App\Libraries\IonAuth->__construct()
 3 SYSTEMPATH\Filters\Filters.php(235): App\Filters\CheckPermissions->__construct()
 4 SYSTEMPATH\Filters\Filters.php(188): CodeIgniter\Filters\Filters->runAfter([...])
 5 SYSTEMPATH\CodeIgniter.php(527): CodeIgniter\Filters\Filters->run('vendor/products', 'after')
 6 SYSTEMPATH\CodeIgniter.php(355): CodeIgniter\CodeIgniter->handleRequest(null, Object(Config\Cache), false)
 7 SYSTEMPATH\Boot.php(325): CodeIgniter\CodeIgniter->run()
 8 SYSTEMPATH\Boot.php(67): CodeIgniter\Boot::runCodeIgniter(Object(CodeIgniter\CodeIgniter))
 9 FCPATH\index.php(56): CodeIgniter\Boot::bootWeb(Object(Config\Paths))
WARNING - 2025-02-13 15:20:37 --> [DEPRECATED] Creation of dynamic property IonAuth\Models\IonAuthModel::$hashMethod is deprecated in FCPATH\vendor\benedmunds\codeigniter-ion-auth\Models\IonAuthModel.php on line 234.
 1 APPPATH\Libraries\IonAuth.php(71): IonAuth\Models\IonAuthModel->__construct()
 2 APPPATH\Filters\CheckPermissions.php(16): App\Libraries\IonAuth->__construct()
 3 SYSTEMPATH\Filters\Filters.php(235): App\Filters\CheckPermissions->__construct()
 4 SYSTEMPATH\Filters\Filters.php(188): CodeIgniter\Filters\Filters->runAfter([...])
 5 SYSTEMPATH\CodeIgniter.php(527): CodeIgniter\Filters\Filters->run('vendor/products', 'after')
 6 SYSTEMPATH\CodeIgniter.php(355): CodeIgniter\CodeIgniter->handleRequest(null, Object(Config\Cache), false)
 7 SYSTEMPATH\Boot.php(325): CodeIgniter\CodeIgniter->run()
 8 SYSTEMPATH\Boot.php(67): CodeIgniter\Boot::runCodeIgniter(Object(CodeIgniter\CodeIgniter))
 9 FCPATH\index.php(56): CodeIgniter\Boot::bootWeb(Object(Config\Paths))
WARNING - 2025-02-13 15:20:37 --> [DEPRECATED] Creation of dynamic property IonAuth\Models\IonAuthModel::$messagesTemplates is deprecated in FCPATH\vendor\benedmunds\codeigniter-ion-auth\Models\IonAuthModel.php on line 237.
 1 APPPATH\Libraries\IonAuth.php(71): IonAuth\Models\IonAuthModel->__construct()
 2 APPPATH\Filters\CheckPermissions.php(16): App\Libraries\IonAuth->__construct()
 3 SYSTEMPATH\Filters\Filters.php(235): App\Filters\CheckPermissions->__construct()
 4 SYSTEMPATH\Filters\Filters.php(188): CodeIgniter\Filters\Filters->runAfter([...])
 5 SYSTEMPATH\CodeIgniter.php(527): CodeIgniter\Filters\Filters->run('vendor/products', 'after')
 6 SYSTEMPATH\CodeIgniter.php(355): CodeIgniter\CodeIgniter->handleRequest(null, Object(Config\Cache), false)
 7 SYSTEMPATH\Boot.php(325): CodeIgniter\CodeIgniter->run()
 8 SYSTEMPATH\Boot.php(67): CodeIgniter\Boot::runCodeIgniter(Object(CodeIgniter\CodeIgniter))
 9 FCPATH\index.php(56): CodeIgniter\Boot::bootWeb(Object(Config\Paths))
INFO - 2025-02-13 09:50:39 --> Session: Class initialized using 'CodeIgniter\Session\Handlers\FileHandler' driver.
WARNING - 2025-02-13 09:50:39 --> [DEPRECATED] Creation of dynamic property IonAuth\Models\IonAuthModel::$join is deprecated in FCPATH\vendor\benedmunds\codeigniter-ion-auth\Models\IonAuthModel.php on line 231.
 1 APPPATH\Libraries\IonAuth.php(71): IonAuth\Models\IonAuthModel->__construct()
 2 APPPATH\Filters\CheckPermissions.php(16): App\Libraries\IonAuth->__construct()
 3 SYSTEMPATH\Filters\Filters.php(197): App\Filters\CheckPermissions->__construct()
 4 SYSTEMPATH\Filters\Filters.php(184): CodeIgniter\Filters\Filters->runBefore([...])
 5 SYSTEMPATH\CodeIgniter.php(481): CodeIgniter\Filters\Filters->run('vendor/products/products_table', 'before')
 6 SYSTEMPATH\CodeIgniter.php(355): CodeIgniter\CodeIgniter->handleRequest(null, Object(Config\Cache), false)
 7 SYSTEMPATH\Boot.php(325): CodeIgniter\CodeIgniter->run()
 8 SYSTEMPATH\Boot.php(67): CodeIgniter\Boot::runCodeIgniter(Object(CodeIgniter\CodeIgniter))
 9 FCPATH\index.php(56): CodeIgniter\Boot::bootWeb(Object(Config\Paths))
WARNING - 2025-02-13 09:50:39 --> [DEPRECATED] Creation of dynamic property IonAuth\Models\IonAuthModel::$hashMethod is deprecated in FCPATH\vendor\benedmunds\codeigniter-ion-auth\Models\IonAuthModel.php on line 234.
 1 APPPATH\Libraries\IonAuth.php(71): IonAuth\Models\IonAuthModel->__construct()
 2 APPPATH\Filters\CheckPermissions.php(16): App\Libraries\IonAuth->__construct()
 3 SYSTEMPATH\Filters\Filters.php(197): App\Filters\CheckPermissions->__construct()
 4 SYSTEMPATH\Filters\Filters.php(184): CodeIgniter\Filters\Filters->runBefore([...])
 5 SYSTEMPATH\CodeIgniter.php(481): CodeIgniter\Filters\Filters->run('vendor/products/products_table', 'before')
 6 SYSTEMPATH\CodeIgniter.php(355): CodeIgniter\CodeIgniter->handleRequest(null, Object(Config\Cache), false)
 7 SYSTEMPATH\Boot.php(325): CodeIgniter\CodeIgniter->run()
 8 SYSTEMPATH\Boot.php(67): CodeIgniter\Boot::runCodeIgniter(Object(CodeIgniter\CodeIgniter))
 9 FCPATH\index.php(56): CodeIgniter\Boot::bootWeb(Object(Config\Paths))
WARNING - 2025-02-13 09:50:39 --> [DEPRECATED] Creation of dynamic property IonAuth\Models\IonAuthModel::$messagesTemplates is deprecated in FCPATH\vendor\benedmunds\codeigniter-ion-auth\Models\IonAuthModel.php on line 237.
 1 APPPATH\Libraries\IonAuth.php(71): IonAuth\Models\IonAuthModel->__construct()
 2 APPPATH\Filters\CheckPermissions.php(16): App\Libraries\IonAuth->__construct()
 3 SYSTEMPATH\Filters\Filters.php(197): App\Filters\CheckPermissions->__construct()
 4 SYSTEMPATH\Filters\Filters.php(184): CodeIgniter\Filters\Filters->runBefore([...])
 5 SYSTEMPATH\CodeIgniter.php(481): CodeIgniter\Filters\Filters->run('vendor/products/products_table', 'before')
 6 SYSTEMPATH\CodeIgniter.php(355): CodeIgniter\CodeIgniter->handleRequest(null, Object(Config\Cache), false)
 7 SYSTEMPATH\Boot.php(325): CodeIgniter\CodeIgniter->run()
 8 SYSTEMPATH\Boot.php(67): CodeIgniter\Boot::runCodeIgniter(Object(CodeIgniter\CodeIgniter))
 9 FCPATH\index.php(56): CodeIgniter\Boot::bootWeb(Object(Config\Paths))
WARNING - 2025-02-13 09:50:39 --> [DEPRECATED] Creation of dynamic property IonAuth\Models\IonAuthModel::$join is deprecated in FCPATH\vendor\benedmunds\codeigniter-ion-auth\Models\IonAuthModel.php on line 231.
 1 APPPATH\Libraries\IonAuth.php(71): IonAuth\Models\IonAuthModel->__construct()
 2 APPPATH\Controllers\vendor\Products.php(26): App\Libraries\IonAuth->__construct()
 3 SYSTEMPATH\CodeIgniter.php(903): App\Controllers\vendor\Products->__construct()
 4 SYSTEMPATH\CodeIgniter.php(500): CodeIgniter\CodeIgniter->createController()
 5 SYSTEMPATH\CodeIgniter.php(355): CodeIgniter\CodeIgniter->handleRequest(null, Object(Config\Cache), false)
 6 SYSTEMPATH\Boot.php(325): CodeIgniter\CodeIgniter->run()
 7 SYSTEMPATH\Boot.php(67): CodeIgniter\Boot::runCodeIgniter(Object(CodeIgniter\CodeIgniter))
 8 FCPATH\index.php(56): CodeIgniter\Boot::bootWeb(Object(Config\Paths))
WARNING - 2025-02-13 09:50:39 --> [DEPRECATED] Creation of dynamic property IonAuth\Models\IonAuthModel::$hashMethod is deprecated in FCPATH\vendor\benedmunds\codeigniter-ion-auth\Models\IonAuthModel.php on line 234.
 1 APPPATH\Libraries\IonAuth.php(71): IonAuth\Models\IonAuthModel->__construct()
 2 APPPATH\Controllers\vendor\Products.php(26): App\Libraries\IonAuth->__construct()
 3 SYSTEMPATH\CodeIgniter.php(903): App\Controllers\vendor\Products->__construct()
 4 SYSTEMPATH\CodeIgniter.php(500): CodeIgniter\CodeIgniter->createController()
 5 SYSTEMPATH\CodeIgniter.php(355): CodeIgniter\CodeIgniter->handleRequest(null, Object(Config\Cache), false)
 6 SYSTEMPATH\Boot.php(325): CodeIgniter\CodeIgniter->run()
 7 SYSTEMPATH\Boot.php(67): CodeIgniter\Boot::runCodeIgniter(Object(CodeIgniter\CodeIgniter))
 8 FCPATH\index.php(56): CodeIgniter\Boot::bootWeb(Object(Config\Paths))
WARNING - 2025-02-13 09:50:39 --> [DEPRECATED] Creation of dynamic property IonAuth\Models\IonAuthModel::$messagesTemplates is deprecated in FCPATH\vendor\benedmunds\codeigniter-ion-auth\Models\IonAuthModel.php on line 237.
 1 APPPATH\Libraries\IonAuth.php(71): IonAuth\Models\IonAuthModel->__construct()
 2 APPPATH\Controllers\vendor\Products.php(26): App\Libraries\IonAuth->__construct()
 3 SYSTEMPATH\CodeIgniter.php(903): App\Controllers\vendor\Products->__construct()
 4 SYSTEMPATH\CodeIgniter.php(500): CodeIgniter\CodeIgniter->createController()
 5 SYSTEMPATH\CodeIgniter.php(355): CodeIgniter\CodeIgniter->handleRequest(null, Object(Config\Cache), false)
 6 SYSTEMPATH\Boot.php(325): CodeIgniter\CodeIgniter->run()
 7 SYSTEMPATH\Boot.php(67): CodeIgniter\Boot::runCodeIgniter(Object(CodeIgniter\CodeIgniter))
 8 FCPATH\index.php(56): CodeIgniter\Boot::bootWeb(Object(Config\Paths))
WARNING - 2025-02-13 15:20:39 --> [DEPRECATED] Creation of dynamic property IonAuth\Models\IonAuthModel::$join is deprecated in FCPATH\vendor\benedmunds\codeigniter-ion-auth\Models\IonAuthModel.php on line 231.
 1 APPPATH\Libraries\IonAuth.php(71): IonAuth\Models\IonAuthModel->__construct()
 2 APPPATH\Filters\CheckPermissions.php(16): App\Libraries\IonAuth->__construct()
 3 SYSTEMPATH\Filters\Filters.php(235): App\Filters\CheckPermissions->__construct()
 4 SYSTEMPATH\Filters\Filters.php(188): CodeIgniter\Filters\Filters->runAfter([...])
 5 SYSTEMPATH\CodeIgniter.php(527): CodeIgniter\Filters\Filters->run('vendor/products/products_table', 'after')
 6 SYSTEMPATH\CodeIgniter.php(355): CodeIgniter\CodeIgniter->handleRequest(null, Object(Config\Cache), false)
 7 SYSTEMPATH\Boot.php(325): CodeIgniter\CodeIgniter->run()
 8 SYSTEMPATH\Boot.php(67): CodeIgniter\Boot::runCodeIgniter(Object(CodeIgniter\CodeIgniter))
 9 FCPATH\index.php(56): CodeIgniter\Boot::bootWeb(Object(Config\Paths))
WARNING - 2025-02-13 15:20:39 --> [DEPRECATED] Creation of dynamic property IonAuth\Models\IonAuthModel::$hashMethod is deprecated in FCPATH\vendor\benedmunds\codeigniter-ion-auth\Models\IonAuthModel.php on line 234.
 1 APPPATH\Libraries\IonAuth.php(71): IonAuth\Models\IonAuthModel->__construct()
 2 APPPATH\Filters\CheckPermissions.php(16): App\Libraries\IonAuth->__construct()
 3 SYSTEMPATH\Filters\Filters.php(235): App\Filters\CheckPermissions->__construct()
 4 SYSTEMPATH\Filters\Filters.php(188): CodeIgniter\Filters\Filters->runAfter([...])
 5 SYSTEMPATH\CodeIgniter.php(527): CodeIgniter\Filters\Filters->run('vendor/products/products_table', 'after')
 6 SYSTEMPATH\CodeIgniter.php(355): CodeIgniter\CodeIgniter->handleRequest(null, Object(Config\Cache), false)
 7 SYSTEMPATH\Boot.php(325): CodeIgniter\CodeIgniter->run()
 8 SYSTEMPATH\Boot.php(67): CodeIgniter\Boot::runCodeIgniter(Object(CodeIgniter\CodeIgniter))
 9 FCPATH\index.php(56): CodeIgniter\Boot::bootWeb(Object(Config\Paths))
WARNING - 2025-02-13 15:20:39 --> [DEPRECATED] Creation of dynamic property IonAuth\Models\IonAuthModel::$messagesTemplates is deprecated in FCPATH\vendor\benedmunds\codeigniter-ion-auth\Models\IonAuthModel.php on line 237.
 1 APPPATH\Libraries\IonAuth.php(71): IonAuth\Models\IonAuthModel->__construct()
 2 APPPATH\Filters\CheckPermissions.php(16): App\Libraries\IonAuth->__construct()
 3 SYSTEMPATH\Filters\Filters.php(235): App\Filters\CheckPermissions->__construct()
 4 SYSTEMPATH\Filters\Filters.php(188): CodeIgniter\Filters\Filters->runAfter([...])
 5 SYSTEMPATH\CodeIgniter.php(527): CodeIgniter\Filters\Filters->run('vendor/products/products_table', 'after')
 6 SYSTEMPATH\CodeIgniter.php(355): CodeIgniter\CodeIgniter->handleRequest(null, Object(Config\Cache), false)
 7 SYSTEMPATH\Boot.php(325): CodeIgniter\CodeIgniter->run()
 8 SYSTEMPATH\Boot.php(67): CodeIgniter\Boot::runCodeIgniter(Object(CodeIgniter\CodeIgniter))
 9 FCPATH\index.php(56): CodeIgniter\Boot::bootWeb(Object(Config\Paths))
INFO - 2025-02-13 09:50:39 --> Session: Class initialized using 'CodeIgniter\Session\Handlers\FileHandler' driver.
WARNING - 2025-02-13 09:50:39 --> [DEPRECATED] Creation of dynamic property IonAuth\Models\IonAuthModel::$join is deprecated in FCPATH\vendor\benedmunds\codeigniter-ion-auth\Models\IonAuthModel.php on line 231.
 1 APPPATH\Libraries\IonAuth.php(71): IonAuth\Models\IonAuthModel->__construct()
 2 APPPATH\Filters\CheckPermissions.php(16): App\Libraries\IonAuth->__construct()
 3 SYSTEMPATH\Filters\Filters.php(197): App\Filters\CheckPermissions->__construct()
 4 SYSTEMPATH\Filters\Filters.php(184): CodeIgniter\Filters\Filters->runBefore([...])
 5 SYSTEMPATH\CodeIgniter.php(481): CodeIgniter\Filters\Filters->run('vendor/products/variants_table', 'before')
 6 SYSTEMPATH\CodeIgniter.php(355): CodeIgniter\CodeIgniter->handleRequest(null, Object(Config\Cache), false)
 7 SYSTEMPATH\Boot.php(325): CodeIgniter\CodeIgniter->run()
 8 SYSTEMPATH\Boot.php(67): CodeIgniter\Boot::runCodeIgniter(Object(CodeIgniter\CodeIgniter))
 9 FCPATH\index.php(56): CodeIgniter\Boot::bootWeb(Object(Config\Paths))
WARNING - 2025-02-13 09:50:39 --> [DEPRECATED] Creation of dynamic property IonAuth\Models\IonAuthModel::$hashMethod is deprecated in FCPATH\vendor\benedmunds\codeigniter-ion-auth\Models\IonAuthModel.php on line 234.
 1 APPPATH\Libraries\IonAuth.php(71): IonAuth\Models\IonAuthModel->__construct()
 2 APPPATH\Filters\CheckPermissions.php(16): App\Libraries\IonAuth->__construct()
 3 SYSTEMPATH\Filters\Filters.php(197): App\Filters\CheckPermissions->__construct()
 4 SYSTEMPATH\Filters\Filters.php(184): CodeIgniter\Filters\Filters->runBefore([...])
 5 SYSTEMPATH\CodeIgniter.php(481): CodeIgniter\Filters\Filters->run('vendor/products/variants_table', 'before')
 6 SYSTEMPATH\CodeIgniter.php(355): CodeIgniter\CodeIgniter->handleRequest(null, Object(Config\Cache), false)
 7 SYSTEMPATH\Boot.php(325): CodeIgniter\CodeIgniter->run()
 8 SYSTEMPATH\Boot.php(67): CodeIgniter\Boot::runCodeIgniter(Object(CodeIgniter\CodeIgniter))
 9 FCPATH\index.php(56): CodeIgniter\Boot::bootWeb(Object(Config\Paths))
WARNING - 2025-02-13 09:50:39 --> [DEPRECATED] Creation of dynamic property IonAuth\Models\IonAuthModel::$messagesTemplates is deprecated in FCPATH\vendor\benedmunds\codeigniter-ion-auth\Models\IonAuthModel.php on line 237.
 1 APPPATH\Libraries\IonAuth.php(71): IonAuth\Models\IonAuthModel->__construct()
 2 APPPATH\Filters\CheckPermissions.php(16): App\Libraries\IonAuth->__construct()
 3 SYSTEMPATH\Filters\Filters.php(197): App\Filters\CheckPermissions->__construct()
 4 SYSTEMPATH\Filters\Filters.php(184): CodeIgniter\Filters\Filters->runBefore([...])
 5 SYSTEMPATH\CodeIgniter.php(481): CodeIgniter\Filters\Filters->run('vendor/products/variants_table', 'before')
 6 SYSTEMPATH\CodeIgniter.php(355): CodeIgniter\CodeIgniter->handleRequest(null, Object(Config\Cache), false)
 7 SYSTEMPATH\Boot.php(325): CodeIgniter\CodeIgniter->run()
 8 SYSTEMPATH\Boot.php(67): CodeIgniter\Boot::runCodeIgniter(Object(CodeIgniter\CodeIgniter))
 9 FCPATH\index.php(56): CodeIgniter\Boot::bootWeb(Object(Config\Paths))
WARNING - 2025-02-13 09:50:39 --> [DEPRECATED] Creation of dynamic property IonAuth\Models\IonAuthModel::$join is deprecated in FCPATH\vendor\benedmunds\codeigniter-ion-auth\Models\IonAuthModel.php on line 231.
 1 APPPATH\Libraries\IonAuth.php(71): IonAuth\Models\IonAuthModel->__construct()
 2 APPPATH\Controllers\vendor\Products.php(26): App\Libraries\IonAuth->__construct()
 3 SYSTEMPATH\CodeIgniter.php(903): App\Controllers\vendor\Products->__construct()
 4 SYSTEMPATH\CodeIgniter.php(500): CodeIgniter\CodeIgniter->createController()
 5 SYSTEMPATH\CodeIgniter.php(355): CodeIgniter\CodeIgniter->handleRequest(null, Object(Config\Cache), false)
 6 SYSTEMPATH\Boot.php(325): CodeIgniter\CodeIgniter->run()
 7 SYSTEMPATH\Boot.php(67): CodeIgniter\Boot::runCodeIgniter(Object(CodeIgniter\CodeIgniter))
 8 FCPATH\index.php(56): CodeIgniter\Boot::bootWeb(Object(Config\Paths))
WARNING - 2025-02-13 09:50:39 --> [DEPRECATED] Creation of dynamic property IonAuth\Models\IonAuthModel::$hashMethod is deprecated in FCPATH\vendor\benedmunds\codeigniter-ion-auth\Models\IonAuthModel.php on line 234.
 1 APPPATH\Libraries\IonAuth.php(71): IonAuth\Models\IonAuthModel->__construct()
 2 APPPATH\Controllers\vendor\Products.php(26): App\Libraries\IonAuth->__construct()
 3 SYSTEMPATH\CodeIgniter.php(903): App\Controllers\vendor\Products->__construct()
 4 SYSTEMPATH\CodeIgniter.php(500): CodeIgniter\CodeIgniter->createController()
 5 SYSTEMPATH\CodeIgniter.php(355): CodeIgniter\CodeIgniter->handleRequest(null, Object(Config\Cache), false)
 6 SYSTEMPATH\Boot.php(325): CodeIgniter\CodeIgniter->run()
 7 SYSTEMPATH\Boot.php(67): CodeIgniter\Boot::runCodeIgniter(Object(CodeIgniter\CodeIgniter))
 8 FCPATH\index.php(56): CodeIgniter\Boot::bootWeb(Object(Config\Paths))
WARNING - 2025-02-13 09:50:39 --> [DEPRECATED] Creation of dynamic property IonAuth\Models\IonAuthModel::$messagesTemplates is deprecated in FCPATH\vendor\benedmunds\codeigniter-ion-auth\Models\IonAuthModel.php on line 237.
 1 APPPATH\Libraries\IonAuth.php(71): IonAuth\Models\IonAuthModel->__construct()
 2 APPPATH\Controllers\vendor\Products.php(26): App\Libraries\IonAuth->__construct()
 3 SYSTEMPATH\CodeIgniter.php(903): App\Controllers\vendor\Products->__construct()
 4 SYSTEMPATH\CodeIgniter.php(500): CodeIgniter\CodeIgniter->createController()
 5 SYSTEMPATH\CodeIgniter.php(355): CodeIgniter\CodeIgniter->handleRequest(null, Object(Config\Cache), false)
 6 SYSTEMPATH\Boot.php(325): CodeIgniter\CodeIgniter->run()
 7 SYSTEMPATH\Boot.php(67): CodeIgniter\Boot::runCodeIgniter(Object(CodeIgniter\CodeIgniter))
 8 FCPATH\index.php(56): CodeIgniter\Boot::bootWeb(Object(Config\Paths))
WARNING - 2025-02-13 15:20:39 --> [DEPRECATED] Creation of dynamic property IonAuth\Models\IonAuthModel::$join is deprecated in FCPATH\vendor\benedmunds\codeigniter-ion-auth\Models\IonAuthModel.php on line 231.
 1 APPPATH\Libraries\IonAuth.php(71): IonAuth\Models\IonAuthModel->__construct()
 2 APPPATH\Filters\CheckPermissions.php(16): App\Libraries\IonAuth->__construct()
 3 SYSTEMPATH\Filters\Filters.php(235): App\Filters\CheckPermissions->__construct()
 4 SYSTEMPATH\Filters\Filters.php(188): CodeIgniter\Filters\Filters->runAfter([...])
 5 SYSTEMPATH\CodeIgniter.php(527): CodeIgniter\Filters\Filters->run('vendor/products/variants_table', 'after')
 6 SYSTEMPATH\CodeIgniter.php(355): CodeIgniter\CodeIgniter->handleRequest(null, Object(Config\Cache), false)
 7 SYSTEMPATH\Boot.php(325): CodeIgniter\CodeIgniter->run()
 8 SYSTEMPATH\Boot.php(67): CodeIgniter\Boot::runCodeIgniter(Object(CodeIgniter\CodeIgniter))
 9 FCPATH\index.php(56): CodeIgniter\Boot::bootWeb(Object(Config\Paths))
WARNING - 2025-02-13 15:20:39 --> [DEPRECATED] Creation of dynamic property IonAuth\Models\IonAuthModel::$hashMethod is deprecated in FCPATH\vendor\benedmunds\codeigniter-ion-auth\Models\IonAuthModel.php on line 234.
 1 APPPATH\Libraries\IonAuth.php(71): IonAuth\Models\IonAuthModel->__construct()
 2 APPPATH\Filters\CheckPermissions.php(16): App\Libraries\IonAuth->__construct()
 3 SYSTEMPATH\Filters\Filters.php(235): App\Filters\CheckPermissions->__construct()
 4 SYSTEMPATH\Filters\Filters.php(188): CodeIgniter\Filters\Filters->runAfter([...])
 5 SYSTEMPATH\CodeIgniter.php(527): CodeIgniter\Filters\Filters->run('vendor/products/variants_table', 'after')
 6 SYSTEMPATH\CodeIgniter.php(355): CodeIgniter\CodeIgniter->handleRequest(null, Object(Config\Cache), false)
 7 SYSTEMPATH\Boot.php(325): CodeIgniter\CodeIgniter->run()
 8 SYSTEMPATH\Boot.php(67): CodeIgniter\Boot::runCodeIgniter(Object(CodeIgniter\CodeIgniter))
 9 FCPATH\index.php(56): CodeIgniter\Boot::bootWeb(Object(Config\Paths))
WARNING - 2025-02-13 15:20:39 --> [DEPRECATED] Creation of dynamic property IonAuth\Models\IonAuthModel::$messagesTemplates is deprecated in FCPATH\vendor\benedmunds\codeigniter-ion-auth\Models\IonAuthModel.php on line 237.
 1 APPPATH\Libraries\IonAuth.php(71): IonAuth\Models\IonAuthModel->__construct()
 2 APPPATH\Filters\CheckPermissions.php(16): App\Libraries\IonAuth->__construct()
 3 SYSTEMPATH\Filters\Filters.php(235): App\Filters\CheckPermissions->__construct()
 4 SYSTEMPATH\Filters\Filters.php(188): CodeIgniter\Filters\Filters->runAfter([...])
 5 SYSTEMPATH\CodeIgniter.php(527): CodeIgniter\Filters\Filters->run('vendor/products/variants_table', 'after')
 6 SYSTEMPATH\CodeIgniter.php(355): CodeIgniter\CodeIgniter->handleRequest(null, Object(Config\Cache), false)
 7 SYSTEMPATH\Boot.php(325): CodeIgniter\CodeIgniter->run()
 8 SYSTEMPATH\Boot.php(67): CodeIgniter\Boot::runCodeIgniter(Object(CodeIgniter\CodeIgniter))
 9 FCPATH\index.php(56): CodeIgniter\Boot::bootWeb(Object(Config\Paths))
INFO - 2025-02-13 09:50:39 --> Session: Class initialized using 'CodeIgniter\Session\Handlers\FileHandler' driver.
WARNING - 2025-02-13 09:50:39 --> [DEPRECATED] Creation of dynamic property IonAuth\Models\IonAuthModel::$join is deprecated in FCPATH\vendor\benedmunds\codeigniter-ion-auth\Models\IonAuthModel.php on line 231.
 1 APPPATH\Libraries\IonAuth.php(71): IonAuth\Models\IonAuthModel->__construct()
 2 APPPATH\Filters\CheckPermissions.php(16): App\Libraries\IonAuth->__construct()
 3 SYSTEMPATH\Filters\Filters.php(197): App\Filters\CheckPermissions->__construct()
 4 SYSTEMPATH\Filters\Filters.php(184): CodeIgniter\Filters\Filters->runBefore([...])
 5 SYSTEMPATH\CodeIgniter.php(481): CodeIgniter\Filters\Filters->run('vendor/products/stock_alert', 'before')
 6 SYSTEMPATH\CodeIgniter.php(355): CodeIgniter\CodeIgniter->handleRequest(null, Object(Config\Cache), false)
 7 SYSTEMPATH\Boot.php(325): CodeIgniter\CodeIgniter->run()
 8 SYSTEMPATH\Boot.php(67): CodeIgniter\Boot::runCodeIgniter(Object(CodeIgniter\CodeIgniter))
 9 FCPATH\index.php(56): CodeIgniter\Boot::bootWeb(Object(Config\Paths))
WARNING - 2025-02-13 09:50:39 --> [DEPRECATED] Creation of dynamic property IonAuth\Models\IonAuthModel::$hashMethod is deprecated in FCPATH\vendor\benedmunds\codeigniter-ion-auth\Models\IonAuthModel.php on line 234.
 1 APPPATH\Libraries\IonAuth.php(71): IonAuth\Models\IonAuthModel->__construct()
 2 APPPATH\Filters\CheckPermissions.php(16): App\Libraries\IonAuth->__construct()
 3 SYSTEMPATH\Filters\Filters.php(197): App\Filters\CheckPermissions->__construct()
 4 SYSTEMPATH\Filters\Filters.php(184): CodeIgniter\Filters\Filters->runBefore([...])
 5 SYSTEMPATH\CodeIgniter.php(481): CodeIgniter\Filters\Filters->run('vendor/products/stock_alert', 'before')
 6 SYSTEMPATH\CodeIgniter.php(355): CodeIgniter\CodeIgniter->handleRequest(null, Object(Config\Cache), false)
 7 SYSTEMPATH\Boot.php(325): CodeIgniter\CodeIgniter->run()
 8 SYSTEMPATH\Boot.php(67): CodeIgniter\Boot::runCodeIgniter(Object(CodeIgniter\CodeIgniter))
 9 FCPATH\index.php(56): CodeIgniter\Boot::bootWeb(Object(Config\Paths))
WARNING - 2025-02-13 09:50:39 --> [DEPRECATED] Creation of dynamic property IonAuth\Models\IonAuthModel::$messagesTemplates is deprecated in FCPATH\vendor\benedmunds\codeigniter-ion-auth\Models\IonAuthModel.php on line 237.
 1 APPPATH\Libraries\IonAuth.php(71): IonAuth\Models\IonAuthModel->__construct()
 2 APPPATH\Filters\CheckPermissions.php(16): App\Libraries\IonAuth->__construct()
 3 SYSTEMPATH\Filters\Filters.php(197): App\Filters\CheckPermissions->__construct()
 4 SYSTEMPATH\Filters\Filters.php(184): CodeIgniter\Filters\Filters->runBefore([...])
 5 SYSTEMPATH\CodeIgniter.php(481): CodeIgniter\Filters\Filters->run('vendor/products/stock_alert', 'before')
 6 SYSTEMPATH\CodeIgniter.php(355): CodeIgniter\CodeIgniter->handleRequest(null, Object(Config\Cache), false)
 7 SYSTEMPATH\Boot.php(325): CodeIgniter\CodeIgniter->run()
 8 SYSTEMPATH\Boot.php(67): CodeIgniter\Boot::runCodeIgniter(Object(CodeIgniter\CodeIgniter))
 9 FCPATH\index.php(56): CodeIgniter\Boot::bootWeb(Object(Config\Paths))
WARNING - 2025-02-13 09:50:39 --> [DEPRECATED] Creation of dynamic property IonAuth\Models\IonAuthModel::$join is deprecated in FCPATH\vendor\benedmunds\codeigniter-ion-auth\Models\IonAuthModel.php on line 231.
 1 APPPATH\Libraries\IonAuth.php(71): IonAuth\Models\IonAuthModel->__construct()
 2 APPPATH\Controllers\vendor\Products.php(26): App\Libraries\IonAuth->__construct()
 3 SYSTEMPATH\CodeIgniter.php(903): App\Controllers\vendor\Products->__construct()
 4 SYSTEMPATH\CodeIgniter.php(500): CodeIgniter\CodeIgniter->createController()
 5 SYSTEMPATH\CodeIgniter.php(355): CodeIgniter\CodeIgniter->handleRequest(null, Object(Config\Cache), false)
 6 SYSTEMPATH\Boot.php(325): CodeIgniter\CodeIgniter->run()
 7 SYSTEMPATH\Boot.php(67): CodeIgniter\Boot::runCodeIgniter(Object(CodeIgniter\CodeIgniter))
 8 FCPATH\index.php(56): CodeIgniter\Boot::bootWeb(Object(Config\Paths))
WARNING - 2025-02-13 09:50:39 --> [DEPRECATED] Creation of dynamic property IonAuth\Models\IonAuthModel::$hashMethod is deprecated in FCPATH\vendor\benedmunds\codeigniter-ion-auth\Models\IonAuthModel.php on line 234.
 1 APPPATH\Libraries\IonAuth.php(71): IonAuth\Models\IonAuthModel->__construct()
 2 APPPATH\Controllers\vendor\Products.php(26): App\Libraries\IonAuth->__construct()
 3 SYSTEMPATH\CodeIgniter.php(903): App\Controllers\vendor\Products->__construct()
 4 SYSTEMPATH\CodeIgniter.php(500): CodeIgniter\CodeIgniter->createController()
 5 SYSTEMPATH\CodeIgniter.php(355): CodeIgniter\CodeIgniter->handleRequest(null, Object(Config\Cache), false)
 6 SYSTEMPATH\Boot.php(325): CodeIgniter\CodeIgniter->run()
 7 SYSTEMPATH\Boot.php(67): CodeIgniter\Boot::runCodeIgniter(Object(CodeIgniter\CodeIgniter))
 8 FCPATH\index.php(56): CodeIgniter\Boot::bootWeb(Object(Config\Paths))
WARNING - 2025-02-13 09:50:39 --> [DEPRECATED] Creation of dynamic property IonAuth\Models\IonAuthModel::$messagesTemplates is deprecated in FCPATH\vendor\benedmunds\codeigniter-ion-auth\Models\IonAuthModel.php on line 237.
 1 APPPATH\Libraries\IonAuth.php(71): IonAuth\Models\IonAuthModel->__construct()
 2 APPPATH\Controllers\vendor\Products.php(26): App\Libraries\IonAuth->__construct()
 3 SYSTEMPATH\CodeIgniter.php(903): App\Controllers\vendor\Products->__construct()
 4 SYSTEMPATH\CodeIgniter.php(500): CodeIgniter\CodeIgniter->createController()
 5 SYSTEMPATH\CodeIgniter.php(355): CodeIgniter\CodeIgniter->handleRequest(null, Object(Config\Cache), false)
 6 SYSTEMPATH\Boot.php(325): CodeIgniter\CodeIgniter->run()
 7 SYSTEMPATH\Boot.php(67): CodeIgniter\Boot::runCodeIgniter(Object(CodeIgniter\CodeIgniter))
 8 FCPATH\index.php(56): CodeIgniter\Boot::bootWeb(Object(Config\Paths))
WARNING - 2025-02-13 15:20:39 --> [DEPRECATED] Creation of dynamic property IonAuth\Models\IonAuthModel::$join is deprecated in FCPATH\vendor\benedmunds\codeigniter-ion-auth\Models\IonAuthModel.php on line 231.
 1 APPPATH\Libraries\IonAuth.php(71): IonAuth\Models\IonAuthModel->__construct()
 2 APPPATH\Filters\CheckPermissions.php(16): App\Libraries\IonAuth->__construct()
 3 SYSTEMPATH\Filters\Filters.php(235): App\Filters\CheckPermissions->__construct()
 4 SYSTEMPATH\Filters\Filters.php(188): CodeIgniter\Filters\Filters->runAfter([...])
 5 SYSTEMPATH\CodeIgniter.php(527): CodeIgniter\Filters\Filters->run('vendor/products/stock_alert', 'after')
 6 SYSTEMPATH\CodeIgniter.php(355): CodeIgniter\CodeIgniter->handleRequest(null, Object(Config\Cache), false)
 7 SYSTEMPATH\Boot.php(325): CodeIgniter\CodeIgniter->run()
 8 SYSTEMPATH\Boot.php(67): CodeIgniter\Boot::runCodeIgniter(Object(CodeIgniter\CodeIgniter))
 9 FCPATH\index.php(56): CodeIgniter\Boot::bootWeb(Object(Config\Paths))
WARNING - 2025-02-13 15:20:39 --> [DEPRECATED] Creation of dynamic property IonAuth\Models\IonAuthModel::$hashMethod is deprecated in FCPATH\vendor\benedmunds\codeigniter-ion-auth\Models\IonAuthModel.php on line 234.
 1 APPPATH\Libraries\IonAuth.php(71): IonAuth\Models\IonAuthModel->__construct()
 2 APPPATH\Filters\CheckPermissions.php(16): App\Libraries\IonAuth->__construct()
 3 SYSTEMPATH\Filters\Filters.php(235): App\Filters\CheckPermissions->__construct()
 4 SYSTEMPATH\Filters\Filters.php(188): CodeIgniter\Filters\Filters->runAfter([...])
 5 SYSTEMPATH\CodeIgniter.php(527): CodeIgniter\Filters\Filters->run('vendor/products/stock_alert', 'after')
 6 SYSTEMPATH\CodeIgniter.php(355): CodeIgniter\CodeIgniter->handleRequest(null, Object(Config\Cache), false)
 7 SYSTEMPATH\Boot.php(325): CodeIgniter\CodeIgniter->run()
 8 SYSTEMPATH\Boot.php(67): CodeIgniter\Boot::runCodeIgniter(Object(CodeIgniter\CodeIgniter))
 9 FCPATH\index.php(56): CodeIgniter\Boot::bootWeb(Object(Config\Paths))
WARNING - 2025-02-13 15:20:39 --> [DEPRECATED] Creation of dynamic property IonAuth\Models\IonAuthModel::$messagesTemplates is deprecated in FCPATH\vendor\benedmunds\codeigniter-ion-auth\Models\IonAuthModel.php on line 237.
 1 APPPATH\Libraries\IonAuth.php(71): IonAuth\Models\IonAuthModel->__construct()
 2 APPPATH\Filters\CheckPermissions.php(16): App\Libraries\IonAuth->__construct()
 3 SYSTEMPATH\Filters\Filters.php(235): App\Filters\CheckPermissions->__construct()
 4 SYSTEMPATH\Filters\Filters.php(188): CodeIgniter\Filters\Filters->runAfter([...])
 5 SYSTEMPATH\CodeIgniter.php(527): CodeIgniter\Filters\Filters->run('vendor/products/stock_alert', 'after')
 6 SYSTEMPATH\CodeIgniter.php(355): CodeIgniter\CodeIgniter->handleRequest(null, Object(Config\Cache), false)
 7 SYSTEMPATH\Boot.php(325): CodeIgniter\CodeIgniter->run()
 8 SYSTEMPATH\Boot.php(67): CodeIgniter\Boot::runCodeIgniter(Object(CodeIgniter\CodeIgniter))
 9 FCPATH\index.php(56): CodeIgniter\Boot::bootWeb(Object(Config\Paths))
INFO - 2025-02-13 09:50:40 --> Session: Class initialized using 'CodeIgniter\Session\Handlers\FileHandler' driver.
WARNING - 2025-02-13 09:50:40 --> [DEPRECATED] Creation of dynamic property IonAuth\Models\IonAuthModel::$join is deprecated in FCPATH\vendor\benedmunds\codeigniter-ion-auth\Models\IonAuthModel.php on line 231.
 1 APPPATH\Libraries\IonAuth.php(71): IonAuth\Models\IonAuthModel->__construct()
 2 APPPATH\Controllers\Home.php(12): App\Libraries\IonAuth->__construct()
 3 SYSTEMPATH\CodeIgniter.php(903): App\Controllers\Home->__construct()
 4 SYSTEMPATH\CodeIgniter.php(500): CodeIgniter\CodeIgniter->createController()
 5 SYSTEMPATH\CodeIgniter.php(355): CodeIgniter\CodeIgniter->handleRequest(null, Object(Config\Cache), false)
 6 SYSTEMPATH\Boot.php(325): CodeIgniter\CodeIgniter->run()
 7 SYSTEMPATH\Boot.php(67): CodeIgniter\Boot::runCodeIgniter(Object(CodeIgniter\CodeIgniter))
 8 FCPATH\index.php(56): CodeIgniter\Boot::bootWeb(Object(Config\Paths))
WARNING - 2025-02-13 09:50:40 --> [DEPRECATED] Creation of dynamic property IonAuth\Models\IonAuthModel::$hashMethod is deprecated in FCPATH\vendor\benedmunds\codeigniter-ion-auth\Models\IonAuthModel.php on line 234.
 1 APPPATH\Libraries\IonAuth.php(71): IonAuth\Models\IonAuthModel->__construct()
 2 APPPATH\Controllers\Home.php(12): App\Libraries\IonAuth->__construct()
 3 SYSTEMPATH\CodeIgniter.php(903): App\Controllers\Home->__construct()
 4 SYSTEMPATH\CodeIgniter.php(500): CodeIgniter\CodeIgniter->createController()
 5 SYSTEMPATH\CodeIgniter.php(355): CodeIgniter\CodeIgniter->handleRequest(null, Object(Config\Cache), false)
 6 SYSTEMPATH\Boot.php(325): CodeIgniter\CodeIgniter->run()
 7 SYSTEMPATH\Boot.php(67): CodeIgniter\Boot::runCodeIgniter(Object(CodeIgniter\CodeIgniter))
 8 FCPATH\index.php(56): CodeIgniter\Boot::bootWeb(Object(Config\Paths))
WARNING - 2025-02-13 09:50:40 --> [DEPRECATED] Creation of dynamic property IonAuth\Models\IonAuthModel::$messagesTemplates is deprecated in FCPATH\vendor\benedmunds\codeigniter-ion-auth\Models\IonAuthModel.php on line 237.
 1 APPPATH\Libraries\IonAuth.php(71): IonAuth\Models\IonAuthModel->__construct()
 2 APPPATH\Controllers\Home.php(12): App\Libraries\IonAuth->__construct()
 3 SYSTEMPATH\CodeIgniter.php(903): App\Controllers\Home->__construct()
 4 SYSTEMPATH\CodeIgniter.php(500): CodeIgniter\CodeIgniter->createController()
 5 SYSTEMPATH\CodeIgniter.php(355): CodeIgniter\CodeIgniter->handleRequest(null, Object(Config\Cache), false)
 6 SYSTEMPATH\Boot.php(325): CodeIgniter\CodeIgniter->run()
 7 SYSTEMPATH\Boot.php(67): CodeIgniter\Boot::runCodeIgniter(Object(CodeIgniter\CodeIgniter))
 8 FCPATH\index.php(56): CodeIgniter\Boot::bootWeb(Object(Config\Paths))
INFO - 2025-02-13 09:50:43 --> Session: Class initialized using 'CodeIgniter\Session\Handlers\FileHandler' driver.
WARNING - 2025-02-13 09:50:43 --> [DEPRECATED] Creation of dynamic property IonAuth\Models\IonAuthModel::$join is deprecated in FCPATH\vendor\benedmunds\codeigniter-ion-auth\Models\IonAuthModel.php on line 231.
 1 APPPATH\Libraries\IonAuth.php(71): IonAuth\Models\IonAuthModel->__construct()
 2 APPPATH\Filters\CheckPermissions.php(16): App\Libraries\IonAuth->__construct()
 3 SYSTEMPATH\Filters\Filters.php(197): App\Filters\CheckPermissions->__construct()
 4 SYSTEMPATH\Filters\Filters.php(184): CodeIgniter\Filters\Filters->runBefore([...])
 5 SYSTEMPATH\CodeIgniter.php(481): CodeIgniter\Filters\Filters->run('vendor/products/products_table', 'before')
 6 SYSTEMPATH\CodeIgniter.php(355): CodeIgniter\CodeIgniter->handleRequest(null, Object(Config\Cache), false)
 7 SYSTEMPATH\Boot.php(325): CodeIgniter\CodeIgniter->run()
 8 SYSTEMPATH\Boot.php(67): CodeIgniter\Boot::runCodeIgniter(Object(CodeIgniter\CodeIgniter))
 9 FCPATH\index.php(56): CodeIgniter\Boot::bootWeb(Object(Config\Paths))
WARNING - 2025-02-13 09:50:43 --> [DEPRECATED] Creation of dynamic property IonAuth\Models\IonAuthModel::$hashMethod is deprecated in FCPATH\vendor\benedmunds\codeigniter-ion-auth\Models\IonAuthModel.php on line 234.
 1 APPPATH\Libraries\IonAuth.php(71): IonAuth\Models\IonAuthModel->__construct()
 2 APPPATH\Filters\CheckPermissions.php(16): App\Libraries\IonAuth->__construct()
 3 SYSTEMPATH\Filters\Filters.php(197): App\Filters\CheckPermissions->__construct()
 4 SYSTEMPATH\Filters\Filters.php(184): CodeIgniter\Filters\Filters->runBefore([...])
 5 SYSTEMPATH\CodeIgniter.php(481): CodeIgniter\Filters\Filters->run('vendor/products/products_table', 'before')
 6 SYSTEMPATH\CodeIgniter.php(355): CodeIgniter\CodeIgniter->handleRequest(null, Object(Config\Cache), false)
 7 SYSTEMPATH\Boot.php(325): CodeIgniter\CodeIgniter->run()
 8 SYSTEMPATH\Boot.php(67): CodeIgniter\Boot::runCodeIgniter(Object(CodeIgniter\CodeIgniter))
 9 FCPATH\index.php(56): CodeIgniter\Boot::bootWeb(Object(Config\Paths))
WARNING - 2025-02-13 09:50:43 --> [DEPRECATED] Creation of dynamic property IonAuth\Models\IonAuthModel::$messagesTemplates is deprecated in FCPATH\vendor\benedmunds\codeigniter-ion-auth\Models\IonAuthModel.php on line 237.
 1 APPPATH\Libraries\IonAuth.php(71): IonAuth\Models\IonAuthModel->__construct()
 2 APPPATH\Filters\CheckPermissions.php(16): App\Libraries\IonAuth->__construct()
 3 SYSTEMPATH\Filters\Filters.php(197): App\Filters\CheckPermissions->__construct()
 4 SYSTEMPATH\Filters\Filters.php(184): CodeIgniter\Filters\Filters->runBefore([...])
 5 SYSTEMPATH\CodeIgniter.php(481): CodeIgniter\Filters\Filters->run('vendor/products/products_table', 'before')
 6 SYSTEMPATH\CodeIgniter.php(355): CodeIgniter\CodeIgniter->handleRequest(null, Object(Config\Cache), false)
 7 SYSTEMPATH\Boot.php(325): CodeIgniter\CodeIgniter->run()
 8 SYSTEMPATH\Boot.php(67): CodeIgniter\Boot::runCodeIgniter(Object(CodeIgniter\CodeIgniter))
 9 FCPATH\index.php(56): CodeIgniter\Boot::bootWeb(Object(Config\Paths))
WARNING - 2025-02-13 09:50:43 --> [DEPRECATED] Creation of dynamic property IonAuth\Models\IonAuthModel::$join is deprecated in FCPATH\vendor\benedmunds\codeigniter-ion-auth\Models\IonAuthModel.php on line 231.
 1 APPPATH\Libraries\IonAuth.php(71): IonAuth\Models\IonAuthModel->__construct()
 2 APPPATH\Controllers\vendor\Products.php(26): App\Libraries\IonAuth->__construct()
 3 SYSTEMPATH\CodeIgniter.php(903): App\Controllers\vendor\Products->__construct()
 4 SYSTEMPATH\CodeIgniter.php(500): CodeIgniter\CodeIgniter->createController()
 5 SYSTEMPATH\CodeIgniter.php(355): CodeIgniter\CodeIgniter->handleRequest(null, Object(Config\Cache), false)
 6 SYSTEMPATH\Boot.php(325): CodeIgniter\CodeIgniter->run()
 7 SYSTEMPATH\Boot.php(67): CodeIgniter\Boot::runCodeIgniter(Object(CodeIgniter\CodeIgniter))
 8 FCPATH\index.php(56): CodeIgniter\Boot::bootWeb(Object(Config\Paths))
WARNING - 2025-02-13 09:50:43 --> [DEPRECATED] Creation of dynamic property IonAuth\Models\IonAuthModel::$hashMethod is deprecated in FCPATH\vendor\benedmunds\codeigniter-ion-auth\Models\IonAuthModel.php on line 234.
 1 APPPATH\Libraries\IonAuth.php(71): IonAuth\Models\IonAuthModel->__construct()
 2 APPPATH\Controllers\vendor\Products.php(26): App\Libraries\IonAuth->__construct()
 3 SYSTEMPATH\CodeIgniter.php(903): App\Controllers\vendor\Products->__construct()
 4 SYSTEMPATH\CodeIgniter.php(500): CodeIgniter\CodeIgniter->createController()
 5 SYSTEMPATH\CodeIgniter.php(355): CodeIgniter\CodeIgniter->handleRequest(null, Object(Config\Cache), false)
 6 SYSTEMPATH\Boot.php(325): CodeIgniter\CodeIgniter->run()
 7 SYSTEMPATH\Boot.php(67): CodeIgniter\Boot::runCodeIgniter(Object(CodeIgniter\CodeIgniter))
 8 FCPATH\index.php(56): CodeIgniter\Boot::bootWeb(Object(Config\Paths))
WARNING - 2025-02-13 09:50:43 --> [DEPRECATED] Creation of dynamic property IonAuth\Models\IonAuthModel::$messagesTemplates is deprecated in FCPATH\vendor\benedmunds\codeigniter-ion-auth\Models\IonAuthModel.php on line 237.
 1 APPPATH\Libraries\IonAuth.php(71): IonAuth\Models\IonAuthModel->__construct()
 2 APPPATH\Controllers\vendor\Products.php(26): App\Libraries\IonAuth->__construct()
 3 SYSTEMPATH\CodeIgniter.php(903): App\Controllers\vendor\Products->__construct()
 4 SYSTEMPATH\CodeIgniter.php(500): CodeIgniter\CodeIgniter->createController()
 5 SYSTEMPATH\CodeIgniter.php(355): CodeIgniter\CodeIgniter->handleRequest(null, Object(Config\Cache), false)
 6 SYSTEMPATH\Boot.php(325): CodeIgniter\CodeIgniter->run()
 7 SYSTEMPATH\Boot.php(67): CodeIgniter\Boot::runCodeIgniter(Object(CodeIgniter\CodeIgniter))
 8 FCPATH\index.php(56): CodeIgniter\Boot::bootWeb(Object(Config\Paths))
WARNING - 2025-02-13 15:20:43 --> [DEPRECATED] Creation of dynamic property IonAuth\Models\IonAuthModel::$join is deprecated in FCPATH\vendor\benedmunds\codeigniter-ion-auth\Models\IonAuthModel.php on line 231.
 1 APPPATH\Libraries\IonAuth.php(71): IonAuth\Models\IonAuthModel->__construct()
 2 APPPATH\Filters\CheckPermissions.php(16): App\Libraries\IonAuth->__construct()
 3 SYSTEMPATH\Filters\Filters.php(235): App\Filters\CheckPermissions->__construct()
 4 SYSTEMPATH\Filters\Filters.php(188): CodeIgniter\Filters\Filters->runAfter([...])
 5 SYSTEMPATH\CodeIgniter.php(527): CodeIgniter\Filters\Filters->run('vendor/products/products_table', 'after')
 6 SYSTEMPATH\CodeIgniter.php(355): CodeIgniter\CodeIgniter->handleRequest(null, Object(Config\Cache), false)
 7 SYSTEMPATH\Boot.php(325): CodeIgniter\CodeIgniter->run()
 8 SYSTEMPATH\Boot.php(67): CodeIgniter\Boot::runCodeIgniter(Object(CodeIgniter\CodeIgniter))
 9 FCPATH\index.php(56): CodeIgniter\Boot::bootWeb(Object(Config\Paths))
WARNING - 2025-02-13 15:20:43 --> [DEPRECATED] Creation of dynamic property IonAuth\Models\IonAuthModel::$hashMethod is deprecated in FCPATH\vendor\benedmunds\codeigniter-ion-auth\Models\IonAuthModel.php on line 234.
 1 APPPATH\Libraries\IonAuth.php(71): IonAuth\Models\IonAuthModel->__construct()
 2 APPPATH\Filters\CheckPermissions.php(16): App\Libraries\IonAuth->__construct()
 3 SYSTEMPATH\Filters\Filters.php(235): App\Filters\CheckPermissions->__construct()
 4 SYSTEMPATH\Filters\Filters.php(188): CodeIgniter\Filters\Filters->runAfter([...])
 5 SYSTEMPATH\CodeIgniter.php(527): CodeIgniter\Filters\Filters->run('vendor/products/products_table', 'after')
 6 SYSTEMPATH\CodeIgniter.php(355): CodeIgniter\CodeIgniter->handleRequest(null, Object(Config\Cache), false)
 7 SYSTEMPATH\Boot.php(325): CodeIgniter\CodeIgniter->run()
 8 SYSTEMPATH\Boot.php(67): CodeIgniter\Boot::runCodeIgniter(Object(CodeIgniter\CodeIgniter))
 9 FCPATH\index.php(56): CodeIgniter\Boot::bootWeb(Object(Config\Paths))
WARNING - 2025-02-13 15:20:43 --> [DEPRECATED] Creation of dynamic property IonAuth\Models\IonAuthModel::$messagesTemplates is deprecated in FCPATH\vendor\benedmunds\codeigniter-ion-auth\Models\IonAuthModel.php on line 237.
 1 APPPATH\Libraries\IonAuth.php(71): IonAuth\Models\IonAuthModel->__construct()
 2 APPPATH\Filters\CheckPermissions.php(16): App\Libraries\IonAuth->__construct()
 3 SYSTEMPATH\Filters\Filters.php(235): App\Filters\CheckPermissions->__construct()
 4 SYSTEMPATH\Filters\Filters.php(188): CodeIgniter\Filters\Filters->runAfter([...])
 5 SYSTEMPATH\CodeIgniter.php(527): CodeIgniter\Filters\Filters->run('vendor/products/products_table', 'after')
 6 SYSTEMPATH\CodeIgniter.php(355): CodeIgniter\CodeIgniter->handleRequest(null, Object(Config\Cache), false)
 7 SYSTEMPATH\Boot.php(325): CodeIgniter\CodeIgniter->run()
 8 SYSTEMPATH\Boot.php(67): CodeIgniter\Boot::runCodeIgniter(Object(CodeIgniter\CodeIgniter))
 9 FCPATH\index.php(56): CodeIgniter\Boot::bootWeb(Object(Config\Paths))
INFO - 2025-02-13 09:50:43 --> Session: Class initialized using 'CodeIgniter\Session\Handlers\FileHandler' driver.
WARNING - 2025-02-13 09:50:43 --> [DEPRECATED] Creation of dynamic property IonAuth\Models\IonAuthModel::$join is deprecated in FCPATH\vendor\benedmunds\codeigniter-ion-auth\Models\IonAuthModel.php on line 231.
 1 APPPATH\Libraries\IonAuth.php(71): IonAuth\Models\IonAuthModel->__construct()
 2 APPPATH\Controllers\Home.php(12): App\Libraries\IonAuth->__construct()
 3 SYSTEMPATH\CodeIgniter.php(903): App\Controllers\Home->__construct()
 4 SYSTEMPATH\CodeIgniter.php(500): CodeIgniter\CodeIgniter->createController()
 5 SYSTEMPATH\CodeIgniter.php(355): CodeIgniter\CodeIgniter->handleRequest(null, Object(Config\Cache), false)
 6 SYSTEMPATH\Boot.php(325): CodeIgniter\CodeIgniter->run()
 7 SYSTEMPATH\Boot.php(67): CodeIgniter\Boot::runCodeIgniter(Object(CodeIgniter\CodeIgniter))
 8 FCPATH\index.php(56): CodeIgniter\Boot::bootWeb(Object(Config\Paths))
WARNING - 2025-02-13 09:50:43 --> [DEPRECATED] Creation of dynamic property IonAuth\Models\IonAuthModel::$hashMethod is deprecated in FCPATH\vendor\benedmunds\codeigniter-ion-auth\Models\IonAuthModel.php on line 234.
 1 APPPATH\Libraries\IonAuth.php(71): IonAuth\Models\IonAuthModel->__construct()
 2 APPPATH\Controllers\Home.php(12): App\Libraries\IonAuth->__construct()
 3 SYSTEMPATH\CodeIgniter.php(903): App\Controllers\Home->__construct()
 4 SYSTEMPATH\CodeIgniter.php(500): CodeIgniter\CodeIgniter->createController()
 5 SYSTEMPATH\CodeIgniter.php(355): CodeIgniter\CodeIgniter->handleRequest(null, Object(Config\Cache), false)
 6 SYSTEMPATH\Boot.php(325): CodeIgniter\CodeIgniter->run()
 7 SYSTEMPATH\Boot.php(67): CodeIgniter\Boot::runCodeIgniter(Object(CodeIgniter\CodeIgniter))
 8 FCPATH\index.php(56): CodeIgniter\Boot::bootWeb(Object(Config\Paths))
WARNING - 2025-02-13 09:50:43 --> [DEPRECATED] Creation of dynamic property IonAuth\Models\IonAuthModel::$messagesTemplates is deprecated in FCPATH\vendor\benedmunds\codeigniter-ion-auth\Models\IonAuthModel.php on line 237.
 1 APPPATH\Libraries\IonAuth.php(71): IonAuth\Models\IonAuthModel->__construct()
 2 APPPATH\Controllers\Home.php(12): App\Libraries\IonAuth->__construct()
 3 SYSTEMPATH\CodeIgniter.php(903): App\Controllers\Home->__construct()
 4 SYSTEMPATH\CodeIgniter.php(500): CodeIgniter\CodeIgniter->createController()
 5 SYSTEMPATH\CodeIgniter.php(355): CodeIgniter\CodeIgniter->handleRequest(null, Object(Config\Cache), false)
 6 SYSTEMPATH\Boot.php(325): CodeIgniter\CodeIgniter->run()
 7 SYSTEMPATH\Boot.php(67): CodeIgniter\Boot::runCodeIgniter(Object(CodeIgniter\CodeIgniter))
 8 FCPATH\index.php(56): CodeIgniter\Boot::bootWeb(Object(Config\Paths))
INFO - 2025-02-13 09:50:45 --> Session: Class initialized using 'CodeIgniter\Session\Handlers\FileHandler' driver.
WARNING - 2025-02-13 09:50:45 --> [DEPRECATED] Creation of dynamic property IonAuth\Models\IonAuthModel::$join is deprecated in FCPATH\vendor\benedmunds\codeigniter-ion-auth\Models\IonAuthModel.php on line 231.
 1 APPPATH\Libraries\IonAuth.php(71): IonAuth\Models\IonAuthModel->__construct()
 2 APPPATH\Filters\CheckPermissions.php(16): App\Libraries\IonAuth->__construct()
 3 SYSTEMPATH\Filters\Filters.php(197): App\Filters\CheckPermissions->__construct()
 4 SYSTEMPATH\Filters\Filters.php(184): CodeIgniter\Filters\Filters->runBefore([...])
 5 SYSTEMPATH\CodeIgniter.php(481): CodeIgniter\Filters\Filters->run('vendor/products/products_table', 'before')
 6 SYSTEMPATH\CodeIgniter.php(355): CodeIgniter\CodeIgniter->handleRequest(null, Object(Config\Cache), false)
 7 SYSTEMPATH\Boot.php(325): CodeIgniter\CodeIgniter->run()
 8 SYSTEMPATH\Boot.php(67): CodeIgniter\Boot::runCodeIgniter(Object(CodeIgniter\CodeIgniter))
 9 FCPATH\index.php(56): CodeIgniter\Boot::bootWeb(Object(Config\Paths))
WARNING - 2025-02-13 09:50:45 --> [DEPRECATED] Creation of dynamic property IonAuth\Models\IonAuthModel::$hashMethod is deprecated in FCPATH\vendor\benedmunds\codeigniter-ion-auth\Models\IonAuthModel.php on line 234.
 1 APPPATH\Libraries\IonAuth.php(71): IonAuth\Models\IonAuthModel->__construct()
 2 APPPATH\Filters\CheckPermissions.php(16): App\Libraries\IonAuth->__construct()
 3 SYSTEMPATH\Filters\Filters.php(197): App\Filters\CheckPermissions->__construct()
 4 SYSTEMPATH\Filters\Filters.php(184): CodeIgniter\Filters\Filters->runBefore([...])
 5 SYSTEMPATH\CodeIgniter.php(481): CodeIgniter\Filters\Filters->run('vendor/products/products_table', 'before')
 6 SYSTEMPATH\CodeIgniter.php(355): CodeIgniter\CodeIgniter->handleRequest(null, Object(Config\Cache), false)
 7 SYSTEMPATH\Boot.php(325): CodeIgniter\CodeIgniter->run()
 8 SYSTEMPATH\Boot.php(67): CodeIgniter\Boot::runCodeIgniter(Object(CodeIgniter\CodeIgniter))
 9 FCPATH\index.php(56): CodeIgniter\Boot::bootWeb(Object(Config\Paths))
WARNING - 2025-02-13 09:50:45 --> [DEPRECATED] Creation of dynamic property IonAuth\Models\IonAuthModel::$messagesTemplates is deprecated in FCPATH\vendor\benedmunds\codeigniter-ion-auth\Models\IonAuthModel.php on line 237.
 1 APPPATH\Libraries\IonAuth.php(71): IonAuth\Models\IonAuthModel->__construct()
 2 APPPATH\Filters\CheckPermissions.php(16): App\Libraries\IonAuth->__construct()
 3 SYSTEMPATH\Filters\Filters.php(197): App\Filters\CheckPermissions->__construct()
 4 SYSTEMPATH\Filters\Filters.php(184): CodeIgniter\Filters\Filters->runBefore([...])
 5 SYSTEMPATH\CodeIgniter.php(481): CodeIgniter\Filters\Filters->run('vendor/products/products_table', 'before')
 6 SYSTEMPATH\CodeIgniter.php(355): CodeIgniter\CodeIgniter->handleRequest(null, Object(Config\Cache), false)
 7 SYSTEMPATH\Boot.php(325): CodeIgniter\CodeIgniter->run()
 8 SYSTEMPATH\Boot.php(67): CodeIgniter\Boot::runCodeIgniter(Object(CodeIgniter\CodeIgniter))
 9 FCPATH\index.php(56): CodeIgniter\Boot::bootWeb(Object(Config\Paths))
WARNING - 2025-02-13 09:50:45 --> [DEPRECATED] Creation of dynamic property IonAuth\Models\IonAuthModel::$join is deprecated in FCPATH\vendor\benedmunds\codeigniter-ion-auth\Models\IonAuthModel.php on line 231.
 1 APPPATH\Libraries\IonAuth.php(71): IonAuth\Models\IonAuthModel->__construct()
 2 APPPATH\Controllers\vendor\Products.php(26): App\Libraries\IonAuth->__construct()
 3 SYSTEMPATH\CodeIgniter.php(903): App\Controllers\vendor\Products->__construct()
 4 SYSTEMPATH\CodeIgniter.php(500): CodeIgniter\CodeIgniter->createController()
 5 SYSTEMPATH\CodeIgniter.php(355): CodeIgniter\CodeIgniter->handleRequest(null, Object(Config\Cache), false)
 6 SYSTEMPATH\Boot.php(325): CodeIgniter\CodeIgniter->run()
 7 SYSTEMPATH\Boot.php(67): CodeIgniter\Boot::runCodeIgniter(Object(CodeIgniter\CodeIgniter))
 8 FCPATH\index.php(56): CodeIgniter\Boot::bootWeb(Object(Config\Paths))
WARNING - 2025-02-13 09:50:45 --> [DEPRECATED] Creation of dynamic property IonAuth\Models\IonAuthModel::$hashMethod is deprecated in FCPATH\vendor\benedmunds\codeigniter-ion-auth\Models\IonAuthModel.php on line 234.
 1 APPPATH\Libraries\IonAuth.php(71): IonAuth\Models\IonAuthModel->__construct()
 2 APPPATH\Controllers\vendor\Products.php(26): App\Libraries\IonAuth->__construct()
 3 SYSTEMPATH\CodeIgniter.php(903): App\Controllers\vendor\Products->__construct()
 4 SYSTEMPATH\CodeIgniter.php(500): CodeIgniter\CodeIgniter->createController()
 5 SYSTEMPATH\CodeIgniter.php(355): CodeIgniter\CodeIgniter->handleRequest(null, Object(Config\Cache), false)
 6 SYSTEMPATH\Boot.php(325): CodeIgniter\CodeIgniter->run()
 7 SYSTEMPATH\Boot.php(67): CodeIgniter\Boot::runCodeIgniter(Object(CodeIgniter\CodeIgniter))
 8 FCPATH\index.php(56): CodeIgniter\Boot::bootWeb(Object(Config\Paths))
WARNING - 2025-02-13 09:50:45 --> [DEPRECATED] Creation of dynamic property IonAuth\Models\IonAuthModel::$messagesTemplates is deprecated in FCPATH\vendor\benedmunds\codeigniter-ion-auth\Models\IonAuthModel.php on line 237.
 1 APPPATH\Libraries\IonAuth.php(71): IonAuth\Models\IonAuthModel->__construct()
 2 APPPATH\Controllers\vendor\Products.php(26): App\Libraries\IonAuth->__construct()
 3 SYSTEMPATH\CodeIgniter.php(903): App\Controllers\vendor\Products->__construct()
 4 SYSTEMPATH\CodeIgniter.php(500): CodeIgniter\CodeIgniter->createController()
 5 SYSTEMPATH\CodeIgniter.php(355): CodeIgniter\CodeIgniter->handleRequest(null, Object(Config\Cache), false)
 6 SYSTEMPATH\Boot.php(325): CodeIgniter\CodeIgniter->run()
 7 SYSTEMPATH\Boot.php(67): CodeIgniter\Boot::runCodeIgniter(Object(CodeIgniter\CodeIgniter))
 8 FCPATH\index.php(56): CodeIgniter\Boot::bootWeb(Object(Config\Paths))
WARNING - 2025-02-13 15:20:45 --> [DEPRECATED] Creation of dynamic property IonAuth\Models\IonAuthModel::$join is deprecated in FCPATH\vendor\benedmunds\codeigniter-ion-auth\Models\IonAuthModel.php on line 231.
 1 APPPATH\Libraries\IonAuth.php(71): IonAuth\Models\IonAuthModel->__construct()
 2 APPPATH\Filters\CheckPermissions.php(16): App\Libraries\IonAuth->__construct()
 3 SYSTEMPATH\Filters\Filters.php(235): App\Filters\CheckPermissions->__construct()
 4 SYSTEMPATH\Filters\Filters.php(188): CodeIgniter\Filters\Filters->runAfter([...])
 5 SYSTEMPATH\CodeIgniter.php(527): CodeIgniter\Filters\Filters->run('vendor/products/products_table', 'after')
 6 SYSTEMPATH\CodeIgniter.php(355): CodeIgniter\CodeIgniter->handleRequest(null, Object(Config\Cache), false)
 7 SYSTEMPATH\Boot.php(325): CodeIgniter\CodeIgniter->run()
 8 SYSTEMPATH\Boot.php(67): CodeIgniter\Boot::runCodeIgniter(Object(CodeIgniter\CodeIgniter))
 9 FCPATH\index.php(56): CodeIgniter\Boot::bootWeb(Object(Config\Paths))
WARNING - 2025-02-13 15:20:45 --> [DEPRECATED] Creation of dynamic property IonAuth\Models\IonAuthModel::$hashMethod is deprecated in FCPATH\vendor\benedmunds\codeigniter-ion-auth\Models\IonAuthModel.php on line 234.
 1 APPPATH\Libraries\IonAuth.php(71): IonAuth\Models\IonAuthModel->__construct()
 2 APPPATH\Filters\CheckPermissions.php(16): App\Libraries\IonAuth->__construct()
 3 SYSTEMPATH\Filters\Filters.php(235): App\Filters\CheckPermissions->__construct()
 4 SYSTEMPATH\Filters\Filters.php(188): CodeIgniter\Filters\Filters->runAfter([...])
 5 SYSTEMPATH\CodeIgniter.php(527): CodeIgniter\Filters\Filters->run('vendor/products/products_table', 'after')
 6 SYSTEMPATH\CodeIgniter.php(355): CodeIgniter\CodeIgniter->handleRequest(null, Object(Config\Cache), false)
 7 SYSTEMPATH\Boot.php(325): CodeIgniter\CodeIgniter->run()
 8 SYSTEMPATH\Boot.php(67): CodeIgniter\Boot::runCodeIgniter(Object(CodeIgniter\CodeIgniter))
 9 FCPATH\index.php(56): CodeIgniter\Boot::bootWeb(Object(Config\Paths))
WARNING - 2025-02-13 15:20:45 --> [DEPRECATED] Creation of dynamic property IonAuth\Models\IonAuthModel::$messagesTemplates is deprecated in FCPATH\vendor\benedmunds\codeigniter-ion-auth\Models\IonAuthModel.php on line 237.
 1 APPPATH\Libraries\IonAuth.php(71): IonAuth\Models\IonAuthModel->__construct()
 2 APPPATH\Filters\CheckPermissions.php(16): App\Libraries\IonAuth->__construct()
 3 SYSTEMPATH\Filters\Filters.php(235): App\Filters\CheckPermissions->__construct()
 4 SYSTEMPATH\Filters\Filters.php(188): CodeIgniter\Filters\Filters->runAfter([...])
 5 SYSTEMPATH\CodeIgniter.php(527): CodeIgniter\Filters\Filters->run('vendor/products/products_table', 'after')
 6 SYSTEMPATH\CodeIgniter.php(355): CodeIgniter\CodeIgniter->handleRequest(null, Object(Config\Cache), false)
 7 SYSTEMPATH\Boot.php(325): CodeIgniter\CodeIgniter->run()
 8 SYSTEMPATH\Boot.php(67): CodeIgniter\Boot::runCodeIgniter(Object(CodeIgniter\CodeIgniter))
 9 FCPATH\index.php(56): CodeIgniter\Boot::bootWeb(Object(Config\Paths))
INFO - 2025-02-13 09:50:45 --> Session: Class initialized using 'CodeIgniter\Session\Handlers\FileHandler' driver.
WARNING - 2025-02-13 09:50:45 --> [DEPRECATED] Creation of dynamic property IonAuth\Models\IonAuthModel::$join is deprecated in FCPATH\vendor\benedmunds\codeigniter-ion-auth\Models\IonAuthModel.php on line 231.
 1 APPPATH\Libraries\IonAuth.php(71): IonAuth\Models\IonAuthModel->__construct()
 2 APPPATH\Controllers\Home.php(12): App\Libraries\IonAuth->__construct()
 3 SYSTEMPATH\CodeIgniter.php(903): App\Controllers\Home->__construct()
 4 SYSTEMPATH\CodeIgniter.php(500): CodeIgniter\CodeIgniter->createController()
 5 SYSTEMPATH\CodeIgniter.php(355): CodeIgniter\CodeIgniter->handleRequest(null, Object(Config\Cache), false)
 6 SYSTEMPATH\Boot.php(325): CodeIgniter\CodeIgniter->run()
 7 SYSTEMPATH\Boot.php(67): CodeIgniter\Boot::runCodeIgniter(Object(CodeIgniter\CodeIgniter))
 8 FCPATH\index.php(56): CodeIgniter\Boot::bootWeb(Object(Config\Paths))
WARNING - 2025-02-13 09:50:45 --> [DEPRECATED] Creation of dynamic property IonAuth\Models\IonAuthModel::$hashMethod is deprecated in FCPATH\vendor\benedmunds\codeigniter-ion-auth\Models\IonAuthModel.php on line 234.
 1 APPPATH\Libraries\IonAuth.php(71): IonAuth\Models\IonAuthModel->__construct()
 2 APPPATH\Controllers\Home.php(12): App\Libraries\IonAuth->__construct()
 3 SYSTEMPATH\CodeIgniter.php(903): App\Controllers\Home->__construct()
 4 SYSTEMPATH\CodeIgniter.php(500): CodeIgniter\CodeIgniter->createController()
 5 SYSTEMPATH\CodeIgniter.php(355): CodeIgniter\CodeIgniter->handleRequest(null, Object(Config\Cache), false)
 6 SYSTEMPATH\Boot.php(325): CodeIgniter\CodeIgniter->run()
 7 SYSTEMPATH\Boot.php(67): CodeIgniter\Boot::runCodeIgniter(Object(CodeIgniter\CodeIgniter))
 8 FCPATH\index.php(56): CodeIgniter\Boot::bootWeb(Object(Config\Paths))
WARNING - 2025-02-13 09:50:45 --> [DEPRECATED] Creation of dynamic property IonAuth\Models\IonAuthModel::$messagesTemplates is deprecated in FCPATH\vendor\benedmunds\codeigniter-ion-auth\Models\IonAuthModel.php on line 237.
 1 APPPATH\Libraries\IonAuth.php(71): IonAuth\Models\IonAuthModel->__construct()
 2 APPPATH\Controllers\Home.php(12): App\Libraries\IonAuth->__construct()
 3 SYSTEMPATH\CodeIgniter.php(903): App\Controllers\Home->__construct()
 4 SYSTEMPATH\CodeIgniter.php(500): CodeIgniter\CodeIgniter->createController()
 5 SYSTEMPATH\CodeIgniter.php(355): CodeIgniter\CodeIgniter->handleRequest(null, Object(Config\Cache), false)
 6 SYSTEMPATH\Boot.php(325): CodeIgniter\CodeIgniter->run()
 7 SYSTEMPATH\Boot.php(67): CodeIgniter\Boot::runCodeIgniter(Object(CodeIgniter\CodeIgniter))
 8 FCPATH\index.php(56): CodeIgniter\Boot::bootWeb(Object(Config\Paths))
INFO - 2025-02-13 09:50:47 --> Session: Class initialized using 'CodeIgniter\Session\Handlers\FileHandler' driver.
WARNING - 2025-02-13 09:50:47 --> [DEPRECATED] Creation of dynamic property IonAuth\Models\IonAuthModel::$join is deprecated in FCPATH\vendor\benedmunds\codeigniter-ion-auth\Models\IonAuthModel.php on line 231.
 1 APPPATH\Libraries\IonAuth.php(71): IonAuth\Models\IonAuthModel->__construct()
 2 APPPATH\Filters\CheckPermissions.php(16): App\Libraries\IonAuth->__construct()
 3 SYSTEMPATH\Filters\Filters.php(197): App\Filters\CheckPermissions->__construct()
 4 SYSTEMPATH\Filters\Filters.php(184): CodeIgniter\Filters\Filters->runBefore([...])
 5 SYSTEMPATH\CodeIgniter.php(481): CodeIgniter\Filters\Filters->run('vendor/products/edit_product/5', 'before')
 6 SYSTEMPATH\CodeIgniter.php(355): CodeIgniter\CodeIgniter->handleRequest(null, Object(Config\Cache), false)
 7 SYSTEMPATH\Boot.php(325): CodeIgniter\CodeIgniter->run()
 8 SYSTEMPATH\Boot.php(67): CodeIgniter\Boot::runCodeIgniter(Object(CodeIgniter\CodeIgniter))
 9 FCPATH\index.php(56): CodeIgniter\Boot::bootWeb(Object(Config\Paths))
WARNING - 2025-02-13 09:50:47 --> [DEPRECATED] Creation of dynamic property IonAuth\Models\IonAuthModel::$hashMethod is deprecated in FCPATH\vendor\benedmunds\codeigniter-ion-auth\Models\IonAuthModel.php on line 234.
 1 APPPATH\Libraries\IonAuth.php(71): IonAuth\Models\IonAuthModel->__construct()
 2 APPPATH\Filters\CheckPermissions.php(16): App\Libraries\IonAuth->__construct()
 3 SYSTEMPATH\Filters\Filters.php(197): App\Filters\CheckPermissions->__construct()
 4 SYSTEMPATH\Filters\Filters.php(184): CodeIgniter\Filters\Filters->runBefore([...])
 5 SYSTEMPATH\CodeIgniter.php(481): CodeIgniter\Filters\Filters->run('vendor/products/edit_product/5', 'before')
 6 SYSTEMPATH\CodeIgniter.php(355): CodeIgniter\CodeIgniter->handleRequest(null, Object(Config\Cache), false)
 7 SYSTEMPATH\Boot.php(325): CodeIgniter\CodeIgniter->run()
 8 SYSTEMPATH\Boot.php(67): CodeIgniter\Boot::runCodeIgniter(Object(CodeIgniter\CodeIgniter))
 9 FCPATH\index.php(56): CodeIgniter\Boot::bootWeb(Object(Config\Paths))
WARNING - 2025-02-13 09:50:47 --> [DEPRECATED] Creation of dynamic property IonAuth\Models\IonAuthModel::$messagesTemplates is deprecated in FCPATH\vendor\benedmunds\codeigniter-ion-auth\Models\IonAuthModel.php on line 237.
 1 APPPATH\Libraries\IonAuth.php(71): IonAuth\Models\IonAuthModel->__construct()
 2 APPPATH\Filters\CheckPermissions.php(16): App\Libraries\IonAuth->__construct()
 3 SYSTEMPATH\Filters\Filters.php(197): App\Filters\CheckPermissions->__construct()
 4 SYSTEMPATH\Filters\Filters.php(184): CodeIgniter\Filters\Filters->runBefore([...])
 5 SYSTEMPATH\CodeIgniter.php(481): CodeIgniter\Filters\Filters->run('vendor/products/edit_product/5', 'before')
 6 SYSTEMPATH\CodeIgniter.php(355): CodeIgniter\CodeIgniter->handleRequest(null, Object(Config\Cache), false)
 7 SYSTEMPATH\Boot.php(325): CodeIgniter\CodeIgniter->run()
 8 SYSTEMPATH\Boot.php(67): CodeIgniter\Boot::runCodeIgniter(Object(CodeIgniter\CodeIgniter))
 9 FCPATH\index.php(56): CodeIgniter\Boot::bootWeb(Object(Config\Paths))
WARNING - 2025-02-13 09:50:47 --> [DEPRECATED] Creation of dynamic property IonAuth\Models\IonAuthModel::$join is deprecated in FCPATH\vendor\benedmunds\codeigniter-ion-auth\Models\IonAuthModel.php on line 231.
 1 APPPATH\Libraries\IonAuth.php(71): IonAuth\Models\IonAuthModel->__construct()
 2 APPPATH\Controllers\vendor\Products.php(26): App\Libraries\IonAuth->__construct()
 3 SYSTEMPATH\CodeIgniter.php(903): App\Controllers\vendor\Products->__construct()
 4 SYSTEMPATH\CodeIgniter.php(500): CodeIgniter\CodeIgniter->createController()
 5 SYSTEMPATH\CodeIgniter.php(355): CodeIgniter\CodeIgniter->handleRequest(null, Object(Config\Cache), false)
 6 SYSTEMPATH\Boot.php(325): CodeIgniter\CodeIgniter->run()
 7 SYSTEMPATH\Boot.php(67): CodeIgniter\Boot::runCodeIgniter(Object(CodeIgniter\CodeIgniter))
 8 FCPATH\index.php(56): CodeIgniter\Boot::bootWeb(Object(Config\Paths))
WARNING - 2025-02-13 09:50:47 --> [DEPRECATED] Creation of dynamic property IonAuth\Models\IonAuthModel::$hashMethod is deprecated in FCPATH\vendor\benedmunds\codeigniter-ion-auth\Models\IonAuthModel.php on line 234.
 1 APPPATH\Libraries\IonAuth.php(71): IonAuth\Models\IonAuthModel->__construct()
 2 APPPATH\Controllers\vendor\Products.php(26): App\Libraries\IonAuth->__construct()
 3 SYSTEMPATH\CodeIgniter.php(903): App\Controllers\vendor\Products->__construct()
 4 SYSTEMPATH\CodeIgniter.php(500): CodeIgniter\CodeIgniter->createController()
 5 SYSTEMPATH\CodeIgniter.php(355): CodeIgniter\CodeIgniter->handleRequest(null, Object(Config\Cache), false)
 6 SYSTEMPATH\Boot.php(325): CodeIgniter\CodeIgniter->run()
 7 SYSTEMPATH\Boot.php(67): CodeIgniter\Boot::runCodeIgniter(Object(CodeIgniter\CodeIgniter))
 8 FCPATH\index.php(56): CodeIgniter\Boot::bootWeb(Object(Config\Paths))
WARNING - 2025-02-13 09:50:47 --> [DEPRECATED] Creation of dynamic property IonAuth\Models\IonAuthModel::$messagesTemplates is deprecated in FCPATH\vendor\benedmunds\codeigniter-ion-auth\Models\IonAuthModel.php on line 237.
 1 APPPATH\Libraries\IonAuth.php(71): IonAuth\Models\IonAuthModel->__construct()
 2 APPPATH\Controllers\vendor\Products.php(26): App\Libraries\IonAuth->__construct()
 3 SYSTEMPATH\CodeIgniter.php(903): App\Controllers\vendor\Products->__construct()
 4 SYSTEMPATH\CodeIgniter.php(500): CodeIgniter\CodeIgniter->createController()
 5 SYSTEMPATH\CodeIgniter.php(355): CodeIgniter\CodeIgniter->handleRequest(null, Object(Config\Cache), false)
 6 SYSTEMPATH\Boot.php(325): CodeIgniter\CodeIgniter->run()
 7 SYSTEMPATH\Boot.php(67): CodeIgniter\Boot::runCodeIgniter(Object(CodeIgniter\CodeIgniter))
 8 FCPATH\index.php(56): CodeIgniter\Boot::bootWeb(Object(Config\Paths))
WARNING - 2025-02-13 15:20:47 --> [DEPRECATED] Creation of dynamic property IonAuth\Models\IonAuthModel::$join is deprecated in FCPATH\vendor\benedmunds\codeigniter-ion-auth\Models\IonAuthModel.php on line 231.
 1 APPPATH\Libraries\IonAuth.php(71): IonAuth\Models\IonAuthModel->__construct()
 2 APPPATH\Filters\CheckPermissions.php(16): App\Libraries\IonAuth->__construct()
 3 SYSTEMPATH\Filters\Filters.php(235): App\Filters\CheckPermissions->__construct()
 4 SYSTEMPATH\Filters\Filters.php(188): CodeIgniter\Filters\Filters->runAfter([...])
 5 SYSTEMPATH\CodeIgniter.php(527): CodeIgniter\Filters\Filters->run('vendor/products/edit_product/5', 'after')
 6 SYSTEMPATH\CodeIgniter.php(355): CodeIgniter\CodeIgniter->handleRequest(null, Object(Config\Cache), false)
 7 SYSTEMPATH\Boot.php(325): CodeIgniter\CodeIgniter->run()
 8 SYSTEMPATH\Boot.php(67): CodeIgniter\Boot::runCodeIgniter(Object(CodeIgniter\CodeIgniter))
 9 FCPATH\index.php(56): CodeIgniter\Boot::bootWeb(Object(Config\Paths))
WARNING - 2025-02-13 15:20:47 --> [DEPRECATED] Creation of dynamic property IonAuth\Models\IonAuthModel::$hashMethod is deprecated in FCPATH\vendor\benedmunds\codeigniter-ion-auth\Models\IonAuthModel.php on line 234.
 1 APPPATH\Libraries\IonAuth.php(71): IonAuth\Models\IonAuthModel->__construct()
 2 APPPATH\Filters\CheckPermissions.php(16): App\Libraries\IonAuth->__construct()
 3 SYSTEMPATH\Filters\Filters.php(235): App\Filters\CheckPermissions->__construct()
 4 SYSTEMPATH\Filters\Filters.php(188): CodeIgniter\Filters\Filters->runAfter([...])
 5 SYSTEMPATH\CodeIgniter.php(527): CodeIgniter\Filters\Filters->run('vendor/products/edit_product/5', 'after')
 6 SYSTEMPATH\CodeIgniter.php(355): CodeIgniter\CodeIgniter->handleRequest(null, Object(Config\Cache), false)
 7 SYSTEMPATH\Boot.php(325): CodeIgniter\CodeIgniter->run()
 8 SYSTEMPATH\Boot.php(67): CodeIgniter\Boot::runCodeIgniter(Object(CodeIgniter\CodeIgniter))
 9 FCPATH\index.php(56): CodeIgniter\Boot::bootWeb(Object(Config\Paths))
WARNING - 2025-02-13 15:20:47 --> [DEPRECATED] Creation of dynamic property IonAuth\Models\IonAuthModel::$messagesTemplates is deprecated in FCPATH\vendor\benedmunds\codeigniter-ion-auth\Models\IonAuthModel.php on line 237.
 1 APPPATH\Libraries\IonAuth.php(71): IonAuth\Models\IonAuthModel->__construct()
 2 APPPATH\Filters\CheckPermissions.php(16): App\Libraries\IonAuth->__construct()
 3 SYSTEMPATH\Filters\Filters.php(235): App\Filters\CheckPermissions->__construct()
 4 SYSTEMPATH\Filters\Filters.php(188): CodeIgniter\Filters\Filters->runAfter([...])
 5 SYSTEMPATH\CodeIgniter.php(527): CodeIgniter\Filters\Filters->run('vendor/products/edit_product/5', 'after')
 6 SYSTEMPATH\CodeIgniter.php(355): CodeIgniter\CodeIgniter->handleRequest(null, Object(Config\Cache), false)
 7 SYSTEMPATH\Boot.php(325): CodeIgniter\CodeIgniter->run()
 8 SYSTEMPATH\Boot.php(67): CodeIgniter\Boot::runCodeIgniter(Object(CodeIgniter\CodeIgniter))
 9 FCPATH\index.php(56): CodeIgniter\Boot::bootWeb(Object(Config\Paths))
INFO - 2025-02-13 09:50:49 --> Session: Class initialized using 'CodeIgniter\Session\Handlers\FileHandler' driver.
WARNING - 2025-02-13 09:50:49 --> [DEPRECATED] Creation of dynamic property IonAuth\Models\IonAuthModel::$join is deprecated in FCPATH\vendor\benedmunds\codeigniter-ion-auth\Models\IonAuthModel.php on line 231.
 1 APPPATH\Libraries\IonAuth.php(71): IonAuth\Models\IonAuthModel->__construct()
 2 APPPATH\Controllers\vendor\Products.php(26): App\Libraries\IonAuth->__construct()
 3 SYSTEMPATH\CodeIgniter.php(903): App\Controllers\vendor\Products->__construct()
 4 SYSTEMPATH\CodeIgniter.php(500): CodeIgniter\CodeIgniter->createController()
 5 SYSTEMPATH\CodeIgniter.php(355): CodeIgniter\CodeIgniter->handleRequest(null, Object(Config\Cache), false)
 6 SYSTEMPATH\Boot.php(325): CodeIgniter\CodeIgniter->run()
 7 SYSTEMPATH\Boot.php(67): CodeIgniter\Boot::runCodeIgniter(Object(CodeIgniter\CodeIgniter))
 8 FCPATH\index.php(56): CodeIgniter\Boot::bootWeb(Object(Config\Paths))
WARNING - 2025-02-13 09:50:49 --> [DEPRECATED] Creation of dynamic property IonAuth\Models\IonAuthModel::$hashMethod is deprecated in FCPATH\vendor\benedmunds\codeigniter-ion-auth\Models\IonAuthModel.php on line 234.
 1 APPPATH\Libraries\IonAuth.php(71): IonAuth\Models\IonAuthModel->__construct()
 2 APPPATH\Controllers\vendor\Products.php(26): App\Libraries\IonAuth->__construct()
 3 SYSTEMPATH\CodeIgniter.php(903): App\Controllers\vendor\Products->__construct()
 4 SYSTEMPATH\CodeIgniter.php(500): CodeIgniter\CodeIgniter->createController()
 5 SYSTEMPATH\CodeIgniter.php(355): CodeIgniter\CodeIgniter->handleRequest(null, Object(Config\Cache), false)
 6 SYSTEMPATH\Boot.php(325): CodeIgniter\CodeIgniter->run()
 7 SYSTEMPATH\Boot.php(67): CodeIgniter\Boot::runCodeIgniter(Object(CodeIgniter\CodeIgniter))
 8 FCPATH\index.php(56): CodeIgniter\Boot::bootWeb(Object(Config\Paths))
WARNING - 2025-02-13 09:50:49 --> [DEPRECATED] Creation of dynamic property IonAuth\Models\IonAuthModel::$messagesTemplates is deprecated in FCPATH\vendor\benedmunds\codeigniter-ion-auth\Models\IonAuthModel.php on line 237.
 1 APPPATH\Libraries\IonAuth.php(71): IonAuth\Models\IonAuthModel->__construct()
 2 APPPATH\Controllers\vendor\Products.php(26): App\Libraries\IonAuth->__construct()
 3 SYSTEMPATH\CodeIgniter.php(903): App\Controllers\vendor\Products->__construct()
 4 SYSTEMPATH\CodeIgniter.php(500): CodeIgniter\CodeIgniter->createController()
 5 SYSTEMPATH\CodeIgniter.php(355): CodeIgniter\CodeIgniter->handleRequest(null, Object(Config\Cache), false)
 6 SYSTEMPATH\Boot.php(325): CodeIgniter\CodeIgniter->run()
 7 SYSTEMPATH\Boot.php(67): CodeIgniter\Boot::runCodeIgniter(Object(CodeIgniter\CodeIgniter))
 8 FCPATH\index.php(56): CodeIgniter\Boot::bootWeb(Object(Config\Paths))
INFO - 2025-02-13 09:50:49 --> Session: Class initialized using 'CodeIgniter\Session\Handlers\FileHandler' driver.
WARNING - 2025-02-13 09:50:49 --> [DEPRECATED] Creation of dynamic property IonAuth\Models\IonAuthModel::$join is deprecated in FCPATH\vendor\benedmunds\codeigniter-ion-auth\Models\IonAuthModel.php on line 231.
 1 APPPATH\Libraries\IonAuth.php(71): IonAuth\Models\IonAuthModel->__construct()
 2 APPPATH\Filters\CheckPermissions.php(16): App\Libraries\IonAuth->__construct()
 3 SYSTEMPATH\Filters\Filters.php(197): App\Filters\CheckPermissions->__construct()
 4 SYSTEMPATH\Filters\Filters.php(184): CodeIgniter\Filters\Filters->runBefore([...])
 5 SYSTEMPATH\CodeIgniter.php(481): CodeIgniter\Filters\Filters->run('vendor/products/stock_alert', 'before')
 6 SYSTEMPATH\CodeIgniter.php(355): CodeIgniter\CodeIgniter->handleRequest(null, Object(Config\Cache), false)
 7 SYSTEMPATH\Boot.php(325): CodeIgniter\CodeIgniter->run()
 8 SYSTEMPATH\Boot.php(67): CodeIgniter\Boot::runCodeIgniter(Object(CodeIgniter\CodeIgniter))
 9 FCPATH\index.php(56): CodeIgniter\Boot::bootWeb(Object(Config\Paths))
WARNING - 2025-02-13 09:50:49 --> [DEPRECATED] Creation of dynamic property IonAuth\Models\IonAuthModel::$hashMethod is deprecated in FCPATH\vendor\benedmunds\codeigniter-ion-auth\Models\IonAuthModel.php on line 234.
 1 APPPATH\Libraries\IonAuth.php(71): IonAuth\Models\IonAuthModel->__construct()
 2 APPPATH\Filters\CheckPermissions.php(16): App\Libraries\IonAuth->__construct()
 3 SYSTEMPATH\Filters\Filters.php(197): App\Filters\CheckPermissions->__construct()
 4 SYSTEMPATH\Filters\Filters.php(184): CodeIgniter\Filters\Filters->runBefore([...])
 5 SYSTEMPATH\CodeIgniter.php(481): CodeIgniter\Filters\Filters->run('vendor/products/stock_alert', 'before')
 6 SYSTEMPATH\CodeIgniter.php(355): CodeIgniter\CodeIgniter->handleRequest(null, Object(Config\Cache), false)
 7 SYSTEMPATH\Boot.php(325): CodeIgniter\CodeIgniter->run()
 8 SYSTEMPATH\Boot.php(67): CodeIgniter\Boot::runCodeIgniter(Object(CodeIgniter\CodeIgniter))
 9 FCPATH\index.php(56): CodeIgniter\Boot::bootWeb(Object(Config\Paths))
WARNING - 2025-02-13 09:50:49 --> [DEPRECATED] Creation of dynamic property IonAuth\Models\IonAuthModel::$messagesTemplates is deprecated in FCPATH\vendor\benedmunds\codeigniter-ion-auth\Models\IonAuthModel.php on line 237.
 1 APPPATH\Libraries\IonAuth.php(71): IonAuth\Models\IonAuthModel->__construct()
 2 APPPATH\Filters\CheckPermissions.php(16): App\Libraries\IonAuth->__construct()
 3 SYSTEMPATH\Filters\Filters.php(197): App\Filters\CheckPermissions->__construct()
 4 SYSTEMPATH\Filters\Filters.php(184): CodeIgniter\Filters\Filters->runBefore([...])
 5 SYSTEMPATH\CodeIgniter.php(481): CodeIgniter\Filters\Filters->run('vendor/products/stock_alert', 'before')
 6 SYSTEMPATH\CodeIgniter.php(355): CodeIgniter\CodeIgniter->handleRequest(null, Object(Config\Cache), false)
 7 SYSTEMPATH\Boot.php(325): CodeIgniter\CodeIgniter->run()
 8 SYSTEMPATH\Boot.php(67): CodeIgniter\Boot::runCodeIgniter(Object(CodeIgniter\CodeIgniter))
 9 FCPATH\index.php(56): CodeIgniter\Boot::bootWeb(Object(Config\Paths))
WARNING - 2025-02-13 09:50:49 --> [DEPRECATED] Creation of dynamic property IonAuth\Models\IonAuthModel::$join is deprecated in FCPATH\vendor\benedmunds\codeigniter-ion-auth\Models\IonAuthModel.php on line 231.
 1 APPPATH\Libraries\IonAuth.php(71): IonAuth\Models\IonAuthModel->__construct()
 2 APPPATH\Controllers\vendor\Products.php(26): App\Libraries\IonAuth->__construct()
 3 SYSTEMPATH\CodeIgniter.php(903): App\Controllers\vendor\Products->__construct()
 4 SYSTEMPATH\CodeIgniter.php(500): CodeIgniter\CodeIgniter->createController()
 5 SYSTEMPATH\CodeIgniter.php(355): CodeIgniter\CodeIgniter->handleRequest(null, Object(Config\Cache), false)
 6 SYSTEMPATH\Boot.php(325): CodeIgniter\CodeIgniter->run()
 7 SYSTEMPATH\Boot.php(67): CodeIgniter\Boot::runCodeIgniter(Object(CodeIgniter\CodeIgniter))
 8 FCPATH\index.php(56): CodeIgniter\Boot::bootWeb(Object(Config\Paths))
WARNING - 2025-02-13 09:50:49 --> [DEPRECATED] Creation of dynamic property IonAuth\Models\IonAuthModel::$hashMethod is deprecated in FCPATH\vendor\benedmunds\codeigniter-ion-auth\Models\IonAuthModel.php on line 234.
 1 APPPATH\Libraries\IonAuth.php(71): IonAuth\Models\IonAuthModel->__construct()
 2 APPPATH\Controllers\vendor\Products.php(26): App\Libraries\IonAuth->__construct()
 3 SYSTEMPATH\CodeIgniter.php(903): App\Controllers\vendor\Products->__construct()
 4 SYSTEMPATH\CodeIgniter.php(500): CodeIgniter\CodeIgniter->createController()
 5 SYSTEMPATH\CodeIgniter.php(355): CodeIgniter\CodeIgniter->handleRequest(null, Object(Config\Cache), false)
 6 SYSTEMPATH\Boot.php(325): CodeIgniter\CodeIgniter->run()
 7 SYSTEMPATH\Boot.php(67): CodeIgniter\Boot::runCodeIgniter(Object(CodeIgniter\CodeIgniter))
 8 FCPATH\index.php(56): CodeIgniter\Boot::bootWeb(Object(Config\Paths))
WARNING - 2025-02-13 09:50:49 --> [DEPRECATED] Creation of dynamic property IonAuth\Models\IonAuthModel::$messagesTemplates is deprecated in FCPATH\vendor\benedmunds\codeigniter-ion-auth\Models\IonAuthModel.php on line 237.
 1 APPPATH\Libraries\IonAuth.php(71): IonAuth\Models\IonAuthModel->__construct()
 2 APPPATH\Controllers\vendor\Products.php(26): App\Libraries\IonAuth->__construct()
 3 SYSTEMPATH\CodeIgniter.php(903): App\Controllers\vendor\Products->__construct()
 4 SYSTEMPATH\CodeIgniter.php(500): CodeIgniter\CodeIgniter->createController()
 5 SYSTEMPATH\CodeIgniter.php(355): CodeIgniter\CodeIgniter->handleRequest(null, Object(Config\Cache), false)
 6 SYSTEMPATH\Boot.php(325): CodeIgniter\CodeIgniter->run()
 7 SYSTEMPATH\Boot.php(67): CodeIgniter\Boot::runCodeIgniter(Object(CodeIgniter\CodeIgniter))
 8 FCPATH\index.php(56): CodeIgniter\Boot::bootWeb(Object(Config\Paths))
WARNING - 2025-02-13 15:20:49 --> [DEPRECATED] Creation of dynamic property IonAuth\Models\IonAuthModel::$join is deprecated in FCPATH\vendor\benedmunds\codeigniter-ion-auth\Models\IonAuthModel.php on line 231.
 1 APPPATH\Libraries\IonAuth.php(71): IonAuth\Models\IonAuthModel->__construct()
 2 APPPATH\Filters\CheckPermissions.php(16): App\Libraries\IonAuth->__construct()
 3 SYSTEMPATH\Filters\Filters.php(235): App\Filters\CheckPermissions->__construct()
 4 SYSTEMPATH\Filters\Filters.php(188): CodeIgniter\Filters\Filters->runAfter([...])
 5 SYSTEMPATH\CodeIgniter.php(527): CodeIgniter\Filters\Filters->run('vendor/products/stock_alert', 'after')
 6 SYSTEMPATH\CodeIgniter.php(355): CodeIgniter\CodeIgniter->handleRequest(null, Object(Config\Cache), false)
 7 SYSTEMPATH\Boot.php(325): CodeIgniter\CodeIgniter->run()
 8 SYSTEMPATH\Boot.php(67): CodeIgniter\Boot::runCodeIgniter(Object(CodeIgniter\CodeIgniter))
 9 FCPATH\index.php(56): CodeIgniter\Boot::bootWeb(Object(Config\Paths))
WARNING - 2025-02-13 15:20:49 --> [DEPRECATED] Creation of dynamic property IonAuth\Models\IonAuthModel::$hashMethod is deprecated in FCPATH\vendor\benedmunds\codeigniter-ion-auth\Models\IonAuthModel.php on line 234.
 1 APPPATH\Libraries\IonAuth.php(71): IonAuth\Models\IonAuthModel->__construct()
 2 APPPATH\Filters\CheckPermissions.php(16): App\Libraries\IonAuth->__construct()
 3 SYSTEMPATH\Filters\Filters.php(235): App\Filters\CheckPermissions->__construct()
 4 SYSTEMPATH\Filters\Filters.php(188): CodeIgniter\Filters\Filters->runAfter([...])
 5 SYSTEMPATH\CodeIgniter.php(527): CodeIgniter\Filters\Filters->run('vendor/products/stock_alert', 'after')
 6 SYSTEMPATH\CodeIgniter.php(355): CodeIgniter\CodeIgniter->handleRequest(null, Object(Config\Cache), false)
 7 SYSTEMPATH\Boot.php(325): CodeIgniter\CodeIgniter->run()
 8 SYSTEMPATH\Boot.php(67): CodeIgniter\Boot::runCodeIgniter(Object(CodeIgniter\CodeIgniter))
 9 FCPATH\index.php(56): CodeIgniter\Boot::bootWeb(Object(Config\Paths))
WARNING - 2025-02-13 15:20:49 --> [DEPRECATED] Creation of dynamic property IonAuth\Models\IonAuthModel::$messagesTemplates is deprecated in FCPATH\vendor\benedmunds\codeigniter-ion-auth\Models\IonAuthModel.php on line 237.
 1 APPPATH\Libraries\IonAuth.php(71): IonAuth\Models\IonAuthModel->__construct()
 2 APPPATH\Filters\CheckPermissions.php(16): App\Libraries\IonAuth->__construct()
 3 SYSTEMPATH\Filters\Filters.php(235): App\Filters\CheckPermissions->__construct()
 4 SYSTEMPATH\Filters\Filters.php(188): CodeIgniter\Filters\Filters->runAfter([...])
 5 SYSTEMPATH\CodeIgniter.php(527): CodeIgniter\Filters\Filters->run('vendor/products/stock_alert', 'after')
 6 SYSTEMPATH\CodeIgniter.php(355): CodeIgniter\CodeIgniter->handleRequest(null, Object(Config\Cache), false)
 7 SYSTEMPATH\Boot.php(325): CodeIgniter\CodeIgniter->run()
 8 SYSTEMPATH\Boot.php(67): CodeIgniter\Boot::runCodeIgniter(Object(CodeIgniter\CodeIgniter))
 9 FCPATH\index.php(56): CodeIgniter\Boot::bootWeb(Object(Config\Paths))
INFO - 2025-02-13 09:59:05 --> Session: Class initialized using 'CodeIgniter\Session\Handlers\FileHandler' driver.
WARNING - 2025-02-13 09:59:05 --> [DEPRECATED] Creation of dynamic property IonAuth\Models\IonAuthModel::$join is deprecated in FCPATH\vendor\benedmunds\codeigniter-ion-auth\Models\IonAuthModel.php on line 231.
 1 APPPATH\Libraries\IonAuth.php(71): IonAuth\Models\IonAuthModel->__construct()
 2 APPPATH\Filters\CheckPermissions.php(16): App\Libraries\IonAuth->__construct()
 3 SYSTEMPATH\Filters\Filters.php(197): App\Filters\CheckPermissions->__construct()
 4 SYSTEMPATH\Filters\Filters.php(184): CodeIgniter\Filters\Filters->runBefore([...])
 5 SYSTEMPATH\CodeIgniter.php(481): CodeIgniter\Filters\Filters->run('vendor/products/edit_product/5', 'before')
 6 SYSTEMPATH\CodeIgniter.php(355): CodeIgniter\CodeIgniter->handleRequest(null, Object(Config\Cache), false)
 7 SYSTEMPATH\Boot.php(325): CodeIgniter\CodeIgniter->run()
 8 SYSTEMPATH\Boot.php(67): CodeIgniter\Boot::runCodeIgniter(Object(CodeIgniter\CodeIgniter))
 9 FCPATH\index.php(56): CodeIgniter\Boot::bootWeb(Object(Config\Paths))
WARNING - 2025-02-13 09:59:05 --> [DEPRECATED] Creation of dynamic property IonAuth\Models\IonAuthModel::$hashMethod is deprecated in FCPATH\vendor\benedmunds\codeigniter-ion-auth\Models\IonAuthModel.php on line 234.
 1 APPPATH\Libraries\IonAuth.php(71): IonAuth\Models\IonAuthModel->__construct()
 2 APPPATH\Filters\CheckPermissions.php(16): App\Libraries\IonAuth->__construct()
 3 SYSTEMPATH\Filters\Filters.php(197): App\Filters\CheckPermissions->__construct()
 4 SYSTEMPATH\Filters\Filters.php(184): CodeIgniter\Filters\Filters->runBefore([...])
 5 SYSTEMPATH\CodeIgniter.php(481): CodeIgniter\Filters\Filters->run('vendor/products/edit_product/5', 'before')
 6 SYSTEMPATH\CodeIgniter.php(355): CodeIgniter\CodeIgniter->handleRequest(null, Object(Config\Cache), false)
 7 SYSTEMPATH\Boot.php(325): CodeIgniter\CodeIgniter->run()
 8 SYSTEMPATH\Boot.php(67): CodeIgniter\Boot::runCodeIgniter(Object(CodeIgniter\CodeIgniter))
 9 FCPATH\index.php(56): CodeIgniter\Boot::bootWeb(Object(Config\Paths))
WARNING - 2025-02-13 09:59:05 --> [DEPRECATED] Creation of dynamic property IonAuth\Models\IonAuthModel::$messagesTemplates is deprecated in FCPATH\vendor\benedmunds\codeigniter-ion-auth\Models\IonAuthModel.php on line 237.
 1 APPPATH\Libraries\IonAuth.php(71): IonAuth\Models\IonAuthModel->__construct()
 2 APPPATH\Filters\CheckPermissions.php(16): App\Libraries\IonAuth->__construct()
 3 SYSTEMPATH\Filters\Filters.php(197): App\Filters\CheckPermissions->__construct()
 4 SYSTEMPATH\Filters\Filters.php(184): CodeIgniter\Filters\Filters->runBefore([...])
 5 SYSTEMPATH\CodeIgniter.php(481): CodeIgniter\Filters\Filters->run('vendor/products/edit_product/5', 'before')
 6 SYSTEMPATH\CodeIgniter.php(355): CodeIgniter\CodeIgniter->handleRequest(null, Object(Config\Cache), false)
 7 SYSTEMPATH\Boot.php(325): CodeIgniter\CodeIgniter->run()
 8 SYSTEMPATH\Boot.php(67): CodeIgniter\Boot::runCodeIgniter(Object(CodeIgniter\CodeIgniter))
 9 FCPATH\index.php(56): CodeIgniter\Boot::bootWeb(Object(Config\Paths))
WARNING - 2025-02-13 09:59:05 --> [DEPRECATED] Creation of dynamic property IonAuth\Models\IonAuthModel::$join is deprecated in FCPATH\vendor\benedmunds\codeigniter-ion-auth\Models\IonAuthModel.php on line 231.
 1 APPPATH\Libraries\IonAuth.php(71): IonAuth\Models\IonAuthModel->__construct()
 2 APPPATH\Controllers\vendor\Products.php(26): App\Libraries\IonAuth->__construct()
 3 SYSTEMPATH\CodeIgniter.php(903): App\Controllers\vendor\Products->__construct()
 4 SYSTEMPATH\CodeIgniter.php(500): CodeIgniter\CodeIgniter->createController()
 5 SYSTEMPATH\CodeIgniter.php(355): CodeIgniter\CodeIgniter->handleRequest(null, Object(Config\Cache), false)
 6 SYSTEMPATH\Boot.php(325): CodeIgniter\CodeIgniter->run()
 7 SYSTEMPATH\Boot.php(67): CodeIgniter\Boot::runCodeIgniter(Object(CodeIgniter\CodeIgniter))
 8 FCPATH\index.php(56): CodeIgniter\Boot::bootWeb(Object(Config\Paths))
WARNING - 2025-02-13 09:59:05 --> [DEPRECATED] Creation of dynamic property IonAuth\Models\IonAuthModel::$hashMethod is deprecated in FCPATH\vendor\benedmunds\codeigniter-ion-auth\Models\IonAuthModel.php on line 234.
 1 APPPATH\Libraries\IonAuth.php(71): IonAuth\Models\IonAuthModel->__construct()
 2 APPPATH\Controllers\vendor\Products.php(26): App\Libraries\IonAuth->__construct()
 3 SYSTEMPATH\CodeIgniter.php(903): App\Controllers\vendor\Products->__construct()
 4 SYSTEMPATH\CodeIgniter.php(500): CodeIgniter\CodeIgniter->createController()
 5 SYSTEMPATH\CodeIgniter.php(355): CodeIgniter\CodeIgniter->handleRequest(null, Object(Config\Cache), false)
 6 SYSTEMPATH\Boot.php(325): CodeIgniter\CodeIgniter->run()
 7 SYSTEMPATH\Boot.php(67): CodeIgniter\Boot::runCodeIgniter(Object(CodeIgniter\CodeIgniter))
 8 FCPATH\index.php(56): CodeIgniter\Boot::bootWeb(Object(Config\Paths))
WARNING - 2025-02-13 09:59:05 --> [DEPRECATED] Creation of dynamic property IonAuth\Models\IonAuthModel::$messagesTemplates is deprecated in FCPATH\vendor\benedmunds\codeigniter-ion-auth\Models\IonAuthModel.php on line 237.
 1 APPPATH\Libraries\IonAuth.php(71): IonAuth\Models\IonAuthModel->__construct()
 2 APPPATH\Controllers\vendor\Products.php(26): App\Libraries\IonAuth->__construct()
 3 SYSTEMPATH\CodeIgniter.php(903): App\Controllers\vendor\Products->__construct()
 4 SYSTEMPATH\CodeIgniter.php(500): CodeIgniter\CodeIgniter->createController()
 5 SYSTEMPATH\CodeIgniter.php(355): CodeIgniter\CodeIgniter->handleRequest(null, Object(Config\Cache), false)
 6 SYSTEMPATH\Boot.php(325): CodeIgniter\CodeIgniter->run()
 7 SYSTEMPATH\Boot.php(67): CodeIgniter\Boot::runCodeIgniter(Object(CodeIgniter\CodeIgniter))
 8 FCPATH\index.php(56): CodeIgniter\Boot::bootWeb(Object(Config\Paths))
CRITICAL - 2025-02-13 15:29:05 --> ErrorException: Undefined variable $brands
[Method: GET, Route: vendor/products/edit_product/5]
in APPPATH\Views\vendor\pages\forms\product.php on line 65.
 1 APPPATH\Views\vendor\pages\forms\product.php(65): CodeIgniter\Debug\Exceptions->errorHandler(2, 'Undefined variable $brands', 'C:\\xampp1\\htdocs\\upbiz-sass-git\\app\\Views\\vendor\\pages\\forms\\product.php', 65)
 2 SYSTEMPATH\View\View.php(234): include('C:\\xampp1\\htdocs\\upbiz-sass-git\\app\\Views\\vendor\\pages\\forms\\product.php')
 3 SYSTEMPATH\View\View.php(237): CodeIgniter\View\View->CodeIgniter\View\{closure}()
 4 SYSTEMPATH\Common.php(1171): CodeIgniter\View\View->render('vendor/pages/forms/product', [], true)
 5 APPPATH\Views\vendor\template.php(84): view('vendor/pages/forms/product')
 6 SYSTEMPATH\View\View.php(234): include('C:\\xampp1\\htdocs\\upbiz-sass-git\\app\\Views\\vendor\\template.php')
 7 SYSTEMPATH\View\View.php(237): CodeIgniter\View\View->CodeIgniter\View\{closure}()
 8 SYSTEMPATH\Common.php(1171): CodeIgniter\View\View->render('vendor/template', [], true)
 9 APPPATH\Controllers\vendor\Products.php(700): view('vendor/template', [...])
10 SYSTEMPATH\CodeIgniter.php(933): App\Controllers\vendor\Products->edit_product('5')
11 SYSTEMPATH\CodeIgniter.php(509): CodeIgniter\CodeIgniter->runController(Object(App\Controllers\vendor\Products))
12 SYSTEMPATH\CodeIgniter.php(355): CodeIgniter\CodeIgniter->handleRequest(null, Object(Config\Cache), false)
13 SYSTEMPATH\Boot.php(325): CodeIgniter\CodeIgniter->run()
14 SYSTEMPATH\Boot.php(67): CodeIgniter\Boot::runCodeIgniter(Object(CodeIgniter\CodeIgniter))
15 FCPATH\index.php(56): CodeIgniter\Boot::bootWeb(Object(Config\Paths))
CRITICAL - 2025-02-13 15:29:05 --> ErrorException: Uncaught Error: Call to undefined method CodeIgniter\Debug\ExceptionHandler::cleanPath() in C:\xampp1\htdocs\upbiz-sass-git\app\Views\errors\html\error_exception.php:33
Stack trace:
#0 C:\xampp1\htdocs\upbiz-sass-git\vendor\codeigniter4\framework\system\Debug\BaseExceptionHandler.php(266): include()
#1 C:\xampp1\htdocs\upbiz-sass-git\vendor\codeigniter4\framework\system\Debug\BaseExceptionHandler.php(269): CodeIgniter\Debug\BaseExceptionHandler->CodeIgniter\Debug\{closure}()
#2 C:\xampp1\htdocs\upbiz-sass-git\vendor\codeigniter4\framework\system\Debug\ExceptionHandler.php(114): CodeIgniter\Debug\BaseExceptionHandler->render(Object(ErrorException), 500, 'C:\\xampp1\\htdoc...')
#3 C:\xampp1\htdocs\upbiz-sass-git\vendor\codeigniter4\framework\system\Debug\Exceptions.php(163): CodeIgniter\Debug\ExceptionHandler->handle(Object(ErrorException), Object(CodeIgniter\HTTP\IncomingRequest), Object(CodeIgniter\HTTP\Response), 500, 1)
#4 [internal function]: CodeIgniter\Debug\Exceptions->exceptionHandler(Object(ErrorException))
#5 {main}
  thrown
【Previous Exception】
ErrorException
Undefined variable $brands
#0 C:\xampp1\htdocs\upbiz-sass-git\app\Views\vendor\pages\forms\product.php(65): CodeIgniter\Debug\Exceptions->errorHandler(2, 'Undefined varia...', 'C:\\xampp1\\htdoc...', 65)
#1 C:\xampp1\htdocs\upbiz-sass-git\vendor\codeigniter4\framework\system\View\View.php(234): include('C:\\xampp1\\htdoc...')
#2 C:\xampp1\htdocs\upbiz-sass-git\vendor\codeigniter4\framework\system\View\View.php(237): CodeIgniter\View\View->CodeIgniter\View\{closure}()
#3 C:\xampp1\htdocs\upbiz-sass-git\vendor\codeigniter4\framework\system\Common.php(1171): CodeIgniter\View\View->render('vendor/pages/fo...', Array, true)
#4 C:\xampp1\htdocs\upbiz-sass-git\app\Views\vendor\template.php(84): view('vendor/pages/fo...')
#5 C:\xampp1\htdocs\upbiz-sass-git\vendor\codeigniter4\framework\system\View\View.php(234): include('C:\\xampp1\\htdoc...')
#6 C:\xampp1\htdocs\upbiz-sass-git\vendor\codeigniter4\framework\system\View\View.php(237): CodeIgniter\View\View->CodeIgniter\View\{closure}()
#7 C:\xampp1\htdocs\upbiz-sass-git\vendor\codeigniter4\framework\system\Common.php(1171): CodeIgniter\View\View->render('vendor/template', Array, true)
#8 C:\xampp1\htdocs\upbiz-sass-git\app\Controllers\vendor\Products.php(700): view('vendor/template', Array)
#9 C:\xampp1\htdocs\upbiz-sass-git\vendor\codeigniter4\framework\system\CodeIgniter.php(933): App\Controllers\vendor\Products->edit_product('5')
#10 C:\xampp1\htdocs\upbiz-sass-git\vendor\codeigniter4\framework\system\CodeIgniter.php(509): CodeIgniter\CodeIgniter->runController(Object(App\Controllers\vendor\Products))
#11 C:\xampp1\htdocs\upbiz-sass-git\vendor\codeigniter4\framework\system\CodeIgniter.php(355): CodeIgniter\CodeIgniter->handleRequest(NULL, Object(Config\Cache), false)
#12 C:\xampp1\htdocs\upbiz-sass-git\vendor\codeigniter4\framework\system\Boot.php(325): CodeIgniter\CodeIgniter->run()
#13 C:\xampp1\htdocs\upbiz-sass-git\vendor\codeigniter4\framework\system\Boot.php(67): CodeIgniter\Boot::runCodeIgniter(Object(CodeIgniter\CodeIgniter))
#14 C:\xampp1\htdocs\upbiz-sass-git\index.php(56): CodeIgniter\Boot::bootWeb(Object(Config\Paths))
#15 {main}
[Method: GET, Route: vendor/products/edit_product/5]
in APPPATH\Views\errors\html\error_exception.php on line 33.
 1 [internal function]: CodeIgniter\Debug\Exceptions->shutdownHandler()
