INFO - 2024-12-19 05:39:08 --> Session: Class initialized using 'CodeIgniter\Session\Handlers\FileHandler' driver.
WARNING - 2024-12-19 05:39:08 --> [DEPRECATED] Creation of dynamic property IonAuth\Models\IonAuthModel::$join is deprecated in FCPATH\vendor\benedmunds\codeigniter-ion-auth\Models\IonAuthModel.php on line 231.
 1 APPPATH\Libraries\IonAuth.php(71): IonAuth\Models\IonAuthModel->__construct()
 2 APPPATH\Controllers\Home.php(12): App\Libraries\IonAuth->__construct()
 3 SYSTEMPATH\CodeIgniter.php(903): App\Controllers\Home->__construct()
 4 SYSTEMPATH\CodeIgniter.php(500): CodeIgniter\CodeIgniter->createController()
 5 SYSTEMPATH\CodeIgniter.php(355): CodeIgniter\CodeIgniter->handleRequest(null, Object(Config\Cache), false)
 6 SYSTEMPATH\Boot.php(325): CodeIgniter\CodeIgniter->run()
 7 SYSTEMPATH\Boot.php(67): CodeIgniter\Boot::runCodeIgniter(Object(CodeIgniter\CodeIgniter))
 8 FCPATH\index.php(56): CodeIgniter\Boot::bootWeb(Object(Config\Paths))
WARNING - 2024-12-19 05:39:08 --> [DEPRECATED] Creation of dynamic property IonAuth\Models\IonAuthModel::$hashMethod is deprecated in FCPATH\vendor\benedmunds\codeigniter-ion-auth\Models\IonAuthModel.php on line 234.
 1 APPPATH\Libraries\IonAuth.php(71): IonAuth\Models\IonAuthModel->__construct()
 2 APPPATH\Controllers\Home.php(12): App\Libraries\IonAuth->__construct()
 3 SYSTEMPATH\CodeIgniter.php(903): App\Controllers\Home->__construct()
 4 SYSTEMPATH\CodeIgniter.php(500): CodeIgniter\CodeIgniter->createController()
 5 SYSTEMPATH\CodeIgniter.php(355): CodeIgniter\CodeIgniter->handleRequest(null, Object(Config\Cache), false)
 6 SYSTEMPATH\Boot.php(325): CodeIgniter\CodeIgniter->run()
 7 SYSTEMPATH\Boot.php(67): CodeIgniter\Boot::runCodeIgniter(Object(CodeIgniter\CodeIgniter))
 8 FCPATH\index.php(56): CodeIgniter\Boot::bootWeb(Object(Config\Paths))
WARNING - 2024-12-19 05:39:08 --> [DEPRECATED] Creation of dynamic property IonAuth\Models\IonAuthModel::$messagesTemplates is deprecated in FCPATH\vendor\benedmunds\codeigniter-ion-auth\Models\IonAuthModel.php on line 237.
 1 APPPATH\Libraries\IonAuth.php(71): IonAuth\Models\IonAuthModel->__construct()
 2 APPPATH\Controllers\Home.php(12): App\Libraries\IonAuth->__construct()
 3 SYSTEMPATH\CodeIgniter.php(903): App\Controllers\Home->__construct()
 4 SYSTEMPATH\CodeIgniter.php(500): CodeIgniter\CodeIgniter->createController()
 5 SYSTEMPATH\CodeIgniter.php(355): CodeIgniter\CodeIgniter->handleRequest(null, Object(Config\Cache), false)
 6 SYSTEMPATH\Boot.php(325): CodeIgniter\CodeIgniter->run()
 7 SYSTEMPATH\Boot.php(67): CodeIgniter\Boot::runCodeIgniter(Object(CodeIgniter\CodeIgniter))
 8 FCPATH\index.php(56): CodeIgniter\Boot::bootWeb(Object(Config\Paths))
INFO - 2024-12-19 05:39:24 --> Session: Class initialized using 'CodeIgniter\Session\Handlers\FileHandler' driver.
WARNING - 2024-12-19 05:39:24 --> [DEPRECATED] Creation of dynamic property IonAuth\Libraries\IonAuth::$session is deprecated in FCPATH\vendor\benedmunds\codeigniter-ion-auth\Libraries\IonAuth.php on line 65.
 1 APPPATH\Controllers\Login.php(13): IonAuth\Libraries\IonAuth->__construct()
 2 SYSTEMPATH\CodeIgniter.php(903): App\Controllers\Login->__construct()
 3 SYSTEMPATH\CodeIgniter.php(500): CodeIgniter\CodeIgniter->createController()
 4 SYSTEMPATH\CodeIgniter.php(355): CodeIgniter\CodeIgniter->handleRequest(null, Object(Config\Cache), false)
 5 SYSTEMPATH\Boot.php(325): CodeIgniter\CodeIgniter->run()
 6 SYSTEMPATH\Boot.php(67): CodeIgniter\Boot::runCodeIgniter(Object(CodeIgniter\CodeIgniter))
 7 FCPATH\index.php(56): CodeIgniter\Boot::bootWeb(Object(Config\Paths))
WARNING - 2024-12-19 05:39:24 --> [DEPRECATED] Creation of dynamic property IonAuth\Models\IonAuthModel::$join is deprecated in FCPATH\vendor\benedmunds\codeigniter-ion-auth\Models\IonAuthModel.php on line 231.
 1 FCPATH\vendor\benedmunds\codeigniter-ion-auth\Libraries\IonAuth.php(67): IonAuth\Models\IonAuthModel->__construct()
 2 APPPATH\Controllers\Login.php(13): IonAuth\Libraries\IonAuth->__construct()
 3 SYSTEMPATH\CodeIgniter.php(903): App\Controllers\Login->__construct()
 4 SYSTEMPATH\CodeIgniter.php(500): CodeIgniter\CodeIgniter->createController()
 5 SYSTEMPATH\CodeIgniter.php(355): CodeIgniter\CodeIgniter->handleRequest(null, Object(Config\Cache), false)
 6 SYSTEMPATH\Boot.php(325): CodeIgniter\CodeIgniter->run()
 7 SYSTEMPATH\Boot.php(67): CodeIgniter\Boot::runCodeIgniter(Object(CodeIgniter\CodeIgniter))
 8 FCPATH\index.php(56): CodeIgniter\Boot::bootWeb(Object(Config\Paths))
WARNING - 2024-12-19 05:39:24 --> [DEPRECATED] Creation of dynamic property IonAuth\Models\IonAuthModel::$hashMethod is deprecated in FCPATH\vendor\benedmunds\codeigniter-ion-auth\Models\IonAuthModel.php on line 234.
 1 FCPATH\vendor\benedmunds\codeigniter-ion-auth\Libraries\IonAuth.php(67): IonAuth\Models\IonAuthModel->__construct()
 2 APPPATH\Controllers\Login.php(13): IonAuth\Libraries\IonAuth->__construct()
 3 SYSTEMPATH\CodeIgniter.php(903): App\Controllers\Login->__construct()
 4 SYSTEMPATH\CodeIgniter.php(500): CodeIgniter\CodeIgniter->createController()
 5 SYSTEMPATH\CodeIgniter.php(355): CodeIgniter\CodeIgniter->handleRequest(null, Object(Config\Cache), false)
 6 SYSTEMPATH\Boot.php(325): CodeIgniter\CodeIgniter->run()
 7 SYSTEMPATH\Boot.php(67): CodeIgniter\Boot::runCodeIgniter(Object(CodeIgniter\CodeIgniter))
 8 FCPATH\index.php(56): CodeIgniter\Boot::bootWeb(Object(Config\Paths))
WARNING - 2024-12-19 05:39:24 --> [DEPRECATED] Creation of dynamic property IonAuth\Models\IonAuthModel::$messagesTemplates is deprecated in FCPATH\vendor\benedmunds\codeigniter-ion-auth\Models\IonAuthModel.php on line 237.
 1 FCPATH\vendor\benedmunds\codeigniter-ion-auth\Libraries\IonAuth.php(67): IonAuth\Models\IonAuthModel->__construct()
 2 APPPATH\Controllers\Login.php(13): IonAuth\Libraries\IonAuth->__construct()
 3 SYSTEMPATH\CodeIgniter.php(903): App\Controllers\Login->__construct()
 4 SYSTEMPATH\CodeIgniter.php(500): CodeIgniter\CodeIgniter->createController()
 5 SYSTEMPATH\CodeIgniter.php(355): CodeIgniter\CodeIgniter->handleRequest(null, Object(Config\Cache), false)
 6 SYSTEMPATH\Boot.php(325): CodeIgniter\CodeIgniter->run()
 7 SYSTEMPATH\Boot.php(67): CodeIgniter\Boot::runCodeIgniter(Object(CodeIgniter\CodeIgniter))
 8 FCPATH\index.php(56): CodeIgniter\Boot::bootWeb(Object(Config\Paths))
INFO - 2024-12-19 05:39:27 --> Session: Class initialized using 'CodeIgniter\Session\Handlers\FileHandler' driver.
WARNING - 2024-12-19 05:39:27 --> [DEPRECATED] Creation of dynamic property IonAuth\Models\IonAuthModel::$join is deprecated in FCPATH\vendor\benedmunds\codeigniter-ion-auth\Models\IonAuthModel.php on line 231.
 1 APPPATH\Libraries\IonAuth.php(71): IonAuth\Models\IonAuthModel->__construct()
 2 APPPATH\Controllers\Auth.php(77): App\Libraries\IonAuth->__construct()
 3 SYSTEMPATH\CodeIgniter.php(903): App\Controllers\Auth->__construct()
 4 SYSTEMPATH\CodeIgniter.php(500): CodeIgniter\CodeIgniter->createController()
 5 SYSTEMPATH\CodeIgniter.php(355): CodeIgniter\CodeIgniter->handleRequest(null, Object(Config\Cache), false)
 6 SYSTEMPATH\Boot.php(325): CodeIgniter\CodeIgniter->run()
 7 SYSTEMPATH\Boot.php(67): CodeIgniter\Boot::runCodeIgniter(Object(CodeIgniter\CodeIgniter))
 8 FCPATH\index.php(56): CodeIgniter\Boot::bootWeb(Object(Config\Paths))
WARNING - 2024-12-19 05:39:27 --> [DEPRECATED] Creation of dynamic property IonAuth\Models\IonAuthModel::$hashMethod is deprecated in FCPATH\vendor\benedmunds\codeigniter-ion-auth\Models\IonAuthModel.php on line 234.
 1 APPPATH\Libraries\IonAuth.php(71): IonAuth\Models\IonAuthModel->__construct()
 2 APPPATH\Controllers\Auth.php(77): App\Libraries\IonAuth->__construct()
 3 SYSTEMPATH\CodeIgniter.php(903): App\Controllers\Auth->__construct()
 4 SYSTEMPATH\CodeIgniter.php(500): CodeIgniter\CodeIgniter->createController()
 5 SYSTEMPATH\CodeIgniter.php(355): CodeIgniter\CodeIgniter->handleRequest(null, Object(Config\Cache), false)
 6 SYSTEMPATH\Boot.php(325): CodeIgniter\CodeIgniter->run()
 7 SYSTEMPATH\Boot.php(67): CodeIgniter\Boot::runCodeIgniter(Object(CodeIgniter\CodeIgniter))
 8 FCPATH\index.php(56): CodeIgniter\Boot::bootWeb(Object(Config\Paths))
WARNING - 2024-12-19 05:39:27 --> [DEPRECATED] Creation of dynamic property IonAuth\Models\IonAuthModel::$messagesTemplates is deprecated in FCPATH\vendor\benedmunds\codeigniter-ion-auth\Models\IonAuthModel.php on line 237.
 1 APPPATH\Libraries\IonAuth.php(71): IonAuth\Models\IonAuthModel->__construct()
 2 APPPATH\Controllers\Auth.php(77): App\Libraries\IonAuth->__construct()
 3 SYSTEMPATH\CodeIgniter.php(903): App\Controllers\Auth->__construct()
 4 SYSTEMPATH\CodeIgniter.php(500): CodeIgniter\CodeIgniter->createController()
 5 SYSTEMPATH\CodeIgniter.php(355): CodeIgniter\CodeIgniter->handleRequest(null, Object(Config\Cache), false)
 6 SYSTEMPATH\Boot.php(325): CodeIgniter\CodeIgniter->run()
 7 SYSTEMPATH\Boot.php(67): CodeIgniter\Boot::runCodeIgniter(Object(CodeIgniter\CodeIgniter))
 8 FCPATH\index.php(56): CodeIgniter\Boot::bootWeb(Object(Config\Paths))
INFO - 2024-12-19 05:39:29 --> Session: Class initialized using 'CodeIgniter\Session\Handlers\FileHandler' driver.
WARNING - 2024-12-19 05:39:29 --> [DEPRECATED] Creation of dynamic property IonAuth\Libraries\IonAuth::$session is deprecated in FCPATH\vendor\benedmunds\codeigniter-ion-auth\Libraries\IonAuth.php on line 65.
 1 APPPATH\Controllers\admin\Home.php(17): IonAuth\Libraries\IonAuth->__construct()
 2 SYSTEMPATH\CodeIgniter.php(903): App\Controllers\admin\Home->__construct()
 3 SYSTEMPATH\CodeIgniter.php(500): CodeIgniter\CodeIgniter->createController()
 4 SYSTEMPATH\CodeIgniter.php(355): CodeIgniter\CodeIgniter->handleRequest(null, Object(Config\Cache), false)
 5 SYSTEMPATH\Boot.php(325): CodeIgniter\CodeIgniter->run()
 6 SYSTEMPATH\Boot.php(67): CodeIgniter\Boot::runCodeIgniter(Object(CodeIgniter\CodeIgniter))
 7 FCPATH\index.php(56): CodeIgniter\Boot::bootWeb(Object(Config\Paths))
WARNING - 2024-12-19 05:39:29 --> [DEPRECATED] Creation of dynamic property IonAuth\Models\IonAuthModel::$join is deprecated in FCPATH\vendor\benedmunds\codeigniter-ion-auth\Models\IonAuthModel.php on line 231.
 1 FCPATH\vendor\benedmunds\codeigniter-ion-auth\Libraries\IonAuth.php(67): IonAuth\Models\IonAuthModel->__construct()
 2 APPPATH\Controllers\admin\Home.php(17): IonAuth\Libraries\IonAuth->__construct()
 3 SYSTEMPATH\CodeIgniter.php(903): App\Controllers\admin\Home->__construct()
 4 SYSTEMPATH\CodeIgniter.php(500): CodeIgniter\CodeIgniter->createController()
 5 SYSTEMPATH\CodeIgniter.php(355): CodeIgniter\CodeIgniter->handleRequest(null, Object(Config\Cache), false)
 6 SYSTEMPATH\Boot.php(325): CodeIgniter\CodeIgniter->run()
 7 SYSTEMPATH\Boot.php(67): CodeIgniter\Boot::runCodeIgniter(Object(CodeIgniter\CodeIgniter))
 8 FCPATH\index.php(56): CodeIgniter\Boot::bootWeb(Object(Config\Paths))
WARNING - 2024-12-19 05:39:29 --> [DEPRECATED] Creation of dynamic property IonAuth\Models\IonAuthModel::$hashMethod is deprecated in FCPATH\vendor\benedmunds\codeigniter-ion-auth\Models\IonAuthModel.php on line 234.
 1 FCPATH\vendor\benedmunds\codeigniter-ion-auth\Libraries\IonAuth.php(67): IonAuth\Models\IonAuthModel->__construct()
 2 APPPATH\Controllers\admin\Home.php(17): IonAuth\Libraries\IonAuth->__construct()
 3 SYSTEMPATH\CodeIgniter.php(903): App\Controllers\admin\Home->__construct()
 4 SYSTEMPATH\CodeIgniter.php(500): CodeIgniter\CodeIgniter->createController()
 5 SYSTEMPATH\CodeIgniter.php(355): CodeIgniter\CodeIgniter->handleRequest(null, Object(Config\Cache), false)
 6 SYSTEMPATH\Boot.php(325): CodeIgniter\CodeIgniter->run()
 7 SYSTEMPATH\Boot.php(67): CodeIgniter\Boot::runCodeIgniter(Object(CodeIgniter\CodeIgniter))
 8 FCPATH\index.php(56): CodeIgniter\Boot::bootWeb(Object(Config\Paths))
WARNING - 2024-12-19 05:39:29 --> [DEPRECATED] Creation of dynamic property IonAuth\Models\IonAuthModel::$messagesTemplates is deprecated in FCPATH\vendor\benedmunds\codeigniter-ion-auth\Models\IonAuthModel.php on line 237.
 1 FCPATH\vendor\benedmunds\codeigniter-ion-auth\Libraries\IonAuth.php(67): IonAuth\Models\IonAuthModel->__construct()
 2 APPPATH\Controllers\admin\Home.php(17): IonAuth\Libraries\IonAuth->__construct()
 3 SYSTEMPATH\CodeIgniter.php(903): App\Controllers\admin\Home->__construct()
 4 SYSTEMPATH\CodeIgniter.php(500): CodeIgniter\CodeIgniter->createController()
 5 SYSTEMPATH\CodeIgniter.php(355): CodeIgniter\CodeIgniter->handleRequest(null, Object(Config\Cache), false)
 6 SYSTEMPATH\Boot.php(325): CodeIgniter\CodeIgniter->run()
 7 SYSTEMPATH\Boot.php(67): CodeIgniter\Boot::runCodeIgniter(Object(CodeIgniter\CodeIgniter))
 8 FCPATH\index.php(56): CodeIgniter\Boot::bootWeb(Object(Config\Paths))
INFO - 2024-12-19 05:39:30 --> Session: Class initialized using 'CodeIgniter\Session\Handlers\FileHandler' driver.
WARNING - 2024-12-19 05:39:30 --> [DEPRECATED] Creation of dynamic property IonAuth\Libraries\IonAuth::$session is deprecated in FCPATH\vendor\benedmunds\codeigniter-ion-auth\Libraries\IonAuth.php on line 65.
 1 APPPATH\Controllers\admin\Home.php(17): IonAuth\Libraries\IonAuth->__construct()
 2 SYSTEMPATH\CodeIgniter.php(903): App\Controllers\admin\Home->__construct()
 3 SYSTEMPATH\CodeIgniter.php(500): CodeIgniter\CodeIgniter->createController()
 4 SYSTEMPATH\CodeIgniter.php(355): CodeIgniter\CodeIgniter->handleRequest(null, Object(Config\Cache), false)
 5 SYSTEMPATH\Boot.php(325): CodeIgniter\CodeIgniter->run()
 6 SYSTEMPATH\Boot.php(67): CodeIgniter\Boot::runCodeIgniter(Object(CodeIgniter\CodeIgniter))
 7 FCPATH\index.php(56): CodeIgniter\Boot::bootWeb(Object(Config\Paths))
WARNING - 2024-12-19 05:39:30 --> [DEPRECATED] Creation of dynamic property IonAuth\Models\IonAuthModel::$join is deprecated in FCPATH\vendor\benedmunds\codeigniter-ion-auth\Models\IonAuthModel.php on line 231.
 1 FCPATH\vendor\benedmunds\codeigniter-ion-auth\Libraries\IonAuth.php(67): IonAuth\Models\IonAuthModel->__construct()
 2 APPPATH\Controllers\admin\Home.php(17): IonAuth\Libraries\IonAuth->__construct()
 3 SYSTEMPATH\CodeIgniter.php(903): App\Controllers\admin\Home->__construct()
 4 SYSTEMPATH\CodeIgniter.php(500): CodeIgniter\CodeIgniter->createController()
 5 SYSTEMPATH\CodeIgniter.php(355): CodeIgniter\CodeIgniter->handleRequest(null, Object(Config\Cache), false)
 6 SYSTEMPATH\Boot.php(325): CodeIgniter\CodeIgniter->run()
 7 SYSTEMPATH\Boot.php(67): CodeIgniter\Boot::runCodeIgniter(Object(CodeIgniter\CodeIgniter))
 8 FCPATH\index.php(56): CodeIgniter\Boot::bootWeb(Object(Config\Paths))
WARNING - 2024-12-19 05:39:30 --> [DEPRECATED] Creation of dynamic property IonAuth\Models\IonAuthModel::$hashMethod is deprecated in FCPATH\vendor\benedmunds\codeigniter-ion-auth\Models\IonAuthModel.php on line 234.
 1 FCPATH\vendor\benedmunds\codeigniter-ion-auth\Libraries\IonAuth.php(67): IonAuth\Models\IonAuthModel->__construct()
 2 APPPATH\Controllers\admin\Home.php(17): IonAuth\Libraries\IonAuth->__construct()
 3 SYSTEMPATH\CodeIgniter.php(903): App\Controllers\admin\Home->__construct()
 4 SYSTEMPATH\CodeIgniter.php(500): CodeIgniter\CodeIgniter->createController()
 5 SYSTEMPATH\CodeIgniter.php(355): CodeIgniter\CodeIgniter->handleRequest(null, Object(Config\Cache), false)
 6 SYSTEMPATH\Boot.php(325): CodeIgniter\CodeIgniter->run()
 7 SYSTEMPATH\Boot.php(67): CodeIgniter\Boot::runCodeIgniter(Object(CodeIgniter\CodeIgniter))
 8 FCPATH\index.php(56): CodeIgniter\Boot::bootWeb(Object(Config\Paths))
WARNING - 2024-12-19 05:39:30 --> [DEPRECATED] Creation of dynamic property IonAuth\Models\IonAuthModel::$messagesTemplates is deprecated in FCPATH\vendor\benedmunds\codeigniter-ion-auth\Models\IonAuthModel.php on line 237.
 1 FCPATH\vendor\benedmunds\codeigniter-ion-auth\Libraries\IonAuth.php(67): IonAuth\Models\IonAuthModel->__construct()
 2 APPPATH\Controllers\admin\Home.php(17): IonAuth\Libraries\IonAuth->__construct()
 3 SYSTEMPATH\CodeIgniter.php(903): App\Controllers\admin\Home->__construct()
 4 SYSTEMPATH\CodeIgniter.php(500): CodeIgniter\CodeIgniter->createController()
 5 SYSTEMPATH\CodeIgniter.php(355): CodeIgniter\CodeIgniter->handleRequest(null, Object(Config\Cache), false)
 6 SYSTEMPATH\Boot.php(325): CodeIgniter\CodeIgniter->run()
 7 SYSTEMPATH\Boot.php(67): CodeIgniter\Boot::runCodeIgniter(Object(CodeIgniter\CodeIgniter))
 8 FCPATH\index.php(56): CodeIgniter\Boot::bootWeb(Object(Config\Paths))
INFO - 2024-12-19 05:39:30 --> Session: Class initialized using 'CodeIgniter\Session\Handlers\FileHandler' driver.
WARNING - 2024-12-19 05:39:30 --> [DEPRECATED] Creation of dynamic property IonAuth\Libraries\IonAuth::$session is deprecated in FCPATH\vendor\benedmunds\codeigniter-ion-auth\Libraries\IonAuth.php on line 65.
 1 APPPATH\Controllers\admin\Home.php(17): IonAuth\Libraries\IonAuth->__construct()
 2 SYSTEMPATH\CodeIgniter.php(903): App\Controllers\admin\Home->__construct()
 3 SYSTEMPATH\CodeIgniter.php(500): CodeIgniter\CodeIgniter->createController()
 4 SYSTEMPATH\CodeIgniter.php(355): CodeIgniter\CodeIgniter->handleRequest(null, Object(Config\Cache), false)
 5 SYSTEMPATH\Boot.php(325): CodeIgniter\CodeIgniter->run()
 6 SYSTEMPATH\Boot.php(67): CodeIgniter\Boot::runCodeIgniter(Object(CodeIgniter\CodeIgniter))
 7 FCPATH\index.php(56): CodeIgniter\Boot::bootWeb(Object(Config\Paths))
WARNING - 2024-12-19 05:39:30 --> [DEPRECATED] Creation of dynamic property IonAuth\Models\IonAuthModel::$join is deprecated in FCPATH\vendor\benedmunds\codeigniter-ion-auth\Models\IonAuthModel.php on line 231.
 1 FCPATH\vendor\benedmunds\codeigniter-ion-auth\Libraries\IonAuth.php(67): IonAuth\Models\IonAuthModel->__construct()
 2 APPPATH\Controllers\admin\Home.php(17): IonAuth\Libraries\IonAuth->__construct()
 3 SYSTEMPATH\CodeIgniter.php(903): App\Controllers\admin\Home->__construct()
 4 SYSTEMPATH\CodeIgniter.php(500): CodeIgniter\CodeIgniter->createController()
 5 SYSTEMPATH\CodeIgniter.php(355): CodeIgniter\CodeIgniter->handleRequest(null, Object(Config\Cache), false)
 6 SYSTEMPATH\Boot.php(325): CodeIgniter\CodeIgniter->run()
 7 SYSTEMPATH\Boot.php(67): CodeIgniter\Boot::runCodeIgniter(Object(CodeIgniter\CodeIgniter))
 8 FCPATH\index.php(56): CodeIgniter\Boot::bootWeb(Object(Config\Paths))
WARNING - 2024-12-19 05:39:30 --> [DEPRECATED] Creation of dynamic property IonAuth\Models\IonAuthModel::$hashMethod is deprecated in FCPATH\vendor\benedmunds\codeigniter-ion-auth\Models\IonAuthModel.php on line 234.
 1 FCPATH\vendor\benedmunds\codeigniter-ion-auth\Libraries\IonAuth.php(67): IonAuth\Models\IonAuthModel->__construct()
 2 APPPATH\Controllers\admin\Home.php(17): IonAuth\Libraries\IonAuth->__construct()
 3 SYSTEMPATH\CodeIgniter.php(903): App\Controllers\admin\Home->__construct()
 4 SYSTEMPATH\CodeIgniter.php(500): CodeIgniter\CodeIgniter->createController()
 5 SYSTEMPATH\CodeIgniter.php(355): CodeIgniter\CodeIgniter->handleRequest(null, Object(Config\Cache), false)
 6 SYSTEMPATH\Boot.php(325): CodeIgniter\CodeIgniter->run()
 7 SYSTEMPATH\Boot.php(67): CodeIgniter\Boot::runCodeIgniter(Object(CodeIgniter\CodeIgniter))
 8 FCPATH\index.php(56): CodeIgniter\Boot::bootWeb(Object(Config\Paths))
WARNING - 2024-12-19 05:39:30 --> [DEPRECATED] Creation of dynamic property IonAuth\Models\IonAuthModel::$messagesTemplates is deprecated in FCPATH\vendor\benedmunds\codeigniter-ion-auth\Models\IonAuthModel.php on line 237.
 1 FCPATH\vendor\benedmunds\codeigniter-ion-auth\Libraries\IonAuth.php(67): IonAuth\Models\IonAuthModel->__construct()
 2 APPPATH\Controllers\admin\Home.php(17): IonAuth\Libraries\IonAuth->__construct()
 3 SYSTEMPATH\CodeIgniter.php(903): App\Controllers\admin\Home->__construct()
 4 SYSTEMPATH\CodeIgniter.php(500): CodeIgniter\CodeIgniter->createController()
 5 SYSTEMPATH\CodeIgniter.php(355): CodeIgniter\CodeIgniter->handleRequest(null, Object(Config\Cache), false)
 6 SYSTEMPATH\Boot.php(325): CodeIgniter\CodeIgniter->run()
 7 SYSTEMPATH\Boot.php(67): CodeIgniter\Boot::runCodeIgniter(Object(CodeIgniter\CodeIgniter))
 8 FCPATH\index.php(56): CodeIgniter\Boot::bootWeb(Object(Config\Paths))
INFO - 2024-12-19 05:39:34 --> Session: Class initialized using 'CodeIgniter\Session\Handlers\FileHandler' driver.
WARNING - 2024-12-19 05:39:34 --> [DEPRECATED] Creation of dynamic property IonAuth\Libraries\IonAuth::$session is deprecated in FCPATH\vendor\benedmunds\codeigniter-ion-auth\Libraries\IonAuth.php on line 65.
 1 APPPATH\Controllers\admin\Home.php(17): IonAuth\Libraries\IonAuth->__construct()
 2 SYSTEMPATH\CodeIgniter.php(903): App\Controllers\admin\Home->__construct()
 3 SYSTEMPATH\CodeIgniter.php(500): CodeIgniter\CodeIgniter->createController()
 4 SYSTEMPATH\CodeIgniter.php(355): CodeIgniter\CodeIgniter->handleRequest(null, Object(Config\Cache), false)
 5 SYSTEMPATH\Boot.php(325): CodeIgniter\CodeIgniter->run()
 6 SYSTEMPATH\Boot.php(67): CodeIgniter\Boot::runCodeIgniter(Object(CodeIgniter\CodeIgniter))
 7 FCPATH\index.php(56): CodeIgniter\Boot::bootWeb(Object(Config\Paths))
WARNING - 2024-12-19 05:39:34 --> [DEPRECATED] Creation of dynamic property IonAuth\Models\IonAuthModel::$join is deprecated in FCPATH\vendor\benedmunds\codeigniter-ion-auth\Models\IonAuthModel.php on line 231.
 1 FCPATH\vendor\benedmunds\codeigniter-ion-auth\Libraries\IonAuth.php(67): IonAuth\Models\IonAuthModel->__construct()
 2 APPPATH\Controllers\admin\Home.php(17): IonAuth\Libraries\IonAuth->__construct()
 3 SYSTEMPATH\CodeIgniter.php(903): App\Controllers\admin\Home->__construct()
 4 SYSTEMPATH\CodeIgniter.php(500): CodeIgniter\CodeIgniter->createController()
 5 SYSTEMPATH\CodeIgniter.php(355): CodeIgniter\CodeIgniter->handleRequest(null, Object(Config\Cache), false)
 6 SYSTEMPATH\Boot.php(325): CodeIgniter\CodeIgniter->run()
 7 SYSTEMPATH\Boot.php(67): CodeIgniter\Boot::runCodeIgniter(Object(CodeIgniter\CodeIgniter))
 8 FCPATH\index.php(56): CodeIgniter\Boot::bootWeb(Object(Config\Paths))
WARNING - 2024-12-19 05:39:34 --> [DEPRECATED] Creation of dynamic property IonAuth\Models\IonAuthModel::$hashMethod is deprecated in FCPATH\vendor\benedmunds\codeigniter-ion-auth\Models\IonAuthModel.php on line 234.
 1 FCPATH\vendor\benedmunds\codeigniter-ion-auth\Libraries\IonAuth.php(67): IonAuth\Models\IonAuthModel->__construct()
 2 APPPATH\Controllers\admin\Home.php(17): IonAuth\Libraries\IonAuth->__construct()
 3 SYSTEMPATH\CodeIgniter.php(903): App\Controllers\admin\Home->__construct()
 4 SYSTEMPATH\CodeIgniter.php(500): CodeIgniter\CodeIgniter->createController()
 5 SYSTEMPATH\CodeIgniter.php(355): CodeIgniter\CodeIgniter->handleRequest(null, Object(Config\Cache), false)
 6 SYSTEMPATH\Boot.php(325): CodeIgniter\CodeIgniter->run()
 7 SYSTEMPATH\Boot.php(67): CodeIgniter\Boot::runCodeIgniter(Object(CodeIgniter\CodeIgniter))
 8 FCPATH\index.php(56): CodeIgniter\Boot::bootWeb(Object(Config\Paths))
WARNING - 2024-12-19 05:39:34 --> [DEPRECATED] Creation of dynamic property IonAuth\Models\IonAuthModel::$messagesTemplates is deprecated in FCPATH\vendor\benedmunds\codeigniter-ion-auth\Models\IonAuthModel.php on line 237.
 1 FCPATH\vendor\benedmunds\codeigniter-ion-auth\Libraries\IonAuth.php(67): IonAuth\Models\IonAuthModel->__construct()
 2 APPPATH\Controllers\admin\Home.php(17): IonAuth\Libraries\IonAuth->__construct()
 3 SYSTEMPATH\CodeIgniter.php(903): App\Controllers\admin\Home->__construct()
 4 SYSTEMPATH\CodeIgniter.php(500): CodeIgniter\CodeIgniter->createController()
 5 SYSTEMPATH\CodeIgniter.php(355): CodeIgniter\CodeIgniter->handleRequest(null, Object(Config\Cache), false)
 6 SYSTEMPATH\Boot.php(325): CodeIgniter\CodeIgniter->run()
 7 SYSTEMPATH\Boot.php(67): CodeIgniter\Boot::runCodeIgniter(Object(CodeIgniter\CodeIgniter))
 8 FCPATH\index.php(56): CodeIgniter\Boot::bootWeb(Object(Config\Paths))
INFO - 2024-12-19 05:39:35 --> Session: Class initialized using 'CodeIgniter\Session\Handlers\FileHandler' driver.
WARNING - 2024-12-19 05:39:35 --> [DEPRECATED] Creation of dynamic property IonAuth\Libraries\IonAuth::$session is deprecated in FCPATH\vendor\benedmunds\codeigniter-ion-auth\Libraries\IonAuth.php on line 65.
 1 APPPATH\Controllers\admin\Home.php(17): IonAuth\Libraries\IonAuth->__construct()
 2 SYSTEMPATH\CodeIgniter.php(903): App\Controllers\admin\Home->__construct()
 3 SYSTEMPATH\CodeIgniter.php(500): CodeIgniter\CodeIgniter->createController()
 4 SYSTEMPATH\CodeIgniter.php(355): CodeIgniter\CodeIgniter->handleRequest(null, Object(Config\Cache), false)
 5 SYSTEMPATH\Boot.php(325): CodeIgniter\CodeIgniter->run()
 6 SYSTEMPATH\Boot.php(67): CodeIgniter\Boot::runCodeIgniter(Object(CodeIgniter\CodeIgniter))
 7 FCPATH\index.php(56): CodeIgniter\Boot::bootWeb(Object(Config\Paths))
WARNING - 2024-12-19 05:39:35 --> [DEPRECATED] Creation of dynamic property IonAuth\Models\IonAuthModel::$join is deprecated in FCPATH\vendor\benedmunds\codeigniter-ion-auth\Models\IonAuthModel.php on line 231.
 1 FCPATH\vendor\benedmunds\codeigniter-ion-auth\Libraries\IonAuth.php(67): IonAuth\Models\IonAuthModel->__construct()
 2 APPPATH\Controllers\admin\Home.php(17): IonAuth\Libraries\IonAuth->__construct()
 3 SYSTEMPATH\CodeIgniter.php(903): App\Controllers\admin\Home->__construct()
 4 SYSTEMPATH\CodeIgniter.php(500): CodeIgniter\CodeIgniter->createController()
 5 SYSTEMPATH\CodeIgniter.php(355): CodeIgniter\CodeIgniter->handleRequest(null, Object(Config\Cache), false)
 6 SYSTEMPATH\Boot.php(325): CodeIgniter\CodeIgniter->run()
 7 SYSTEMPATH\Boot.php(67): CodeIgniter\Boot::runCodeIgniter(Object(CodeIgniter\CodeIgniter))
 8 FCPATH\index.php(56): CodeIgniter\Boot::bootWeb(Object(Config\Paths))
WARNING - 2024-12-19 05:39:35 --> [DEPRECATED] Creation of dynamic property IonAuth\Models\IonAuthModel::$hashMethod is deprecated in FCPATH\vendor\benedmunds\codeigniter-ion-auth\Models\IonAuthModel.php on line 234.
 1 FCPATH\vendor\benedmunds\codeigniter-ion-auth\Libraries\IonAuth.php(67): IonAuth\Models\IonAuthModel->__construct()
 2 APPPATH\Controllers\admin\Home.php(17): IonAuth\Libraries\IonAuth->__construct()
 3 SYSTEMPATH\CodeIgniter.php(903): App\Controllers\admin\Home->__construct()
 4 SYSTEMPATH\CodeIgniter.php(500): CodeIgniter\CodeIgniter->createController()
 5 SYSTEMPATH\CodeIgniter.php(355): CodeIgniter\CodeIgniter->handleRequest(null, Object(Config\Cache), false)
 6 SYSTEMPATH\Boot.php(325): CodeIgniter\CodeIgniter->run()
 7 SYSTEMPATH\Boot.php(67): CodeIgniter\Boot::runCodeIgniter(Object(CodeIgniter\CodeIgniter))
 8 FCPATH\index.php(56): CodeIgniter\Boot::bootWeb(Object(Config\Paths))
WARNING - 2024-12-19 05:39:35 --> [DEPRECATED] Creation of dynamic property IonAuth\Models\IonAuthModel::$messagesTemplates is deprecated in FCPATH\vendor\benedmunds\codeigniter-ion-auth\Models\IonAuthModel.php on line 237.
 1 FCPATH\vendor\benedmunds\codeigniter-ion-auth\Libraries\IonAuth.php(67): IonAuth\Models\IonAuthModel->__construct()
 2 APPPATH\Controllers\admin\Home.php(17): IonAuth\Libraries\IonAuth->__construct()
 3 SYSTEMPATH\CodeIgniter.php(903): App\Controllers\admin\Home->__construct()
 4 SYSTEMPATH\CodeIgniter.php(500): CodeIgniter\CodeIgniter->createController()
 5 SYSTEMPATH\CodeIgniter.php(355): CodeIgniter\CodeIgniter->handleRequest(null, Object(Config\Cache), false)
 6 SYSTEMPATH\Boot.php(325): CodeIgniter\CodeIgniter->run()
 7 SYSTEMPATH\Boot.php(67): CodeIgniter\Boot::runCodeIgniter(Object(CodeIgniter\CodeIgniter))
 8 FCPATH\index.php(56): CodeIgniter\Boot::bootWeb(Object(Config\Paths))
INFO - 2024-12-19 05:39:35 --> Session: Class initialized using 'CodeIgniter\Session\Handlers\FileHandler' driver.
WARNING - 2024-12-19 05:39:35 --> [DEPRECATED] Creation of dynamic property IonAuth\Libraries\IonAuth::$session is deprecated in FCPATH\vendor\benedmunds\codeigniter-ion-auth\Libraries\IonAuth.php on line 65.
 1 APPPATH\Controllers\admin\Home.php(17): IonAuth\Libraries\IonAuth->__construct()
 2 SYSTEMPATH\CodeIgniter.php(903): App\Controllers\admin\Home->__construct()
 3 SYSTEMPATH\CodeIgniter.php(500): CodeIgniter\CodeIgniter->createController()
 4 SYSTEMPATH\CodeIgniter.php(355): CodeIgniter\CodeIgniter->handleRequest(null, Object(Config\Cache), false)
 5 SYSTEMPATH\Boot.php(325): CodeIgniter\CodeIgniter->run()
 6 SYSTEMPATH\Boot.php(67): CodeIgniter\Boot::runCodeIgniter(Object(CodeIgniter\CodeIgniter))
 7 FCPATH\index.php(56): CodeIgniter\Boot::bootWeb(Object(Config\Paths))
WARNING - 2024-12-19 05:39:35 --> [DEPRECATED] Creation of dynamic property IonAuth\Models\IonAuthModel::$join is deprecated in FCPATH\vendor\benedmunds\codeigniter-ion-auth\Models\IonAuthModel.php on line 231.
 1 FCPATH\vendor\benedmunds\codeigniter-ion-auth\Libraries\IonAuth.php(67): IonAuth\Models\IonAuthModel->__construct()
 2 APPPATH\Controllers\admin\Home.php(17): IonAuth\Libraries\IonAuth->__construct()
 3 SYSTEMPATH\CodeIgniter.php(903): App\Controllers\admin\Home->__construct()
 4 SYSTEMPATH\CodeIgniter.php(500): CodeIgniter\CodeIgniter->createController()
 5 SYSTEMPATH\CodeIgniter.php(355): CodeIgniter\CodeIgniter->handleRequest(null, Object(Config\Cache), false)
 6 SYSTEMPATH\Boot.php(325): CodeIgniter\CodeIgniter->run()
 7 SYSTEMPATH\Boot.php(67): CodeIgniter\Boot::runCodeIgniter(Object(CodeIgniter\CodeIgniter))
 8 FCPATH\index.php(56): CodeIgniter\Boot::bootWeb(Object(Config\Paths))
WARNING - 2024-12-19 05:39:35 --> [DEPRECATED] Creation of dynamic property IonAuth\Models\IonAuthModel::$hashMethod is deprecated in FCPATH\vendor\benedmunds\codeigniter-ion-auth\Models\IonAuthModel.php on line 234.
 1 FCPATH\vendor\benedmunds\codeigniter-ion-auth\Libraries\IonAuth.php(67): IonAuth\Models\IonAuthModel->__construct()
 2 APPPATH\Controllers\admin\Home.php(17): IonAuth\Libraries\IonAuth->__construct()
 3 SYSTEMPATH\CodeIgniter.php(903): App\Controllers\admin\Home->__construct()
 4 SYSTEMPATH\CodeIgniter.php(500): CodeIgniter\CodeIgniter->createController()
 5 SYSTEMPATH\CodeIgniter.php(355): CodeIgniter\CodeIgniter->handleRequest(null, Object(Config\Cache), false)
 6 SYSTEMPATH\Boot.php(325): CodeIgniter\CodeIgniter->run()
 7 SYSTEMPATH\Boot.php(67): CodeIgniter\Boot::runCodeIgniter(Object(CodeIgniter\CodeIgniter))
 8 FCPATH\index.php(56): CodeIgniter\Boot::bootWeb(Object(Config\Paths))
WARNING - 2024-12-19 05:39:35 --> [DEPRECATED] Creation of dynamic property IonAuth\Models\IonAuthModel::$messagesTemplates is deprecated in FCPATH\vendor\benedmunds\codeigniter-ion-auth\Models\IonAuthModel.php on line 237.
 1 FCPATH\vendor\benedmunds\codeigniter-ion-auth\Libraries\IonAuth.php(67): IonAuth\Models\IonAuthModel->__construct()
 2 APPPATH\Controllers\admin\Home.php(17): IonAuth\Libraries\IonAuth->__construct()
 3 SYSTEMPATH\CodeIgniter.php(903): App\Controllers\admin\Home->__construct()
 4 SYSTEMPATH\CodeIgniter.php(500): CodeIgniter\CodeIgniter->createController()
 5 SYSTEMPATH\CodeIgniter.php(355): CodeIgniter\CodeIgniter->handleRequest(null, Object(Config\Cache), false)
 6 SYSTEMPATH\Boot.php(325): CodeIgniter\CodeIgniter->run()
 7 SYSTEMPATH\Boot.php(67): CodeIgniter\Boot::runCodeIgniter(Object(CodeIgniter\CodeIgniter))
 8 FCPATH\index.php(56): CodeIgniter\Boot::bootWeb(Object(Config\Paths))
INFO - 2024-12-19 05:39:37 --> Session: Class initialized using 'CodeIgniter\Session\Handlers\FileHandler' driver.
WARNING - 2024-12-19 05:39:37 --> [DEPRECATED] Creation of dynamic property IonAuth\Libraries\IonAuth::$session is deprecated in FCPATH\vendor\benedmunds\codeigniter-ion-auth\Libraries\IonAuth.php on line 65.
 1 APPPATH\Controllers\admin\Home.php(17): IonAuth\Libraries\IonAuth->__construct()
 2 SYSTEMPATH\CodeIgniter.php(903): App\Controllers\admin\Home->__construct()
 3 SYSTEMPATH\CodeIgniter.php(500): CodeIgniter\CodeIgniter->createController()
 4 SYSTEMPATH\CodeIgniter.php(355): CodeIgniter\CodeIgniter->handleRequest(null, Object(Config\Cache), false)
 5 SYSTEMPATH\Boot.php(325): CodeIgniter\CodeIgniter->run()
 6 SYSTEMPATH\Boot.php(67): CodeIgniter\Boot::runCodeIgniter(Object(CodeIgniter\CodeIgniter))
 7 FCPATH\index.php(56): CodeIgniter\Boot::bootWeb(Object(Config\Paths))
WARNING - 2024-12-19 05:39:37 --> [DEPRECATED] Creation of dynamic property IonAuth\Models\IonAuthModel::$join is deprecated in FCPATH\vendor\benedmunds\codeigniter-ion-auth\Models\IonAuthModel.php on line 231.
 1 FCPATH\vendor\benedmunds\codeigniter-ion-auth\Libraries\IonAuth.php(67): IonAuth\Models\IonAuthModel->__construct()
 2 APPPATH\Controllers\admin\Home.php(17): IonAuth\Libraries\IonAuth->__construct()
 3 SYSTEMPATH\CodeIgniter.php(903): App\Controllers\admin\Home->__construct()
 4 SYSTEMPATH\CodeIgniter.php(500): CodeIgniter\CodeIgniter->createController()
 5 SYSTEMPATH\CodeIgniter.php(355): CodeIgniter\CodeIgniter->handleRequest(null, Object(Config\Cache), false)
 6 SYSTEMPATH\Boot.php(325): CodeIgniter\CodeIgniter->run()
 7 SYSTEMPATH\Boot.php(67): CodeIgniter\Boot::runCodeIgniter(Object(CodeIgniter\CodeIgniter))
 8 FCPATH\index.php(56): CodeIgniter\Boot::bootWeb(Object(Config\Paths))
WARNING - 2024-12-19 05:39:37 --> [DEPRECATED] Creation of dynamic property IonAuth\Models\IonAuthModel::$hashMethod is deprecated in FCPATH\vendor\benedmunds\codeigniter-ion-auth\Models\IonAuthModel.php on line 234.
 1 FCPATH\vendor\benedmunds\codeigniter-ion-auth\Libraries\IonAuth.php(67): IonAuth\Models\IonAuthModel->__construct()
 2 APPPATH\Controllers\admin\Home.php(17): IonAuth\Libraries\IonAuth->__construct()
 3 SYSTEMPATH\CodeIgniter.php(903): App\Controllers\admin\Home->__construct()
 4 SYSTEMPATH\CodeIgniter.php(500): CodeIgniter\CodeIgniter->createController()
 5 SYSTEMPATH\CodeIgniter.php(355): CodeIgniter\CodeIgniter->handleRequest(null, Object(Config\Cache), false)
 6 SYSTEMPATH\Boot.php(325): CodeIgniter\CodeIgniter->run()
 7 SYSTEMPATH\Boot.php(67): CodeIgniter\Boot::runCodeIgniter(Object(CodeIgniter\CodeIgniter))
 8 FCPATH\index.php(56): CodeIgniter\Boot::bootWeb(Object(Config\Paths))
WARNING - 2024-12-19 05:39:37 --> [DEPRECATED] Creation of dynamic property IonAuth\Models\IonAuthModel::$messagesTemplates is deprecated in FCPATH\vendor\benedmunds\codeigniter-ion-auth\Models\IonAuthModel.php on line 237.
 1 FCPATH\vendor\benedmunds\codeigniter-ion-auth\Libraries\IonAuth.php(67): IonAuth\Models\IonAuthModel->__construct()
 2 APPPATH\Controllers\admin\Home.php(17): IonAuth\Libraries\IonAuth->__construct()
 3 SYSTEMPATH\CodeIgniter.php(903): App\Controllers\admin\Home->__construct()
 4 SYSTEMPATH\CodeIgniter.php(500): CodeIgniter\CodeIgniter->createController()
 5 SYSTEMPATH\CodeIgniter.php(355): CodeIgniter\CodeIgniter->handleRequest(null, Object(Config\Cache), false)
 6 SYSTEMPATH\Boot.php(325): CodeIgniter\CodeIgniter->run()
 7 SYSTEMPATH\Boot.php(67): CodeIgniter\Boot::runCodeIgniter(Object(CodeIgniter\CodeIgniter))
 8 FCPATH\index.php(56): CodeIgniter\Boot::bootWeb(Object(Config\Paths))
INFO - 2024-12-19 05:39:37 --> Session: Class initialized using 'CodeIgniter\Session\Handlers\FileHandler' driver.
WARNING - 2024-12-19 05:39:37 --> [DEPRECATED] Creation of dynamic property IonAuth\Libraries\IonAuth::$session is deprecated in FCPATH\vendor\benedmunds\codeigniter-ion-auth\Libraries\IonAuth.php on line 65.
 1 APPPATH\Controllers\admin\Home.php(17): IonAuth\Libraries\IonAuth->__construct()
 2 SYSTEMPATH\CodeIgniter.php(903): App\Controllers\admin\Home->__construct()
 3 SYSTEMPATH\CodeIgniter.php(500): CodeIgniter\CodeIgniter->createController()
 4 SYSTEMPATH\CodeIgniter.php(355): CodeIgniter\CodeIgniter->handleRequest(null, Object(Config\Cache), false)
 5 SYSTEMPATH\Boot.php(325): CodeIgniter\CodeIgniter->run()
 6 SYSTEMPATH\Boot.php(67): CodeIgniter\Boot::runCodeIgniter(Object(CodeIgniter\CodeIgniter))
 7 FCPATH\index.php(56): CodeIgniter\Boot::bootWeb(Object(Config\Paths))
WARNING - 2024-12-19 05:39:37 --> [DEPRECATED] Creation of dynamic property IonAuth\Models\IonAuthModel::$join is deprecated in FCPATH\vendor\benedmunds\codeigniter-ion-auth\Models\IonAuthModel.php on line 231.
 1 FCPATH\vendor\benedmunds\codeigniter-ion-auth\Libraries\IonAuth.php(67): IonAuth\Models\IonAuthModel->__construct()
 2 APPPATH\Controllers\admin\Home.php(17): IonAuth\Libraries\IonAuth->__construct()
 3 SYSTEMPATH\CodeIgniter.php(903): App\Controllers\admin\Home->__construct()
 4 SYSTEMPATH\CodeIgniter.php(500): CodeIgniter\CodeIgniter->createController()
 5 SYSTEMPATH\CodeIgniter.php(355): CodeIgniter\CodeIgniter->handleRequest(null, Object(Config\Cache), false)
 6 SYSTEMPATH\Boot.php(325): CodeIgniter\CodeIgniter->run()
 7 SYSTEMPATH\Boot.php(67): CodeIgniter\Boot::runCodeIgniter(Object(CodeIgniter\CodeIgniter))
 8 FCPATH\index.php(56): CodeIgniter\Boot::bootWeb(Object(Config\Paths))
WARNING - 2024-12-19 05:39:37 --> [DEPRECATED] Creation of dynamic property IonAuth\Models\IonAuthModel::$hashMethod is deprecated in FCPATH\vendor\benedmunds\codeigniter-ion-auth\Models\IonAuthModel.php on line 234.
 1 FCPATH\vendor\benedmunds\codeigniter-ion-auth\Libraries\IonAuth.php(67): IonAuth\Models\IonAuthModel->__construct()
 2 APPPATH\Controllers\admin\Home.php(17): IonAuth\Libraries\IonAuth->__construct()
 3 SYSTEMPATH\CodeIgniter.php(903): App\Controllers\admin\Home->__construct()
 4 SYSTEMPATH\CodeIgniter.php(500): CodeIgniter\CodeIgniter->createController()
 5 SYSTEMPATH\CodeIgniter.php(355): CodeIgniter\CodeIgniter->handleRequest(null, Object(Config\Cache), false)
 6 SYSTEMPATH\Boot.php(325): CodeIgniter\CodeIgniter->run()
 7 SYSTEMPATH\Boot.php(67): CodeIgniter\Boot::runCodeIgniter(Object(CodeIgniter\CodeIgniter))
 8 FCPATH\index.php(56): CodeIgniter\Boot::bootWeb(Object(Config\Paths))
WARNING - 2024-12-19 05:39:37 --> [DEPRECATED] Creation of dynamic property IonAuth\Models\IonAuthModel::$messagesTemplates is deprecated in FCPATH\vendor\benedmunds\codeigniter-ion-auth\Models\IonAuthModel.php on line 237.
 1 FCPATH\vendor\benedmunds\codeigniter-ion-auth\Libraries\IonAuth.php(67): IonAuth\Models\IonAuthModel->__construct()
 2 APPPATH\Controllers\admin\Home.php(17): IonAuth\Libraries\IonAuth->__construct()
 3 SYSTEMPATH\CodeIgniter.php(903): App\Controllers\admin\Home->__construct()
 4 SYSTEMPATH\CodeIgniter.php(500): CodeIgniter\CodeIgniter->createController()
 5 SYSTEMPATH\CodeIgniter.php(355): CodeIgniter\CodeIgniter->handleRequest(null, Object(Config\Cache), false)
 6 SYSTEMPATH\Boot.php(325): CodeIgniter\CodeIgniter->run()
 7 SYSTEMPATH\Boot.php(67): CodeIgniter\Boot::runCodeIgniter(Object(CodeIgniter\CodeIgniter))
 8 FCPATH\index.php(56): CodeIgniter\Boot::bootWeb(Object(Config\Paths))
INFO - 2024-12-19 05:39:37 --> Session: Class initialized using 'CodeIgniter\Session\Handlers\FileHandler' driver.
WARNING - 2024-12-19 05:39:37 --> [DEPRECATED] Creation of dynamic property IonAuth\Libraries\IonAuth::$session is deprecated in FCPATH\vendor\benedmunds\codeigniter-ion-auth\Libraries\IonAuth.php on line 65.
 1 APPPATH\Controllers\admin\Home.php(17): IonAuth\Libraries\IonAuth->__construct()
 2 SYSTEMPATH\CodeIgniter.php(903): App\Controllers\admin\Home->__construct()
 3 SYSTEMPATH\CodeIgniter.php(500): CodeIgniter\CodeIgniter->createController()
 4 SYSTEMPATH\CodeIgniter.php(355): CodeIgniter\CodeIgniter->handleRequest(null, Object(Config\Cache), false)
 5 SYSTEMPATH\Boot.php(325): CodeIgniter\CodeIgniter->run()
 6 SYSTEMPATH\Boot.php(67): CodeIgniter\Boot::runCodeIgniter(Object(CodeIgniter\CodeIgniter))
 7 FCPATH\index.php(56): CodeIgniter\Boot::bootWeb(Object(Config\Paths))
WARNING - 2024-12-19 05:39:37 --> [DEPRECATED] Creation of dynamic property IonAuth\Models\IonAuthModel::$join is deprecated in FCPATH\vendor\benedmunds\codeigniter-ion-auth\Models\IonAuthModel.php on line 231.
 1 FCPATH\vendor\benedmunds\codeigniter-ion-auth\Libraries\IonAuth.php(67): IonAuth\Models\IonAuthModel->__construct()
 2 APPPATH\Controllers\admin\Home.php(17): IonAuth\Libraries\IonAuth->__construct()
 3 SYSTEMPATH\CodeIgniter.php(903): App\Controllers\admin\Home->__construct()
 4 SYSTEMPATH\CodeIgniter.php(500): CodeIgniter\CodeIgniter->createController()
 5 SYSTEMPATH\CodeIgniter.php(355): CodeIgniter\CodeIgniter->handleRequest(null, Object(Config\Cache), false)
 6 SYSTEMPATH\Boot.php(325): CodeIgniter\CodeIgniter->run()
 7 SYSTEMPATH\Boot.php(67): CodeIgniter\Boot::runCodeIgniter(Object(CodeIgniter\CodeIgniter))
 8 FCPATH\index.php(56): CodeIgniter\Boot::bootWeb(Object(Config\Paths))
WARNING - 2024-12-19 05:39:37 --> [DEPRECATED] Creation of dynamic property IonAuth\Models\IonAuthModel::$hashMethod is deprecated in FCPATH\vendor\benedmunds\codeigniter-ion-auth\Models\IonAuthModel.php on line 234.
 1 FCPATH\vendor\benedmunds\codeigniter-ion-auth\Libraries\IonAuth.php(67): IonAuth\Models\IonAuthModel->__construct()
 2 APPPATH\Controllers\admin\Home.php(17): IonAuth\Libraries\IonAuth->__construct()
 3 SYSTEMPATH\CodeIgniter.php(903): App\Controllers\admin\Home->__construct()
 4 SYSTEMPATH\CodeIgniter.php(500): CodeIgniter\CodeIgniter->createController()
 5 SYSTEMPATH\CodeIgniter.php(355): CodeIgniter\CodeIgniter->handleRequest(null, Object(Config\Cache), false)
 6 SYSTEMPATH\Boot.php(325): CodeIgniter\CodeIgniter->run()
 7 SYSTEMPATH\Boot.php(67): CodeIgniter\Boot::runCodeIgniter(Object(CodeIgniter\CodeIgniter))
 8 FCPATH\index.php(56): CodeIgniter\Boot::bootWeb(Object(Config\Paths))
WARNING - 2024-12-19 05:39:37 --> [DEPRECATED] Creation of dynamic property IonAuth\Models\IonAuthModel::$messagesTemplates is deprecated in FCPATH\vendor\benedmunds\codeigniter-ion-auth\Models\IonAuthModel.php on line 237.
 1 FCPATH\vendor\benedmunds\codeigniter-ion-auth\Libraries\IonAuth.php(67): IonAuth\Models\IonAuthModel->__construct()
 2 APPPATH\Controllers\admin\Home.php(17): IonAuth\Libraries\IonAuth->__construct()
 3 SYSTEMPATH\CodeIgniter.php(903): App\Controllers\admin\Home->__construct()
 4 SYSTEMPATH\CodeIgniter.php(500): CodeIgniter\CodeIgniter->createController()
 5 SYSTEMPATH\CodeIgniter.php(355): CodeIgniter\CodeIgniter->handleRequest(null, Object(Config\Cache), false)
 6 SYSTEMPATH\Boot.php(325): CodeIgniter\CodeIgniter->run()
 7 SYSTEMPATH\Boot.php(67): CodeIgniter\Boot::runCodeIgniter(Object(CodeIgniter\CodeIgniter))
 8 FCPATH\index.php(56): CodeIgniter\Boot::bootWeb(Object(Config\Paths))
INFO - 2024-12-19 05:39:54 --> Session: Class initialized using 'CodeIgniter\Session\Handlers\FileHandler' driver.
WARNING - 2024-12-19 05:39:54 --> [DEPRECATED] Creation of dynamic property IonAuth\Libraries\IonAuth::$session is deprecated in FCPATH\vendor\benedmunds\codeigniter-ion-auth\Libraries\IonAuth.php on line 65.
 1 APPPATH\Controllers\admin\Home.php(17): IonAuth\Libraries\IonAuth->__construct()
 2 SYSTEMPATH\CodeIgniter.php(903): App\Controllers\admin\Home->__construct()
 3 SYSTEMPATH\CodeIgniter.php(500): CodeIgniter\CodeIgniter->createController()
 4 SYSTEMPATH\CodeIgniter.php(355): CodeIgniter\CodeIgniter->handleRequest(null, Object(Config\Cache), false)
 5 SYSTEMPATH\Boot.php(325): CodeIgniter\CodeIgniter->run()
 6 SYSTEMPATH\Boot.php(67): CodeIgniter\Boot::runCodeIgniter(Object(CodeIgniter\CodeIgniter))
 7 FCPATH\index.php(56): CodeIgniter\Boot::bootWeb(Object(Config\Paths))
WARNING - 2024-12-19 05:39:54 --> [DEPRECATED] Creation of dynamic property IonAuth\Models\IonAuthModel::$join is deprecated in FCPATH\vendor\benedmunds\codeigniter-ion-auth\Models\IonAuthModel.php on line 231.
 1 FCPATH\vendor\benedmunds\codeigniter-ion-auth\Libraries\IonAuth.php(67): IonAuth\Models\IonAuthModel->__construct()
 2 APPPATH\Controllers\admin\Home.php(17): IonAuth\Libraries\IonAuth->__construct()
 3 SYSTEMPATH\CodeIgniter.php(903): App\Controllers\admin\Home->__construct()
 4 SYSTEMPATH\CodeIgniter.php(500): CodeIgniter\CodeIgniter->createController()
 5 SYSTEMPATH\CodeIgniter.php(355): CodeIgniter\CodeIgniter->handleRequest(null, Object(Config\Cache), false)
 6 SYSTEMPATH\Boot.php(325): CodeIgniter\CodeIgniter->run()
 7 SYSTEMPATH\Boot.php(67): CodeIgniter\Boot::runCodeIgniter(Object(CodeIgniter\CodeIgniter))
 8 FCPATH\index.php(56): CodeIgniter\Boot::bootWeb(Object(Config\Paths))
WARNING - 2024-12-19 05:39:54 --> [DEPRECATED] Creation of dynamic property IonAuth\Models\IonAuthModel::$hashMethod is deprecated in FCPATH\vendor\benedmunds\codeigniter-ion-auth\Models\IonAuthModel.php on line 234.
 1 FCPATH\vendor\benedmunds\codeigniter-ion-auth\Libraries\IonAuth.php(67): IonAuth\Models\IonAuthModel->__construct()
 2 APPPATH\Controllers\admin\Home.php(17): IonAuth\Libraries\IonAuth->__construct()
 3 SYSTEMPATH\CodeIgniter.php(903): App\Controllers\admin\Home->__construct()
 4 SYSTEMPATH\CodeIgniter.php(500): CodeIgniter\CodeIgniter->createController()
 5 SYSTEMPATH\CodeIgniter.php(355): CodeIgniter\CodeIgniter->handleRequest(null, Object(Config\Cache), false)
 6 SYSTEMPATH\Boot.php(325): CodeIgniter\CodeIgniter->run()
 7 SYSTEMPATH\Boot.php(67): CodeIgniter\Boot::runCodeIgniter(Object(CodeIgniter\CodeIgniter))
 8 FCPATH\index.php(56): CodeIgniter\Boot::bootWeb(Object(Config\Paths))
WARNING - 2024-12-19 05:39:54 --> [DEPRECATED] Creation of dynamic property IonAuth\Models\IonAuthModel::$messagesTemplates is deprecated in FCPATH\vendor\benedmunds\codeigniter-ion-auth\Models\IonAuthModel.php on line 237.
 1 FCPATH\vendor\benedmunds\codeigniter-ion-auth\Libraries\IonAuth.php(67): IonAuth\Models\IonAuthModel->__construct()
 2 APPPATH\Controllers\admin\Home.php(17): IonAuth\Libraries\IonAuth->__construct()
 3 SYSTEMPATH\CodeIgniter.php(903): App\Controllers\admin\Home->__construct()
 4 SYSTEMPATH\CodeIgniter.php(500): CodeIgniter\CodeIgniter->createController()
 5 SYSTEMPATH\CodeIgniter.php(355): CodeIgniter\CodeIgniter->handleRequest(null, Object(Config\Cache), false)
 6 SYSTEMPATH\Boot.php(325): CodeIgniter\CodeIgniter->run()
 7 SYSTEMPATH\Boot.php(67): CodeIgniter\Boot::runCodeIgniter(Object(CodeIgniter\CodeIgniter))
 8 FCPATH\index.php(56): CodeIgniter\Boot::bootWeb(Object(Config\Paths))
INFO - 2024-12-19 05:39:55 --> Session: Class initialized using 'CodeIgniter\Session\Handlers\FileHandler' driver.
WARNING - 2024-12-19 05:39:55 --> [DEPRECATED] Creation of dynamic property IonAuth\Libraries\IonAuth::$session is deprecated in FCPATH\vendor\benedmunds\codeigniter-ion-auth\Libraries\IonAuth.php on line 65.
 1 APPPATH\Controllers\admin\Home.php(17): IonAuth\Libraries\IonAuth->__construct()
 2 SYSTEMPATH\CodeIgniter.php(903): App\Controllers\admin\Home->__construct()
 3 SYSTEMPATH\CodeIgniter.php(500): CodeIgniter\CodeIgniter->createController()
 4 SYSTEMPATH\CodeIgniter.php(355): CodeIgniter\CodeIgniter->handleRequest(null, Object(Config\Cache), false)
 5 SYSTEMPATH\Boot.php(325): CodeIgniter\CodeIgniter->run()
 6 SYSTEMPATH\Boot.php(67): CodeIgniter\Boot::runCodeIgniter(Object(CodeIgniter\CodeIgniter))
 7 FCPATH\index.php(56): CodeIgniter\Boot::bootWeb(Object(Config\Paths))
WARNING - 2024-12-19 05:39:55 --> [DEPRECATED] Creation of dynamic property IonAuth\Models\IonAuthModel::$join is deprecated in FCPATH\vendor\benedmunds\codeigniter-ion-auth\Models\IonAuthModel.php on line 231.
 1 FCPATH\vendor\benedmunds\codeigniter-ion-auth\Libraries\IonAuth.php(67): IonAuth\Models\IonAuthModel->__construct()
 2 APPPATH\Controllers\admin\Home.php(17): IonAuth\Libraries\IonAuth->__construct()
 3 SYSTEMPATH\CodeIgniter.php(903): App\Controllers\admin\Home->__construct()
 4 SYSTEMPATH\CodeIgniter.php(500): CodeIgniter\CodeIgniter->createController()
 5 SYSTEMPATH\CodeIgniter.php(355): CodeIgniter\CodeIgniter->handleRequest(null, Object(Config\Cache), false)
 6 SYSTEMPATH\Boot.php(325): CodeIgniter\CodeIgniter->run()
 7 SYSTEMPATH\Boot.php(67): CodeIgniter\Boot::runCodeIgniter(Object(CodeIgniter\CodeIgniter))
 8 FCPATH\index.php(56): CodeIgniter\Boot::bootWeb(Object(Config\Paths))
WARNING - 2024-12-19 05:39:55 --> [DEPRECATED] Creation of dynamic property IonAuth\Models\IonAuthModel::$hashMethod is deprecated in FCPATH\vendor\benedmunds\codeigniter-ion-auth\Models\IonAuthModel.php on line 234.
 1 FCPATH\vendor\benedmunds\codeigniter-ion-auth\Libraries\IonAuth.php(67): IonAuth\Models\IonAuthModel->__construct()
 2 APPPATH\Controllers\admin\Home.php(17): IonAuth\Libraries\IonAuth->__construct()
 3 SYSTEMPATH\CodeIgniter.php(903): App\Controllers\admin\Home->__construct()
 4 SYSTEMPATH\CodeIgniter.php(500): CodeIgniter\CodeIgniter->createController()
 5 SYSTEMPATH\CodeIgniter.php(355): CodeIgniter\CodeIgniter->handleRequest(null, Object(Config\Cache), false)
 6 SYSTEMPATH\Boot.php(325): CodeIgniter\CodeIgniter->run()
 7 SYSTEMPATH\Boot.php(67): CodeIgniter\Boot::runCodeIgniter(Object(CodeIgniter\CodeIgniter))
 8 FCPATH\index.php(56): CodeIgniter\Boot::bootWeb(Object(Config\Paths))
WARNING - 2024-12-19 05:39:55 --> [DEPRECATED] Creation of dynamic property IonAuth\Models\IonAuthModel::$messagesTemplates is deprecated in FCPATH\vendor\benedmunds\codeigniter-ion-auth\Models\IonAuthModel.php on line 237.
 1 FCPATH\vendor\benedmunds\codeigniter-ion-auth\Libraries\IonAuth.php(67): IonAuth\Models\IonAuthModel->__construct()
 2 APPPATH\Controllers\admin\Home.php(17): IonAuth\Libraries\IonAuth->__construct()
 3 SYSTEMPATH\CodeIgniter.php(903): App\Controllers\admin\Home->__construct()
 4 SYSTEMPATH\CodeIgniter.php(500): CodeIgniter\CodeIgniter->createController()
 5 SYSTEMPATH\CodeIgniter.php(355): CodeIgniter\CodeIgniter->handleRequest(null, Object(Config\Cache), false)
 6 SYSTEMPATH\Boot.php(325): CodeIgniter\CodeIgniter->run()
 7 SYSTEMPATH\Boot.php(67): CodeIgniter\Boot::runCodeIgniter(Object(CodeIgniter\CodeIgniter))
 8 FCPATH\index.php(56): CodeIgniter\Boot::bootWeb(Object(Config\Paths))
INFO - 2024-12-19 05:39:55 --> Session: Class initialized using 'CodeIgniter\Session\Handlers\FileHandler' driver.
WARNING - 2024-12-19 05:39:55 --> [DEPRECATED] Creation of dynamic property IonAuth\Libraries\IonAuth::$session is deprecated in FCPATH\vendor\benedmunds\codeigniter-ion-auth\Libraries\IonAuth.php on line 65.
 1 APPPATH\Controllers\admin\Home.php(17): IonAuth\Libraries\IonAuth->__construct()
 2 SYSTEMPATH\CodeIgniter.php(903): App\Controllers\admin\Home->__construct()
 3 SYSTEMPATH\CodeIgniter.php(500): CodeIgniter\CodeIgniter->createController()
 4 SYSTEMPATH\CodeIgniter.php(355): CodeIgniter\CodeIgniter->handleRequest(null, Object(Config\Cache), false)
 5 SYSTEMPATH\Boot.php(325): CodeIgniter\CodeIgniter->run()
 6 SYSTEMPATH\Boot.php(67): CodeIgniter\Boot::runCodeIgniter(Object(CodeIgniter\CodeIgniter))
 7 FCPATH\index.php(56): CodeIgniter\Boot::bootWeb(Object(Config\Paths))
WARNING - 2024-12-19 05:39:55 --> [DEPRECATED] Creation of dynamic property IonAuth\Models\IonAuthModel::$join is deprecated in FCPATH\vendor\benedmunds\codeigniter-ion-auth\Models\IonAuthModel.php on line 231.
 1 FCPATH\vendor\benedmunds\codeigniter-ion-auth\Libraries\IonAuth.php(67): IonAuth\Models\IonAuthModel->__construct()
 2 APPPATH\Controllers\admin\Home.php(17): IonAuth\Libraries\IonAuth->__construct()
 3 SYSTEMPATH\CodeIgniter.php(903): App\Controllers\admin\Home->__construct()
 4 SYSTEMPATH\CodeIgniter.php(500): CodeIgniter\CodeIgniter->createController()
 5 SYSTEMPATH\CodeIgniter.php(355): CodeIgniter\CodeIgniter->handleRequest(null, Object(Config\Cache), false)
 6 SYSTEMPATH\Boot.php(325): CodeIgniter\CodeIgniter->run()
 7 SYSTEMPATH\Boot.php(67): CodeIgniter\Boot::runCodeIgniter(Object(CodeIgniter\CodeIgniter))
 8 FCPATH\index.php(56): CodeIgniter\Boot::bootWeb(Object(Config\Paths))
WARNING - 2024-12-19 05:39:55 --> [DEPRECATED] Creation of dynamic property IonAuth\Models\IonAuthModel::$hashMethod is deprecated in FCPATH\vendor\benedmunds\codeigniter-ion-auth\Models\IonAuthModel.php on line 234.
 1 FCPATH\vendor\benedmunds\codeigniter-ion-auth\Libraries\IonAuth.php(67): IonAuth\Models\IonAuthModel->__construct()
 2 APPPATH\Controllers\admin\Home.php(17): IonAuth\Libraries\IonAuth->__construct()
 3 SYSTEMPATH\CodeIgniter.php(903): App\Controllers\admin\Home->__construct()
 4 SYSTEMPATH\CodeIgniter.php(500): CodeIgniter\CodeIgniter->createController()
 5 SYSTEMPATH\CodeIgniter.php(355): CodeIgniter\CodeIgniter->handleRequest(null, Object(Config\Cache), false)
 6 SYSTEMPATH\Boot.php(325): CodeIgniter\CodeIgniter->run()
 7 SYSTEMPATH\Boot.php(67): CodeIgniter\Boot::runCodeIgniter(Object(CodeIgniter\CodeIgniter))
 8 FCPATH\index.php(56): CodeIgniter\Boot::bootWeb(Object(Config\Paths))
WARNING - 2024-12-19 05:39:55 --> [DEPRECATED] Creation of dynamic property IonAuth\Models\IonAuthModel::$messagesTemplates is deprecated in FCPATH\vendor\benedmunds\codeigniter-ion-auth\Models\IonAuthModel.php on line 237.
 1 FCPATH\vendor\benedmunds\codeigniter-ion-auth\Libraries\IonAuth.php(67): IonAuth\Models\IonAuthModel->__construct()
 2 APPPATH\Controllers\admin\Home.php(17): IonAuth\Libraries\IonAuth->__construct()
 3 SYSTEMPATH\CodeIgniter.php(903): App\Controllers\admin\Home->__construct()
 4 SYSTEMPATH\CodeIgniter.php(500): CodeIgniter\CodeIgniter->createController()
 5 SYSTEMPATH\CodeIgniter.php(355): CodeIgniter\CodeIgniter->handleRequest(null, Object(Config\Cache), false)
 6 SYSTEMPATH\Boot.php(325): CodeIgniter\CodeIgniter->run()
 7 SYSTEMPATH\Boot.php(67): CodeIgniter\Boot::runCodeIgniter(Object(CodeIgniter\CodeIgniter))
 8 FCPATH\index.php(56): CodeIgniter\Boot::bootWeb(Object(Config\Paths))
INFO - 2024-12-19 05:40:06 --> Session: Class initialized using 'CodeIgniter\Session\Handlers\FileHandler' driver.
WARNING - 2024-12-19 05:40:06 --> [DEPRECATED] Creation of dynamic property IonAuth\Models\IonAuthModel::$join is deprecated in FCPATH\vendor\benedmunds\codeigniter-ion-auth\Models\IonAuthModel.php on line 231.
 1 APPPATH\Libraries\IonAuth.php(71): IonAuth\Models\IonAuthModel->__construct()
 2 APPPATH\Controllers\Home.php(12): App\Libraries\IonAuth->__construct()
 3 SYSTEMPATH\CodeIgniter.php(903): App\Controllers\Home->__construct()
 4 SYSTEMPATH\CodeIgniter.php(500): CodeIgniter\CodeIgniter->createController()
 5 SYSTEMPATH\CodeIgniter.php(355): CodeIgniter\CodeIgniter->handleRequest(null, Object(Config\Cache), false)
 6 SYSTEMPATH\Boot.php(325): CodeIgniter\CodeIgniter->run()
 7 SYSTEMPATH\Boot.php(67): CodeIgniter\Boot::runCodeIgniter(Object(CodeIgniter\CodeIgniter))
 8 FCPATH\index.php(56): CodeIgniter\Boot::bootWeb(Object(Config\Paths))
WARNING - 2024-12-19 05:40:06 --> [DEPRECATED] Creation of dynamic property IonAuth\Models\IonAuthModel::$hashMethod is deprecated in FCPATH\vendor\benedmunds\codeigniter-ion-auth\Models\IonAuthModel.php on line 234.
 1 APPPATH\Libraries\IonAuth.php(71): IonAuth\Models\IonAuthModel->__construct()
 2 APPPATH\Controllers\Home.php(12): App\Libraries\IonAuth->__construct()
 3 SYSTEMPATH\CodeIgniter.php(903): App\Controllers\Home->__construct()
 4 SYSTEMPATH\CodeIgniter.php(500): CodeIgniter\CodeIgniter->createController()
 5 SYSTEMPATH\CodeIgniter.php(355): CodeIgniter\CodeIgniter->handleRequest(null, Object(Config\Cache), false)
 6 SYSTEMPATH\Boot.php(325): CodeIgniter\CodeIgniter->run()
 7 SYSTEMPATH\Boot.php(67): CodeIgniter\Boot::runCodeIgniter(Object(CodeIgniter\CodeIgniter))
 8 FCPATH\index.php(56): CodeIgniter\Boot::bootWeb(Object(Config\Paths))
WARNING - 2024-12-19 05:40:06 --> [DEPRECATED] Creation of dynamic property IonAuth\Models\IonAuthModel::$messagesTemplates is deprecated in FCPATH\vendor\benedmunds\codeigniter-ion-auth\Models\IonAuthModel.php on line 237.
 1 APPPATH\Libraries\IonAuth.php(71): IonAuth\Models\IonAuthModel->__construct()
 2 APPPATH\Controllers\Home.php(12): App\Libraries\IonAuth->__construct()
 3 SYSTEMPATH\CodeIgniter.php(903): App\Controllers\Home->__construct()
 4 SYSTEMPATH\CodeIgniter.php(500): CodeIgniter\CodeIgniter->createController()
 5 SYSTEMPATH\CodeIgniter.php(355): CodeIgniter\CodeIgniter->handleRequest(null, Object(Config\Cache), false)
 6 SYSTEMPATH\Boot.php(325): CodeIgniter\CodeIgniter->run()
 7 SYSTEMPATH\Boot.php(67): CodeIgniter\Boot::runCodeIgniter(Object(CodeIgniter\CodeIgniter))
 8 FCPATH\index.php(56): CodeIgniter\Boot::bootWeb(Object(Config\Paths))
INFO - 2024-12-19 05:40:19 --> Session: Class initialized using 'CodeIgniter\Session\Handlers\FileHandler' driver.
WARNING - 2024-12-19 05:40:19 --> [DEPRECATED] Creation of dynamic property IonAuth\Libraries\IonAuth::$session is deprecated in FCPATH\vendor\benedmunds\codeigniter-ion-auth\Libraries\IonAuth.php on line 65.
 1 APPPATH\Controllers\Login.php(13): IonAuth\Libraries\IonAuth->__construct()
 2 SYSTEMPATH\CodeIgniter.php(903): App\Controllers\Login->__construct()
 3 SYSTEMPATH\CodeIgniter.php(500): CodeIgniter\CodeIgniter->createController()
 4 SYSTEMPATH\CodeIgniter.php(355): CodeIgniter\CodeIgniter->handleRequest(null, Object(Config\Cache), false)
 5 SYSTEMPATH\Boot.php(325): CodeIgniter\CodeIgniter->run()
 6 SYSTEMPATH\Boot.php(67): CodeIgniter\Boot::runCodeIgniter(Object(CodeIgniter\CodeIgniter))
 7 FCPATH\index.php(56): CodeIgniter\Boot::bootWeb(Object(Config\Paths))
WARNING - 2024-12-19 05:40:19 --> [DEPRECATED] Creation of dynamic property IonAuth\Models\IonAuthModel::$join is deprecated in FCPATH\vendor\benedmunds\codeigniter-ion-auth\Models\IonAuthModel.php on line 231.
 1 FCPATH\vendor\benedmunds\codeigniter-ion-auth\Libraries\IonAuth.php(67): IonAuth\Models\IonAuthModel->__construct()
 2 APPPATH\Controllers\Login.php(13): IonAuth\Libraries\IonAuth->__construct()
 3 SYSTEMPATH\CodeIgniter.php(903): App\Controllers\Login->__construct()
 4 SYSTEMPATH\CodeIgniter.php(500): CodeIgniter\CodeIgniter->createController()
 5 SYSTEMPATH\CodeIgniter.php(355): CodeIgniter\CodeIgniter->handleRequest(null, Object(Config\Cache), false)
 6 SYSTEMPATH\Boot.php(325): CodeIgniter\CodeIgniter->run()
 7 SYSTEMPATH\Boot.php(67): CodeIgniter\Boot::runCodeIgniter(Object(CodeIgniter\CodeIgniter))
 8 FCPATH\index.php(56): CodeIgniter\Boot::bootWeb(Object(Config\Paths))
WARNING - 2024-12-19 05:40:19 --> [DEPRECATED] Creation of dynamic property IonAuth\Models\IonAuthModel::$hashMethod is deprecated in FCPATH\vendor\benedmunds\codeigniter-ion-auth\Models\IonAuthModel.php on line 234.
 1 FCPATH\vendor\benedmunds\codeigniter-ion-auth\Libraries\IonAuth.php(67): IonAuth\Models\IonAuthModel->__construct()
 2 APPPATH\Controllers\Login.php(13): IonAuth\Libraries\IonAuth->__construct()
 3 SYSTEMPATH\CodeIgniter.php(903): App\Controllers\Login->__construct()
 4 SYSTEMPATH\CodeIgniter.php(500): CodeIgniter\CodeIgniter->createController()
 5 SYSTEMPATH\CodeIgniter.php(355): CodeIgniter\CodeIgniter->handleRequest(null, Object(Config\Cache), false)
 6 SYSTEMPATH\Boot.php(325): CodeIgniter\CodeIgniter->run()
 7 SYSTEMPATH\Boot.php(67): CodeIgniter\Boot::runCodeIgniter(Object(CodeIgniter\CodeIgniter))
 8 FCPATH\index.php(56): CodeIgniter\Boot::bootWeb(Object(Config\Paths))
WARNING - 2024-12-19 05:40:19 --> [DEPRECATED] Creation of dynamic property IonAuth\Models\IonAuthModel::$messagesTemplates is deprecated in FCPATH\vendor\benedmunds\codeigniter-ion-auth\Models\IonAuthModel.php on line 237.
 1 FCPATH\vendor\benedmunds\codeigniter-ion-auth\Libraries\IonAuth.php(67): IonAuth\Models\IonAuthModel->__construct()
 2 APPPATH\Controllers\Login.php(13): IonAuth\Libraries\IonAuth->__construct()
 3 SYSTEMPATH\CodeIgniter.php(903): App\Controllers\Login->__construct()
 4 SYSTEMPATH\CodeIgniter.php(500): CodeIgniter\CodeIgniter->createController()
 5 SYSTEMPATH\CodeIgniter.php(355): CodeIgniter\CodeIgniter->handleRequest(null, Object(Config\Cache), false)
 6 SYSTEMPATH\Boot.php(325): CodeIgniter\CodeIgniter->run()
 7 SYSTEMPATH\Boot.php(67): CodeIgniter\Boot::runCodeIgniter(Object(CodeIgniter\CodeIgniter))
 8 FCPATH\index.php(56): CodeIgniter\Boot::bootWeb(Object(Config\Paths))
INFO - 2024-12-19 05:40:32 --> Session: Class initialized using 'CodeIgniter\Session\Handlers\FileHandler' driver.
WARNING - 2024-12-19 05:40:32 --> [DEPRECATED] Creation of dynamic property IonAuth\Libraries\IonAuth::$session is deprecated in FCPATH\vendor\benedmunds\codeigniter-ion-auth\Libraries\IonAuth.php on line 65.
 1 APPPATH\Controllers\Login.php(13): IonAuth\Libraries\IonAuth->__construct()
 2 SYSTEMPATH\CodeIgniter.php(903): App\Controllers\Login->__construct()
 3 SYSTEMPATH\CodeIgniter.php(500): CodeIgniter\CodeIgniter->createController()
 4 SYSTEMPATH\CodeIgniter.php(355): CodeIgniter\CodeIgniter->handleRequest(null, Object(Config\Cache), false)
 5 SYSTEMPATH\Boot.php(325): CodeIgniter\CodeIgniter->run()
 6 SYSTEMPATH\Boot.php(67): CodeIgniter\Boot::runCodeIgniter(Object(CodeIgniter\CodeIgniter))
 7 FCPATH\index.php(56): CodeIgniter\Boot::bootWeb(Object(Config\Paths))
WARNING - 2024-12-19 05:40:32 --> [DEPRECATED] Creation of dynamic property IonAuth\Models\IonAuthModel::$join is deprecated in FCPATH\vendor\benedmunds\codeigniter-ion-auth\Models\IonAuthModel.php on line 231.
 1 FCPATH\vendor\benedmunds\codeigniter-ion-auth\Libraries\IonAuth.php(67): IonAuth\Models\IonAuthModel->__construct()
 2 APPPATH\Controllers\Login.php(13): IonAuth\Libraries\IonAuth->__construct()
 3 SYSTEMPATH\CodeIgniter.php(903): App\Controllers\Login->__construct()
 4 SYSTEMPATH\CodeIgniter.php(500): CodeIgniter\CodeIgniter->createController()
 5 SYSTEMPATH\CodeIgniter.php(355): CodeIgniter\CodeIgniter->handleRequest(null, Object(Config\Cache), false)
 6 SYSTEMPATH\Boot.php(325): CodeIgniter\CodeIgniter->run()
 7 SYSTEMPATH\Boot.php(67): CodeIgniter\Boot::runCodeIgniter(Object(CodeIgniter\CodeIgniter))
 8 FCPATH\index.php(56): CodeIgniter\Boot::bootWeb(Object(Config\Paths))
WARNING - 2024-12-19 05:40:32 --> [DEPRECATED] Creation of dynamic property IonAuth\Models\IonAuthModel::$hashMethod is deprecated in FCPATH\vendor\benedmunds\codeigniter-ion-auth\Models\IonAuthModel.php on line 234.
 1 FCPATH\vendor\benedmunds\codeigniter-ion-auth\Libraries\IonAuth.php(67): IonAuth\Models\IonAuthModel->__construct()
 2 APPPATH\Controllers\Login.php(13): IonAuth\Libraries\IonAuth->__construct()
 3 SYSTEMPATH\CodeIgniter.php(903): App\Controllers\Login->__construct()
 4 SYSTEMPATH\CodeIgniter.php(500): CodeIgniter\CodeIgniter->createController()
 5 SYSTEMPATH\CodeIgniter.php(355): CodeIgniter\CodeIgniter->handleRequest(null, Object(Config\Cache), false)
 6 SYSTEMPATH\Boot.php(325): CodeIgniter\CodeIgniter->run()
 7 SYSTEMPATH\Boot.php(67): CodeIgniter\Boot::runCodeIgniter(Object(CodeIgniter\CodeIgniter))
 8 FCPATH\index.php(56): CodeIgniter\Boot::bootWeb(Object(Config\Paths))
WARNING - 2024-12-19 05:40:32 --> [DEPRECATED] Creation of dynamic property IonAuth\Models\IonAuthModel::$messagesTemplates is deprecated in FCPATH\vendor\benedmunds\codeigniter-ion-auth\Models\IonAuthModel.php on line 237.
 1 FCPATH\vendor\benedmunds\codeigniter-ion-auth\Libraries\IonAuth.php(67): IonAuth\Models\IonAuthModel->__construct()
 2 APPPATH\Controllers\Login.php(13): IonAuth\Libraries\IonAuth->__construct()
 3 SYSTEMPATH\CodeIgniter.php(903): App\Controllers\Login->__construct()
 4 SYSTEMPATH\CodeIgniter.php(500): CodeIgniter\CodeIgniter->createController()
 5 SYSTEMPATH\CodeIgniter.php(355): CodeIgniter\CodeIgniter->handleRequest(null, Object(Config\Cache), false)
 6 SYSTEMPATH\Boot.php(325): CodeIgniter\CodeIgniter->run()
 7 SYSTEMPATH\Boot.php(67): CodeIgniter\Boot::runCodeIgniter(Object(CodeIgniter\CodeIgniter))
 8 FCPATH\index.php(56): CodeIgniter\Boot::bootWeb(Object(Config\Paths))
INFO - 2024-12-19 05:40:32 --> Session: Class initialized using 'CodeIgniter\Session\Handlers\FileHandler' driver.
WARNING - 2024-12-19 05:40:32 --> [DEPRECATED] Creation of dynamic property IonAuth\Libraries\IonAuth::$session is deprecated in FCPATH\vendor\benedmunds\codeigniter-ion-auth\Libraries\IonAuth.php on line 65.
 1 APPPATH\Controllers\admin\Home.php(17): IonAuth\Libraries\IonAuth->__construct()
 2 SYSTEMPATH\CodeIgniter.php(903): App\Controllers\admin\Home->__construct()
 3 SYSTEMPATH\CodeIgniter.php(500): CodeIgniter\CodeIgniter->createController()
 4 SYSTEMPATH\CodeIgniter.php(355): CodeIgniter\CodeIgniter->handleRequest(null, Object(Config\Cache), false)
 5 SYSTEMPATH\Boot.php(325): CodeIgniter\CodeIgniter->run()
 6 SYSTEMPATH\Boot.php(67): CodeIgniter\Boot::runCodeIgniter(Object(CodeIgniter\CodeIgniter))
 7 FCPATH\index.php(56): CodeIgniter\Boot::bootWeb(Object(Config\Paths))
WARNING - 2024-12-19 05:40:32 --> [DEPRECATED] Creation of dynamic property IonAuth\Models\IonAuthModel::$join is deprecated in FCPATH\vendor\benedmunds\codeigniter-ion-auth\Models\IonAuthModel.php on line 231.
 1 FCPATH\vendor\benedmunds\codeigniter-ion-auth\Libraries\IonAuth.php(67): IonAuth\Models\IonAuthModel->__construct()
 2 APPPATH\Controllers\admin\Home.php(17): IonAuth\Libraries\IonAuth->__construct()
 3 SYSTEMPATH\CodeIgniter.php(903): App\Controllers\admin\Home->__construct()
 4 SYSTEMPATH\CodeIgniter.php(500): CodeIgniter\CodeIgniter->createController()
 5 SYSTEMPATH\CodeIgniter.php(355): CodeIgniter\CodeIgniter->handleRequest(null, Object(Config\Cache), false)
 6 SYSTEMPATH\Boot.php(325): CodeIgniter\CodeIgniter->run()
 7 SYSTEMPATH\Boot.php(67): CodeIgniter\Boot::runCodeIgniter(Object(CodeIgniter\CodeIgniter))
 8 FCPATH\index.php(56): CodeIgniter\Boot::bootWeb(Object(Config\Paths))
WARNING - 2024-12-19 05:40:32 --> [DEPRECATED] Creation of dynamic property IonAuth\Models\IonAuthModel::$hashMethod is deprecated in FCPATH\vendor\benedmunds\codeigniter-ion-auth\Models\IonAuthModel.php on line 234.
 1 FCPATH\vendor\benedmunds\codeigniter-ion-auth\Libraries\IonAuth.php(67): IonAuth\Models\IonAuthModel->__construct()
 2 APPPATH\Controllers\admin\Home.php(17): IonAuth\Libraries\IonAuth->__construct()
 3 SYSTEMPATH\CodeIgniter.php(903): App\Controllers\admin\Home->__construct()
 4 SYSTEMPATH\CodeIgniter.php(500): CodeIgniter\CodeIgniter->createController()
 5 SYSTEMPATH\CodeIgniter.php(355): CodeIgniter\CodeIgniter->handleRequest(null, Object(Config\Cache), false)
 6 SYSTEMPATH\Boot.php(325): CodeIgniter\CodeIgniter->run()
 7 SYSTEMPATH\Boot.php(67): CodeIgniter\Boot::runCodeIgniter(Object(CodeIgniter\CodeIgniter))
 8 FCPATH\index.php(56): CodeIgniter\Boot::bootWeb(Object(Config\Paths))
WARNING - 2024-12-19 05:40:32 --> [DEPRECATED] Creation of dynamic property IonAuth\Models\IonAuthModel::$messagesTemplates is deprecated in FCPATH\vendor\benedmunds\codeigniter-ion-auth\Models\IonAuthModel.php on line 237.
 1 FCPATH\vendor\benedmunds\codeigniter-ion-auth\Libraries\IonAuth.php(67): IonAuth\Models\IonAuthModel->__construct()
 2 APPPATH\Controllers\admin\Home.php(17): IonAuth\Libraries\IonAuth->__construct()
 3 SYSTEMPATH\CodeIgniter.php(903): App\Controllers\admin\Home->__construct()
 4 SYSTEMPATH\CodeIgniter.php(500): CodeIgniter\CodeIgniter->createController()
 5 SYSTEMPATH\CodeIgniter.php(355): CodeIgniter\CodeIgniter->handleRequest(null, Object(Config\Cache), false)
 6 SYSTEMPATH\Boot.php(325): CodeIgniter\CodeIgniter->run()
 7 SYSTEMPATH\Boot.php(67): CodeIgniter\Boot::runCodeIgniter(Object(CodeIgniter\CodeIgniter))
 8 FCPATH\index.php(56): CodeIgniter\Boot::bootWeb(Object(Config\Paths))
INFO - 2024-12-19 05:40:33 --> Session: Class initialized using 'CodeIgniter\Session\Handlers\FileHandler' driver.
WARNING - 2024-12-19 05:40:33 --> [DEPRECATED] Creation of dynamic property IonAuth\Libraries\IonAuth::$session is deprecated in FCPATH\vendor\benedmunds\codeigniter-ion-auth\Libraries\IonAuth.php on line 65.
 1 APPPATH\Controllers\admin\Home.php(17): IonAuth\Libraries\IonAuth->__construct()
 2 SYSTEMPATH\CodeIgniter.php(903): App\Controllers\admin\Home->__construct()
 3 SYSTEMPATH\CodeIgniter.php(500): CodeIgniter\CodeIgniter->createController()
 4 SYSTEMPATH\CodeIgniter.php(355): CodeIgniter\CodeIgniter->handleRequest(null, Object(Config\Cache), false)
 5 SYSTEMPATH\Boot.php(325): CodeIgniter\CodeIgniter->run()
 6 SYSTEMPATH\Boot.php(67): CodeIgniter\Boot::runCodeIgniter(Object(CodeIgniter\CodeIgniter))
 7 FCPATH\index.php(56): CodeIgniter\Boot::bootWeb(Object(Config\Paths))
WARNING - 2024-12-19 05:40:33 --> [DEPRECATED] Creation of dynamic property IonAuth\Models\IonAuthModel::$join is deprecated in FCPATH\vendor\benedmunds\codeigniter-ion-auth\Models\IonAuthModel.php on line 231.
 1 FCPATH\vendor\benedmunds\codeigniter-ion-auth\Libraries\IonAuth.php(67): IonAuth\Models\IonAuthModel->__construct()
 2 APPPATH\Controllers\admin\Home.php(17): IonAuth\Libraries\IonAuth->__construct()
 3 SYSTEMPATH\CodeIgniter.php(903): App\Controllers\admin\Home->__construct()
 4 SYSTEMPATH\CodeIgniter.php(500): CodeIgniter\CodeIgniter->createController()
 5 SYSTEMPATH\CodeIgniter.php(355): CodeIgniter\CodeIgniter->handleRequest(null, Object(Config\Cache), false)
 6 SYSTEMPATH\Boot.php(325): CodeIgniter\CodeIgniter->run()
 7 SYSTEMPATH\Boot.php(67): CodeIgniter\Boot::runCodeIgniter(Object(CodeIgniter\CodeIgniter))
 8 FCPATH\index.php(56): CodeIgniter\Boot::bootWeb(Object(Config\Paths))
WARNING - 2024-12-19 05:40:33 --> [DEPRECATED] Creation of dynamic property IonAuth\Models\IonAuthModel::$hashMethod is deprecated in FCPATH\vendor\benedmunds\codeigniter-ion-auth\Models\IonAuthModel.php on line 234.
 1 FCPATH\vendor\benedmunds\codeigniter-ion-auth\Libraries\IonAuth.php(67): IonAuth\Models\IonAuthModel->__construct()
 2 APPPATH\Controllers\admin\Home.php(17): IonAuth\Libraries\IonAuth->__construct()
 3 SYSTEMPATH\CodeIgniter.php(903): App\Controllers\admin\Home->__construct()
 4 SYSTEMPATH\CodeIgniter.php(500): CodeIgniter\CodeIgniter->createController()
 5 SYSTEMPATH\CodeIgniter.php(355): CodeIgniter\CodeIgniter->handleRequest(null, Object(Config\Cache), false)
 6 SYSTEMPATH\Boot.php(325): CodeIgniter\CodeIgniter->run()
 7 SYSTEMPATH\Boot.php(67): CodeIgniter\Boot::runCodeIgniter(Object(CodeIgniter\CodeIgniter))
 8 FCPATH\index.php(56): CodeIgniter\Boot::bootWeb(Object(Config\Paths))
WARNING - 2024-12-19 05:40:33 --> [DEPRECATED] Creation of dynamic property IonAuth\Models\IonAuthModel::$messagesTemplates is deprecated in FCPATH\vendor\benedmunds\codeigniter-ion-auth\Models\IonAuthModel.php on line 237.
 1 FCPATH\vendor\benedmunds\codeigniter-ion-auth\Libraries\IonAuth.php(67): IonAuth\Models\IonAuthModel->__construct()
 2 APPPATH\Controllers\admin\Home.php(17): IonAuth\Libraries\IonAuth->__construct()
 3 SYSTEMPATH\CodeIgniter.php(903): App\Controllers\admin\Home->__construct()
 4 SYSTEMPATH\CodeIgniter.php(500): CodeIgniter\CodeIgniter->createController()
 5 SYSTEMPATH\CodeIgniter.php(355): CodeIgniter\CodeIgniter->handleRequest(null, Object(Config\Cache), false)
 6 SYSTEMPATH\Boot.php(325): CodeIgniter\CodeIgniter->run()
 7 SYSTEMPATH\Boot.php(67): CodeIgniter\Boot::runCodeIgniter(Object(CodeIgniter\CodeIgniter))
 8 FCPATH\index.php(56): CodeIgniter\Boot::bootWeb(Object(Config\Paths))
INFO - 2024-12-19 05:40:33 --> Session: Class initialized using 'CodeIgniter\Session\Handlers\FileHandler' driver.
WARNING - 2024-12-19 05:40:33 --> [DEPRECATED] Creation of dynamic property IonAuth\Libraries\IonAuth::$session is deprecated in FCPATH\vendor\benedmunds\codeigniter-ion-auth\Libraries\IonAuth.php on line 65.
 1 APPPATH\Controllers\admin\Home.php(17): IonAuth\Libraries\IonAuth->__construct()
 2 SYSTEMPATH\CodeIgniter.php(903): App\Controllers\admin\Home->__construct()
 3 SYSTEMPATH\CodeIgniter.php(500): CodeIgniter\CodeIgniter->createController()
 4 SYSTEMPATH\CodeIgniter.php(355): CodeIgniter\CodeIgniter->handleRequest(null, Object(Config\Cache), false)
 5 SYSTEMPATH\Boot.php(325): CodeIgniter\CodeIgniter->run()
 6 SYSTEMPATH\Boot.php(67): CodeIgniter\Boot::runCodeIgniter(Object(CodeIgniter\CodeIgniter))
 7 FCPATH\index.php(56): CodeIgniter\Boot::bootWeb(Object(Config\Paths))
WARNING - 2024-12-19 05:40:33 --> [DEPRECATED] Creation of dynamic property IonAuth\Models\IonAuthModel::$join is deprecated in FCPATH\vendor\benedmunds\codeigniter-ion-auth\Models\IonAuthModel.php on line 231.
 1 FCPATH\vendor\benedmunds\codeigniter-ion-auth\Libraries\IonAuth.php(67): IonAuth\Models\IonAuthModel->__construct()
 2 APPPATH\Controllers\admin\Home.php(17): IonAuth\Libraries\IonAuth->__construct()
 3 SYSTEMPATH\CodeIgniter.php(903): App\Controllers\admin\Home->__construct()
 4 SYSTEMPATH\CodeIgniter.php(500): CodeIgniter\CodeIgniter->createController()
 5 SYSTEMPATH\CodeIgniter.php(355): CodeIgniter\CodeIgniter->handleRequest(null, Object(Config\Cache), false)
 6 SYSTEMPATH\Boot.php(325): CodeIgniter\CodeIgniter->run()
 7 SYSTEMPATH\Boot.php(67): CodeIgniter\Boot::runCodeIgniter(Object(CodeIgniter\CodeIgniter))
 8 FCPATH\index.php(56): CodeIgniter\Boot::bootWeb(Object(Config\Paths))
WARNING - 2024-12-19 05:40:33 --> [DEPRECATED] Creation of dynamic property IonAuth\Models\IonAuthModel::$hashMethod is deprecated in FCPATH\vendor\benedmunds\codeigniter-ion-auth\Models\IonAuthModel.php on line 234.
 1 FCPATH\vendor\benedmunds\codeigniter-ion-auth\Libraries\IonAuth.php(67): IonAuth\Models\IonAuthModel->__construct()
 2 APPPATH\Controllers\admin\Home.php(17): IonAuth\Libraries\IonAuth->__construct()
 3 SYSTEMPATH\CodeIgniter.php(903): App\Controllers\admin\Home->__construct()
 4 SYSTEMPATH\CodeIgniter.php(500): CodeIgniter\CodeIgniter->createController()
 5 SYSTEMPATH\CodeIgniter.php(355): CodeIgniter\CodeIgniter->handleRequest(null, Object(Config\Cache), false)
 6 SYSTEMPATH\Boot.php(325): CodeIgniter\CodeIgniter->run()
 7 SYSTEMPATH\Boot.php(67): CodeIgniter\Boot::runCodeIgniter(Object(CodeIgniter\CodeIgniter))
 8 FCPATH\index.php(56): CodeIgniter\Boot::bootWeb(Object(Config\Paths))
WARNING - 2024-12-19 05:40:33 --> [DEPRECATED] Creation of dynamic property IonAuth\Models\IonAuthModel::$messagesTemplates is deprecated in FCPATH\vendor\benedmunds\codeigniter-ion-auth\Models\IonAuthModel.php on line 237.
 1 FCPATH\vendor\benedmunds\codeigniter-ion-auth\Libraries\IonAuth.php(67): IonAuth\Models\IonAuthModel->__construct()
 2 APPPATH\Controllers\admin\Home.php(17): IonAuth\Libraries\IonAuth->__construct()
 3 SYSTEMPATH\CodeIgniter.php(903): App\Controllers\admin\Home->__construct()
 4 SYSTEMPATH\CodeIgniter.php(500): CodeIgniter\CodeIgniter->createController()
 5 SYSTEMPATH\CodeIgniter.php(355): CodeIgniter\CodeIgniter->handleRequest(null, Object(Config\Cache), false)
 6 SYSTEMPATH\Boot.php(325): CodeIgniter\CodeIgniter->run()
 7 SYSTEMPATH\Boot.php(67): CodeIgniter\Boot::runCodeIgniter(Object(CodeIgniter\CodeIgniter))
 8 FCPATH\index.php(56): CodeIgniter\Boot::bootWeb(Object(Config\Paths))
INFO - 2024-12-19 05:42:53 --> Session: Class initialized using 'CodeIgniter\Session\Handlers\FileHandler' driver.
WARNING - 2024-12-19 05:42:53 --> [DEPRECATED] Creation of dynamic property IonAuth\Models\IonAuthModel::$join is deprecated in FCPATH\vendor\benedmunds\codeigniter-ion-auth\Models\IonAuthModel.php on line 231.
 1 APPPATH\Libraries\IonAuth.php(71): IonAuth\Models\IonAuthModel->__construct()
 2 APPPATH\Controllers\Home.php(12): App\Libraries\IonAuth->__construct()
 3 SYSTEMPATH\CodeIgniter.php(903): App\Controllers\Home->__construct()
 4 SYSTEMPATH\CodeIgniter.php(500): CodeIgniter\CodeIgniter->createController()
 5 SYSTEMPATH\CodeIgniter.php(355): CodeIgniter\CodeIgniter->handleRequest(null, Object(Config\Cache), false)
 6 SYSTEMPATH\Boot.php(325): CodeIgniter\CodeIgniter->run()
 7 SYSTEMPATH\Boot.php(67): CodeIgniter\Boot::runCodeIgniter(Object(CodeIgniter\CodeIgniter))
 8 FCPATH\index.php(56): CodeIgniter\Boot::bootWeb(Object(Config\Paths))
WARNING - 2024-12-19 05:42:53 --> [DEPRECATED] Creation of dynamic property IonAuth\Models\IonAuthModel::$hashMethod is deprecated in FCPATH\vendor\benedmunds\codeigniter-ion-auth\Models\IonAuthModel.php on line 234.
 1 APPPATH\Libraries\IonAuth.php(71): IonAuth\Models\IonAuthModel->__construct()
 2 APPPATH\Controllers\Home.php(12): App\Libraries\IonAuth->__construct()
 3 SYSTEMPATH\CodeIgniter.php(903): App\Controllers\Home->__construct()
 4 SYSTEMPATH\CodeIgniter.php(500): CodeIgniter\CodeIgniter->createController()
 5 SYSTEMPATH\CodeIgniter.php(355): CodeIgniter\CodeIgniter->handleRequest(null, Object(Config\Cache), false)
 6 SYSTEMPATH\Boot.php(325): CodeIgniter\CodeIgniter->run()
 7 SYSTEMPATH\Boot.php(67): CodeIgniter\Boot::runCodeIgniter(Object(CodeIgniter\CodeIgniter))
 8 FCPATH\index.php(56): CodeIgniter\Boot::bootWeb(Object(Config\Paths))
WARNING - 2024-12-19 05:42:53 --> [DEPRECATED] Creation of dynamic property IonAuth\Models\IonAuthModel::$messagesTemplates is deprecated in FCPATH\vendor\benedmunds\codeigniter-ion-auth\Models\IonAuthModel.php on line 237.
 1 APPPATH\Libraries\IonAuth.php(71): IonAuth\Models\IonAuthModel->__construct()
 2 APPPATH\Controllers\Home.php(12): App\Libraries\IonAuth->__construct()
 3 SYSTEMPATH\CodeIgniter.php(903): App\Controllers\Home->__construct()
 4 SYSTEMPATH\CodeIgniter.php(500): CodeIgniter\CodeIgniter->createController()
 5 SYSTEMPATH\CodeIgniter.php(355): CodeIgniter\CodeIgniter->handleRequest(null, Object(Config\Cache), false)
 6 SYSTEMPATH\Boot.php(325): CodeIgniter\CodeIgniter->run()
 7 SYSTEMPATH\Boot.php(67): CodeIgniter\Boot::runCodeIgniter(Object(CodeIgniter\CodeIgniter))
 8 FCPATH\index.php(56): CodeIgniter\Boot::bootWeb(Object(Config\Paths))
INFO - 2024-12-19 05:51:15 --> Session: Class initialized using 'CodeIgniter\Session\Handlers\FileHandler' driver.
WARNING - 2024-12-19 05:51:15 --> [DEPRECATED] Creation of dynamic property IonAuth\Models\IonAuthModel::$join is deprecated in FCPATH\vendor\benedmunds\codeigniter-ion-auth\Models\IonAuthModel.php on line 231.
 1 APPPATH\Libraries\IonAuth.php(71): IonAuth\Models\IonAuthModel->__construct()
 2 APPPATH\Controllers\Home.php(12): App\Libraries\IonAuth->__construct()
 3 SYSTEMPATH\CodeIgniter.php(903): App\Controllers\Home->__construct()
 4 SYSTEMPATH\CodeIgniter.php(500): CodeIgniter\CodeIgniter->createController()
 5 SYSTEMPATH\CodeIgniter.php(355): CodeIgniter\CodeIgniter->handleRequest(null, Object(Config\Cache), false)
 6 SYSTEMPATH\Boot.php(325): CodeIgniter\CodeIgniter->run()
 7 SYSTEMPATH\Boot.php(67): CodeIgniter\Boot::runCodeIgniter(Object(CodeIgniter\CodeIgniter))
 8 FCPATH\index.php(56): CodeIgniter\Boot::bootWeb(Object(Config\Paths))
WARNING - 2024-12-19 05:51:15 --> [DEPRECATED] Creation of dynamic property IonAuth\Models\IonAuthModel::$hashMethod is deprecated in FCPATH\vendor\benedmunds\codeigniter-ion-auth\Models\IonAuthModel.php on line 234.
 1 APPPATH\Libraries\IonAuth.php(71): IonAuth\Models\IonAuthModel->__construct()
 2 APPPATH\Controllers\Home.php(12): App\Libraries\IonAuth->__construct()
 3 SYSTEMPATH\CodeIgniter.php(903): App\Controllers\Home->__construct()
 4 SYSTEMPATH\CodeIgniter.php(500): CodeIgniter\CodeIgniter->createController()
 5 SYSTEMPATH\CodeIgniter.php(355): CodeIgniter\CodeIgniter->handleRequest(null, Object(Config\Cache), false)
 6 SYSTEMPATH\Boot.php(325): CodeIgniter\CodeIgniter->run()
 7 SYSTEMPATH\Boot.php(67): CodeIgniter\Boot::runCodeIgniter(Object(CodeIgniter\CodeIgniter))
 8 FCPATH\index.php(56): CodeIgniter\Boot::bootWeb(Object(Config\Paths))
WARNING - 2024-12-19 05:51:15 --> [DEPRECATED] Creation of dynamic property IonAuth\Models\IonAuthModel::$messagesTemplates is deprecated in FCPATH\vendor\benedmunds\codeigniter-ion-auth\Models\IonAuthModel.php on line 237.
 1 APPPATH\Libraries\IonAuth.php(71): IonAuth\Models\IonAuthModel->__construct()
 2 APPPATH\Controllers\Home.php(12): App\Libraries\IonAuth->__construct()
 3 SYSTEMPATH\CodeIgniter.php(903): App\Controllers\Home->__construct()
 4 SYSTEMPATH\CodeIgniter.php(500): CodeIgniter\CodeIgniter->createController()
 5 SYSTEMPATH\CodeIgniter.php(355): CodeIgniter\CodeIgniter->handleRequest(null, Object(Config\Cache), false)
 6 SYSTEMPATH\Boot.php(325): CodeIgniter\CodeIgniter->run()
 7 SYSTEMPATH\Boot.php(67): CodeIgniter\Boot::runCodeIgniter(Object(CodeIgniter\CodeIgniter))
 8 FCPATH\index.php(56): CodeIgniter\Boot::bootWeb(Object(Config\Paths))
CRITICAL - 2024-12-19 11:21:15 --> ErrorException: Undefined property: CodeIgniter\View\View::$ionAuth
[Method: GET, Route: /]
in APPPATH\Views\frontend\header.php on line 29.
 1 APPPATH\Views\frontend\header.php(29): CodeIgniter\Debug\Exceptions->errorHandler(2, 'Undefined property: CodeIgniter\\View\\View::$ionAuth', 'C:\\xampp1\\htdocs\\Maareeye-sass-git\\app\\Views\\frontend\\header.php', 29)
 2 SYSTEMPATH\View\View.php(234): include('C:\\xampp1\\htdocs\\Maareeye-sass-git\\app\\Views\\frontend\\header.php')
 3 SYSTEMPATH\View\View.php(237): CodeIgniter\View\View->CodeIgniter\View\{closure}()
 4 SYSTEMPATH\Common.php(1171): CodeIgniter\View\View->render('frontend/header', [], true)
 5 APPPATH\Views\frontend\template.php(51): view('frontend/header')
 6 SYSTEMPATH\View\View.php(234): include('C:\\xampp1\\htdocs\\Maareeye-sass-git\\app\\Views\\frontend\\template.php')
 7 SYSTEMPATH\View\View.php(237): CodeIgniter\View\View->CodeIgniter\View\{closure}()
 8 SYSTEMPATH\Common.php(1171): CodeIgniter\View\View->render('frontend/template', [], true)
 9 APPPATH\Controllers\Home.php(34): view('frontend/template', [...])
10 SYSTEMPATH\CodeIgniter.php(933): App\Controllers\Home->index()
11 SYSTEMPATH\CodeIgniter.php(509): CodeIgniter\CodeIgniter->runController(Object(App\Controllers\Home))
12 SYSTEMPATH\CodeIgniter.php(355): CodeIgniter\CodeIgniter->handleRequest(null, Object(Config\Cache), false)
13 SYSTEMPATH\Boot.php(325): CodeIgniter\CodeIgniter->run()
14 SYSTEMPATH\Boot.php(67): CodeIgniter\Boot::runCodeIgniter(Object(CodeIgniter\CodeIgniter))
15 FCPATH\index.php(56): CodeIgniter\Boot::bootWeb(Object(Config\Paths))
CRITICAL - 2024-12-19 11:21:15 --> ErrorException: Uncaught Error: Call to undefined method CodeIgniter\Debug\ExceptionHandler::cleanPath() in C:\xampp1\htdocs\Maareeye-sass-git\app\Views\errors\html\error_exception.php:33
Stack trace:
#0 C:\xampp1\htdocs\Maareeye-sass-git\vendor\codeigniter4\framework\system\Debug\BaseExceptionHandler.php(266): include()
#1 C:\xampp1\htdocs\Maareeye-sass-git\vendor\codeigniter4\framework\system\Debug\BaseExceptionHandler.php(269): CodeIgniter\Debug\BaseExceptionHandler->CodeIgniter\Debug\{closure}()
#2 C:\xampp1\htdocs\Maareeye-sass-git\vendor\codeigniter4\framework\system\Debug\ExceptionHandler.php(114): CodeIgniter\Debug\BaseExceptionHandler->render(Object(ErrorException), 500, 'C:\\xampp1\\htdoc...')
#3 C:\xampp1\htdocs\Maareeye-sass-git\vendor\codeigniter4\framework\system\Debug\Exceptions.php(163): CodeIgniter\Debug\ExceptionHandler->handle(Object(ErrorException), Object(CodeIgniter\HTTP\IncomingRequest), Object(CodeIgniter\HTTP\Response), 500, 1)
#4 [internal function]: CodeIgniter\Debug\Exceptions->exceptionHandler(Object(ErrorException))
#5 {main}
  thrown
【Previous Exception】
ErrorException
Undefined property: CodeIgniter\View\View::$ionAuth
#0 C:\xampp1\htdocs\Maareeye-sass-git\app\Views\frontend\header.php(29): CodeIgniter\Debug\Exceptions->errorHandler(2, 'Undefined prope...', 'C:\\xampp1\\htdoc...', 29)
#1 C:\xampp1\htdocs\Maareeye-sass-git\vendor\codeigniter4\framework\system\View\View.php(234): include('C:\\xampp1\\htdoc...')
#2 C:\xampp1\htdocs\Maareeye-sass-git\vendor\codeigniter4\framework\system\View\View.php(237): CodeIgniter\View\View->CodeIgniter\View\{closure}()
#3 C:\xampp1\htdocs\Maareeye-sass-git\vendor\codeigniter4\framework\system\Common.php(1171): CodeIgniter\View\View->render('frontend/header', Array, true)
#4 C:\xampp1\htdocs\Maareeye-sass-git\app\Views\frontend\template.php(51): view('frontend/header')
#5 C:\xampp1\htdocs\Maareeye-sass-git\vendor\codeigniter4\framework\system\View\View.php(234): include('C:\\xampp1\\htdoc...')
#6 C:\xampp1\htdocs\Maareeye-sass-git\vendor\codeigniter4\framework\system\View\View.php(237): CodeIgniter\View\View->CodeIgniter\View\{closure}()
#7 C:\xampp1\htdocs\Maareeye-sass-git\vendor\codeigniter4\framework\system\Common.php(1171): CodeIgniter\View\View->render('frontend/templa...', Array, true)
#8 C:\xampp1\htdocs\Maareeye-sass-git\app\Controllers\Home.php(34): view('frontend/templa...', Array)
#9 C:\xampp1\htdocs\Maareeye-sass-git\vendor\codeigniter4\framework\system\CodeIgniter.php(933): App\Controllers\Home->index()
#10 C:\xampp1\htdocs\Maareeye-sass-git\vendor\codeigniter4\framework\system\CodeIgniter.php(509): CodeIgniter\CodeIgniter->runController(Object(App\Controllers\Home))
#11 C:\xampp1\htdocs\Maareeye-sass-git\vendor\codeigniter4\framework\system\CodeIgniter.php(355): CodeIgniter\CodeIgniter->handleRequest(NULL, Object(Config\Cache), false)
#12 C:\xampp1\htdocs\Maareeye-sass-git\vendor\codeigniter4\framework\system\Boot.php(325): CodeIgniter\CodeIgniter->run()
#13 C:\xampp1\htdocs\Maareeye-sass-git\vendor\codeigniter4\framework\system\Boot.php(67): CodeIgniter\Boot::runCodeIgniter(Object(CodeIgniter\CodeIgniter))
#14 C:\xampp1\htdocs\Maareeye-sass-git\index.php(56): CodeIgniter\Boot::bootWeb(Object(Config\Paths))
#15 {main}
[Method: GET, Route: /]
in APPPATH\Views\errors\html\error_exception.php on line 33.
 1 [internal function]: CodeIgniter\Debug\Exceptions->shutdownHandler()
INFO - 2024-12-19 05:53:57 --> Session: Class initialized using 'CodeIgniter\Session\Handlers\FileHandler' driver.
WARNING - 2024-12-19 05:53:57 --> [DEPRECATED] Creation of dynamic property IonAuth\Models\IonAuthModel::$join is deprecated in FCPATH\vendor\benedmunds\codeigniter-ion-auth\Models\IonAuthModel.php on line 231.
 1 APPPATH\Libraries\IonAuth.php(71): IonAuth\Models\IonAuthModel->__construct()
 2 APPPATH\Controllers\Home.php(12): App\Libraries\IonAuth->__construct()
 3 SYSTEMPATH\CodeIgniter.php(903): App\Controllers\Home->__construct()
 4 SYSTEMPATH\CodeIgniter.php(500): CodeIgniter\CodeIgniter->createController()
 5 SYSTEMPATH\CodeIgniter.php(355): CodeIgniter\CodeIgniter->handleRequest(null, Object(Config\Cache), false)
 6 SYSTEMPATH\Boot.php(325): CodeIgniter\CodeIgniter->run()
 7 SYSTEMPATH\Boot.php(67): CodeIgniter\Boot::runCodeIgniter(Object(CodeIgniter\CodeIgniter))
 8 FCPATH\index.php(56): CodeIgniter\Boot::bootWeb(Object(Config\Paths))
WARNING - 2024-12-19 05:53:57 --> [DEPRECATED] Creation of dynamic property IonAuth\Models\IonAuthModel::$hashMethod is deprecated in FCPATH\vendor\benedmunds\codeigniter-ion-auth\Models\IonAuthModel.php on line 234.
 1 APPPATH\Libraries\IonAuth.php(71): IonAuth\Models\IonAuthModel->__construct()
 2 APPPATH\Controllers\Home.php(12): App\Libraries\IonAuth->__construct()
 3 SYSTEMPATH\CodeIgniter.php(903): App\Controllers\Home->__construct()
 4 SYSTEMPATH\CodeIgniter.php(500): CodeIgniter\CodeIgniter->createController()
 5 SYSTEMPATH\CodeIgniter.php(355): CodeIgniter\CodeIgniter->handleRequest(null, Object(Config\Cache), false)
 6 SYSTEMPATH\Boot.php(325): CodeIgniter\CodeIgniter->run()
 7 SYSTEMPATH\Boot.php(67): CodeIgniter\Boot::runCodeIgniter(Object(CodeIgniter\CodeIgniter))
 8 FCPATH\index.php(56): CodeIgniter\Boot::bootWeb(Object(Config\Paths))
WARNING - 2024-12-19 05:53:57 --> [DEPRECATED] Creation of dynamic property IonAuth\Models\IonAuthModel::$messagesTemplates is deprecated in FCPATH\vendor\benedmunds\codeigniter-ion-auth\Models\IonAuthModel.php on line 237.
 1 APPPATH\Libraries\IonAuth.php(71): IonAuth\Models\IonAuthModel->__construct()
 2 APPPATH\Controllers\Home.php(12): App\Libraries\IonAuth->__construct()
 3 SYSTEMPATH\CodeIgniter.php(903): App\Controllers\Home->__construct()
 4 SYSTEMPATH\CodeIgniter.php(500): CodeIgniter\CodeIgniter->createController()
 5 SYSTEMPATH\CodeIgniter.php(355): CodeIgniter\CodeIgniter->handleRequest(null, Object(Config\Cache), false)
 6 SYSTEMPATH\Boot.php(325): CodeIgniter\CodeIgniter->run()
 7 SYSTEMPATH\Boot.php(67): CodeIgniter\Boot::runCodeIgniter(Object(CodeIgniter\CodeIgniter))
 8 FCPATH\index.php(56): CodeIgniter\Boot::bootWeb(Object(Config\Paths))
INFO - 2024-12-19 05:54:16 --> Session: Class initialized using 'CodeIgniter\Session\Handlers\FileHandler' driver.
WARNING - 2024-12-19 05:54:16 --> [DEPRECATED] Creation of dynamic property IonAuth\Models\IonAuthModel::$join is deprecated in FCPATH\vendor\benedmunds\codeigniter-ion-auth\Models\IonAuthModel.php on line 231.
 1 APPPATH\Libraries\IonAuth.php(71): IonAuth\Models\IonAuthModel->__construct()
 2 APPPATH\Controllers\Home.php(12): App\Libraries\IonAuth->__construct()
 3 SYSTEMPATH\CodeIgniter.php(903): App\Controllers\Home->__construct()
 4 SYSTEMPATH\CodeIgniter.php(500): CodeIgniter\CodeIgniter->createController()
 5 SYSTEMPATH\CodeIgniter.php(355): CodeIgniter\CodeIgniter->handleRequest(null, Object(Config\Cache), false)
 6 SYSTEMPATH\Boot.php(325): CodeIgniter\CodeIgniter->run()
 7 SYSTEMPATH\Boot.php(67): CodeIgniter\Boot::runCodeIgniter(Object(CodeIgniter\CodeIgniter))
 8 FCPATH\index.php(56): CodeIgniter\Boot::bootWeb(Object(Config\Paths))
WARNING - 2024-12-19 05:54:16 --> [DEPRECATED] Creation of dynamic property IonAuth\Models\IonAuthModel::$hashMethod is deprecated in FCPATH\vendor\benedmunds\codeigniter-ion-auth\Models\IonAuthModel.php on line 234.
 1 APPPATH\Libraries\IonAuth.php(71): IonAuth\Models\IonAuthModel->__construct()
 2 APPPATH\Controllers\Home.php(12): App\Libraries\IonAuth->__construct()
 3 SYSTEMPATH\CodeIgniter.php(903): App\Controllers\Home->__construct()
 4 SYSTEMPATH\CodeIgniter.php(500): CodeIgniter\CodeIgniter->createController()
 5 SYSTEMPATH\CodeIgniter.php(355): CodeIgniter\CodeIgniter->handleRequest(null, Object(Config\Cache), false)
 6 SYSTEMPATH\Boot.php(325): CodeIgniter\CodeIgniter->run()
 7 SYSTEMPATH\Boot.php(67): CodeIgniter\Boot::runCodeIgniter(Object(CodeIgniter\CodeIgniter))
 8 FCPATH\index.php(56): CodeIgniter\Boot::bootWeb(Object(Config\Paths))
WARNING - 2024-12-19 05:54:16 --> [DEPRECATED] Creation of dynamic property IonAuth\Models\IonAuthModel::$messagesTemplates is deprecated in FCPATH\vendor\benedmunds\codeigniter-ion-auth\Models\IonAuthModel.php on line 237.
 1 APPPATH\Libraries\IonAuth.php(71): IonAuth\Models\IonAuthModel->__construct()
 2 APPPATH\Controllers\Home.php(12): App\Libraries\IonAuth->__construct()
 3 SYSTEMPATH\CodeIgniter.php(903): App\Controllers\Home->__construct()
 4 SYSTEMPATH\CodeIgniter.php(500): CodeIgniter\CodeIgniter->createController()
 5 SYSTEMPATH\CodeIgniter.php(355): CodeIgniter\CodeIgniter->handleRequest(null, Object(Config\Cache), false)
 6 SYSTEMPATH\Boot.php(325): CodeIgniter\CodeIgniter->run()
 7 SYSTEMPATH\Boot.php(67): CodeIgniter\Boot::runCodeIgniter(Object(CodeIgniter\CodeIgniter))
 8 FCPATH\index.php(56): CodeIgniter\Boot::bootWeb(Object(Config\Paths))
INFO - 2024-12-19 05:57:11 --> Session: Class initialized using 'CodeIgniter\Session\Handlers\FileHandler' driver.
WARNING - 2024-12-19 05:57:11 --> [DEPRECATED] Creation of dynamic property IonAuth\Models\IonAuthModel::$join is deprecated in FCPATH\vendor\benedmunds\codeigniter-ion-auth\Models\IonAuthModel.php on line 231.
 1 APPPATH\Libraries\IonAuth.php(71): IonAuth\Models\IonAuthModel->__construct()
 2 APPPATH\Controllers\Home.php(12): App\Libraries\IonAuth->__construct()
 3 SYSTEMPATH\CodeIgniter.php(903): App\Controllers\Home->__construct()
 4 SYSTEMPATH\CodeIgniter.php(500): CodeIgniter\CodeIgniter->createController()
 5 SYSTEMPATH\CodeIgniter.php(355): CodeIgniter\CodeIgniter->handleRequest(null, Object(Config\Cache), false)
 6 SYSTEMPATH\Boot.php(325): CodeIgniter\CodeIgniter->run()
 7 SYSTEMPATH\Boot.php(67): CodeIgniter\Boot::runCodeIgniter(Object(CodeIgniter\CodeIgniter))
 8 FCPATH\index.php(56): CodeIgniter\Boot::bootWeb(Object(Config\Paths))
WARNING - 2024-12-19 05:57:11 --> [DEPRECATED] Creation of dynamic property IonAuth\Models\IonAuthModel::$hashMethod is deprecated in FCPATH\vendor\benedmunds\codeigniter-ion-auth\Models\IonAuthModel.php on line 234.
 1 APPPATH\Libraries\IonAuth.php(71): IonAuth\Models\IonAuthModel->__construct()
 2 APPPATH\Controllers\Home.php(12): App\Libraries\IonAuth->__construct()
 3 SYSTEMPATH\CodeIgniter.php(903): App\Controllers\Home->__construct()
 4 SYSTEMPATH\CodeIgniter.php(500): CodeIgniter\CodeIgniter->createController()
 5 SYSTEMPATH\CodeIgniter.php(355): CodeIgniter\CodeIgniter->handleRequest(null, Object(Config\Cache), false)
 6 SYSTEMPATH\Boot.php(325): CodeIgniter\CodeIgniter->run()
 7 SYSTEMPATH\Boot.php(67): CodeIgniter\Boot::runCodeIgniter(Object(CodeIgniter\CodeIgniter))
 8 FCPATH\index.php(56): CodeIgniter\Boot::bootWeb(Object(Config\Paths))
WARNING - 2024-12-19 05:57:11 --> [DEPRECATED] Creation of dynamic property IonAuth\Models\IonAuthModel::$messagesTemplates is deprecated in FCPATH\vendor\benedmunds\codeigniter-ion-auth\Models\IonAuthModel.php on line 237.
 1 APPPATH\Libraries\IonAuth.php(71): IonAuth\Models\IonAuthModel->__construct()
 2 APPPATH\Controllers\Home.php(12): App\Libraries\IonAuth->__construct()
 3 SYSTEMPATH\CodeIgniter.php(903): App\Controllers\Home->__construct()
 4 SYSTEMPATH\CodeIgniter.php(500): CodeIgniter\CodeIgniter->createController()
 5 SYSTEMPATH\CodeIgniter.php(355): CodeIgniter\CodeIgniter->handleRequest(null, Object(Config\Cache), false)
 6 SYSTEMPATH\Boot.php(325): CodeIgniter\CodeIgniter->run()
 7 SYSTEMPATH\Boot.php(67): CodeIgniter\Boot::runCodeIgniter(Object(CodeIgniter\CodeIgniter))
 8 FCPATH\index.php(56): CodeIgniter\Boot::bootWeb(Object(Config\Paths))
INFO - 2024-12-19 05:57:36 --> Session: Class initialized using 'CodeIgniter\Session\Handlers\FileHandler' driver.
WARNING - 2024-12-19 05:57:36 --> [DEPRECATED] Creation of dynamic property IonAuth\Models\IonAuthModel::$join is deprecated in FCPATH\vendor\benedmunds\codeigniter-ion-auth\Models\IonAuthModel.php on line 231.
 1 APPPATH\Libraries\IonAuth.php(71): IonAuth\Models\IonAuthModel->__construct()
 2 APPPATH\Controllers\Home.php(12): App\Libraries\IonAuth->__construct()
 3 SYSTEMPATH\CodeIgniter.php(903): App\Controllers\Home->__construct()
 4 SYSTEMPATH\CodeIgniter.php(500): CodeIgniter\CodeIgniter->createController()
 5 SYSTEMPATH\CodeIgniter.php(355): CodeIgniter\CodeIgniter->handleRequest(null, Object(Config\Cache), false)
 6 SYSTEMPATH\Boot.php(325): CodeIgniter\CodeIgniter->run()
 7 SYSTEMPATH\Boot.php(67): CodeIgniter\Boot::runCodeIgniter(Object(CodeIgniter\CodeIgniter))
 8 FCPATH\index.php(56): CodeIgniter\Boot::bootWeb(Object(Config\Paths))
WARNING - 2024-12-19 05:57:36 --> [DEPRECATED] Creation of dynamic property IonAuth\Models\IonAuthModel::$hashMethod is deprecated in FCPATH\vendor\benedmunds\codeigniter-ion-auth\Models\IonAuthModel.php on line 234.
 1 APPPATH\Libraries\IonAuth.php(71): IonAuth\Models\IonAuthModel->__construct()
 2 APPPATH\Controllers\Home.php(12): App\Libraries\IonAuth->__construct()
 3 SYSTEMPATH\CodeIgniter.php(903): App\Controllers\Home->__construct()
 4 SYSTEMPATH\CodeIgniter.php(500): CodeIgniter\CodeIgniter->createController()
 5 SYSTEMPATH\CodeIgniter.php(355): CodeIgniter\CodeIgniter->handleRequest(null, Object(Config\Cache), false)
 6 SYSTEMPATH\Boot.php(325): CodeIgniter\CodeIgniter->run()
 7 SYSTEMPATH\Boot.php(67): CodeIgniter\Boot::runCodeIgniter(Object(CodeIgniter\CodeIgniter))
 8 FCPATH\index.php(56): CodeIgniter\Boot::bootWeb(Object(Config\Paths))
WARNING - 2024-12-19 05:57:36 --> [DEPRECATED] Creation of dynamic property IonAuth\Models\IonAuthModel::$messagesTemplates is deprecated in FCPATH\vendor\benedmunds\codeigniter-ion-auth\Models\IonAuthModel.php on line 237.
 1 APPPATH\Libraries\IonAuth.php(71): IonAuth\Models\IonAuthModel->__construct()
 2 APPPATH\Controllers\Home.php(12): App\Libraries\IonAuth->__construct()
 3 SYSTEMPATH\CodeIgniter.php(903): App\Controllers\Home->__construct()
 4 SYSTEMPATH\CodeIgniter.php(500): CodeIgniter\CodeIgniter->createController()
 5 SYSTEMPATH\CodeIgniter.php(355): CodeIgniter\CodeIgniter->handleRequest(null, Object(Config\Cache), false)
 6 SYSTEMPATH\Boot.php(325): CodeIgniter\CodeIgniter->run()
 7 SYSTEMPATH\Boot.php(67): CodeIgniter\Boot::runCodeIgniter(Object(CodeIgniter\CodeIgniter))
 8 FCPATH\index.php(56): CodeIgniter\Boot::bootWeb(Object(Config\Paths))
INFO - 2024-12-19 05:57:45 --> Session: Class initialized using 'CodeIgniter\Session\Handlers\FileHandler' driver.
WARNING - 2024-12-19 05:57:45 --> [DEPRECATED] Creation of dynamic property IonAuth\Models\IonAuthModel::$join is deprecated in FCPATH\vendor\benedmunds\codeigniter-ion-auth\Models\IonAuthModel.php on line 231.
 1 APPPATH\Libraries\IonAuth.php(71): IonAuth\Models\IonAuthModel->__construct()
 2 APPPATH\Controllers\Home.php(12): App\Libraries\IonAuth->__construct()
 3 SYSTEMPATH\CodeIgniter.php(903): App\Controllers\Home->__construct()
 4 SYSTEMPATH\CodeIgniter.php(500): CodeIgniter\CodeIgniter->createController()
 5 SYSTEMPATH\CodeIgniter.php(355): CodeIgniter\CodeIgniter->handleRequest(null, Object(Config\Cache), false)
 6 SYSTEMPATH\Boot.php(325): CodeIgniter\CodeIgniter->run()
 7 SYSTEMPATH\Boot.php(67): CodeIgniter\Boot::runCodeIgniter(Object(CodeIgniter\CodeIgniter))
 8 FCPATH\index.php(56): CodeIgniter\Boot::bootWeb(Object(Config\Paths))
WARNING - 2024-12-19 05:57:45 --> [DEPRECATED] Creation of dynamic property IonAuth\Models\IonAuthModel::$hashMethod is deprecated in FCPATH\vendor\benedmunds\codeigniter-ion-auth\Models\IonAuthModel.php on line 234.
 1 APPPATH\Libraries\IonAuth.php(71): IonAuth\Models\IonAuthModel->__construct()
 2 APPPATH\Controllers\Home.php(12): App\Libraries\IonAuth->__construct()
 3 SYSTEMPATH\CodeIgniter.php(903): App\Controllers\Home->__construct()
 4 SYSTEMPATH\CodeIgniter.php(500): CodeIgniter\CodeIgniter->createController()
 5 SYSTEMPATH\CodeIgniter.php(355): CodeIgniter\CodeIgniter->handleRequest(null, Object(Config\Cache), false)
 6 SYSTEMPATH\Boot.php(325): CodeIgniter\CodeIgniter->run()
 7 SYSTEMPATH\Boot.php(67): CodeIgniter\Boot::runCodeIgniter(Object(CodeIgniter\CodeIgniter))
 8 FCPATH\index.php(56): CodeIgniter\Boot::bootWeb(Object(Config\Paths))
WARNING - 2024-12-19 05:57:45 --> [DEPRECATED] Creation of dynamic property IonAuth\Models\IonAuthModel::$messagesTemplates is deprecated in FCPATH\vendor\benedmunds\codeigniter-ion-auth\Models\IonAuthModel.php on line 237.
 1 APPPATH\Libraries\IonAuth.php(71): IonAuth\Models\IonAuthModel->__construct()
 2 APPPATH\Controllers\Home.php(12): App\Libraries\IonAuth->__construct()
 3 SYSTEMPATH\CodeIgniter.php(903): App\Controllers\Home->__construct()
 4 SYSTEMPATH\CodeIgniter.php(500): CodeIgniter\CodeIgniter->createController()
 5 SYSTEMPATH\CodeIgniter.php(355): CodeIgniter\CodeIgniter->handleRequest(null, Object(Config\Cache), false)
 6 SYSTEMPATH\Boot.php(325): CodeIgniter\CodeIgniter->run()
 7 SYSTEMPATH\Boot.php(67): CodeIgniter\Boot::runCodeIgniter(Object(CodeIgniter\CodeIgniter))
 8 FCPATH\index.php(56): CodeIgniter\Boot::bootWeb(Object(Config\Paths))
INFO - 2024-12-19 05:58:24 --> Session: Class initialized using 'CodeIgniter\Session\Handlers\FileHandler' driver.
WARNING - 2024-12-19 05:58:24 --> [DEPRECATED] Creation of dynamic property IonAuth\Models\IonAuthModel::$join is deprecated in FCPATH\vendor\benedmunds\codeigniter-ion-auth\Models\IonAuthModel.php on line 231.
 1 APPPATH\Libraries\IonAuth.php(71): IonAuth\Models\IonAuthModel->__construct()
 2 APPPATH\Controllers\Home.php(12): App\Libraries\IonAuth->__construct()
 3 SYSTEMPATH\CodeIgniter.php(903): App\Controllers\Home->__construct()
 4 SYSTEMPATH\CodeIgniter.php(500): CodeIgniter\CodeIgniter->createController()
 5 SYSTEMPATH\CodeIgniter.php(355): CodeIgniter\CodeIgniter->handleRequest(null, Object(Config\Cache), false)
 6 SYSTEMPATH\Boot.php(325): CodeIgniter\CodeIgniter->run()
 7 SYSTEMPATH\Boot.php(67): CodeIgniter\Boot::runCodeIgniter(Object(CodeIgniter\CodeIgniter))
 8 FCPATH\index.php(56): CodeIgniter\Boot::bootWeb(Object(Config\Paths))
WARNING - 2024-12-19 05:58:24 --> [DEPRECATED] Creation of dynamic property IonAuth\Models\IonAuthModel::$hashMethod is deprecated in FCPATH\vendor\benedmunds\codeigniter-ion-auth\Models\IonAuthModel.php on line 234.
 1 APPPATH\Libraries\IonAuth.php(71): IonAuth\Models\IonAuthModel->__construct()
 2 APPPATH\Controllers\Home.php(12): App\Libraries\IonAuth->__construct()
 3 SYSTEMPATH\CodeIgniter.php(903): App\Controllers\Home->__construct()
 4 SYSTEMPATH\CodeIgniter.php(500): CodeIgniter\CodeIgniter->createController()
 5 SYSTEMPATH\CodeIgniter.php(355): CodeIgniter\CodeIgniter->handleRequest(null, Object(Config\Cache), false)
 6 SYSTEMPATH\Boot.php(325): CodeIgniter\CodeIgniter->run()
 7 SYSTEMPATH\Boot.php(67): CodeIgniter\Boot::runCodeIgniter(Object(CodeIgniter\CodeIgniter))
 8 FCPATH\index.php(56): CodeIgniter\Boot::bootWeb(Object(Config\Paths))
WARNING - 2024-12-19 05:58:24 --> [DEPRECATED] Creation of dynamic property IonAuth\Models\IonAuthModel::$messagesTemplates is deprecated in FCPATH\vendor\benedmunds\codeigniter-ion-auth\Models\IonAuthModel.php on line 237.
 1 APPPATH\Libraries\IonAuth.php(71): IonAuth\Models\IonAuthModel->__construct()
 2 APPPATH\Controllers\Home.php(12): App\Libraries\IonAuth->__construct()
 3 SYSTEMPATH\CodeIgniter.php(903): App\Controllers\Home->__construct()
 4 SYSTEMPATH\CodeIgniter.php(500): CodeIgniter\CodeIgniter->createController()
 5 SYSTEMPATH\CodeIgniter.php(355): CodeIgniter\CodeIgniter->handleRequest(null, Object(Config\Cache), false)
 6 SYSTEMPATH\Boot.php(325): CodeIgniter\CodeIgniter->run()
 7 SYSTEMPATH\Boot.php(67): CodeIgniter\Boot::runCodeIgniter(Object(CodeIgniter\CodeIgniter))
 8 FCPATH\index.php(56): CodeIgniter\Boot::bootWeb(Object(Config\Paths))
INFO - 2024-12-19 05:59:00 --> Session: Class initialized using 'CodeIgniter\Session\Handlers\FileHandler' driver.
WARNING - 2024-12-19 05:59:00 --> [DEPRECATED] Creation of dynamic property IonAuth\Models\IonAuthModel::$join is deprecated in FCPATH\vendor\benedmunds\codeigniter-ion-auth\Models\IonAuthModel.php on line 231.
 1 APPPATH\Libraries\IonAuth.php(71): IonAuth\Models\IonAuthModel->__construct()
 2 APPPATH\Controllers\Home.php(12): App\Libraries\IonAuth->__construct()
 3 SYSTEMPATH\CodeIgniter.php(903): App\Controllers\Home->__construct()
 4 SYSTEMPATH\CodeIgniter.php(500): CodeIgniter\CodeIgniter->createController()
 5 SYSTEMPATH\CodeIgniter.php(355): CodeIgniter\CodeIgniter->handleRequest(null, Object(Config\Cache), false)
 6 SYSTEMPATH\Boot.php(325): CodeIgniter\CodeIgniter->run()
 7 SYSTEMPATH\Boot.php(67): CodeIgniter\Boot::runCodeIgniter(Object(CodeIgniter\CodeIgniter))
 8 FCPATH\index.php(56): CodeIgniter\Boot::bootWeb(Object(Config\Paths))
WARNING - 2024-12-19 05:59:00 --> [DEPRECATED] Creation of dynamic property IonAuth\Models\IonAuthModel::$hashMethod is deprecated in FCPATH\vendor\benedmunds\codeigniter-ion-auth\Models\IonAuthModel.php on line 234.
 1 APPPATH\Libraries\IonAuth.php(71): IonAuth\Models\IonAuthModel->__construct()
 2 APPPATH\Controllers\Home.php(12): App\Libraries\IonAuth->__construct()
 3 SYSTEMPATH\CodeIgniter.php(903): App\Controllers\Home->__construct()
 4 SYSTEMPATH\CodeIgniter.php(500): CodeIgniter\CodeIgniter->createController()
 5 SYSTEMPATH\CodeIgniter.php(355): CodeIgniter\CodeIgniter->handleRequest(null, Object(Config\Cache), false)
 6 SYSTEMPATH\Boot.php(325): CodeIgniter\CodeIgniter->run()
 7 SYSTEMPATH\Boot.php(67): CodeIgniter\Boot::runCodeIgniter(Object(CodeIgniter\CodeIgniter))
 8 FCPATH\index.php(56): CodeIgniter\Boot::bootWeb(Object(Config\Paths))
WARNING - 2024-12-19 05:59:00 --> [DEPRECATED] Creation of dynamic property IonAuth\Models\IonAuthModel::$messagesTemplates is deprecated in FCPATH\vendor\benedmunds\codeigniter-ion-auth\Models\IonAuthModel.php on line 237.
 1 APPPATH\Libraries\IonAuth.php(71): IonAuth\Models\IonAuthModel->__construct()
 2 APPPATH\Controllers\Home.php(12): App\Libraries\IonAuth->__construct()
 3 SYSTEMPATH\CodeIgniter.php(903): App\Controllers\Home->__construct()
 4 SYSTEMPATH\CodeIgniter.php(500): CodeIgniter\CodeIgniter->createController()
 5 SYSTEMPATH\CodeIgniter.php(355): CodeIgniter\CodeIgniter->handleRequest(null, Object(Config\Cache), false)
 6 SYSTEMPATH\Boot.php(325): CodeIgniter\CodeIgniter->run()
 7 SYSTEMPATH\Boot.php(67): CodeIgniter\Boot::runCodeIgniter(Object(CodeIgniter\CodeIgniter))
 8 FCPATH\index.php(56): CodeIgniter\Boot::bootWeb(Object(Config\Paths))
INFO - 2024-12-19 05:59:27 --> Session: Class initialized using 'CodeIgniter\Session\Handlers\FileHandler' driver.
WARNING - 2024-12-19 05:59:27 --> [DEPRECATED] Creation of dynamic property IonAuth\Models\IonAuthModel::$join is deprecated in FCPATH\vendor\benedmunds\codeigniter-ion-auth\Models\IonAuthModel.php on line 231.
 1 APPPATH\Libraries\IonAuth.php(71): IonAuth\Models\IonAuthModel->__construct()
 2 APPPATH\Controllers\Home.php(12): App\Libraries\IonAuth->__construct()
 3 SYSTEMPATH\CodeIgniter.php(903): App\Controllers\Home->__construct()
 4 SYSTEMPATH\CodeIgniter.php(500): CodeIgniter\CodeIgniter->createController()
 5 SYSTEMPATH\CodeIgniter.php(355): CodeIgniter\CodeIgniter->handleRequest(null, Object(Config\Cache), false)
 6 SYSTEMPATH\Boot.php(325): CodeIgniter\CodeIgniter->run()
 7 SYSTEMPATH\Boot.php(67): CodeIgniter\Boot::runCodeIgniter(Object(CodeIgniter\CodeIgniter))
 8 FCPATH\index.php(56): CodeIgniter\Boot::bootWeb(Object(Config\Paths))
WARNING - 2024-12-19 05:59:27 --> [DEPRECATED] Creation of dynamic property IonAuth\Models\IonAuthModel::$hashMethod is deprecated in FCPATH\vendor\benedmunds\codeigniter-ion-auth\Models\IonAuthModel.php on line 234.
 1 APPPATH\Libraries\IonAuth.php(71): IonAuth\Models\IonAuthModel->__construct()
 2 APPPATH\Controllers\Home.php(12): App\Libraries\IonAuth->__construct()
 3 SYSTEMPATH\CodeIgniter.php(903): App\Controllers\Home->__construct()
 4 SYSTEMPATH\CodeIgniter.php(500): CodeIgniter\CodeIgniter->createController()
 5 SYSTEMPATH\CodeIgniter.php(355): CodeIgniter\CodeIgniter->handleRequest(null, Object(Config\Cache), false)
 6 SYSTEMPATH\Boot.php(325): CodeIgniter\CodeIgniter->run()
 7 SYSTEMPATH\Boot.php(67): CodeIgniter\Boot::runCodeIgniter(Object(CodeIgniter\CodeIgniter))
 8 FCPATH\index.php(56): CodeIgniter\Boot::bootWeb(Object(Config\Paths))
WARNING - 2024-12-19 05:59:27 --> [DEPRECATED] Creation of dynamic property IonAuth\Models\IonAuthModel::$messagesTemplates is deprecated in FCPATH\vendor\benedmunds\codeigniter-ion-auth\Models\IonAuthModel.php on line 237.
 1 APPPATH\Libraries\IonAuth.php(71): IonAuth\Models\IonAuthModel->__construct()
 2 APPPATH\Controllers\Home.php(12): App\Libraries\IonAuth->__construct()
 3 SYSTEMPATH\CodeIgniter.php(903): App\Controllers\Home->__construct()
 4 SYSTEMPATH\CodeIgniter.php(500): CodeIgniter\CodeIgniter->createController()
 5 SYSTEMPATH\CodeIgniter.php(355): CodeIgniter\CodeIgniter->handleRequest(null, Object(Config\Cache), false)
 6 SYSTEMPATH\Boot.php(325): CodeIgniter\CodeIgniter->run()
 7 SYSTEMPATH\Boot.php(67): CodeIgniter\Boot::runCodeIgniter(Object(CodeIgniter\CodeIgniter))
 8 FCPATH\index.php(56): CodeIgniter\Boot::bootWeb(Object(Config\Paths))
INFO - 2024-12-19 06:00:59 --> Session: Class initialized using 'CodeIgniter\Session\Handlers\FileHandler' driver.
WARNING - 2024-12-19 06:00:59 --> [DEPRECATED] Creation of dynamic property IonAuth\Models\IonAuthModel::$join is deprecated in FCPATH\vendor\benedmunds\codeigniter-ion-auth\Models\IonAuthModel.php on line 231.
 1 APPPATH\Libraries\IonAuth.php(71): IonAuth\Models\IonAuthModel->__construct()
 2 APPPATH\Controllers\Home.php(12): App\Libraries\IonAuth->__construct()
 3 SYSTEMPATH\CodeIgniter.php(903): App\Controllers\Home->__construct()
 4 SYSTEMPATH\CodeIgniter.php(500): CodeIgniter\CodeIgniter->createController()
 5 SYSTEMPATH\CodeIgniter.php(355): CodeIgniter\CodeIgniter->handleRequest(null, Object(Config\Cache), false)
 6 SYSTEMPATH\Boot.php(325): CodeIgniter\CodeIgniter->run()
 7 SYSTEMPATH\Boot.php(67): CodeIgniter\Boot::runCodeIgniter(Object(CodeIgniter\CodeIgniter))
 8 FCPATH\index.php(56): CodeIgniter\Boot::bootWeb(Object(Config\Paths))
WARNING - 2024-12-19 06:00:59 --> [DEPRECATED] Creation of dynamic property IonAuth\Models\IonAuthModel::$hashMethod is deprecated in FCPATH\vendor\benedmunds\codeigniter-ion-auth\Models\IonAuthModel.php on line 234.
 1 APPPATH\Libraries\IonAuth.php(71): IonAuth\Models\IonAuthModel->__construct()
 2 APPPATH\Controllers\Home.php(12): App\Libraries\IonAuth->__construct()
 3 SYSTEMPATH\CodeIgniter.php(903): App\Controllers\Home->__construct()
 4 SYSTEMPATH\CodeIgniter.php(500): CodeIgniter\CodeIgniter->createController()
 5 SYSTEMPATH\CodeIgniter.php(355): CodeIgniter\CodeIgniter->handleRequest(null, Object(Config\Cache), false)
 6 SYSTEMPATH\Boot.php(325): CodeIgniter\CodeIgniter->run()
 7 SYSTEMPATH\Boot.php(67): CodeIgniter\Boot::runCodeIgniter(Object(CodeIgniter\CodeIgniter))
 8 FCPATH\index.php(56): CodeIgniter\Boot::bootWeb(Object(Config\Paths))
WARNING - 2024-12-19 06:00:59 --> [DEPRECATED] Creation of dynamic property IonAuth\Models\IonAuthModel::$messagesTemplates is deprecated in FCPATH\vendor\benedmunds\codeigniter-ion-auth\Models\IonAuthModel.php on line 237.
 1 APPPATH\Libraries\IonAuth.php(71): IonAuth\Models\IonAuthModel->__construct()
 2 APPPATH\Controllers\Home.php(12): App\Libraries\IonAuth->__construct()
 3 SYSTEMPATH\CodeIgniter.php(903): App\Controllers\Home->__construct()
 4 SYSTEMPATH\CodeIgniter.php(500): CodeIgniter\CodeIgniter->createController()
 5 SYSTEMPATH\CodeIgniter.php(355): CodeIgniter\CodeIgniter->handleRequest(null, Object(Config\Cache), false)
 6 SYSTEMPATH\Boot.php(325): CodeIgniter\CodeIgniter->run()
 7 SYSTEMPATH\Boot.php(67): CodeIgniter\Boot::runCodeIgniter(Object(CodeIgniter\CodeIgniter))
 8 FCPATH\index.php(56): CodeIgniter\Boot::bootWeb(Object(Config\Paths))
INFO - 2024-12-19 06:01:42 --> Session: Class initialized using 'CodeIgniter\Session\Handlers\FileHandler' driver.
WARNING - 2024-12-19 06:01:42 --> [DEPRECATED] Creation of dynamic property IonAuth\Models\IonAuthModel::$join is deprecated in FCPATH\vendor\benedmunds\codeigniter-ion-auth\Models\IonAuthModel.php on line 231.
 1 APPPATH\Libraries\IonAuth.php(71): IonAuth\Models\IonAuthModel->__construct()
 2 APPPATH\Controllers\Home.php(12): App\Libraries\IonAuth->__construct()
 3 SYSTEMPATH\CodeIgniter.php(903): App\Controllers\Home->__construct()
 4 SYSTEMPATH\CodeIgniter.php(500): CodeIgniter\CodeIgniter->createController()
 5 SYSTEMPATH\CodeIgniter.php(355): CodeIgniter\CodeIgniter->handleRequest(null, Object(Config\Cache), false)
 6 SYSTEMPATH\Boot.php(325): CodeIgniter\CodeIgniter->run()
 7 SYSTEMPATH\Boot.php(67): CodeIgniter\Boot::runCodeIgniter(Object(CodeIgniter\CodeIgniter))
 8 FCPATH\index.php(56): CodeIgniter\Boot::bootWeb(Object(Config\Paths))
WARNING - 2024-12-19 06:01:42 --> [DEPRECATED] Creation of dynamic property IonAuth\Models\IonAuthModel::$hashMethod is deprecated in FCPATH\vendor\benedmunds\codeigniter-ion-auth\Models\IonAuthModel.php on line 234.
 1 APPPATH\Libraries\IonAuth.php(71): IonAuth\Models\IonAuthModel->__construct()
 2 APPPATH\Controllers\Home.php(12): App\Libraries\IonAuth->__construct()
 3 SYSTEMPATH\CodeIgniter.php(903): App\Controllers\Home->__construct()
 4 SYSTEMPATH\CodeIgniter.php(500): CodeIgniter\CodeIgniter->createController()
 5 SYSTEMPATH\CodeIgniter.php(355): CodeIgniter\CodeIgniter->handleRequest(null, Object(Config\Cache), false)
 6 SYSTEMPATH\Boot.php(325): CodeIgniter\CodeIgniter->run()
 7 SYSTEMPATH\Boot.php(67): CodeIgniter\Boot::runCodeIgniter(Object(CodeIgniter\CodeIgniter))
 8 FCPATH\index.php(56): CodeIgniter\Boot::bootWeb(Object(Config\Paths))
WARNING - 2024-12-19 06:01:42 --> [DEPRECATED] Creation of dynamic property IonAuth\Models\IonAuthModel::$messagesTemplates is deprecated in FCPATH\vendor\benedmunds\codeigniter-ion-auth\Models\IonAuthModel.php on line 237.
 1 APPPATH\Libraries\IonAuth.php(71): IonAuth\Models\IonAuthModel->__construct()
 2 APPPATH\Controllers\Home.php(12): App\Libraries\IonAuth->__construct()
 3 SYSTEMPATH\CodeIgniter.php(903): App\Controllers\Home->__construct()
 4 SYSTEMPATH\CodeIgniter.php(500): CodeIgniter\CodeIgniter->createController()
 5 SYSTEMPATH\CodeIgniter.php(355): CodeIgniter\CodeIgniter->handleRequest(null, Object(Config\Cache), false)
 6 SYSTEMPATH\Boot.php(325): CodeIgniter\CodeIgniter->run()
 7 SYSTEMPATH\Boot.php(67): CodeIgniter\Boot::runCodeIgniter(Object(CodeIgniter\CodeIgniter))
 8 FCPATH\index.php(56): CodeIgniter\Boot::bootWeb(Object(Config\Paths))
INFO - 2024-12-19 06:01:45 --> Session: Class initialized using 'CodeIgniter\Session\Handlers\FileHandler' driver.
WARNING - 2024-12-19 06:01:45 --> [DEPRECATED] Creation of dynamic property IonAuth\Libraries\IonAuth::$session is deprecated in FCPATH\vendor\benedmunds\codeigniter-ion-auth\Libraries\IonAuth.php on line 65.
 1 APPPATH\Controllers\admin\Home.php(17): IonAuth\Libraries\IonAuth->__construct()
 2 SYSTEMPATH\CodeIgniter.php(903): App\Controllers\admin\Home->__construct()
 3 SYSTEMPATH\CodeIgniter.php(500): CodeIgniter\CodeIgniter->createController()
 4 SYSTEMPATH\CodeIgniter.php(355): CodeIgniter\CodeIgniter->handleRequest(null, Object(Config\Cache), false)
 5 SYSTEMPATH\Boot.php(325): CodeIgniter\CodeIgniter->run()
 6 SYSTEMPATH\Boot.php(67): CodeIgniter\Boot::runCodeIgniter(Object(CodeIgniter\CodeIgniter))
 7 FCPATH\index.php(56): CodeIgniter\Boot::bootWeb(Object(Config\Paths))
WARNING - 2024-12-19 06:01:45 --> [DEPRECATED] Creation of dynamic property IonAuth\Models\IonAuthModel::$join is deprecated in FCPATH\vendor\benedmunds\codeigniter-ion-auth\Models\IonAuthModel.php on line 231.
 1 FCPATH\vendor\benedmunds\codeigniter-ion-auth\Libraries\IonAuth.php(67): IonAuth\Models\IonAuthModel->__construct()
 2 APPPATH\Controllers\admin\Home.php(17): IonAuth\Libraries\IonAuth->__construct()
 3 SYSTEMPATH\CodeIgniter.php(903): App\Controllers\admin\Home->__construct()
 4 SYSTEMPATH\CodeIgniter.php(500): CodeIgniter\CodeIgniter->createController()
 5 SYSTEMPATH\CodeIgniter.php(355): CodeIgniter\CodeIgniter->handleRequest(null, Object(Config\Cache), false)
 6 SYSTEMPATH\Boot.php(325): CodeIgniter\CodeIgniter->run()
 7 SYSTEMPATH\Boot.php(67): CodeIgniter\Boot::runCodeIgniter(Object(CodeIgniter\CodeIgniter))
 8 FCPATH\index.php(56): CodeIgniter\Boot::bootWeb(Object(Config\Paths))
WARNING - 2024-12-19 06:01:45 --> [DEPRECATED] Creation of dynamic property IonAuth\Models\IonAuthModel::$hashMethod is deprecated in FCPATH\vendor\benedmunds\codeigniter-ion-auth\Models\IonAuthModel.php on line 234.
 1 FCPATH\vendor\benedmunds\codeigniter-ion-auth\Libraries\IonAuth.php(67): IonAuth\Models\IonAuthModel->__construct()
 2 APPPATH\Controllers\admin\Home.php(17): IonAuth\Libraries\IonAuth->__construct()
 3 SYSTEMPATH\CodeIgniter.php(903): App\Controllers\admin\Home->__construct()
 4 SYSTEMPATH\CodeIgniter.php(500): CodeIgniter\CodeIgniter->createController()
 5 SYSTEMPATH\CodeIgniter.php(355): CodeIgniter\CodeIgniter->handleRequest(null, Object(Config\Cache), false)
 6 SYSTEMPATH\Boot.php(325): CodeIgniter\CodeIgniter->run()
 7 SYSTEMPATH\Boot.php(67): CodeIgniter\Boot::runCodeIgniter(Object(CodeIgniter\CodeIgniter))
 8 FCPATH\index.php(56): CodeIgniter\Boot::bootWeb(Object(Config\Paths))
WARNING - 2024-12-19 06:01:45 --> [DEPRECATED] Creation of dynamic property IonAuth\Models\IonAuthModel::$messagesTemplates is deprecated in FCPATH\vendor\benedmunds\codeigniter-ion-auth\Models\IonAuthModel.php on line 237.
 1 FCPATH\vendor\benedmunds\codeigniter-ion-auth\Libraries\IonAuth.php(67): IonAuth\Models\IonAuthModel->__construct()
 2 APPPATH\Controllers\admin\Home.php(17): IonAuth\Libraries\IonAuth->__construct()
 3 SYSTEMPATH\CodeIgniter.php(903): App\Controllers\admin\Home->__construct()
 4 SYSTEMPATH\CodeIgniter.php(500): CodeIgniter\CodeIgniter->createController()
 5 SYSTEMPATH\CodeIgniter.php(355): CodeIgniter\CodeIgniter->handleRequest(null, Object(Config\Cache), false)
 6 SYSTEMPATH\Boot.php(325): CodeIgniter\CodeIgniter->run()
 7 SYSTEMPATH\Boot.php(67): CodeIgniter\Boot::runCodeIgniter(Object(CodeIgniter\CodeIgniter))
 8 FCPATH\index.php(56): CodeIgniter\Boot::bootWeb(Object(Config\Paths))
INFO - 2024-12-19 06:01:46 --> Session: Class initialized using 'CodeIgniter\Session\Handlers\FileHandler' driver.
WARNING - 2024-12-19 06:01:46 --> [DEPRECATED] Creation of dynamic property IonAuth\Libraries\IonAuth::$session is deprecated in FCPATH\vendor\benedmunds\codeigniter-ion-auth\Libraries\IonAuth.php on line 65.
 1 APPPATH\Controllers\admin\Home.php(17): IonAuth\Libraries\IonAuth->__construct()
 2 SYSTEMPATH\CodeIgniter.php(903): App\Controllers\admin\Home->__construct()
 3 SYSTEMPATH\CodeIgniter.php(500): CodeIgniter\CodeIgniter->createController()
 4 SYSTEMPATH\CodeIgniter.php(355): CodeIgniter\CodeIgniter->handleRequest(null, Object(Config\Cache), false)
 5 SYSTEMPATH\Boot.php(325): CodeIgniter\CodeIgniter->run()
 6 SYSTEMPATH\Boot.php(67): CodeIgniter\Boot::runCodeIgniter(Object(CodeIgniter\CodeIgniter))
 7 FCPATH\index.php(56): CodeIgniter\Boot::bootWeb(Object(Config\Paths))
WARNING - 2024-12-19 06:01:46 --> [DEPRECATED] Creation of dynamic property IonAuth\Models\IonAuthModel::$join is deprecated in FCPATH\vendor\benedmunds\codeigniter-ion-auth\Models\IonAuthModel.php on line 231.
 1 FCPATH\vendor\benedmunds\codeigniter-ion-auth\Libraries\IonAuth.php(67): IonAuth\Models\IonAuthModel->__construct()
 2 APPPATH\Controllers\admin\Home.php(17): IonAuth\Libraries\IonAuth->__construct()
 3 SYSTEMPATH\CodeIgniter.php(903): App\Controllers\admin\Home->__construct()
 4 SYSTEMPATH\CodeIgniter.php(500): CodeIgniter\CodeIgniter->createController()
 5 SYSTEMPATH\CodeIgniter.php(355): CodeIgniter\CodeIgniter->handleRequest(null, Object(Config\Cache), false)
 6 SYSTEMPATH\Boot.php(325): CodeIgniter\CodeIgniter->run()
 7 SYSTEMPATH\Boot.php(67): CodeIgniter\Boot::runCodeIgniter(Object(CodeIgniter\CodeIgniter))
 8 FCPATH\index.php(56): CodeIgniter\Boot::bootWeb(Object(Config\Paths))
WARNING - 2024-12-19 06:01:46 --> [DEPRECATED] Creation of dynamic property IonAuth\Models\IonAuthModel::$hashMethod is deprecated in FCPATH\vendor\benedmunds\codeigniter-ion-auth\Models\IonAuthModel.php on line 234.
 1 FCPATH\vendor\benedmunds\codeigniter-ion-auth\Libraries\IonAuth.php(67): IonAuth\Models\IonAuthModel->__construct()
 2 APPPATH\Controllers\admin\Home.php(17): IonAuth\Libraries\IonAuth->__construct()
 3 SYSTEMPATH\CodeIgniter.php(903): App\Controllers\admin\Home->__construct()
 4 SYSTEMPATH\CodeIgniter.php(500): CodeIgniter\CodeIgniter->createController()
 5 SYSTEMPATH\CodeIgniter.php(355): CodeIgniter\CodeIgniter->handleRequest(null, Object(Config\Cache), false)
 6 SYSTEMPATH\Boot.php(325): CodeIgniter\CodeIgniter->run()
 7 SYSTEMPATH\Boot.php(67): CodeIgniter\Boot::runCodeIgniter(Object(CodeIgniter\CodeIgniter))
 8 FCPATH\index.php(56): CodeIgniter\Boot::bootWeb(Object(Config\Paths))
WARNING - 2024-12-19 06:01:46 --> [DEPRECATED] Creation of dynamic property IonAuth\Models\IonAuthModel::$messagesTemplates is deprecated in FCPATH\vendor\benedmunds\codeigniter-ion-auth\Models\IonAuthModel.php on line 237.
 1 FCPATH\vendor\benedmunds\codeigniter-ion-auth\Libraries\IonAuth.php(67): IonAuth\Models\IonAuthModel->__construct()
 2 APPPATH\Controllers\admin\Home.php(17): IonAuth\Libraries\IonAuth->__construct()
 3 SYSTEMPATH\CodeIgniter.php(903): App\Controllers\admin\Home->__construct()
 4 SYSTEMPATH\CodeIgniter.php(500): CodeIgniter\CodeIgniter->createController()
 5 SYSTEMPATH\CodeIgniter.php(355): CodeIgniter\CodeIgniter->handleRequest(null, Object(Config\Cache), false)
 6 SYSTEMPATH\Boot.php(325): CodeIgniter\CodeIgniter->run()
 7 SYSTEMPATH\Boot.php(67): CodeIgniter\Boot::runCodeIgniter(Object(CodeIgniter\CodeIgniter))
 8 FCPATH\index.php(56): CodeIgniter\Boot::bootWeb(Object(Config\Paths))
INFO - 2024-12-19 06:01:46 --> Session: Class initialized using 'CodeIgniter\Session\Handlers\FileHandler' driver.
WARNING - 2024-12-19 06:01:46 --> [DEPRECATED] Creation of dynamic property IonAuth\Libraries\IonAuth::$session is deprecated in FCPATH\vendor\benedmunds\codeigniter-ion-auth\Libraries\IonAuth.php on line 65.
 1 APPPATH\Controllers\admin\Home.php(17): IonAuth\Libraries\IonAuth->__construct()
 2 SYSTEMPATH\CodeIgniter.php(903): App\Controllers\admin\Home->__construct()
 3 SYSTEMPATH\CodeIgniter.php(500): CodeIgniter\CodeIgniter->createController()
 4 SYSTEMPATH\CodeIgniter.php(355): CodeIgniter\CodeIgniter->handleRequest(null, Object(Config\Cache), false)
 5 SYSTEMPATH\Boot.php(325): CodeIgniter\CodeIgniter->run()
 6 SYSTEMPATH\Boot.php(67): CodeIgniter\Boot::runCodeIgniter(Object(CodeIgniter\CodeIgniter))
 7 FCPATH\index.php(56): CodeIgniter\Boot::bootWeb(Object(Config\Paths))
WARNING - 2024-12-19 06:01:46 --> [DEPRECATED] Creation of dynamic property IonAuth\Models\IonAuthModel::$join is deprecated in FCPATH\vendor\benedmunds\codeigniter-ion-auth\Models\IonAuthModel.php on line 231.
 1 FCPATH\vendor\benedmunds\codeigniter-ion-auth\Libraries\IonAuth.php(67): IonAuth\Models\IonAuthModel->__construct()
 2 APPPATH\Controllers\admin\Home.php(17): IonAuth\Libraries\IonAuth->__construct()
 3 SYSTEMPATH\CodeIgniter.php(903): App\Controllers\admin\Home->__construct()
 4 SYSTEMPATH\CodeIgniter.php(500): CodeIgniter\CodeIgniter->createController()
 5 SYSTEMPATH\CodeIgniter.php(355): CodeIgniter\CodeIgniter->handleRequest(null, Object(Config\Cache), false)
 6 SYSTEMPATH\Boot.php(325): CodeIgniter\CodeIgniter->run()
 7 SYSTEMPATH\Boot.php(67): CodeIgniter\Boot::runCodeIgniter(Object(CodeIgniter\CodeIgniter))
 8 FCPATH\index.php(56): CodeIgniter\Boot::bootWeb(Object(Config\Paths))
WARNING - 2024-12-19 06:01:46 --> [DEPRECATED] Creation of dynamic property IonAuth\Models\IonAuthModel::$hashMethod is deprecated in FCPATH\vendor\benedmunds\codeigniter-ion-auth\Models\IonAuthModel.php on line 234.
 1 FCPATH\vendor\benedmunds\codeigniter-ion-auth\Libraries\IonAuth.php(67): IonAuth\Models\IonAuthModel->__construct()
 2 APPPATH\Controllers\admin\Home.php(17): IonAuth\Libraries\IonAuth->__construct()
 3 SYSTEMPATH\CodeIgniter.php(903): App\Controllers\admin\Home->__construct()
 4 SYSTEMPATH\CodeIgniter.php(500): CodeIgniter\CodeIgniter->createController()
 5 SYSTEMPATH\CodeIgniter.php(355): CodeIgniter\CodeIgniter->handleRequest(null, Object(Config\Cache), false)
 6 SYSTEMPATH\Boot.php(325): CodeIgniter\CodeIgniter->run()
 7 SYSTEMPATH\Boot.php(67): CodeIgniter\Boot::runCodeIgniter(Object(CodeIgniter\CodeIgniter))
 8 FCPATH\index.php(56): CodeIgniter\Boot::bootWeb(Object(Config\Paths))
WARNING - 2024-12-19 06:01:46 --> [DEPRECATED] Creation of dynamic property IonAuth\Models\IonAuthModel::$messagesTemplates is deprecated in FCPATH\vendor\benedmunds\codeigniter-ion-auth\Models\IonAuthModel.php on line 237.
 1 FCPATH\vendor\benedmunds\codeigniter-ion-auth\Libraries\IonAuth.php(67): IonAuth\Models\IonAuthModel->__construct()
 2 APPPATH\Controllers\admin\Home.php(17): IonAuth\Libraries\IonAuth->__construct()
 3 SYSTEMPATH\CodeIgniter.php(903): App\Controllers\admin\Home->__construct()
 4 SYSTEMPATH\CodeIgniter.php(500): CodeIgniter\CodeIgniter->createController()
 5 SYSTEMPATH\CodeIgniter.php(355): CodeIgniter\CodeIgniter->handleRequest(null, Object(Config\Cache), false)
 6 SYSTEMPATH\Boot.php(325): CodeIgniter\CodeIgniter->run()
 7 SYSTEMPATH\Boot.php(67): CodeIgniter\Boot::runCodeIgniter(Object(CodeIgniter\CodeIgniter))
 8 FCPATH\index.php(56): CodeIgniter\Boot::bootWeb(Object(Config\Paths))
INFO - 2024-12-19 06:01:47 --> Session: Class initialized using 'CodeIgniter\Session\Handlers\FileHandler' driver.
WARNING - 2024-12-19 06:01:47 --> [DEPRECATED] Creation of dynamic property IonAuth\Models\IonAuthModel::$join is deprecated in FCPATH\vendor\benedmunds\codeigniter-ion-auth\Models\IonAuthModel.php on line 231.
 1 APPPATH\Libraries\IonAuth.php(71): IonAuth\Models\IonAuthModel->__construct()
 2 APPPATH\Controllers\Home.php(12): App\Libraries\IonAuth->__construct()
 3 SYSTEMPATH\CodeIgniter.php(903): App\Controllers\Home->__construct()
 4 SYSTEMPATH\CodeIgniter.php(500): CodeIgniter\CodeIgniter->createController()
 5 SYSTEMPATH\CodeIgniter.php(355): CodeIgniter\CodeIgniter->handleRequest(null, Object(Config\Cache), false)
 6 SYSTEMPATH\Boot.php(325): CodeIgniter\CodeIgniter->run()
 7 SYSTEMPATH\Boot.php(67): CodeIgniter\Boot::runCodeIgniter(Object(CodeIgniter\CodeIgniter))
 8 FCPATH\index.php(56): CodeIgniter\Boot::bootWeb(Object(Config\Paths))
WARNING - 2024-12-19 06:01:47 --> [DEPRECATED] Creation of dynamic property IonAuth\Models\IonAuthModel::$hashMethod is deprecated in FCPATH\vendor\benedmunds\codeigniter-ion-auth\Models\IonAuthModel.php on line 234.
 1 APPPATH\Libraries\IonAuth.php(71): IonAuth\Models\IonAuthModel->__construct()
 2 APPPATH\Controllers\Home.php(12): App\Libraries\IonAuth->__construct()
 3 SYSTEMPATH\CodeIgniter.php(903): App\Controllers\Home->__construct()
 4 SYSTEMPATH\CodeIgniter.php(500): CodeIgniter\CodeIgniter->createController()
 5 SYSTEMPATH\CodeIgniter.php(355): CodeIgniter\CodeIgniter->handleRequest(null, Object(Config\Cache), false)
 6 SYSTEMPATH\Boot.php(325): CodeIgniter\CodeIgniter->run()
 7 SYSTEMPATH\Boot.php(67): CodeIgniter\Boot::runCodeIgniter(Object(CodeIgniter\CodeIgniter))
 8 FCPATH\index.php(56): CodeIgniter\Boot::bootWeb(Object(Config\Paths))
WARNING - 2024-12-19 06:01:47 --> [DEPRECATED] Creation of dynamic property IonAuth\Models\IonAuthModel::$messagesTemplates is deprecated in FCPATH\vendor\benedmunds\codeigniter-ion-auth\Models\IonAuthModel.php on line 237.
 1 APPPATH\Libraries\IonAuth.php(71): IonAuth\Models\IonAuthModel->__construct()
 2 APPPATH\Controllers\Home.php(12): App\Libraries\IonAuth->__construct()
 3 SYSTEMPATH\CodeIgniter.php(903): App\Controllers\Home->__construct()
 4 SYSTEMPATH\CodeIgniter.php(500): CodeIgniter\CodeIgniter->createController()
 5 SYSTEMPATH\CodeIgniter.php(355): CodeIgniter\CodeIgniter->handleRequest(null, Object(Config\Cache), false)
 6 SYSTEMPATH\Boot.php(325): CodeIgniter\CodeIgniter->run()
 7 SYSTEMPATH\Boot.php(67): CodeIgniter\Boot::runCodeIgniter(Object(CodeIgniter\CodeIgniter))
 8 FCPATH\index.php(56): CodeIgniter\Boot::bootWeb(Object(Config\Paths))
INFO - 2024-12-19 06:01:59 --> Session: Class initialized using 'CodeIgniter\Session\Handlers\FileHandler' driver.
WARNING - 2024-12-19 06:01:59 --> [DEPRECATED] Creation of dynamic property IonAuth\Libraries\IonAuth::$session is deprecated in FCPATH\vendor\benedmunds\codeigniter-ion-auth\Libraries\IonAuth.php on line 65.
 1 APPPATH\Controllers\admin\Home.php(17): IonAuth\Libraries\IonAuth->__construct()
 2 SYSTEMPATH\CodeIgniter.php(903): App\Controllers\admin\Home->__construct()
 3 SYSTEMPATH\CodeIgniter.php(500): CodeIgniter\CodeIgniter->createController()
 4 SYSTEMPATH\CodeIgniter.php(355): CodeIgniter\CodeIgniter->handleRequest(null, Object(Config\Cache), false)
 5 SYSTEMPATH\Boot.php(325): CodeIgniter\CodeIgniter->run()
 6 SYSTEMPATH\Boot.php(67): CodeIgniter\Boot::runCodeIgniter(Object(CodeIgniter\CodeIgniter))
 7 FCPATH\index.php(56): CodeIgniter\Boot::bootWeb(Object(Config\Paths))
WARNING - 2024-12-19 06:01:59 --> [DEPRECATED] Creation of dynamic property IonAuth\Models\IonAuthModel::$join is deprecated in FCPATH\vendor\benedmunds\codeigniter-ion-auth\Models\IonAuthModel.php on line 231.
 1 FCPATH\vendor\benedmunds\codeigniter-ion-auth\Libraries\IonAuth.php(67): IonAuth\Models\IonAuthModel->__construct()
 2 APPPATH\Controllers\admin\Home.php(17): IonAuth\Libraries\IonAuth->__construct()
 3 SYSTEMPATH\CodeIgniter.php(903): App\Controllers\admin\Home->__construct()
 4 SYSTEMPATH\CodeIgniter.php(500): CodeIgniter\CodeIgniter->createController()
 5 SYSTEMPATH\CodeIgniter.php(355): CodeIgniter\CodeIgniter->handleRequest(null, Object(Config\Cache), false)
 6 SYSTEMPATH\Boot.php(325): CodeIgniter\CodeIgniter->run()
 7 SYSTEMPATH\Boot.php(67): CodeIgniter\Boot::runCodeIgniter(Object(CodeIgniter\CodeIgniter))
 8 FCPATH\index.php(56): CodeIgniter\Boot::bootWeb(Object(Config\Paths))
WARNING - 2024-12-19 06:01:59 --> [DEPRECATED] Creation of dynamic property IonAuth\Models\IonAuthModel::$hashMethod is deprecated in FCPATH\vendor\benedmunds\codeigniter-ion-auth\Models\IonAuthModel.php on line 234.
 1 FCPATH\vendor\benedmunds\codeigniter-ion-auth\Libraries\IonAuth.php(67): IonAuth\Models\IonAuthModel->__construct()
 2 APPPATH\Controllers\admin\Home.php(17): IonAuth\Libraries\IonAuth->__construct()
 3 SYSTEMPATH\CodeIgniter.php(903): App\Controllers\admin\Home->__construct()
 4 SYSTEMPATH\CodeIgniter.php(500): CodeIgniter\CodeIgniter->createController()
 5 SYSTEMPATH\CodeIgniter.php(355): CodeIgniter\CodeIgniter->handleRequest(null, Object(Config\Cache), false)
 6 SYSTEMPATH\Boot.php(325): CodeIgniter\CodeIgniter->run()
 7 SYSTEMPATH\Boot.php(67): CodeIgniter\Boot::runCodeIgniter(Object(CodeIgniter\CodeIgniter))
 8 FCPATH\index.php(56): CodeIgniter\Boot::bootWeb(Object(Config\Paths))
WARNING - 2024-12-19 06:01:59 --> [DEPRECATED] Creation of dynamic property IonAuth\Models\IonAuthModel::$messagesTemplates is deprecated in FCPATH\vendor\benedmunds\codeigniter-ion-auth\Models\IonAuthModel.php on line 237.
 1 FCPATH\vendor\benedmunds\codeigniter-ion-auth\Libraries\IonAuth.php(67): IonAuth\Models\IonAuthModel->__construct()
 2 APPPATH\Controllers\admin\Home.php(17): IonAuth\Libraries\IonAuth->__construct()
 3 SYSTEMPATH\CodeIgniter.php(903): App\Controllers\admin\Home->__construct()
 4 SYSTEMPATH\CodeIgniter.php(500): CodeIgniter\CodeIgniter->createController()
 5 SYSTEMPATH\CodeIgniter.php(355): CodeIgniter\CodeIgniter->handleRequest(null, Object(Config\Cache), false)
 6 SYSTEMPATH\Boot.php(325): CodeIgniter\CodeIgniter->run()
 7 SYSTEMPATH\Boot.php(67): CodeIgniter\Boot::runCodeIgniter(Object(CodeIgniter\CodeIgniter))
 8 FCPATH\index.php(56): CodeIgniter\Boot::bootWeb(Object(Config\Paths))
INFO - 2024-12-19 06:02:00 --> Session: Class initialized using 'CodeIgniter\Session\Handlers\FileHandler' driver.
WARNING - 2024-12-19 06:02:00 --> [DEPRECATED] Creation of dynamic property IonAuth\Libraries\IonAuth::$session is deprecated in FCPATH\vendor\benedmunds\codeigniter-ion-auth\Libraries\IonAuth.php on line 65.
 1 APPPATH\Controllers\admin\Home.php(17): IonAuth\Libraries\IonAuth->__construct()
 2 SYSTEMPATH\CodeIgniter.php(903): App\Controllers\admin\Home->__construct()
 3 SYSTEMPATH\CodeIgniter.php(500): CodeIgniter\CodeIgniter->createController()
 4 SYSTEMPATH\CodeIgniter.php(355): CodeIgniter\CodeIgniter->handleRequest(null, Object(Config\Cache), false)
 5 SYSTEMPATH\Boot.php(325): CodeIgniter\CodeIgniter->run()
 6 SYSTEMPATH\Boot.php(67): CodeIgniter\Boot::runCodeIgniter(Object(CodeIgniter\CodeIgniter))
 7 FCPATH\index.php(56): CodeIgniter\Boot::bootWeb(Object(Config\Paths))
WARNING - 2024-12-19 06:02:00 --> [DEPRECATED] Creation of dynamic property IonAuth\Models\IonAuthModel::$join is deprecated in FCPATH\vendor\benedmunds\codeigniter-ion-auth\Models\IonAuthModel.php on line 231.
 1 FCPATH\vendor\benedmunds\codeigniter-ion-auth\Libraries\IonAuth.php(67): IonAuth\Models\IonAuthModel->__construct()
 2 APPPATH\Controllers\admin\Home.php(17): IonAuth\Libraries\IonAuth->__construct()
 3 SYSTEMPATH\CodeIgniter.php(903): App\Controllers\admin\Home->__construct()
 4 SYSTEMPATH\CodeIgniter.php(500): CodeIgniter\CodeIgniter->createController()
 5 SYSTEMPATH\CodeIgniter.php(355): CodeIgniter\CodeIgniter->handleRequest(null, Object(Config\Cache), false)
 6 SYSTEMPATH\Boot.php(325): CodeIgniter\CodeIgniter->run()
 7 SYSTEMPATH\Boot.php(67): CodeIgniter\Boot::runCodeIgniter(Object(CodeIgniter\CodeIgniter))
 8 FCPATH\index.php(56): CodeIgniter\Boot::bootWeb(Object(Config\Paths))
WARNING - 2024-12-19 06:02:00 --> [DEPRECATED] Creation of dynamic property IonAuth\Models\IonAuthModel::$hashMethod is deprecated in FCPATH\vendor\benedmunds\codeigniter-ion-auth\Models\IonAuthModel.php on line 234.
 1 FCPATH\vendor\benedmunds\codeigniter-ion-auth\Libraries\IonAuth.php(67): IonAuth\Models\IonAuthModel->__construct()
 2 APPPATH\Controllers\admin\Home.php(17): IonAuth\Libraries\IonAuth->__construct()
 3 SYSTEMPATH\CodeIgniter.php(903): App\Controllers\admin\Home->__construct()
 4 SYSTEMPATH\CodeIgniter.php(500): CodeIgniter\CodeIgniter->createController()
 5 SYSTEMPATH\CodeIgniter.php(355): CodeIgniter\CodeIgniter->handleRequest(null, Object(Config\Cache), false)
 6 SYSTEMPATH\Boot.php(325): CodeIgniter\CodeIgniter->run()
 7 SYSTEMPATH\Boot.php(67): CodeIgniter\Boot::runCodeIgniter(Object(CodeIgniter\CodeIgniter))
 8 FCPATH\index.php(56): CodeIgniter\Boot::bootWeb(Object(Config\Paths))
WARNING - 2024-12-19 06:02:00 --> [DEPRECATED] Creation of dynamic property IonAuth\Models\IonAuthModel::$messagesTemplates is deprecated in FCPATH\vendor\benedmunds\codeigniter-ion-auth\Models\IonAuthModel.php on line 237.
 1 FCPATH\vendor\benedmunds\codeigniter-ion-auth\Libraries\IonAuth.php(67): IonAuth\Models\IonAuthModel->__construct()
 2 APPPATH\Controllers\admin\Home.php(17): IonAuth\Libraries\IonAuth->__construct()
 3 SYSTEMPATH\CodeIgniter.php(903): App\Controllers\admin\Home->__construct()
 4 SYSTEMPATH\CodeIgniter.php(500): CodeIgniter\CodeIgniter->createController()
 5 SYSTEMPATH\CodeIgniter.php(355): CodeIgniter\CodeIgniter->handleRequest(null, Object(Config\Cache), false)
 6 SYSTEMPATH\Boot.php(325): CodeIgniter\CodeIgniter->run()
 7 SYSTEMPATH\Boot.php(67): CodeIgniter\Boot::runCodeIgniter(Object(CodeIgniter\CodeIgniter))
 8 FCPATH\index.php(56): CodeIgniter\Boot::bootWeb(Object(Config\Paths))
INFO - 2024-12-19 06:02:00 --> Session: Class initialized using 'CodeIgniter\Session\Handlers\FileHandler' driver.
WARNING - 2024-12-19 06:02:00 --> [DEPRECATED] Creation of dynamic property IonAuth\Libraries\IonAuth::$session is deprecated in FCPATH\vendor\benedmunds\codeigniter-ion-auth\Libraries\IonAuth.php on line 65.
 1 APPPATH\Controllers\admin\Home.php(17): IonAuth\Libraries\IonAuth->__construct()
 2 SYSTEMPATH\CodeIgniter.php(903): App\Controllers\admin\Home->__construct()
 3 SYSTEMPATH\CodeIgniter.php(500): CodeIgniter\CodeIgniter->createController()
 4 SYSTEMPATH\CodeIgniter.php(355): CodeIgniter\CodeIgniter->handleRequest(null, Object(Config\Cache), false)
 5 SYSTEMPATH\Boot.php(325): CodeIgniter\CodeIgniter->run()
 6 SYSTEMPATH\Boot.php(67): CodeIgniter\Boot::runCodeIgniter(Object(CodeIgniter\CodeIgniter))
 7 FCPATH\index.php(56): CodeIgniter\Boot::bootWeb(Object(Config\Paths))
WARNING - 2024-12-19 06:02:00 --> [DEPRECATED] Creation of dynamic property IonAuth\Models\IonAuthModel::$join is deprecated in FCPATH\vendor\benedmunds\codeigniter-ion-auth\Models\IonAuthModel.php on line 231.
 1 FCPATH\vendor\benedmunds\codeigniter-ion-auth\Libraries\IonAuth.php(67): IonAuth\Models\IonAuthModel->__construct()
 2 APPPATH\Controllers\admin\Home.php(17): IonAuth\Libraries\IonAuth->__construct()
 3 SYSTEMPATH\CodeIgniter.php(903): App\Controllers\admin\Home->__construct()
 4 SYSTEMPATH\CodeIgniter.php(500): CodeIgniter\CodeIgniter->createController()
 5 SYSTEMPATH\CodeIgniter.php(355): CodeIgniter\CodeIgniter->handleRequest(null, Object(Config\Cache), false)
 6 SYSTEMPATH\Boot.php(325): CodeIgniter\CodeIgniter->run()
 7 SYSTEMPATH\Boot.php(67): CodeIgniter\Boot::runCodeIgniter(Object(CodeIgniter\CodeIgniter))
 8 FCPATH\index.php(56): CodeIgniter\Boot::bootWeb(Object(Config\Paths))
WARNING - 2024-12-19 06:02:00 --> [DEPRECATED] Creation of dynamic property IonAuth\Models\IonAuthModel::$hashMethod is deprecated in FCPATH\vendor\benedmunds\codeigniter-ion-auth\Models\IonAuthModel.php on line 234.
 1 FCPATH\vendor\benedmunds\codeigniter-ion-auth\Libraries\IonAuth.php(67): IonAuth\Models\IonAuthModel->__construct()
 2 APPPATH\Controllers\admin\Home.php(17): IonAuth\Libraries\IonAuth->__construct()
 3 SYSTEMPATH\CodeIgniter.php(903): App\Controllers\admin\Home->__construct()
 4 SYSTEMPATH\CodeIgniter.php(500): CodeIgniter\CodeIgniter->createController()
 5 SYSTEMPATH\CodeIgniter.php(355): CodeIgniter\CodeIgniter->handleRequest(null, Object(Config\Cache), false)
 6 SYSTEMPATH\Boot.php(325): CodeIgniter\CodeIgniter->run()
 7 SYSTEMPATH\Boot.php(67): CodeIgniter\Boot::runCodeIgniter(Object(CodeIgniter\CodeIgniter))
 8 FCPATH\index.php(56): CodeIgniter\Boot::bootWeb(Object(Config\Paths))
WARNING - 2024-12-19 06:02:00 --> [DEPRECATED] Creation of dynamic property IonAuth\Models\IonAuthModel::$messagesTemplates is deprecated in FCPATH\vendor\benedmunds\codeigniter-ion-auth\Models\IonAuthModel.php on line 237.
 1 FCPATH\vendor\benedmunds\codeigniter-ion-auth\Libraries\IonAuth.php(67): IonAuth\Models\IonAuthModel->__construct()
 2 APPPATH\Controllers\admin\Home.php(17): IonAuth\Libraries\IonAuth->__construct()
 3 SYSTEMPATH\CodeIgniter.php(903): App\Controllers\admin\Home->__construct()
 4 SYSTEMPATH\CodeIgniter.php(500): CodeIgniter\CodeIgniter->createController()
 5 SYSTEMPATH\CodeIgniter.php(355): CodeIgniter\CodeIgniter->handleRequest(null, Object(Config\Cache), false)
 6 SYSTEMPATH\Boot.php(325): CodeIgniter\CodeIgniter->run()
 7 SYSTEMPATH\Boot.php(67): CodeIgniter\Boot::runCodeIgniter(Object(CodeIgniter\CodeIgniter))
 8 FCPATH\index.php(56): CodeIgniter\Boot::bootWeb(Object(Config\Paths))
INFO - 2024-12-19 06:05:43 --> Session: Class initialized using 'CodeIgniter\Session\Handlers\FileHandler' driver.
WARNING - 2024-12-19 06:05:43 --> [DEPRECATED] Creation of dynamic property IonAuth\Libraries\IonAuth::$session is deprecated in FCPATH\vendor\benedmunds\codeigniter-ion-auth\Libraries\IonAuth.php on line 65.
 1 APPPATH\Controllers\admin\Profile.php(17): IonAuth\Libraries\IonAuth->__construct()
 2 SYSTEMPATH\CodeIgniter.php(903): App\Controllers\admin\Profile->__construct()
 3 SYSTEMPATH\CodeIgniter.php(500): CodeIgniter\CodeIgniter->createController()
 4 SYSTEMPATH\CodeIgniter.php(355): CodeIgniter\CodeIgniter->handleRequest(null, Object(Config\Cache), false)
 5 SYSTEMPATH\Boot.php(325): CodeIgniter\CodeIgniter->run()
 6 SYSTEMPATH\Boot.php(67): CodeIgniter\Boot::runCodeIgniter(Object(CodeIgniter\CodeIgniter))
 7 FCPATH\index.php(56): CodeIgniter\Boot::bootWeb(Object(Config\Paths))
WARNING - 2024-12-19 06:05:43 --> [DEPRECATED] Creation of dynamic property IonAuth\Models\IonAuthModel::$join is deprecated in FCPATH\vendor\benedmunds\codeigniter-ion-auth\Models\IonAuthModel.php on line 231.
 1 FCPATH\vendor\benedmunds\codeigniter-ion-auth\Libraries\IonAuth.php(67): IonAuth\Models\IonAuthModel->__construct()
 2 APPPATH\Controllers\admin\Profile.php(17): IonAuth\Libraries\IonAuth->__construct()
 3 SYSTEMPATH\CodeIgniter.php(903): App\Controllers\admin\Profile->__construct()
 4 SYSTEMPATH\CodeIgniter.php(500): CodeIgniter\CodeIgniter->createController()
 5 SYSTEMPATH\CodeIgniter.php(355): CodeIgniter\CodeIgniter->handleRequest(null, Object(Config\Cache), false)
 6 SYSTEMPATH\Boot.php(325): CodeIgniter\CodeIgniter->run()
 7 SYSTEMPATH\Boot.php(67): CodeIgniter\Boot::runCodeIgniter(Object(CodeIgniter\CodeIgniter))
 8 FCPATH\index.php(56): CodeIgniter\Boot::bootWeb(Object(Config\Paths))
WARNING - 2024-12-19 06:05:43 --> [DEPRECATED] Creation of dynamic property IonAuth\Models\IonAuthModel::$hashMethod is deprecated in FCPATH\vendor\benedmunds\codeigniter-ion-auth\Models\IonAuthModel.php on line 234.
 1 FCPATH\vendor\benedmunds\codeigniter-ion-auth\Libraries\IonAuth.php(67): IonAuth\Models\IonAuthModel->__construct()
 2 APPPATH\Controllers\admin\Profile.php(17): IonAuth\Libraries\IonAuth->__construct()
 3 SYSTEMPATH\CodeIgniter.php(903): App\Controllers\admin\Profile->__construct()
 4 SYSTEMPATH\CodeIgniter.php(500): CodeIgniter\CodeIgniter->createController()
 5 SYSTEMPATH\CodeIgniter.php(355): CodeIgniter\CodeIgniter->handleRequest(null, Object(Config\Cache), false)
 6 SYSTEMPATH\Boot.php(325): CodeIgniter\CodeIgniter->run()
 7 SYSTEMPATH\Boot.php(67): CodeIgniter\Boot::runCodeIgniter(Object(CodeIgniter\CodeIgniter))
 8 FCPATH\index.php(56): CodeIgniter\Boot::bootWeb(Object(Config\Paths))
WARNING - 2024-12-19 06:05:43 --> [DEPRECATED] Creation of dynamic property IonAuth\Models\IonAuthModel::$messagesTemplates is deprecated in FCPATH\vendor\benedmunds\codeigniter-ion-auth\Models\IonAuthModel.php on line 237.
 1 FCPATH\vendor\benedmunds\codeigniter-ion-auth\Libraries\IonAuth.php(67): IonAuth\Models\IonAuthModel->__construct()
 2 APPPATH\Controllers\admin\Profile.php(17): IonAuth\Libraries\IonAuth->__construct()
 3 SYSTEMPATH\CodeIgniter.php(903): App\Controllers\admin\Profile->__construct()
 4 SYSTEMPATH\CodeIgniter.php(500): CodeIgniter\CodeIgniter->createController()
 5 SYSTEMPATH\CodeIgniter.php(355): CodeIgniter\CodeIgniter->handleRequest(null, Object(Config\Cache), false)
 6 SYSTEMPATH\Boot.php(325): CodeIgniter\CodeIgniter->run()
 7 SYSTEMPATH\Boot.php(67): CodeIgniter\Boot::runCodeIgniter(Object(CodeIgniter\CodeIgniter))
 8 FCPATH\index.php(56): CodeIgniter\Boot::bootWeb(Object(Config\Paths))
INFO - 2024-12-19 06:08:38 --> Session: Class initialized using 'CodeIgniter\Session\Handlers\FileHandler' driver.
WARNING - 2024-12-19 06:08:38 --> [DEPRECATED] Creation of dynamic property IonAuth\Libraries\IonAuth::$session is deprecated in FCPATH\vendor\benedmunds\codeigniter-ion-auth\Libraries\IonAuth.php on line 65.
 1 APPPATH\Controllers\admin\Profile.php(17): IonAuth\Libraries\IonAuth->__construct()
 2 SYSTEMPATH\CodeIgniter.php(903): App\Controllers\admin\Profile->__construct()
 3 SYSTEMPATH\CodeIgniter.php(500): CodeIgniter\CodeIgniter->createController()
 4 SYSTEMPATH\CodeIgniter.php(355): CodeIgniter\CodeIgniter->handleRequest(null, Object(Config\Cache), false)
 5 SYSTEMPATH\Boot.php(325): CodeIgniter\CodeIgniter->run()
 6 SYSTEMPATH\Boot.php(67): CodeIgniter\Boot::runCodeIgniter(Object(CodeIgniter\CodeIgniter))
 7 FCPATH\index.php(56): CodeIgniter\Boot::bootWeb(Object(Config\Paths))
WARNING - 2024-12-19 06:08:38 --> [DEPRECATED] Creation of dynamic property IonAuth\Models\IonAuthModel::$join is deprecated in FCPATH\vendor\benedmunds\codeigniter-ion-auth\Models\IonAuthModel.php on line 231.
 1 FCPATH\vendor\benedmunds\codeigniter-ion-auth\Libraries\IonAuth.php(67): IonAuth\Models\IonAuthModel->__construct()
 2 APPPATH\Controllers\admin\Profile.php(17): IonAuth\Libraries\IonAuth->__construct()
 3 SYSTEMPATH\CodeIgniter.php(903): App\Controllers\admin\Profile->__construct()
 4 SYSTEMPATH\CodeIgniter.php(500): CodeIgniter\CodeIgniter->createController()
 5 SYSTEMPATH\CodeIgniter.php(355): CodeIgniter\CodeIgniter->handleRequest(null, Object(Config\Cache), false)
 6 SYSTEMPATH\Boot.php(325): CodeIgniter\CodeIgniter->run()
 7 SYSTEMPATH\Boot.php(67): CodeIgniter\Boot::runCodeIgniter(Object(CodeIgniter\CodeIgniter))
 8 FCPATH\index.php(56): CodeIgniter\Boot::bootWeb(Object(Config\Paths))
WARNING - 2024-12-19 06:08:38 --> [DEPRECATED] Creation of dynamic property IonAuth\Models\IonAuthModel::$hashMethod is deprecated in FCPATH\vendor\benedmunds\codeigniter-ion-auth\Models\IonAuthModel.php on line 234.
 1 FCPATH\vendor\benedmunds\codeigniter-ion-auth\Libraries\IonAuth.php(67): IonAuth\Models\IonAuthModel->__construct()
 2 APPPATH\Controllers\admin\Profile.php(17): IonAuth\Libraries\IonAuth->__construct()
 3 SYSTEMPATH\CodeIgniter.php(903): App\Controllers\admin\Profile->__construct()
 4 SYSTEMPATH\CodeIgniter.php(500): CodeIgniter\CodeIgniter->createController()
 5 SYSTEMPATH\CodeIgniter.php(355): CodeIgniter\CodeIgniter->handleRequest(null, Object(Config\Cache), false)
 6 SYSTEMPATH\Boot.php(325): CodeIgniter\CodeIgniter->run()
 7 SYSTEMPATH\Boot.php(67): CodeIgniter\Boot::runCodeIgniter(Object(CodeIgniter\CodeIgniter))
 8 FCPATH\index.php(56): CodeIgniter\Boot::bootWeb(Object(Config\Paths))
WARNING - 2024-12-19 06:08:38 --> [DEPRECATED] Creation of dynamic property IonAuth\Models\IonAuthModel::$messagesTemplates is deprecated in FCPATH\vendor\benedmunds\codeigniter-ion-auth\Models\IonAuthModel.php on line 237.
 1 FCPATH\vendor\benedmunds\codeigniter-ion-auth\Libraries\IonAuth.php(67): IonAuth\Models\IonAuthModel->__construct()
 2 APPPATH\Controllers\admin\Profile.php(17): IonAuth\Libraries\IonAuth->__construct()
 3 SYSTEMPATH\CodeIgniter.php(903): App\Controllers\admin\Profile->__construct()
 4 SYSTEMPATH\CodeIgniter.php(500): CodeIgniter\CodeIgniter->createController()
 5 SYSTEMPATH\CodeIgniter.php(355): CodeIgniter\CodeIgniter->handleRequest(null, Object(Config\Cache), false)
 6 SYSTEMPATH\Boot.php(325): CodeIgniter\CodeIgniter->run()
 7 SYSTEMPATH\Boot.php(67): CodeIgniter\Boot::runCodeIgniter(Object(CodeIgniter\CodeIgniter))
 8 FCPATH\index.php(56): CodeIgniter\Boot::bootWeb(Object(Config\Paths))
INFO - 2024-12-19 06:08:50 --> Session: Class initialized using 'CodeIgniter\Session\Handlers\FileHandler' driver.
WARNING - 2024-12-19 06:08:50 --> [DEPRECATED] Creation of dynamic property IonAuth\Models\IonAuthModel::$join is deprecated in FCPATH\vendor\benedmunds\codeigniter-ion-auth\Models\IonAuthModel.php on line 231.
 1 APPPATH\Libraries\IonAuth.php(71): IonAuth\Models\IonAuthModel->__construct()
 2 APPPATH\Controllers\Home.php(12): App\Libraries\IonAuth->__construct()
 3 SYSTEMPATH\CodeIgniter.php(903): App\Controllers\Home->__construct()
 4 SYSTEMPATH\CodeIgniter.php(500): CodeIgniter\CodeIgniter->createController()
 5 SYSTEMPATH\CodeIgniter.php(355): CodeIgniter\CodeIgniter->handleRequest(null, Object(Config\Cache), false)
 6 SYSTEMPATH\Boot.php(325): CodeIgniter\CodeIgniter->run()
 7 SYSTEMPATH\Boot.php(67): CodeIgniter\Boot::runCodeIgniter(Object(CodeIgniter\CodeIgniter))
 8 FCPATH\index.php(56): CodeIgniter\Boot::bootWeb(Object(Config\Paths))
WARNING - 2024-12-19 06:08:50 --> [DEPRECATED] Creation of dynamic property IonAuth\Models\IonAuthModel::$hashMethod is deprecated in FCPATH\vendor\benedmunds\codeigniter-ion-auth\Models\IonAuthModel.php on line 234.
 1 APPPATH\Libraries\IonAuth.php(71): IonAuth\Models\IonAuthModel->__construct()
 2 APPPATH\Controllers\Home.php(12): App\Libraries\IonAuth->__construct()
 3 SYSTEMPATH\CodeIgniter.php(903): App\Controllers\Home->__construct()
 4 SYSTEMPATH\CodeIgniter.php(500): CodeIgniter\CodeIgniter->createController()
 5 SYSTEMPATH\CodeIgniter.php(355): CodeIgniter\CodeIgniter->handleRequest(null, Object(Config\Cache), false)
 6 SYSTEMPATH\Boot.php(325): CodeIgniter\CodeIgniter->run()
 7 SYSTEMPATH\Boot.php(67): CodeIgniter\Boot::runCodeIgniter(Object(CodeIgniter\CodeIgniter))
 8 FCPATH\index.php(56): CodeIgniter\Boot::bootWeb(Object(Config\Paths))
WARNING - 2024-12-19 06:08:50 --> [DEPRECATED] Creation of dynamic property IonAuth\Models\IonAuthModel::$messagesTemplates is deprecated in FCPATH\vendor\benedmunds\codeigniter-ion-auth\Models\IonAuthModel.php on line 237.
 1 APPPATH\Libraries\IonAuth.php(71): IonAuth\Models\IonAuthModel->__construct()
 2 APPPATH\Controllers\Home.php(12): App\Libraries\IonAuth->__construct()
 3 SYSTEMPATH\CodeIgniter.php(903): App\Controllers\Home->__construct()
 4 SYSTEMPATH\CodeIgniter.php(500): CodeIgniter\CodeIgniter->createController()
 5 SYSTEMPATH\CodeIgniter.php(355): CodeIgniter\CodeIgniter->handleRequest(null, Object(Config\Cache), false)
 6 SYSTEMPATH\Boot.php(325): CodeIgniter\CodeIgniter->run()
 7 SYSTEMPATH\Boot.php(67): CodeIgniter\Boot::runCodeIgniter(Object(CodeIgniter\CodeIgniter))
 8 FCPATH\index.php(56): CodeIgniter\Boot::bootWeb(Object(Config\Paths))
INFO - 2024-12-19 06:08:55 --> Session: Class initialized using 'CodeIgniter\Session\Handlers\FileHandler' driver.
WARNING - 2024-12-19 06:08:55 --> [DEPRECATED] Creation of dynamic property IonAuth\Libraries\IonAuth::$session is deprecated in FCPATH\vendor\benedmunds\codeigniter-ion-auth\Libraries\IonAuth.php on line 65.
 1 APPPATH\Controllers\admin\Home.php(17): IonAuth\Libraries\IonAuth->__construct()
 2 SYSTEMPATH\CodeIgniter.php(903): App\Controllers\admin\Home->__construct()
 3 SYSTEMPATH\CodeIgniter.php(500): CodeIgniter\CodeIgniter->createController()
 4 SYSTEMPATH\CodeIgniter.php(355): CodeIgniter\CodeIgniter->handleRequest(null, Object(Config\Cache), false)
 5 SYSTEMPATH\Boot.php(325): CodeIgniter\CodeIgniter->run()
 6 SYSTEMPATH\Boot.php(67): CodeIgniter\Boot::runCodeIgniter(Object(CodeIgniter\CodeIgniter))
 7 FCPATH\index.php(56): CodeIgniter\Boot::bootWeb(Object(Config\Paths))
WARNING - 2024-12-19 06:08:55 --> [DEPRECATED] Creation of dynamic property IonAuth\Models\IonAuthModel::$join is deprecated in FCPATH\vendor\benedmunds\codeigniter-ion-auth\Models\IonAuthModel.php on line 231.
 1 FCPATH\vendor\benedmunds\codeigniter-ion-auth\Libraries\IonAuth.php(67): IonAuth\Models\IonAuthModel->__construct()
 2 APPPATH\Controllers\admin\Home.php(17): IonAuth\Libraries\IonAuth->__construct()
 3 SYSTEMPATH\CodeIgniter.php(903): App\Controllers\admin\Home->__construct()
 4 SYSTEMPATH\CodeIgniter.php(500): CodeIgniter\CodeIgniter->createController()
 5 SYSTEMPATH\CodeIgniter.php(355): CodeIgniter\CodeIgniter->handleRequest(null, Object(Config\Cache), false)
 6 SYSTEMPATH\Boot.php(325): CodeIgniter\CodeIgniter->run()
 7 SYSTEMPATH\Boot.php(67): CodeIgniter\Boot::runCodeIgniter(Object(CodeIgniter\CodeIgniter))
 8 FCPATH\index.php(56): CodeIgniter\Boot::bootWeb(Object(Config\Paths))
WARNING - 2024-12-19 06:08:55 --> [DEPRECATED] Creation of dynamic property IonAuth\Models\IonAuthModel::$hashMethod is deprecated in FCPATH\vendor\benedmunds\codeigniter-ion-auth\Models\IonAuthModel.php on line 234.
 1 FCPATH\vendor\benedmunds\codeigniter-ion-auth\Libraries\IonAuth.php(67): IonAuth\Models\IonAuthModel->__construct()
 2 APPPATH\Controllers\admin\Home.php(17): IonAuth\Libraries\IonAuth->__construct()
 3 SYSTEMPATH\CodeIgniter.php(903): App\Controllers\admin\Home->__construct()
 4 SYSTEMPATH\CodeIgniter.php(500): CodeIgniter\CodeIgniter->createController()
 5 SYSTEMPATH\CodeIgniter.php(355): CodeIgniter\CodeIgniter->handleRequest(null, Object(Config\Cache), false)
 6 SYSTEMPATH\Boot.php(325): CodeIgniter\CodeIgniter->run()
 7 SYSTEMPATH\Boot.php(67): CodeIgniter\Boot::runCodeIgniter(Object(CodeIgniter\CodeIgniter))
 8 FCPATH\index.php(56): CodeIgniter\Boot::bootWeb(Object(Config\Paths))
WARNING - 2024-12-19 06:08:55 --> [DEPRECATED] Creation of dynamic property IonAuth\Models\IonAuthModel::$messagesTemplates is deprecated in FCPATH\vendor\benedmunds\codeigniter-ion-auth\Models\IonAuthModel.php on line 237.
 1 FCPATH\vendor\benedmunds\codeigniter-ion-auth\Libraries\IonAuth.php(67): IonAuth\Models\IonAuthModel->__construct()
 2 APPPATH\Controllers\admin\Home.php(17): IonAuth\Libraries\IonAuth->__construct()
 3 SYSTEMPATH\CodeIgniter.php(903): App\Controllers\admin\Home->__construct()
 4 SYSTEMPATH\CodeIgniter.php(500): CodeIgniter\CodeIgniter->createController()
 5 SYSTEMPATH\CodeIgniter.php(355): CodeIgniter\CodeIgniter->handleRequest(null, Object(Config\Cache), false)
 6 SYSTEMPATH\Boot.php(325): CodeIgniter\CodeIgniter->run()
 7 SYSTEMPATH\Boot.php(67): CodeIgniter\Boot::runCodeIgniter(Object(CodeIgniter\CodeIgniter))
 8 FCPATH\index.php(56): CodeIgniter\Boot::bootWeb(Object(Config\Paths))
INFO - 2024-12-19 06:08:56 --> Session: Class initialized using 'CodeIgniter\Session\Handlers\FileHandler' driver.
WARNING - 2024-12-19 06:08:56 --> [DEPRECATED] Creation of dynamic property IonAuth\Libraries\IonAuth::$session is deprecated in FCPATH\vendor\benedmunds\codeigniter-ion-auth\Libraries\IonAuth.php on line 65.
 1 APPPATH\Controllers\admin\Home.php(17): IonAuth\Libraries\IonAuth->__construct()
 2 SYSTEMPATH\CodeIgniter.php(903): App\Controllers\admin\Home->__construct()
 3 SYSTEMPATH\CodeIgniter.php(500): CodeIgniter\CodeIgniter->createController()
 4 SYSTEMPATH\CodeIgniter.php(355): CodeIgniter\CodeIgniter->handleRequest(null, Object(Config\Cache), false)
 5 SYSTEMPATH\Boot.php(325): CodeIgniter\CodeIgniter->run()
 6 SYSTEMPATH\Boot.php(67): CodeIgniter\Boot::runCodeIgniter(Object(CodeIgniter\CodeIgniter))
 7 FCPATH\index.php(56): CodeIgniter\Boot::bootWeb(Object(Config\Paths))
WARNING - 2024-12-19 06:08:56 --> [DEPRECATED] Creation of dynamic property IonAuth\Models\IonAuthModel::$join is deprecated in FCPATH\vendor\benedmunds\codeigniter-ion-auth\Models\IonAuthModel.php on line 231.
 1 FCPATH\vendor\benedmunds\codeigniter-ion-auth\Libraries\IonAuth.php(67): IonAuth\Models\IonAuthModel->__construct()
 2 APPPATH\Controllers\admin\Home.php(17): IonAuth\Libraries\IonAuth->__construct()
 3 SYSTEMPATH\CodeIgniter.php(903): App\Controllers\admin\Home->__construct()
 4 SYSTEMPATH\CodeIgniter.php(500): CodeIgniter\CodeIgniter->createController()
 5 SYSTEMPATH\CodeIgniter.php(355): CodeIgniter\CodeIgniter->handleRequest(null, Object(Config\Cache), false)
 6 SYSTEMPATH\Boot.php(325): CodeIgniter\CodeIgniter->run()
 7 SYSTEMPATH\Boot.php(67): CodeIgniter\Boot::runCodeIgniter(Object(CodeIgniter\CodeIgniter))
 8 FCPATH\index.php(56): CodeIgniter\Boot::bootWeb(Object(Config\Paths))
WARNING - 2024-12-19 06:08:56 --> [DEPRECATED] Creation of dynamic property IonAuth\Models\IonAuthModel::$hashMethod is deprecated in FCPATH\vendor\benedmunds\codeigniter-ion-auth\Models\IonAuthModel.php on line 234.
 1 FCPATH\vendor\benedmunds\codeigniter-ion-auth\Libraries\IonAuth.php(67): IonAuth\Models\IonAuthModel->__construct()
 2 APPPATH\Controllers\admin\Home.php(17): IonAuth\Libraries\IonAuth->__construct()
 3 SYSTEMPATH\CodeIgniter.php(903): App\Controllers\admin\Home->__construct()
 4 SYSTEMPATH\CodeIgniter.php(500): CodeIgniter\CodeIgniter->createController()
 5 SYSTEMPATH\CodeIgniter.php(355): CodeIgniter\CodeIgniter->handleRequest(null, Object(Config\Cache), false)
 6 SYSTEMPATH\Boot.php(325): CodeIgniter\CodeIgniter->run()
 7 SYSTEMPATH\Boot.php(67): CodeIgniter\Boot::runCodeIgniter(Object(CodeIgniter\CodeIgniter))
 8 FCPATH\index.php(56): CodeIgniter\Boot::bootWeb(Object(Config\Paths))
WARNING - 2024-12-19 06:08:56 --> [DEPRECATED] Creation of dynamic property IonAuth\Models\IonAuthModel::$messagesTemplates is deprecated in FCPATH\vendor\benedmunds\codeigniter-ion-auth\Models\IonAuthModel.php on line 237.
 1 FCPATH\vendor\benedmunds\codeigniter-ion-auth\Libraries\IonAuth.php(67): IonAuth\Models\IonAuthModel->__construct()
 2 APPPATH\Controllers\admin\Home.php(17): IonAuth\Libraries\IonAuth->__construct()
 3 SYSTEMPATH\CodeIgniter.php(903): App\Controllers\admin\Home->__construct()
 4 SYSTEMPATH\CodeIgniter.php(500): CodeIgniter\CodeIgniter->createController()
 5 SYSTEMPATH\CodeIgniter.php(355): CodeIgniter\CodeIgniter->handleRequest(null, Object(Config\Cache), false)
 6 SYSTEMPATH\Boot.php(325): CodeIgniter\CodeIgniter->run()
 7 SYSTEMPATH\Boot.php(67): CodeIgniter\Boot::runCodeIgniter(Object(CodeIgniter\CodeIgniter))
 8 FCPATH\index.php(56): CodeIgniter\Boot::bootWeb(Object(Config\Paths))
INFO - 2024-12-19 06:08:56 --> Session: Class initialized using 'CodeIgniter\Session\Handlers\FileHandler' driver.
WARNING - 2024-12-19 06:08:56 --> [DEPRECATED] Creation of dynamic property IonAuth\Libraries\IonAuth::$session is deprecated in FCPATH\vendor\benedmunds\codeigniter-ion-auth\Libraries\IonAuth.php on line 65.
 1 APPPATH\Controllers\admin\Home.php(17): IonAuth\Libraries\IonAuth->__construct()
 2 SYSTEMPATH\CodeIgniter.php(903): App\Controllers\admin\Home->__construct()
 3 SYSTEMPATH\CodeIgniter.php(500): CodeIgniter\CodeIgniter->createController()
 4 SYSTEMPATH\CodeIgniter.php(355): CodeIgniter\CodeIgniter->handleRequest(null, Object(Config\Cache), false)
 5 SYSTEMPATH\Boot.php(325): CodeIgniter\CodeIgniter->run()
 6 SYSTEMPATH\Boot.php(67): CodeIgniter\Boot::runCodeIgniter(Object(CodeIgniter\CodeIgniter))
 7 FCPATH\index.php(56): CodeIgniter\Boot::bootWeb(Object(Config\Paths))
WARNING - 2024-12-19 06:08:56 --> [DEPRECATED] Creation of dynamic property IonAuth\Models\IonAuthModel::$join is deprecated in FCPATH\vendor\benedmunds\codeigniter-ion-auth\Models\IonAuthModel.php on line 231.
 1 FCPATH\vendor\benedmunds\codeigniter-ion-auth\Libraries\IonAuth.php(67): IonAuth\Models\IonAuthModel->__construct()
 2 APPPATH\Controllers\admin\Home.php(17): IonAuth\Libraries\IonAuth->__construct()
 3 SYSTEMPATH\CodeIgniter.php(903): App\Controllers\admin\Home->__construct()
 4 SYSTEMPATH\CodeIgniter.php(500): CodeIgniter\CodeIgniter->createController()
 5 SYSTEMPATH\CodeIgniter.php(355): CodeIgniter\CodeIgniter->handleRequest(null, Object(Config\Cache), false)
 6 SYSTEMPATH\Boot.php(325): CodeIgniter\CodeIgniter->run()
 7 SYSTEMPATH\Boot.php(67): CodeIgniter\Boot::runCodeIgniter(Object(CodeIgniter\CodeIgniter))
 8 FCPATH\index.php(56): CodeIgniter\Boot::bootWeb(Object(Config\Paths))
WARNING - 2024-12-19 06:08:56 --> [DEPRECATED] Creation of dynamic property IonAuth\Models\IonAuthModel::$hashMethod is deprecated in FCPATH\vendor\benedmunds\codeigniter-ion-auth\Models\IonAuthModel.php on line 234.
 1 FCPATH\vendor\benedmunds\codeigniter-ion-auth\Libraries\IonAuth.php(67): IonAuth\Models\IonAuthModel->__construct()
 2 APPPATH\Controllers\admin\Home.php(17): IonAuth\Libraries\IonAuth->__construct()
 3 SYSTEMPATH\CodeIgniter.php(903): App\Controllers\admin\Home->__construct()
 4 SYSTEMPATH\CodeIgniter.php(500): CodeIgniter\CodeIgniter->createController()
 5 SYSTEMPATH\CodeIgniter.php(355): CodeIgniter\CodeIgniter->handleRequest(null, Object(Config\Cache), false)
 6 SYSTEMPATH\Boot.php(325): CodeIgniter\CodeIgniter->run()
 7 SYSTEMPATH\Boot.php(67): CodeIgniter\Boot::runCodeIgniter(Object(CodeIgniter\CodeIgniter))
 8 FCPATH\index.php(56): CodeIgniter\Boot::bootWeb(Object(Config\Paths))
WARNING - 2024-12-19 06:08:56 --> [DEPRECATED] Creation of dynamic property IonAuth\Models\IonAuthModel::$messagesTemplates is deprecated in FCPATH\vendor\benedmunds\codeigniter-ion-auth\Models\IonAuthModel.php on line 237.
 1 FCPATH\vendor\benedmunds\codeigniter-ion-auth\Libraries\IonAuth.php(67): IonAuth\Models\IonAuthModel->__construct()
 2 APPPATH\Controllers\admin\Home.php(17): IonAuth\Libraries\IonAuth->__construct()
 3 SYSTEMPATH\CodeIgniter.php(903): App\Controllers\admin\Home->__construct()
 4 SYSTEMPATH\CodeIgniter.php(500): CodeIgniter\CodeIgniter->createController()
 5 SYSTEMPATH\CodeIgniter.php(355): CodeIgniter\CodeIgniter->handleRequest(null, Object(Config\Cache), false)
 6 SYSTEMPATH\Boot.php(325): CodeIgniter\CodeIgniter->run()
 7 SYSTEMPATH\Boot.php(67): CodeIgniter\Boot::runCodeIgniter(Object(CodeIgniter\CodeIgniter))
 8 FCPATH\index.php(56): CodeIgniter\Boot::bootWeb(Object(Config\Paths))
INFO - 2024-12-19 06:14:07 --> Session: Class initialized using 'CodeIgniter\Session\Handlers\FileHandler' driver.
WARNING - 2024-12-19 06:14:07 --> [DEPRECATED] Creation of dynamic property IonAuth\Models\IonAuthModel::$join is deprecated in FCPATH\vendor\benedmunds\codeigniter-ion-auth\Models\IonAuthModel.php on line 231.
 1 APPPATH\Libraries\IonAuth.php(71): IonAuth\Models\IonAuthModel->__construct()
 2 APPPATH\Controllers\Auth.php(77): App\Libraries\IonAuth->__construct()
 3 SYSTEMPATH\CodeIgniter.php(903): App\Controllers\Auth->__construct()
 4 SYSTEMPATH\CodeIgniter.php(500): CodeIgniter\CodeIgniter->createController()
 5 SYSTEMPATH\CodeIgniter.php(355): CodeIgniter\CodeIgniter->handleRequest(null, Object(Config\Cache), false)
 6 SYSTEMPATH\Boot.php(325): CodeIgniter\CodeIgniter->run()
 7 SYSTEMPATH\Boot.php(67): CodeIgniter\Boot::runCodeIgniter(Object(CodeIgniter\CodeIgniter))
 8 FCPATH\index.php(56): CodeIgniter\Boot::bootWeb(Object(Config\Paths))
WARNING - 2024-12-19 06:14:07 --> [DEPRECATED] Creation of dynamic property IonAuth\Models\IonAuthModel::$hashMethod is deprecated in FCPATH\vendor\benedmunds\codeigniter-ion-auth\Models\IonAuthModel.php on line 234.
 1 APPPATH\Libraries\IonAuth.php(71): IonAuth\Models\IonAuthModel->__construct()
 2 APPPATH\Controllers\Auth.php(77): App\Libraries\IonAuth->__construct()
 3 SYSTEMPATH\CodeIgniter.php(903): App\Controllers\Auth->__construct()
 4 SYSTEMPATH\CodeIgniter.php(500): CodeIgniter\CodeIgniter->createController()
 5 SYSTEMPATH\CodeIgniter.php(355): CodeIgniter\CodeIgniter->handleRequest(null, Object(Config\Cache), false)
 6 SYSTEMPATH\Boot.php(325): CodeIgniter\CodeIgniter->run()
 7 SYSTEMPATH\Boot.php(67): CodeIgniter\Boot::runCodeIgniter(Object(CodeIgniter\CodeIgniter))
 8 FCPATH\index.php(56): CodeIgniter\Boot::bootWeb(Object(Config\Paths))
WARNING - 2024-12-19 06:14:07 --> [DEPRECATED] Creation of dynamic property IonAuth\Models\IonAuthModel::$messagesTemplates is deprecated in FCPATH\vendor\benedmunds\codeigniter-ion-auth\Models\IonAuthModel.php on line 237.
 1 APPPATH\Libraries\IonAuth.php(71): IonAuth\Models\IonAuthModel->__construct()
 2 APPPATH\Controllers\Auth.php(77): App\Libraries\IonAuth->__construct()
 3 SYSTEMPATH\CodeIgniter.php(903): App\Controllers\Auth->__construct()
 4 SYSTEMPATH\CodeIgniter.php(500): CodeIgniter\CodeIgniter->createController()
 5 SYSTEMPATH\CodeIgniter.php(355): CodeIgniter\CodeIgniter->handleRequest(null, Object(Config\Cache), false)
 6 SYSTEMPATH\Boot.php(325): CodeIgniter\CodeIgniter->run()
 7 SYSTEMPATH\Boot.php(67): CodeIgniter\Boot::runCodeIgniter(Object(CodeIgniter\CodeIgniter))
 8 FCPATH\index.php(56): CodeIgniter\Boot::bootWeb(Object(Config\Paths))
INFO - 2024-12-19 06:14:07 --> Session: Class initialized using 'CodeIgniter\Session\Handlers\FileHandler' driver.
WARNING - 2024-12-19 06:14:07 --> [DEPRECATED] Creation of dynamic property IonAuth\Libraries\IonAuth::$session is deprecated in FCPATH\vendor\benedmunds\codeigniter-ion-auth\Libraries\IonAuth.php on line 65.
 1 APPPATH\Controllers\Login.php(13): IonAuth\Libraries\IonAuth->__construct()
 2 SYSTEMPATH\CodeIgniter.php(903): App\Controllers\Login->__construct()
 3 SYSTEMPATH\CodeIgniter.php(500): CodeIgniter\CodeIgniter->createController()
 4 SYSTEMPATH\CodeIgniter.php(355): CodeIgniter\CodeIgniter->handleRequest(null, Object(Config\Cache), false)
 5 SYSTEMPATH\Boot.php(325): CodeIgniter\CodeIgniter->run()
 6 SYSTEMPATH\Boot.php(67): CodeIgniter\Boot::runCodeIgniter(Object(CodeIgniter\CodeIgniter))
 7 FCPATH\index.php(56): CodeIgniter\Boot::bootWeb(Object(Config\Paths))
WARNING - 2024-12-19 06:14:07 --> [DEPRECATED] Creation of dynamic property IonAuth\Models\IonAuthModel::$join is deprecated in FCPATH\vendor\benedmunds\codeigniter-ion-auth\Models\IonAuthModel.php on line 231.
 1 FCPATH\vendor\benedmunds\codeigniter-ion-auth\Libraries\IonAuth.php(67): IonAuth\Models\IonAuthModel->__construct()
 2 APPPATH\Controllers\Login.php(13): IonAuth\Libraries\IonAuth->__construct()
 3 SYSTEMPATH\CodeIgniter.php(903): App\Controllers\Login->__construct()
 4 SYSTEMPATH\CodeIgniter.php(500): CodeIgniter\CodeIgniter->createController()
 5 SYSTEMPATH\CodeIgniter.php(355): CodeIgniter\CodeIgniter->handleRequest(null, Object(Config\Cache), false)
 6 SYSTEMPATH\Boot.php(325): CodeIgniter\CodeIgniter->run()
 7 SYSTEMPATH\Boot.php(67): CodeIgniter\Boot::runCodeIgniter(Object(CodeIgniter\CodeIgniter))
 8 FCPATH\index.php(56): CodeIgniter\Boot::bootWeb(Object(Config\Paths))
WARNING - 2024-12-19 06:14:07 --> [DEPRECATED] Creation of dynamic property IonAuth\Models\IonAuthModel::$hashMethod is deprecated in FCPATH\vendor\benedmunds\codeigniter-ion-auth\Models\IonAuthModel.php on line 234.
 1 FCPATH\vendor\benedmunds\codeigniter-ion-auth\Libraries\IonAuth.php(67): IonAuth\Models\IonAuthModel->__construct()
 2 APPPATH\Controllers\Login.php(13): IonAuth\Libraries\IonAuth->__construct()
 3 SYSTEMPATH\CodeIgniter.php(903): App\Controllers\Login->__construct()
 4 SYSTEMPATH\CodeIgniter.php(500): CodeIgniter\CodeIgniter->createController()
 5 SYSTEMPATH\CodeIgniter.php(355): CodeIgniter\CodeIgniter->handleRequest(null, Object(Config\Cache), false)
 6 SYSTEMPATH\Boot.php(325): CodeIgniter\CodeIgniter->run()
 7 SYSTEMPATH\Boot.php(67): CodeIgniter\Boot::runCodeIgniter(Object(CodeIgniter\CodeIgniter))
 8 FCPATH\index.php(56): CodeIgniter\Boot::bootWeb(Object(Config\Paths))
WARNING - 2024-12-19 06:14:07 --> [DEPRECATED] Creation of dynamic property IonAuth\Models\IonAuthModel::$messagesTemplates is deprecated in FCPATH\vendor\benedmunds\codeigniter-ion-auth\Models\IonAuthModel.php on line 237.
 1 FCPATH\vendor\benedmunds\codeigniter-ion-auth\Libraries\IonAuth.php(67): IonAuth\Models\IonAuthModel->__construct()
 2 APPPATH\Controllers\Login.php(13): IonAuth\Libraries\IonAuth->__construct()
 3 SYSTEMPATH\CodeIgniter.php(903): App\Controllers\Login->__construct()
 4 SYSTEMPATH\CodeIgniter.php(500): CodeIgniter\CodeIgniter->createController()
 5 SYSTEMPATH\CodeIgniter.php(355): CodeIgniter\CodeIgniter->handleRequest(null, Object(Config\Cache), false)
 6 SYSTEMPATH\Boot.php(325): CodeIgniter\CodeIgniter->run()
 7 SYSTEMPATH\Boot.php(67): CodeIgniter\Boot::runCodeIgniter(Object(CodeIgniter\CodeIgniter))
 8 FCPATH\index.php(56): CodeIgniter\Boot::bootWeb(Object(Config\Paths))
INFO - 2024-12-19 06:14:07 --> Session: Class initialized using 'CodeIgniter\Session\Handlers\FileHandler' driver.
WARNING - 2024-12-19 06:14:07 --> [DEPRECATED] Creation of dynamic property IonAuth\Libraries\IonAuth::$session is deprecated in FCPATH\vendor\benedmunds\codeigniter-ion-auth\Libraries\IonAuth.php on line 65.
 1 APPPATH\Controllers\admin\Home.php(17): IonAuth\Libraries\IonAuth->__construct()
 2 SYSTEMPATH\CodeIgniter.php(903): App\Controllers\admin\Home->__construct()
 3 SYSTEMPATH\CodeIgniter.php(500): CodeIgniter\CodeIgniter->createController()
 4 SYSTEMPATH\CodeIgniter.php(355): CodeIgniter\CodeIgniter->handleRequest(null, Object(Config\Cache), false)
 5 SYSTEMPATH\Boot.php(325): CodeIgniter\CodeIgniter->run()
 6 SYSTEMPATH\Boot.php(67): CodeIgniter\Boot::runCodeIgniter(Object(CodeIgniter\CodeIgniter))
 7 FCPATH\index.php(56): CodeIgniter\Boot::bootWeb(Object(Config\Paths))
WARNING - 2024-12-19 06:14:07 --> [DEPRECATED] Creation of dynamic property IonAuth\Models\IonAuthModel::$join is deprecated in FCPATH\vendor\benedmunds\codeigniter-ion-auth\Models\IonAuthModel.php on line 231.
 1 FCPATH\vendor\benedmunds\codeigniter-ion-auth\Libraries\IonAuth.php(67): IonAuth\Models\IonAuthModel->__construct()
 2 APPPATH\Controllers\admin\Home.php(17): IonAuth\Libraries\IonAuth->__construct()
 3 SYSTEMPATH\CodeIgniter.php(903): App\Controllers\admin\Home->__construct()
 4 SYSTEMPATH\CodeIgniter.php(500): CodeIgniter\CodeIgniter->createController()
 5 SYSTEMPATH\CodeIgniter.php(355): CodeIgniter\CodeIgniter->handleRequest(null, Object(Config\Cache), false)
 6 SYSTEMPATH\Boot.php(325): CodeIgniter\CodeIgniter->run()
 7 SYSTEMPATH\Boot.php(67): CodeIgniter\Boot::runCodeIgniter(Object(CodeIgniter\CodeIgniter))
 8 FCPATH\index.php(56): CodeIgniter\Boot::bootWeb(Object(Config\Paths))
WARNING - 2024-12-19 06:14:07 --> [DEPRECATED] Creation of dynamic property IonAuth\Models\IonAuthModel::$hashMethod is deprecated in FCPATH\vendor\benedmunds\codeigniter-ion-auth\Models\IonAuthModel.php on line 234.
 1 FCPATH\vendor\benedmunds\codeigniter-ion-auth\Libraries\IonAuth.php(67): IonAuth\Models\IonAuthModel->__construct()
 2 APPPATH\Controllers\admin\Home.php(17): IonAuth\Libraries\IonAuth->__construct()
 3 SYSTEMPATH\CodeIgniter.php(903): App\Controllers\admin\Home->__construct()
 4 SYSTEMPATH\CodeIgniter.php(500): CodeIgniter\CodeIgniter->createController()
 5 SYSTEMPATH\CodeIgniter.php(355): CodeIgniter\CodeIgniter->handleRequest(null, Object(Config\Cache), false)
 6 SYSTEMPATH\Boot.php(325): CodeIgniter\CodeIgniter->run()
 7 SYSTEMPATH\Boot.php(67): CodeIgniter\Boot::runCodeIgniter(Object(CodeIgniter\CodeIgniter))
 8 FCPATH\index.php(56): CodeIgniter\Boot::bootWeb(Object(Config\Paths))
WARNING - 2024-12-19 06:14:07 --> [DEPRECATED] Creation of dynamic property IonAuth\Models\IonAuthModel::$messagesTemplates is deprecated in FCPATH\vendor\benedmunds\codeigniter-ion-auth\Models\IonAuthModel.php on line 237.
 1 FCPATH\vendor\benedmunds\codeigniter-ion-auth\Libraries\IonAuth.php(67): IonAuth\Models\IonAuthModel->__construct()
 2 APPPATH\Controllers\admin\Home.php(17): IonAuth\Libraries\IonAuth->__construct()
 3 SYSTEMPATH\CodeIgniter.php(903): App\Controllers\admin\Home->__construct()
 4 SYSTEMPATH\CodeIgniter.php(500): CodeIgniter\CodeIgniter->createController()
 5 SYSTEMPATH\CodeIgniter.php(355): CodeIgniter\CodeIgniter->handleRequest(null, Object(Config\Cache), false)
 6 SYSTEMPATH\Boot.php(325): CodeIgniter\CodeIgniter->run()
 7 SYSTEMPATH\Boot.php(67): CodeIgniter\Boot::runCodeIgniter(Object(CodeIgniter\CodeIgniter))
 8 FCPATH\index.php(56): CodeIgniter\Boot::bootWeb(Object(Config\Paths))
INFO - 2024-12-19 06:14:08 --> Session: Class initialized using 'CodeIgniter\Session\Handlers\FileHandler' driver.
WARNING - 2024-12-19 06:14:08 --> [DEPRECATED] Creation of dynamic property IonAuth\Libraries\IonAuth::$session is deprecated in FCPATH\vendor\benedmunds\codeigniter-ion-auth\Libraries\IonAuth.php on line 65.
 1 APPPATH\Controllers\admin\Home.php(17): IonAuth\Libraries\IonAuth->__construct()
 2 SYSTEMPATH\CodeIgniter.php(903): App\Controllers\admin\Home->__construct()
 3 SYSTEMPATH\CodeIgniter.php(500): CodeIgniter\CodeIgniter->createController()
 4 SYSTEMPATH\CodeIgniter.php(355): CodeIgniter\CodeIgniter->handleRequest(null, Object(Config\Cache), false)
 5 SYSTEMPATH\Boot.php(325): CodeIgniter\CodeIgniter->run()
 6 SYSTEMPATH\Boot.php(67): CodeIgniter\Boot::runCodeIgniter(Object(CodeIgniter\CodeIgniter))
 7 FCPATH\index.php(56): CodeIgniter\Boot::bootWeb(Object(Config\Paths))
WARNING - 2024-12-19 06:14:08 --> [DEPRECATED] Creation of dynamic property IonAuth\Models\IonAuthModel::$join is deprecated in FCPATH\vendor\benedmunds\codeigniter-ion-auth\Models\IonAuthModel.php on line 231.
 1 FCPATH\vendor\benedmunds\codeigniter-ion-auth\Libraries\IonAuth.php(67): IonAuth\Models\IonAuthModel->__construct()
 2 APPPATH\Controllers\admin\Home.php(17): IonAuth\Libraries\IonAuth->__construct()
 3 SYSTEMPATH\CodeIgniter.php(903): App\Controllers\admin\Home->__construct()
 4 SYSTEMPATH\CodeIgniter.php(500): CodeIgniter\CodeIgniter->createController()
 5 SYSTEMPATH\CodeIgniter.php(355): CodeIgniter\CodeIgniter->handleRequest(null, Object(Config\Cache), false)
 6 SYSTEMPATH\Boot.php(325): CodeIgniter\CodeIgniter->run()
 7 SYSTEMPATH\Boot.php(67): CodeIgniter\Boot::runCodeIgniter(Object(CodeIgniter\CodeIgniter))
 8 FCPATH\index.php(56): CodeIgniter\Boot::bootWeb(Object(Config\Paths))
WARNING - 2024-12-19 06:14:08 --> [DEPRECATED] Creation of dynamic property IonAuth\Models\IonAuthModel::$hashMethod is deprecated in FCPATH\vendor\benedmunds\codeigniter-ion-auth\Models\IonAuthModel.php on line 234.
 1 FCPATH\vendor\benedmunds\codeigniter-ion-auth\Libraries\IonAuth.php(67): IonAuth\Models\IonAuthModel->__construct()
 2 APPPATH\Controllers\admin\Home.php(17): IonAuth\Libraries\IonAuth->__construct()
 3 SYSTEMPATH\CodeIgniter.php(903): App\Controllers\admin\Home->__construct()
 4 SYSTEMPATH\CodeIgniter.php(500): CodeIgniter\CodeIgniter->createController()
 5 SYSTEMPATH\CodeIgniter.php(355): CodeIgniter\CodeIgniter->handleRequest(null, Object(Config\Cache), false)
 6 SYSTEMPATH\Boot.php(325): CodeIgniter\CodeIgniter->run()
 7 SYSTEMPATH\Boot.php(67): CodeIgniter\Boot::runCodeIgniter(Object(CodeIgniter\CodeIgniter))
 8 FCPATH\index.php(56): CodeIgniter\Boot::bootWeb(Object(Config\Paths))
WARNING - 2024-12-19 06:14:08 --> [DEPRECATED] Creation of dynamic property IonAuth\Models\IonAuthModel::$messagesTemplates is deprecated in FCPATH\vendor\benedmunds\codeigniter-ion-auth\Models\IonAuthModel.php on line 237.
 1 FCPATH\vendor\benedmunds\codeigniter-ion-auth\Libraries\IonAuth.php(67): IonAuth\Models\IonAuthModel->__construct()
 2 APPPATH\Controllers\admin\Home.php(17): IonAuth\Libraries\IonAuth->__construct()
 3 SYSTEMPATH\CodeIgniter.php(903): App\Controllers\admin\Home->__construct()
 4 SYSTEMPATH\CodeIgniter.php(500): CodeIgniter\CodeIgniter->createController()
 5 SYSTEMPATH\CodeIgniter.php(355): CodeIgniter\CodeIgniter->handleRequest(null, Object(Config\Cache), false)
 6 SYSTEMPATH\Boot.php(325): CodeIgniter\CodeIgniter->run()
 7 SYSTEMPATH\Boot.php(67): CodeIgniter\Boot::runCodeIgniter(Object(CodeIgniter\CodeIgniter))
 8 FCPATH\index.php(56): CodeIgniter\Boot::bootWeb(Object(Config\Paths))
INFO - 2024-12-19 06:14:08 --> Session: Class initialized using 'CodeIgniter\Session\Handlers\FileHandler' driver.
WARNING - 2024-12-19 06:14:08 --> [DEPRECATED] Creation of dynamic property IonAuth\Libraries\IonAuth::$session is deprecated in FCPATH\vendor\benedmunds\codeigniter-ion-auth\Libraries\IonAuth.php on line 65.
 1 APPPATH\Controllers\admin\Home.php(17): IonAuth\Libraries\IonAuth->__construct()
 2 SYSTEMPATH\CodeIgniter.php(903): App\Controllers\admin\Home->__construct()
 3 SYSTEMPATH\CodeIgniter.php(500): CodeIgniter\CodeIgniter->createController()
 4 SYSTEMPATH\CodeIgniter.php(355): CodeIgniter\CodeIgniter->handleRequest(null, Object(Config\Cache), false)
 5 SYSTEMPATH\Boot.php(325): CodeIgniter\CodeIgniter->run()
 6 SYSTEMPATH\Boot.php(67): CodeIgniter\Boot::runCodeIgniter(Object(CodeIgniter\CodeIgniter))
 7 FCPATH\index.php(56): CodeIgniter\Boot::bootWeb(Object(Config\Paths))
WARNING - 2024-12-19 06:14:08 --> [DEPRECATED] Creation of dynamic property IonAuth\Models\IonAuthModel::$join is deprecated in FCPATH\vendor\benedmunds\codeigniter-ion-auth\Models\IonAuthModel.php on line 231.
 1 FCPATH\vendor\benedmunds\codeigniter-ion-auth\Libraries\IonAuth.php(67): IonAuth\Models\IonAuthModel->__construct()
 2 APPPATH\Controllers\admin\Home.php(17): IonAuth\Libraries\IonAuth->__construct()
 3 SYSTEMPATH\CodeIgniter.php(903): App\Controllers\admin\Home->__construct()
 4 SYSTEMPATH\CodeIgniter.php(500): CodeIgniter\CodeIgniter->createController()
 5 SYSTEMPATH\CodeIgniter.php(355): CodeIgniter\CodeIgniter->handleRequest(null, Object(Config\Cache), false)
 6 SYSTEMPATH\Boot.php(325): CodeIgniter\CodeIgniter->run()
 7 SYSTEMPATH\Boot.php(67): CodeIgniter\Boot::runCodeIgniter(Object(CodeIgniter\CodeIgniter))
 8 FCPATH\index.php(56): CodeIgniter\Boot::bootWeb(Object(Config\Paths))
WARNING - 2024-12-19 06:14:08 --> [DEPRECATED] Creation of dynamic property IonAuth\Models\IonAuthModel::$hashMethod is deprecated in FCPATH\vendor\benedmunds\codeigniter-ion-auth\Models\IonAuthModel.php on line 234.
 1 FCPATH\vendor\benedmunds\codeigniter-ion-auth\Libraries\IonAuth.php(67): IonAuth\Models\IonAuthModel->__construct()
 2 APPPATH\Controllers\admin\Home.php(17): IonAuth\Libraries\IonAuth->__construct()
 3 SYSTEMPATH\CodeIgniter.php(903): App\Controllers\admin\Home->__construct()
 4 SYSTEMPATH\CodeIgniter.php(500): CodeIgniter\CodeIgniter->createController()
 5 SYSTEMPATH\CodeIgniter.php(355): CodeIgniter\CodeIgniter->handleRequest(null, Object(Config\Cache), false)
 6 SYSTEMPATH\Boot.php(325): CodeIgniter\CodeIgniter->run()
 7 SYSTEMPATH\Boot.php(67): CodeIgniter\Boot::runCodeIgniter(Object(CodeIgniter\CodeIgniter))
 8 FCPATH\index.php(56): CodeIgniter\Boot::bootWeb(Object(Config\Paths))
WARNING - 2024-12-19 06:14:08 --> [DEPRECATED] Creation of dynamic property IonAuth\Models\IonAuthModel::$messagesTemplates is deprecated in FCPATH\vendor\benedmunds\codeigniter-ion-auth\Models\IonAuthModel.php on line 237.
 1 FCPATH\vendor\benedmunds\codeigniter-ion-auth\Libraries\IonAuth.php(67): IonAuth\Models\IonAuthModel->__construct()
 2 APPPATH\Controllers\admin\Home.php(17): IonAuth\Libraries\IonAuth->__construct()
 3 SYSTEMPATH\CodeIgniter.php(903): App\Controllers\admin\Home->__construct()
 4 SYSTEMPATH\CodeIgniter.php(500): CodeIgniter\CodeIgniter->createController()
 5 SYSTEMPATH\CodeIgniter.php(355): CodeIgniter\CodeIgniter->handleRequest(null, Object(Config\Cache), false)
 6 SYSTEMPATH\Boot.php(325): CodeIgniter\CodeIgniter->run()
 7 SYSTEMPATH\Boot.php(67): CodeIgniter\Boot::runCodeIgniter(Object(CodeIgniter\CodeIgniter))
 8 FCPATH\index.php(56): CodeIgniter\Boot::bootWeb(Object(Config\Paths))
INFO - 2024-12-19 06:14:10 --> Session: Class initialized using 'CodeIgniter\Session\Handlers\FileHandler' driver.
WARNING - 2024-12-19 06:14:10 --> [DEPRECATED] Creation of dynamic property IonAuth\Models\IonAuthModel::$join is deprecated in FCPATH\vendor\benedmunds\codeigniter-ion-auth\Models\IonAuthModel.php on line 231.
 1 APPPATH\Libraries\IonAuth.php(71): IonAuth\Models\IonAuthModel->__construct()
 2 APPPATH\Controllers\Auth.php(77): App\Libraries\IonAuth->__construct()
 3 SYSTEMPATH\CodeIgniter.php(903): App\Controllers\Auth->__construct()
 4 SYSTEMPATH\CodeIgniter.php(500): CodeIgniter\CodeIgniter->createController()
 5 SYSTEMPATH\CodeIgniter.php(355): CodeIgniter\CodeIgniter->handleRequest(null, Object(Config\Cache), false)
 6 SYSTEMPATH\Boot.php(325): CodeIgniter\CodeIgniter->run()
 7 SYSTEMPATH\Boot.php(67): CodeIgniter\Boot::runCodeIgniter(Object(CodeIgniter\CodeIgniter))
 8 FCPATH\index.php(56): CodeIgniter\Boot::bootWeb(Object(Config\Paths))
WARNING - 2024-12-19 06:14:10 --> [DEPRECATED] Creation of dynamic property IonAuth\Models\IonAuthModel::$hashMethod is deprecated in FCPATH\vendor\benedmunds\codeigniter-ion-auth\Models\IonAuthModel.php on line 234.
 1 APPPATH\Libraries\IonAuth.php(71): IonAuth\Models\IonAuthModel->__construct()
 2 APPPATH\Controllers\Auth.php(77): App\Libraries\IonAuth->__construct()
 3 SYSTEMPATH\CodeIgniter.php(903): App\Controllers\Auth->__construct()
 4 SYSTEMPATH\CodeIgniter.php(500): CodeIgniter\CodeIgniter->createController()
 5 SYSTEMPATH\CodeIgniter.php(355): CodeIgniter\CodeIgniter->handleRequest(null, Object(Config\Cache), false)
 6 SYSTEMPATH\Boot.php(325): CodeIgniter\CodeIgniter->run()
 7 SYSTEMPATH\Boot.php(67): CodeIgniter\Boot::runCodeIgniter(Object(CodeIgniter\CodeIgniter))
 8 FCPATH\index.php(56): CodeIgniter\Boot::bootWeb(Object(Config\Paths))
WARNING - 2024-12-19 06:14:10 --> [DEPRECATED] Creation of dynamic property IonAuth\Models\IonAuthModel::$messagesTemplates is deprecated in FCPATH\vendor\benedmunds\codeigniter-ion-auth\Models\IonAuthModel.php on line 237.
 1 APPPATH\Libraries\IonAuth.php(71): IonAuth\Models\IonAuthModel->__construct()
 2 APPPATH\Controllers\Auth.php(77): App\Libraries\IonAuth->__construct()
 3 SYSTEMPATH\CodeIgniter.php(903): App\Controllers\Auth->__construct()
 4 SYSTEMPATH\CodeIgniter.php(500): CodeIgniter\CodeIgniter->createController()
 5 SYSTEMPATH\CodeIgniter.php(355): CodeIgniter\CodeIgniter->handleRequest(null, Object(Config\Cache), false)
 6 SYSTEMPATH\Boot.php(325): CodeIgniter\CodeIgniter->run()
 7 SYSTEMPATH\Boot.php(67): CodeIgniter\Boot::runCodeIgniter(Object(CodeIgniter\CodeIgniter))
 8 FCPATH\index.php(56): CodeIgniter\Boot::bootWeb(Object(Config\Paths))
INFO - 2024-12-19 06:14:10 --> Session: Class initialized using 'CodeIgniter\Session\Handlers\FileHandler' driver.
WARNING - 2024-12-19 06:14:10 --> [DEPRECATED] Creation of dynamic property IonAuth\Libraries\IonAuth::$session is deprecated in FCPATH\vendor\benedmunds\codeigniter-ion-auth\Libraries\IonAuth.php on line 65.
 1 APPPATH\Controllers\Login.php(13): IonAuth\Libraries\IonAuth->__construct()
 2 SYSTEMPATH\CodeIgniter.php(903): App\Controllers\Login->__construct()
 3 SYSTEMPATH\CodeIgniter.php(500): CodeIgniter\CodeIgniter->createController()
 4 SYSTEMPATH\CodeIgniter.php(355): CodeIgniter\CodeIgniter->handleRequest(null, Object(Config\Cache), false)
 5 SYSTEMPATH\Boot.php(325): CodeIgniter\CodeIgniter->run()
 6 SYSTEMPATH\Boot.php(67): CodeIgniter\Boot::runCodeIgniter(Object(CodeIgniter\CodeIgniter))
 7 FCPATH\index.php(56): CodeIgniter\Boot::bootWeb(Object(Config\Paths))
WARNING - 2024-12-19 06:14:10 --> [DEPRECATED] Creation of dynamic property IonAuth\Models\IonAuthModel::$join is deprecated in FCPATH\vendor\benedmunds\codeigniter-ion-auth\Models\IonAuthModel.php on line 231.
 1 FCPATH\vendor\benedmunds\codeigniter-ion-auth\Libraries\IonAuth.php(67): IonAuth\Models\IonAuthModel->__construct()
 2 APPPATH\Controllers\Login.php(13): IonAuth\Libraries\IonAuth->__construct()
 3 SYSTEMPATH\CodeIgniter.php(903): App\Controllers\Login->__construct()
 4 SYSTEMPATH\CodeIgniter.php(500): CodeIgniter\CodeIgniter->createController()
 5 SYSTEMPATH\CodeIgniter.php(355): CodeIgniter\CodeIgniter->handleRequest(null, Object(Config\Cache), false)
 6 SYSTEMPATH\Boot.php(325): CodeIgniter\CodeIgniter->run()
 7 SYSTEMPATH\Boot.php(67): CodeIgniter\Boot::runCodeIgniter(Object(CodeIgniter\CodeIgniter))
 8 FCPATH\index.php(56): CodeIgniter\Boot::bootWeb(Object(Config\Paths))
WARNING - 2024-12-19 06:14:10 --> [DEPRECATED] Creation of dynamic property IonAuth\Models\IonAuthModel::$hashMethod is deprecated in FCPATH\vendor\benedmunds\codeigniter-ion-auth\Models\IonAuthModel.php on line 234.
 1 FCPATH\vendor\benedmunds\codeigniter-ion-auth\Libraries\IonAuth.php(67): IonAuth\Models\IonAuthModel->__construct()
 2 APPPATH\Controllers\Login.php(13): IonAuth\Libraries\IonAuth->__construct()
 3 SYSTEMPATH\CodeIgniter.php(903): App\Controllers\Login->__construct()
 4 SYSTEMPATH\CodeIgniter.php(500): CodeIgniter\CodeIgniter->createController()
 5 SYSTEMPATH\CodeIgniter.php(355): CodeIgniter\CodeIgniter->handleRequest(null, Object(Config\Cache), false)
 6 SYSTEMPATH\Boot.php(325): CodeIgniter\CodeIgniter->run()
 7 SYSTEMPATH\Boot.php(67): CodeIgniter\Boot::runCodeIgniter(Object(CodeIgniter\CodeIgniter))
 8 FCPATH\index.php(56): CodeIgniter\Boot::bootWeb(Object(Config\Paths))
WARNING - 2024-12-19 06:14:10 --> [DEPRECATED] Creation of dynamic property IonAuth\Models\IonAuthModel::$messagesTemplates is deprecated in FCPATH\vendor\benedmunds\codeigniter-ion-auth\Models\IonAuthModel.php on line 237.
 1 FCPATH\vendor\benedmunds\codeigniter-ion-auth\Libraries\IonAuth.php(67): IonAuth\Models\IonAuthModel->__construct()
 2 APPPATH\Controllers\Login.php(13): IonAuth\Libraries\IonAuth->__construct()
 3 SYSTEMPATH\CodeIgniter.php(903): App\Controllers\Login->__construct()
 4 SYSTEMPATH\CodeIgniter.php(500): CodeIgniter\CodeIgniter->createController()
 5 SYSTEMPATH\CodeIgniter.php(355): CodeIgniter\CodeIgniter->handleRequest(null, Object(Config\Cache), false)
 6 SYSTEMPATH\Boot.php(325): CodeIgniter\CodeIgniter->run()
 7 SYSTEMPATH\Boot.php(67): CodeIgniter\Boot::runCodeIgniter(Object(CodeIgniter\CodeIgniter))
 8 FCPATH\index.php(56): CodeIgniter\Boot::bootWeb(Object(Config\Paths))
CRITICAL - 2024-12-19 11:44:10 --> ErrorException: Undefined variable $who_user_is
[Method: GET, Route: login]
in APPPATH\Views\frontend\header.php on line 29.
 1 APPPATH\Views\frontend\header.php(29): CodeIgniter\Debug\Exceptions->errorHandler(2, 'Undefined variable $who_user_is', 'C:\\xampp1\\htdocs\\Maareeye-sass-git\\app\\Views\\frontend\\header.php', 29)
 2 SYSTEMPATH\View\View.php(234): include('C:\\xampp1\\htdocs\\Maareeye-sass-git\\app\\Views\\frontend\\header.php')
 3 SYSTEMPATH\View\View.php(237): CodeIgniter\View\View->CodeIgniter\View\{closure}()
 4 SYSTEMPATH\Common.php(1171): CodeIgniter\View\View->render('frontend/header', [], true)
 5 APPPATH\Views\frontend\template.php(51): view('frontend/header')
 6 SYSTEMPATH\View\View.php(234): include('C:\\xampp1\\htdocs\\Maareeye-sass-git\\app\\Views\\frontend\\template.php')
 7 SYSTEMPATH\View\View.php(237): CodeIgniter\View\View->CodeIgniter\View\{closure}()
 8 SYSTEMPATH\Common.php(1171): CodeIgniter\View\View->render('frontend/template', [], true)
 9 APPPATH\Controllers\Login.php(37): view('frontend/template', [...])
10 SYSTEMPATH\CodeIgniter.php(933): App\Controllers\Login->index()
11 SYSTEMPATH\CodeIgniter.php(509): CodeIgniter\CodeIgniter->runController(Object(App\Controllers\Login))
12 SYSTEMPATH\CodeIgniter.php(355): CodeIgniter\CodeIgniter->handleRequest(null, Object(Config\Cache), false)
13 SYSTEMPATH\Boot.php(325): CodeIgniter\CodeIgniter->run()
14 SYSTEMPATH\Boot.php(67): CodeIgniter\Boot::runCodeIgniter(Object(CodeIgniter\CodeIgniter))
15 FCPATH\index.php(56): CodeIgniter\Boot::bootWeb(Object(Config\Paths))
CRITICAL - 2024-12-19 11:44:10 --> ErrorException: Uncaught Error: Call to undefined method CodeIgniter\Debug\ExceptionHandler::cleanPath() in C:\xampp1\htdocs\Maareeye-sass-git\app\Views\errors\html\error_exception.php:33
Stack trace:
#0 C:\xampp1\htdocs\Maareeye-sass-git\vendor\codeigniter4\framework\system\Debug\BaseExceptionHandler.php(266): include()
#1 C:\xampp1\htdocs\Maareeye-sass-git\vendor\codeigniter4\framework\system\Debug\BaseExceptionHandler.php(269): CodeIgniter\Debug\BaseExceptionHandler->CodeIgniter\Debug\{closure}()
#2 C:\xampp1\htdocs\Maareeye-sass-git\vendor\codeigniter4\framework\system\Debug\ExceptionHandler.php(114): CodeIgniter\Debug\BaseExceptionHandler->render(Object(ErrorException), 500, 'C:\\xampp1\\htdoc...')
#3 C:\xampp1\htdocs\Maareeye-sass-git\vendor\codeigniter4\framework\system\Debug\Exceptions.php(163): CodeIgniter\Debug\ExceptionHandler->handle(Object(ErrorException), Object(CodeIgniter\HTTP\IncomingRequest), Object(CodeIgniter\HTTP\Response), 500, 1)
#4 [internal function]: CodeIgniter\Debug\Exceptions->exceptionHandler(Object(ErrorException))
#5 {main}
  thrown
【Previous Exception】
ErrorException
Undefined variable $who_user_is
#0 C:\xampp1\htdocs\Maareeye-sass-git\app\Views\frontend\header.php(29): CodeIgniter\Debug\Exceptions->errorHandler(2, 'Undefined varia...', 'C:\\xampp1\\htdoc...', 29)
#1 C:\xampp1\htdocs\Maareeye-sass-git\vendor\codeigniter4\framework\system\View\View.php(234): include('C:\\xampp1\\htdoc...')
#2 C:\xampp1\htdocs\Maareeye-sass-git\vendor\codeigniter4\framework\system\View\View.php(237): CodeIgniter\View\View->CodeIgniter\View\{closure}()
#3 C:\xampp1\htdocs\Maareeye-sass-git\vendor\codeigniter4\framework\system\Common.php(1171): CodeIgniter\View\View->render('frontend/header', Array, true)
#4 C:\xampp1\htdocs\Maareeye-sass-git\app\Views\frontend\template.php(51): view('frontend/header')
#5 C:\xampp1\htdocs\Maareeye-sass-git\vendor\codeigniter4\framework\system\View\View.php(234): include('C:\\xampp1\\htdoc...')
#6 C:\xampp1\htdocs\Maareeye-sass-git\vendor\codeigniter4\framework\system\View\View.php(237): CodeIgniter\View\View->CodeIgniter\View\{closure}()
#7 C:\xampp1\htdocs\Maareeye-sass-git\vendor\codeigniter4\framework\system\Common.php(1171): CodeIgniter\View\View->render('frontend/templa...', Array, true)
#8 C:\xampp1\htdocs\Maareeye-sass-git\app\Controllers\Login.php(37): view('frontend/templa...', Array)
#9 C:\xampp1\htdocs\Maareeye-sass-git\vendor\codeigniter4\framework\system\CodeIgniter.php(933): App\Controllers\Login->index()
#10 C:\xampp1\htdocs\Maareeye-sass-git\vendor\codeigniter4\framework\system\CodeIgniter.php(509): CodeIgniter\CodeIgniter->runController(Object(App\Controllers\Login))
#11 C:\xampp1\htdocs\Maareeye-sass-git\vendor\codeigniter4\framework\system\CodeIgniter.php(355): CodeIgniter\CodeIgniter->handleRequest(NULL, Object(Config\Cache), false)
#12 C:\xampp1\htdocs\Maareeye-sass-git\vendor\codeigniter4\framework\system\Boot.php(325): CodeIgniter\CodeIgniter->run()
#13 C:\xampp1\htdocs\Maareeye-sass-git\vendor\codeigniter4\framework\system\Boot.php(67): CodeIgniter\Boot::runCodeIgniter(Object(CodeIgniter\CodeIgniter))
#14 C:\xampp1\htdocs\Maareeye-sass-git\index.php(56): CodeIgniter\Boot::bootWeb(Object(Config\Paths))
#15 {main}
[Method: GET, Route: login]
in APPPATH\Views\errors\html\error_exception.php on line 33.
 1 [internal function]: CodeIgniter\Debug\Exceptions->shutdownHandler()
INFO - 2024-12-19 06:14:13 --> Session: Class initialized using 'CodeIgniter\Session\Handlers\FileHandler' driver.
WARNING - 2024-12-19 06:14:13 --> [DEPRECATED] Creation of dynamic property IonAuth\Libraries\IonAuth::$session is deprecated in FCPATH\vendor\benedmunds\codeigniter-ion-auth\Libraries\IonAuth.php on line 65.
 1 APPPATH\Controllers\Login.php(13): IonAuth\Libraries\IonAuth->__construct()
 2 SYSTEMPATH\CodeIgniter.php(903): App\Controllers\Login->__construct()
 3 SYSTEMPATH\CodeIgniter.php(500): CodeIgniter\CodeIgniter->createController()
 4 SYSTEMPATH\CodeIgniter.php(355): CodeIgniter\CodeIgniter->handleRequest(null, Object(Config\Cache), false)
 5 SYSTEMPATH\Boot.php(325): CodeIgniter\CodeIgniter->run()
 6 SYSTEMPATH\Boot.php(67): CodeIgniter\Boot::runCodeIgniter(Object(CodeIgniter\CodeIgniter))
 7 FCPATH\index.php(56): CodeIgniter\Boot::bootWeb(Object(Config\Paths))
WARNING - 2024-12-19 06:14:13 --> [DEPRECATED] Creation of dynamic property IonAuth\Models\IonAuthModel::$join is deprecated in FCPATH\vendor\benedmunds\codeigniter-ion-auth\Models\IonAuthModel.php on line 231.
 1 FCPATH\vendor\benedmunds\codeigniter-ion-auth\Libraries\IonAuth.php(67): IonAuth\Models\IonAuthModel->__construct()
 2 APPPATH\Controllers\Login.php(13): IonAuth\Libraries\IonAuth->__construct()
 3 SYSTEMPATH\CodeIgniter.php(903): App\Controllers\Login->__construct()
 4 SYSTEMPATH\CodeIgniter.php(500): CodeIgniter\CodeIgniter->createController()
 5 SYSTEMPATH\CodeIgniter.php(355): CodeIgniter\CodeIgniter->handleRequest(null, Object(Config\Cache), false)
 6 SYSTEMPATH\Boot.php(325): CodeIgniter\CodeIgniter->run()
 7 SYSTEMPATH\Boot.php(67): CodeIgniter\Boot::runCodeIgniter(Object(CodeIgniter\CodeIgniter))
 8 FCPATH\index.php(56): CodeIgniter\Boot::bootWeb(Object(Config\Paths))
WARNING - 2024-12-19 06:14:13 --> [DEPRECATED] Creation of dynamic property IonAuth\Models\IonAuthModel::$hashMethod is deprecated in FCPATH\vendor\benedmunds\codeigniter-ion-auth\Models\IonAuthModel.php on line 234.
 1 FCPATH\vendor\benedmunds\codeigniter-ion-auth\Libraries\IonAuth.php(67): IonAuth\Models\IonAuthModel->__construct()
 2 APPPATH\Controllers\Login.php(13): IonAuth\Libraries\IonAuth->__construct()
 3 SYSTEMPATH\CodeIgniter.php(903): App\Controllers\Login->__construct()
 4 SYSTEMPATH\CodeIgniter.php(500): CodeIgniter\CodeIgniter->createController()
 5 SYSTEMPATH\CodeIgniter.php(355): CodeIgniter\CodeIgniter->handleRequest(null, Object(Config\Cache), false)
 6 SYSTEMPATH\Boot.php(325): CodeIgniter\CodeIgniter->run()
 7 SYSTEMPATH\Boot.php(67): CodeIgniter\Boot::runCodeIgniter(Object(CodeIgniter\CodeIgniter))
 8 FCPATH\index.php(56): CodeIgniter\Boot::bootWeb(Object(Config\Paths))
WARNING - 2024-12-19 06:14:13 --> [DEPRECATED] Creation of dynamic property IonAuth\Models\IonAuthModel::$messagesTemplates is deprecated in FCPATH\vendor\benedmunds\codeigniter-ion-auth\Models\IonAuthModel.php on line 237.
 1 FCPATH\vendor\benedmunds\codeigniter-ion-auth\Libraries\IonAuth.php(67): IonAuth\Models\IonAuthModel->__construct()
 2 APPPATH\Controllers\Login.php(13): IonAuth\Libraries\IonAuth->__construct()
 3 SYSTEMPATH\CodeIgniter.php(903): App\Controllers\Login->__construct()
 4 SYSTEMPATH\CodeIgniter.php(500): CodeIgniter\CodeIgniter->createController()
 5 SYSTEMPATH\CodeIgniter.php(355): CodeIgniter\CodeIgniter->handleRequest(null, Object(Config\Cache), false)
 6 SYSTEMPATH\Boot.php(325): CodeIgniter\CodeIgniter->run()
 7 SYSTEMPATH\Boot.php(67): CodeIgniter\Boot::runCodeIgniter(Object(CodeIgniter\CodeIgniter))
 8 FCPATH\index.php(56): CodeIgniter\Boot::bootWeb(Object(Config\Paths))
CRITICAL - 2024-12-19 11:44:13 --> ErrorException: Undefined variable $who_user_is
[Method: GET, Route: login]
in APPPATH\Views\frontend\header.php on line 29.
 1 APPPATH\Views\frontend\header.php(29): CodeIgniter\Debug\Exceptions->errorHandler(2, 'Undefined variable $who_user_is', 'C:\\xampp1\\htdocs\\Maareeye-sass-git\\app\\Views\\frontend\\header.php', 29)
 2 SYSTEMPATH\View\View.php(234): include('C:\\xampp1\\htdocs\\Maareeye-sass-git\\app\\Views\\frontend\\header.php')
 3 SYSTEMPATH\View\View.php(237): CodeIgniter\View\View->CodeIgniter\View\{closure}()
 4 SYSTEMPATH\Common.php(1171): CodeIgniter\View\View->render('frontend/header', [], true)
 5 APPPATH\Views\frontend\template.php(51): view('frontend/header')
 6 SYSTEMPATH\View\View.php(234): include('C:\\xampp1\\htdocs\\Maareeye-sass-git\\app\\Views\\frontend\\template.php')
 7 SYSTEMPATH\View\View.php(237): CodeIgniter\View\View->CodeIgniter\View\{closure}()
 8 SYSTEMPATH\Common.php(1171): CodeIgniter\View\View->render('frontend/template', [], true)
 9 APPPATH\Controllers\Login.php(37): view('frontend/template', [...])
10 SYSTEMPATH\CodeIgniter.php(933): App\Controllers\Login->index()
11 SYSTEMPATH\CodeIgniter.php(509): CodeIgniter\CodeIgniter->runController(Object(App\Controllers\Login))
12 SYSTEMPATH\CodeIgniter.php(355): CodeIgniter\CodeIgniter->handleRequest(null, Object(Config\Cache), false)
13 SYSTEMPATH\Boot.php(325): CodeIgniter\CodeIgniter->run()
14 SYSTEMPATH\Boot.php(67): CodeIgniter\Boot::runCodeIgniter(Object(CodeIgniter\CodeIgniter))
15 FCPATH\index.php(56): CodeIgniter\Boot::bootWeb(Object(Config\Paths))
CRITICAL - 2024-12-19 11:44:13 --> ErrorException: Uncaught Error: Call to undefined method CodeIgniter\Debug\ExceptionHandler::cleanPath() in C:\xampp1\htdocs\Maareeye-sass-git\app\Views\errors\html\error_exception.php:33
Stack trace:
#0 C:\xampp1\htdocs\Maareeye-sass-git\vendor\codeigniter4\framework\system\Debug\BaseExceptionHandler.php(266): include()
#1 C:\xampp1\htdocs\Maareeye-sass-git\vendor\codeigniter4\framework\system\Debug\BaseExceptionHandler.php(269): CodeIgniter\Debug\BaseExceptionHandler->CodeIgniter\Debug\{closure}()
#2 C:\xampp1\htdocs\Maareeye-sass-git\vendor\codeigniter4\framework\system\Debug\ExceptionHandler.php(114): CodeIgniter\Debug\BaseExceptionHandler->render(Object(ErrorException), 500, 'C:\\xampp1\\htdoc...')
#3 C:\xampp1\htdocs\Maareeye-sass-git\vendor\codeigniter4\framework\system\Debug\Exceptions.php(163): CodeIgniter\Debug\ExceptionHandler->handle(Object(ErrorException), Object(CodeIgniter\HTTP\IncomingRequest), Object(CodeIgniter\HTTP\Response), 500, 1)
#4 [internal function]: CodeIgniter\Debug\Exceptions->exceptionHandler(Object(ErrorException))
#5 {main}
  thrown
【Previous Exception】
ErrorException
Undefined variable $who_user_is
#0 C:\xampp1\htdocs\Maareeye-sass-git\app\Views\frontend\header.php(29): CodeIgniter\Debug\Exceptions->errorHandler(2, 'Undefined varia...', 'C:\\xampp1\\htdoc...', 29)
#1 C:\xampp1\htdocs\Maareeye-sass-git\vendor\codeigniter4\framework\system\View\View.php(234): include('C:\\xampp1\\htdoc...')
#2 C:\xampp1\htdocs\Maareeye-sass-git\vendor\codeigniter4\framework\system\View\View.php(237): CodeIgniter\View\View->CodeIgniter\View\{closure}()
#3 C:\xampp1\htdocs\Maareeye-sass-git\vendor\codeigniter4\framework\system\Common.php(1171): CodeIgniter\View\View->render('frontend/header', Array, true)
#4 C:\xampp1\htdocs\Maareeye-sass-git\app\Views\frontend\template.php(51): view('frontend/header')
#5 C:\xampp1\htdocs\Maareeye-sass-git\vendor\codeigniter4\framework\system\View\View.php(234): include('C:\\xampp1\\htdoc...')
#6 C:\xampp1\htdocs\Maareeye-sass-git\vendor\codeigniter4\framework\system\View\View.php(237): CodeIgniter\View\View->CodeIgniter\View\{closure}()
#7 C:\xampp1\htdocs\Maareeye-sass-git\vendor\codeigniter4\framework\system\Common.php(1171): CodeIgniter\View\View->render('frontend/templa...', Array, true)
#8 C:\xampp1\htdocs\Maareeye-sass-git\app\Controllers\Login.php(37): view('frontend/templa...', Array)
#9 C:\xampp1\htdocs\Maareeye-sass-git\vendor\codeigniter4\framework\system\CodeIgniter.php(933): App\Controllers\Login->index()
#10 C:\xampp1\htdocs\Maareeye-sass-git\vendor\codeigniter4\framework\system\CodeIgniter.php(509): CodeIgniter\CodeIgniter->runController(Object(App\Controllers\Login))
#11 C:\xampp1\htdocs\Maareeye-sass-git\vendor\codeigniter4\framework\system\CodeIgniter.php(355): CodeIgniter\CodeIgniter->handleRequest(NULL, Object(Config\Cache), false)
#12 C:\xampp1\htdocs\Maareeye-sass-git\vendor\codeigniter4\framework\system\Boot.php(325): CodeIgniter\CodeIgniter->run()
#13 C:\xampp1\htdocs\Maareeye-sass-git\vendor\codeigniter4\framework\system\Boot.php(67): CodeIgniter\Boot::runCodeIgniter(Object(CodeIgniter\CodeIgniter))
#14 C:\xampp1\htdocs\Maareeye-sass-git\index.php(56): CodeIgniter\Boot::bootWeb(Object(Config\Paths))
#15 {main}
[Method: GET, Route: login]
in APPPATH\Views\errors\html\error_exception.php on line 33.
 1 [internal function]: CodeIgniter\Debug\Exceptions->shutdownHandler()
INFO - 2024-12-19 06:14:29 --> Session: Class initialized using 'CodeIgniter\Session\Handlers\FileHandler' driver.
WARNING - 2024-12-19 06:14:29 --> [DEPRECATED] Creation of dynamic property IonAuth\Libraries\IonAuth::$session is deprecated in FCPATH\vendor\benedmunds\codeigniter-ion-auth\Libraries\IonAuth.php on line 65.
 1 APPPATH\Controllers\Login.php(13): IonAuth\Libraries\IonAuth->__construct()
 2 SYSTEMPATH\CodeIgniter.php(903): App\Controllers\Login->__construct()
 3 SYSTEMPATH\CodeIgniter.php(500): CodeIgniter\CodeIgniter->createController()
 4 SYSTEMPATH\CodeIgniter.php(355): CodeIgniter\CodeIgniter->handleRequest(null, Object(Config\Cache), false)
 5 SYSTEMPATH\Boot.php(325): CodeIgniter\CodeIgniter->run()
 6 SYSTEMPATH\Boot.php(67): CodeIgniter\Boot::runCodeIgniter(Object(CodeIgniter\CodeIgniter))
 7 FCPATH\index.php(56): CodeIgniter\Boot::bootWeb(Object(Config\Paths))
WARNING - 2024-12-19 06:14:29 --> [DEPRECATED] Creation of dynamic property IonAuth\Models\IonAuthModel::$join is deprecated in FCPATH\vendor\benedmunds\codeigniter-ion-auth\Models\IonAuthModel.php on line 231.
 1 FCPATH\vendor\benedmunds\codeigniter-ion-auth\Libraries\IonAuth.php(67): IonAuth\Models\IonAuthModel->__construct()
 2 APPPATH\Controllers\Login.php(13): IonAuth\Libraries\IonAuth->__construct()
 3 SYSTEMPATH\CodeIgniter.php(903): App\Controllers\Login->__construct()
 4 SYSTEMPATH\CodeIgniter.php(500): CodeIgniter\CodeIgniter->createController()
 5 SYSTEMPATH\CodeIgniter.php(355): CodeIgniter\CodeIgniter->handleRequest(null, Object(Config\Cache), false)
 6 SYSTEMPATH\Boot.php(325): CodeIgniter\CodeIgniter->run()
 7 SYSTEMPATH\Boot.php(67): CodeIgniter\Boot::runCodeIgniter(Object(CodeIgniter\CodeIgniter))
 8 FCPATH\index.php(56): CodeIgniter\Boot::bootWeb(Object(Config\Paths))
WARNING - 2024-12-19 06:14:29 --> [DEPRECATED] Creation of dynamic property IonAuth\Models\IonAuthModel::$hashMethod is deprecated in FCPATH\vendor\benedmunds\codeigniter-ion-auth\Models\IonAuthModel.php on line 234.
 1 FCPATH\vendor\benedmunds\codeigniter-ion-auth\Libraries\IonAuth.php(67): IonAuth\Models\IonAuthModel->__construct()
 2 APPPATH\Controllers\Login.php(13): IonAuth\Libraries\IonAuth->__construct()
 3 SYSTEMPATH\CodeIgniter.php(903): App\Controllers\Login->__construct()
 4 SYSTEMPATH\CodeIgniter.php(500): CodeIgniter\CodeIgniter->createController()
 5 SYSTEMPATH\CodeIgniter.php(355): CodeIgniter\CodeIgniter->handleRequest(null, Object(Config\Cache), false)
 6 SYSTEMPATH\Boot.php(325): CodeIgniter\CodeIgniter->run()
 7 SYSTEMPATH\Boot.php(67): CodeIgniter\Boot::runCodeIgniter(Object(CodeIgniter\CodeIgniter))
 8 FCPATH\index.php(56): CodeIgniter\Boot::bootWeb(Object(Config\Paths))
WARNING - 2024-12-19 06:14:29 --> [DEPRECATED] Creation of dynamic property IonAuth\Models\IonAuthModel::$messagesTemplates is deprecated in FCPATH\vendor\benedmunds\codeigniter-ion-auth\Models\IonAuthModel.php on line 237.
 1 FCPATH\vendor\benedmunds\codeigniter-ion-auth\Libraries\IonAuth.php(67): IonAuth\Models\IonAuthModel->__construct()
 2 APPPATH\Controllers\Login.php(13): IonAuth\Libraries\IonAuth->__construct()
 3 SYSTEMPATH\CodeIgniter.php(903): App\Controllers\Login->__construct()
 4 SYSTEMPATH\CodeIgniter.php(500): CodeIgniter\CodeIgniter->createController()
 5 SYSTEMPATH\CodeIgniter.php(355): CodeIgniter\CodeIgniter->handleRequest(null, Object(Config\Cache), false)
 6 SYSTEMPATH\Boot.php(325): CodeIgniter\CodeIgniter->run()
 7 SYSTEMPATH\Boot.php(67): CodeIgniter\Boot::runCodeIgniter(Object(CodeIgniter\CodeIgniter))
 8 FCPATH\index.php(56): CodeIgniter\Boot::bootWeb(Object(Config\Paths))
CRITICAL - 2024-12-19 11:44:29 --> ErrorException: Undefined variable $who_user_is
[Method: GET, Route: login]
in APPPATH\Views\frontend\header.php on line 29.
 1 APPPATH\Views\frontend\header.php(29): CodeIgniter\Debug\Exceptions->errorHandler(2, 'Undefined variable $who_user_is', 'C:\\xampp1\\htdocs\\Maareeye-sass-git\\app\\Views\\frontend\\header.php', 29)
 2 SYSTEMPATH\View\View.php(234): include('C:\\xampp1\\htdocs\\Maareeye-sass-git\\app\\Views\\frontend\\header.php')
 3 SYSTEMPATH\View\View.php(237): CodeIgniter\View\View->CodeIgniter\View\{closure}()
 4 SYSTEMPATH\Common.php(1171): CodeIgniter\View\View->render('frontend/header', [], true)
 5 APPPATH\Views\frontend\template.php(51): view('frontend/header')
 6 SYSTEMPATH\View\View.php(234): include('C:\\xampp1\\htdocs\\Maareeye-sass-git\\app\\Views\\frontend\\template.php')
 7 SYSTEMPATH\View\View.php(237): CodeIgniter\View\View->CodeIgniter\View\{closure}()
 8 SYSTEMPATH\Common.php(1171): CodeIgniter\View\View->render('frontend/template', [], true)
 9 APPPATH\Controllers\Login.php(37): view('frontend/template', [...])
10 SYSTEMPATH\CodeIgniter.php(933): App\Controllers\Login->index()
11 SYSTEMPATH\CodeIgniter.php(509): CodeIgniter\CodeIgniter->runController(Object(App\Controllers\Login))
12 SYSTEMPATH\CodeIgniter.php(355): CodeIgniter\CodeIgniter->handleRequest(null, Object(Config\Cache), false)
13 SYSTEMPATH\Boot.php(325): CodeIgniter\CodeIgniter->run()
14 SYSTEMPATH\Boot.php(67): CodeIgniter\Boot::runCodeIgniter(Object(CodeIgniter\CodeIgniter))
15 FCPATH\index.php(56): CodeIgniter\Boot::bootWeb(Object(Config\Paths))
CRITICAL - 2024-12-19 11:44:29 --> ErrorException: Uncaught Error: Call to undefined method CodeIgniter\Debug\ExceptionHandler::cleanPath() in C:\xampp1\htdocs\Maareeye-sass-git\app\Views\errors\html\error_exception.php:33
Stack trace:
#0 C:\xampp1\htdocs\Maareeye-sass-git\vendor\codeigniter4\framework\system\Debug\BaseExceptionHandler.php(266): include()
#1 C:\xampp1\htdocs\Maareeye-sass-git\vendor\codeigniter4\framework\system\Debug\BaseExceptionHandler.php(269): CodeIgniter\Debug\BaseExceptionHandler->CodeIgniter\Debug\{closure}()
#2 C:\xampp1\htdocs\Maareeye-sass-git\vendor\codeigniter4\framework\system\Debug\ExceptionHandler.php(114): CodeIgniter\Debug\BaseExceptionHandler->render(Object(ErrorException), 500, 'C:\\xampp1\\htdoc...')
#3 C:\xampp1\htdocs\Maareeye-sass-git\vendor\codeigniter4\framework\system\Debug\Exceptions.php(163): CodeIgniter\Debug\ExceptionHandler->handle(Object(ErrorException), Object(CodeIgniter\HTTP\IncomingRequest), Object(CodeIgniter\HTTP\Response), 500, 1)
#4 [internal function]: CodeIgniter\Debug\Exceptions->exceptionHandler(Object(ErrorException))
#5 {main}
  thrown
【Previous Exception】
ErrorException
Undefined variable $who_user_is
#0 C:\xampp1\htdocs\Maareeye-sass-git\app\Views\frontend\header.php(29): CodeIgniter\Debug\Exceptions->errorHandler(2, 'Undefined varia...', 'C:\\xampp1\\htdoc...', 29)
#1 C:\xampp1\htdocs\Maareeye-sass-git\vendor\codeigniter4\framework\system\View\View.php(234): include('C:\\xampp1\\htdoc...')
#2 C:\xampp1\htdocs\Maareeye-sass-git\vendor\codeigniter4\framework\system\View\View.php(237): CodeIgniter\View\View->CodeIgniter\View\{closure}()
#3 C:\xampp1\htdocs\Maareeye-sass-git\vendor\codeigniter4\framework\system\Common.php(1171): CodeIgniter\View\View->render('frontend/header', Array, true)
#4 C:\xampp1\htdocs\Maareeye-sass-git\app\Views\frontend\template.php(51): view('frontend/header')
#5 C:\xampp1\htdocs\Maareeye-sass-git\vendor\codeigniter4\framework\system\View\View.php(234): include('C:\\xampp1\\htdoc...')
#6 C:\xampp1\htdocs\Maareeye-sass-git\vendor\codeigniter4\framework\system\View\View.php(237): CodeIgniter\View\View->CodeIgniter\View\{closure}()
#7 C:\xampp1\htdocs\Maareeye-sass-git\vendor\codeigniter4\framework\system\Common.php(1171): CodeIgniter\View\View->render('frontend/templa...', Array, true)
#8 C:\xampp1\htdocs\Maareeye-sass-git\app\Controllers\Login.php(37): view('frontend/templa...', Array)
#9 C:\xampp1\htdocs\Maareeye-sass-git\vendor\codeigniter4\framework\system\CodeIgniter.php(933): App\Controllers\Login->index()
#10 C:\xampp1\htdocs\Maareeye-sass-git\vendor\codeigniter4\framework\system\CodeIgniter.php(509): CodeIgniter\CodeIgniter->runController(Object(App\Controllers\Login))
#11 C:\xampp1\htdocs\Maareeye-sass-git\vendor\codeigniter4\framework\system\CodeIgniter.php(355): CodeIgniter\CodeIgniter->handleRequest(NULL, Object(Config\Cache), false)
#12 C:\xampp1\htdocs\Maareeye-sass-git\vendor\codeigniter4\framework\system\Boot.php(325): CodeIgniter\CodeIgniter->run()
#13 C:\xampp1\htdocs\Maareeye-sass-git\vendor\codeigniter4\framework\system\Boot.php(67): CodeIgniter\Boot::runCodeIgniter(Object(CodeIgniter\CodeIgniter))
#14 C:\xampp1\htdocs\Maareeye-sass-git\index.php(56): CodeIgniter\Boot::bootWeb(Object(Config\Paths))
#15 {main}
[Method: GET, Route: login]
in APPPATH\Views\errors\html\error_exception.php on line 33.
 1 [internal function]: CodeIgniter\Debug\Exceptions->shutdownHandler()
INFO - 2024-12-19 06:14:46 --> Session: Class initialized using 'CodeIgniter\Session\Handlers\FileHandler' driver.
WARNING - 2024-12-19 06:14:46 --> [DEPRECATED] Creation of dynamic property IonAuth\Libraries\IonAuth::$session is deprecated in FCPATH\vendor\benedmunds\codeigniter-ion-auth\Libraries\IonAuth.php on line 65.
 1 APPPATH\Controllers\Login.php(13): IonAuth\Libraries\IonAuth->__construct()
 2 SYSTEMPATH\CodeIgniter.php(903): App\Controllers\Login->__construct()
 3 SYSTEMPATH\CodeIgniter.php(500): CodeIgniter\CodeIgniter->createController()
 4 SYSTEMPATH\CodeIgniter.php(355): CodeIgniter\CodeIgniter->handleRequest(null, Object(Config\Cache), false)
 5 SYSTEMPATH\Boot.php(325): CodeIgniter\CodeIgniter->run()
 6 SYSTEMPATH\Boot.php(67): CodeIgniter\Boot::runCodeIgniter(Object(CodeIgniter\CodeIgniter))
 7 FCPATH\index.php(56): CodeIgniter\Boot::bootWeb(Object(Config\Paths))
WARNING - 2024-12-19 06:14:46 --> [DEPRECATED] Creation of dynamic property IonAuth\Models\IonAuthModel::$join is deprecated in FCPATH\vendor\benedmunds\codeigniter-ion-auth\Models\IonAuthModel.php on line 231.
 1 FCPATH\vendor\benedmunds\codeigniter-ion-auth\Libraries\IonAuth.php(67): IonAuth\Models\IonAuthModel->__construct()
 2 APPPATH\Controllers\Login.php(13): IonAuth\Libraries\IonAuth->__construct()
 3 SYSTEMPATH\CodeIgniter.php(903): App\Controllers\Login->__construct()
 4 SYSTEMPATH\CodeIgniter.php(500): CodeIgniter\CodeIgniter->createController()
 5 SYSTEMPATH\CodeIgniter.php(355): CodeIgniter\CodeIgniter->handleRequest(null, Object(Config\Cache), false)
 6 SYSTEMPATH\Boot.php(325): CodeIgniter\CodeIgniter->run()
 7 SYSTEMPATH\Boot.php(67): CodeIgniter\Boot::runCodeIgniter(Object(CodeIgniter\CodeIgniter))
 8 FCPATH\index.php(56): CodeIgniter\Boot::bootWeb(Object(Config\Paths))
WARNING - 2024-12-19 06:14:46 --> [DEPRECATED] Creation of dynamic property IonAuth\Models\IonAuthModel::$hashMethod is deprecated in FCPATH\vendor\benedmunds\codeigniter-ion-auth\Models\IonAuthModel.php on line 234.
 1 FCPATH\vendor\benedmunds\codeigniter-ion-auth\Libraries\IonAuth.php(67): IonAuth\Models\IonAuthModel->__construct()
 2 APPPATH\Controllers\Login.php(13): IonAuth\Libraries\IonAuth->__construct()
 3 SYSTEMPATH\CodeIgniter.php(903): App\Controllers\Login->__construct()
 4 SYSTEMPATH\CodeIgniter.php(500): CodeIgniter\CodeIgniter->createController()
 5 SYSTEMPATH\CodeIgniter.php(355): CodeIgniter\CodeIgniter->handleRequest(null, Object(Config\Cache), false)
 6 SYSTEMPATH\Boot.php(325): CodeIgniter\CodeIgniter->run()
 7 SYSTEMPATH\Boot.php(67): CodeIgniter\Boot::runCodeIgniter(Object(CodeIgniter\CodeIgniter))
 8 FCPATH\index.php(56): CodeIgniter\Boot::bootWeb(Object(Config\Paths))
WARNING - 2024-12-19 06:14:46 --> [DEPRECATED] Creation of dynamic property IonAuth\Models\IonAuthModel::$messagesTemplates is deprecated in FCPATH\vendor\benedmunds\codeigniter-ion-auth\Models\IonAuthModel.php on line 237.
 1 FCPATH\vendor\benedmunds\codeigniter-ion-auth\Libraries\IonAuth.php(67): IonAuth\Models\IonAuthModel->__construct()
 2 APPPATH\Controllers\Login.php(13): IonAuth\Libraries\IonAuth->__construct()
 3 SYSTEMPATH\CodeIgniter.php(903): App\Controllers\Login->__construct()
 4 SYSTEMPATH\CodeIgniter.php(500): CodeIgniter\CodeIgniter->createController()
 5 SYSTEMPATH\CodeIgniter.php(355): CodeIgniter\CodeIgniter->handleRequest(null, Object(Config\Cache), false)
 6 SYSTEMPATH\Boot.php(325): CodeIgniter\CodeIgniter->run()
 7 SYSTEMPATH\Boot.php(67): CodeIgniter\Boot::runCodeIgniter(Object(CodeIgniter\CodeIgniter))
 8 FCPATH\index.php(56): CodeIgniter\Boot::bootWeb(Object(Config\Paths))
CRITICAL - 2024-12-19 11:44:46 --> ErrorException: Undefined variable $who_user_is
[Method: GET, Route: login]
in APPPATH\Views\frontend\header.php on line 29.
 1 APPPATH\Views\frontend\header.php(29): CodeIgniter\Debug\Exceptions->errorHandler(2, 'Undefined variable $who_user_is', 'C:\\xampp1\\htdocs\\Maareeye-sass-git\\app\\Views\\frontend\\header.php', 29)
 2 SYSTEMPATH\View\View.php(234): include('C:\\xampp1\\htdocs\\Maareeye-sass-git\\app\\Views\\frontend\\header.php')
 3 SYSTEMPATH\View\View.php(237): CodeIgniter\View\View->CodeIgniter\View\{closure}()
 4 SYSTEMPATH\Common.php(1171): CodeIgniter\View\View->render('frontend/header', [], true)
 5 APPPATH\Views\frontend\template.php(51): view('frontend/header')
 6 SYSTEMPATH\View\View.php(234): include('C:\\xampp1\\htdocs\\Maareeye-sass-git\\app\\Views\\frontend\\template.php')
 7 SYSTEMPATH\View\View.php(237): CodeIgniter\View\View->CodeIgniter\View\{closure}()
 8 SYSTEMPATH\Common.php(1171): CodeIgniter\View\View->render('frontend/template', [], true)
 9 APPPATH\Controllers\Login.php(37): view('frontend/template', [...])
10 SYSTEMPATH\CodeIgniter.php(933): App\Controllers\Login->index()
11 SYSTEMPATH\CodeIgniter.php(509): CodeIgniter\CodeIgniter->runController(Object(App\Controllers\Login))
12 SYSTEMPATH\CodeIgniter.php(355): CodeIgniter\CodeIgniter->handleRequest(null, Object(Config\Cache), false)
13 SYSTEMPATH\Boot.php(325): CodeIgniter\CodeIgniter->run()
14 SYSTEMPATH\Boot.php(67): CodeIgniter\Boot::runCodeIgniter(Object(CodeIgniter\CodeIgniter))
15 FCPATH\index.php(56): CodeIgniter\Boot::bootWeb(Object(Config\Paths))
CRITICAL - 2024-12-19 11:44:46 --> ErrorException: Uncaught Error: Call to undefined method CodeIgniter\Debug\ExceptionHandler::cleanPath() in C:\xampp1\htdocs\Maareeye-sass-git\app\Views\errors\html\error_exception.php:33
Stack trace:
#0 C:\xampp1\htdocs\Maareeye-sass-git\vendor\codeigniter4\framework\system\Debug\BaseExceptionHandler.php(266): include()
#1 C:\xampp1\htdocs\Maareeye-sass-git\vendor\codeigniter4\framework\system\Debug\BaseExceptionHandler.php(269): CodeIgniter\Debug\BaseExceptionHandler->CodeIgniter\Debug\{closure}()
#2 C:\xampp1\htdocs\Maareeye-sass-git\vendor\codeigniter4\framework\system\Debug\ExceptionHandler.php(114): CodeIgniter\Debug\BaseExceptionHandler->render(Object(ErrorException), 500, 'C:\\xampp1\\htdoc...')
#3 C:\xampp1\htdocs\Maareeye-sass-git\vendor\codeigniter4\framework\system\Debug\Exceptions.php(163): CodeIgniter\Debug\ExceptionHandler->handle(Object(ErrorException), Object(CodeIgniter\HTTP\IncomingRequest), Object(CodeIgniter\HTTP\Response), 500, 1)
#4 [internal function]: CodeIgniter\Debug\Exceptions->exceptionHandler(Object(ErrorException))
#5 {main}
  thrown
【Previous Exception】
ErrorException
Undefined variable $who_user_is
#0 C:\xampp1\htdocs\Maareeye-sass-git\app\Views\frontend\header.php(29): CodeIgniter\Debug\Exceptions->errorHandler(2, 'Undefined varia...', 'C:\\xampp1\\htdoc...', 29)
#1 C:\xampp1\htdocs\Maareeye-sass-git\vendor\codeigniter4\framework\system\View\View.php(234): include('C:\\xampp1\\htdoc...')
#2 C:\xampp1\htdocs\Maareeye-sass-git\vendor\codeigniter4\framework\system\View\View.php(237): CodeIgniter\View\View->CodeIgniter\View\{closure}()
#3 C:\xampp1\htdocs\Maareeye-sass-git\vendor\codeigniter4\framework\system\Common.php(1171): CodeIgniter\View\View->render('frontend/header', Array, true)
#4 C:\xampp1\htdocs\Maareeye-sass-git\app\Views\frontend\template.php(51): view('frontend/header')
#5 C:\xampp1\htdocs\Maareeye-sass-git\vendor\codeigniter4\framework\system\View\View.php(234): include('C:\\xampp1\\htdoc...')
#6 C:\xampp1\htdocs\Maareeye-sass-git\vendor\codeigniter4\framework\system\View\View.php(237): CodeIgniter\View\View->CodeIgniter\View\{closure}()
#7 C:\xampp1\htdocs\Maareeye-sass-git\vendor\codeigniter4\framework\system\Common.php(1171): CodeIgniter\View\View->render('frontend/templa...', Array, true)
#8 C:\xampp1\htdocs\Maareeye-sass-git\app\Controllers\Login.php(37): view('frontend/templa...', Array)
#9 C:\xampp1\htdocs\Maareeye-sass-git\vendor\codeigniter4\framework\system\CodeIgniter.php(933): App\Controllers\Login->index()
#10 C:\xampp1\htdocs\Maareeye-sass-git\vendor\codeigniter4\framework\system\CodeIgniter.php(509): CodeIgniter\CodeIgniter->runController(Object(App\Controllers\Login))
#11 C:\xampp1\htdocs\Maareeye-sass-git\vendor\codeigniter4\framework\system\CodeIgniter.php(355): CodeIgniter\CodeIgniter->handleRequest(NULL, Object(Config\Cache), false)
#12 C:\xampp1\htdocs\Maareeye-sass-git\vendor\codeigniter4\framework\system\Boot.php(325): CodeIgniter\CodeIgniter->run()
#13 C:\xampp1\htdocs\Maareeye-sass-git\vendor\codeigniter4\framework\system\Boot.php(67): CodeIgniter\Boot::runCodeIgniter(Object(CodeIgniter\CodeIgniter))
#14 C:\xampp1\htdocs\Maareeye-sass-git\index.php(56): CodeIgniter\Boot::bootWeb(Object(Config\Paths))
#15 {main}
[Method: GET, Route: login]
in APPPATH\Views\errors\html\error_exception.php on line 33.
 1 [internal function]: CodeIgniter\Debug\Exceptions->shutdownHandler()
INFO - 2024-12-19 06:14:47 --> Session: Class initialized using 'CodeIgniter\Session\Handlers\FileHandler' driver.
WARNING - 2024-12-19 06:14:47 --> [DEPRECATED] Creation of dynamic property IonAuth\Libraries\IonAuth::$session is deprecated in FCPATH\vendor\benedmunds\codeigniter-ion-auth\Libraries\IonAuth.php on line 65.
 1 APPPATH\Controllers\Login.php(13): IonAuth\Libraries\IonAuth->__construct()
 2 SYSTEMPATH\CodeIgniter.php(903): App\Controllers\Login->__construct()
 3 SYSTEMPATH\CodeIgniter.php(500): CodeIgniter\CodeIgniter->createController()
 4 SYSTEMPATH\CodeIgniter.php(355): CodeIgniter\CodeIgniter->handleRequest(null, Object(Config\Cache), false)
 5 SYSTEMPATH\Boot.php(325): CodeIgniter\CodeIgniter->run()
 6 SYSTEMPATH\Boot.php(67): CodeIgniter\Boot::runCodeIgniter(Object(CodeIgniter\CodeIgniter))
 7 FCPATH\index.php(56): CodeIgniter\Boot::bootWeb(Object(Config\Paths))
WARNING - 2024-12-19 06:14:47 --> [DEPRECATED] Creation of dynamic property IonAuth\Models\IonAuthModel::$join is deprecated in FCPATH\vendor\benedmunds\codeigniter-ion-auth\Models\IonAuthModel.php on line 231.
 1 FCPATH\vendor\benedmunds\codeigniter-ion-auth\Libraries\IonAuth.php(67): IonAuth\Models\IonAuthModel->__construct()
 2 APPPATH\Controllers\Login.php(13): IonAuth\Libraries\IonAuth->__construct()
 3 SYSTEMPATH\CodeIgniter.php(903): App\Controllers\Login->__construct()
 4 SYSTEMPATH\CodeIgniter.php(500): CodeIgniter\CodeIgniter->createController()
 5 SYSTEMPATH\CodeIgniter.php(355): CodeIgniter\CodeIgniter->handleRequest(null, Object(Config\Cache), false)
 6 SYSTEMPATH\Boot.php(325): CodeIgniter\CodeIgniter->run()
 7 SYSTEMPATH\Boot.php(67): CodeIgniter\Boot::runCodeIgniter(Object(CodeIgniter\CodeIgniter))
 8 FCPATH\index.php(56): CodeIgniter\Boot::bootWeb(Object(Config\Paths))
WARNING - 2024-12-19 06:14:47 --> [DEPRECATED] Creation of dynamic property IonAuth\Models\IonAuthModel::$hashMethod is deprecated in FCPATH\vendor\benedmunds\codeigniter-ion-auth\Models\IonAuthModel.php on line 234.
 1 FCPATH\vendor\benedmunds\codeigniter-ion-auth\Libraries\IonAuth.php(67): IonAuth\Models\IonAuthModel->__construct()
 2 APPPATH\Controllers\Login.php(13): IonAuth\Libraries\IonAuth->__construct()
 3 SYSTEMPATH\CodeIgniter.php(903): App\Controllers\Login->__construct()
 4 SYSTEMPATH\CodeIgniter.php(500): CodeIgniter\CodeIgniter->createController()
 5 SYSTEMPATH\CodeIgniter.php(355): CodeIgniter\CodeIgniter->handleRequest(null, Object(Config\Cache), false)
 6 SYSTEMPATH\Boot.php(325): CodeIgniter\CodeIgniter->run()
 7 SYSTEMPATH\Boot.php(67): CodeIgniter\Boot::runCodeIgniter(Object(CodeIgniter\CodeIgniter))
 8 FCPATH\index.php(56): CodeIgniter\Boot::bootWeb(Object(Config\Paths))
WARNING - 2024-12-19 06:14:47 --> [DEPRECATED] Creation of dynamic property IonAuth\Models\IonAuthModel::$messagesTemplates is deprecated in FCPATH\vendor\benedmunds\codeigniter-ion-auth\Models\IonAuthModel.php on line 237.
 1 FCPATH\vendor\benedmunds\codeigniter-ion-auth\Libraries\IonAuth.php(67): IonAuth\Models\IonAuthModel->__construct()
 2 APPPATH\Controllers\Login.php(13): IonAuth\Libraries\IonAuth->__construct()
 3 SYSTEMPATH\CodeIgniter.php(903): App\Controllers\Login->__construct()
 4 SYSTEMPATH\CodeIgniter.php(500): CodeIgniter\CodeIgniter->createController()
 5 SYSTEMPATH\CodeIgniter.php(355): CodeIgniter\CodeIgniter->handleRequest(null, Object(Config\Cache), false)
 6 SYSTEMPATH\Boot.php(325): CodeIgniter\CodeIgniter->run()
 7 SYSTEMPATH\Boot.php(67): CodeIgniter\Boot::runCodeIgniter(Object(CodeIgniter\CodeIgniter))
 8 FCPATH\index.php(56): CodeIgniter\Boot::bootWeb(Object(Config\Paths))
CRITICAL - 2024-12-19 11:44:47 --> ErrorException: Undefined variable $who_user_is
[Method: GET, Route: login]
in APPPATH\Views\frontend\header.php on line 29.
 1 APPPATH\Views\frontend\header.php(29): CodeIgniter\Debug\Exceptions->errorHandler(2, 'Undefined variable $who_user_is', 'C:\\xampp1\\htdocs\\Maareeye-sass-git\\app\\Views\\frontend\\header.php', 29)
 2 SYSTEMPATH\View\View.php(234): include('C:\\xampp1\\htdocs\\Maareeye-sass-git\\app\\Views\\frontend\\header.php')
 3 SYSTEMPATH\View\View.php(237): CodeIgniter\View\View->CodeIgniter\View\{closure}()
 4 SYSTEMPATH\Common.php(1171): CodeIgniter\View\View->render('frontend/header', [], true)
 5 APPPATH\Views\frontend\template.php(51): view('frontend/header')
 6 SYSTEMPATH\View\View.php(234): include('C:\\xampp1\\htdocs\\Maareeye-sass-git\\app\\Views\\frontend\\template.php')
 7 SYSTEMPATH\View\View.php(237): CodeIgniter\View\View->CodeIgniter\View\{closure}()
 8 SYSTEMPATH\Common.php(1171): CodeIgniter\View\View->render('frontend/template', [], true)
 9 APPPATH\Controllers\Login.php(37): view('frontend/template', [...])
10 SYSTEMPATH\CodeIgniter.php(933): App\Controllers\Login->index()
11 SYSTEMPATH\CodeIgniter.php(509): CodeIgniter\CodeIgniter->runController(Object(App\Controllers\Login))
12 SYSTEMPATH\CodeIgniter.php(355): CodeIgniter\CodeIgniter->handleRequest(null, Object(Config\Cache), false)
13 SYSTEMPATH\Boot.php(325): CodeIgniter\CodeIgniter->run()
14 SYSTEMPATH\Boot.php(67): CodeIgniter\Boot::runCodeIgniter(Object(CodeIgniter\CodeIgniter))
15 FCPATH\index.php(56): CodeIgniter\Boot::bootWeb(Object(Config\Paths))
CRITICAL - 2024-12-19 11:44:47 --> ErrorException: Uncaught Error: Call to undefined method CodeIgniter\Debug\ExceptionHandler::cleanPath() in C:\xampp1\htdocs\Maareeye-sass-git\app\Views\errors\html\error_exception.php:33
Stack trace:
#0 C:\xampp1\htdocs\Maareeye-sass-git\vendor\codeigniter4\framework\system\Debug\BaseExceptionHandler.php(266): include()
#1 C:\xampp1\htdocs\Maareeye-sass-git\vendor\codeigniter4\framework\system\Debug\BaseExceptionHandler.php(269): CodeIgniter\Debug\BaseExceptionHandler->CodeIgniter\Debug\{closure}()
#2 C:\xampp1\htdocs\Maareeye-sass-git\vendor\codeigniter4\framework\system\Debug\ExceptionHandler.php(114): CodeIgniter\Debug\BaseExceptionHandler->render(Object(ErrorException), 500, 'C:\\xampp1\\htdoc...')
#3 C:\xampp1\htdocs\Maareeye-sass-git\vendor\codeigniter4\framework\system\Debug\Exceptions.php(163): CodeIgniter\Debug\ExceptionHandler->handle(Object(ErrorException), Object(CodeIgniter\HTTP\IncomingRequest), Object(CodeIgniter\HTTP\Response), 500, 1)
#4 [internal function]: CodeIgniter\Debug\Exceptions->exceptionHandler(Object(ErrorException))
#5 {main}
  thrown
【Previous Exception】
ErrorException
Undefined variable $who_user_is
#0 C:\xampp1\htdocs\Maareeye-sass-git\app\Views\frontend\header.php(29): CodeIgniter\Debug\Exceptions->errorHandler(2, 'Undefined varia...', 'C:\\xampp1\\htdoc...', 29)
#1 C:\xampp1\htdocs\Maareeye-sass-git\vendor\codeigniter4\framework\system\View\View.php(234): include('C:\\xampp1\\htdoc...')
#2 C:\xampp1\htdocs\Maareeye-sass-git\vendor\codeigniter4\framework\system\View\View.php(237): CodeIgniter\View\View->CodeIgniter\View\{closure}()
#3 C:\xampp1\htdocs\Maareeye-sass-git\vendor\codeigniter4\framework\system\Common.php(1171): CodeIgniter\View\View->render('frontend/header', Array, true)
#4 C:\xampp1\htdocs\Maareeye-sass-git\app\Views\frontend\template.php(51): view('frontend/header')
#5 C:\xampp1\htdocs\Maareeye-sass-git\vendor\codeigniter4\framework\system\View\View.php(234): include('C:\\xampp1\\htdoc...')
#6 C:\xampp1\htdocs\Maareeye-sass-git\vendor\codeigniter4\framework\system\View\View.php(237): CodeIgniter\View\View->CodeIgniter\View\{closure}()
#7 C:\xampp1\htdocs\Maareeye-sass-git\vendor\codeigniter4\framework\system\Common.php(1171): CodeIgniter\View\View->render('frontend/templa...', Array, true)
#8 C:\xampp1\htdocs\Maareeye-sass-git\app\Controllers\Login.php(37): view('frontend/templa...', Array)
#9 C:\xampp1\htdocs\Maareeye-sass-git\vendor\codeigniter4\framework\system\CodeIgniter.php(933): App\Controllers\Login->index()
#10 C:\xampp1\htdocs\Maareeye-sass-git\vendor\codeigniter4\framework\system\CodeIgniter.php(509): CodeIgniter\CodeIgniter->runController(Object(App\Controllers\Login))
#11 C:\xampp1\htdocs\Maareeye-sass-git\vendor\codeigniter4\framework\system\CodeIgniter.php(355): CodeIgniter\CodeIgniter->handleRequest(NULL, Object(Config\Cache), false)
#12 C:\xampp1\htdocs\Maareeye-sass-git\vendor\codeigniter4\framework\system\Boot.php(325): CodeIgniter\CodeIgniter->run()
#13 C:\xampp1\htdocs\Maareeye-sass-git\vendor\codeigniter4\framework\system\Boot.php(67): CodeIgniter\Boot::runCodeIgniter(Object(CodeIgniter\CodeIgniter))
#14 C:\xampp1\htdocs\Maareeye-sass-git\index.php(56): CodeIgniter\Boot::bootWeb(Object(Config\Paths))
#15 {main}
[Method: GET, Route: login]
in APPPATH\Views\errors\html\error_exception.php on line 33.
 1 [internal function]: CodeIgniter\Debug\Exceptions->shutdownHandler()
INFO - 2024-12-19 06:15:19 --> Session: Class initialized using 'CodeIgniter\Session\Handlers\FileHandler' driver.
WARNING - 2024-12-19 06:15:19 --> [DEPRECATED] Creation of dynamic property IonAuth\Libraries\IonAuth::$session is deprecated in FCPATH\vendor\benedmunds\codeigniter-ion-auth\Libraries\IonAuth.php on line 65.
 1 APPPATH\Controllers\Login.php(13): IonAuth\Libraries\IonAuth->__construct()
 2 SYSTEMPATH\CodeIgniter.php(903): App\Controllers\Login->__construct()
 3 SYSTEMPATH\CodeIgniter.php(500): CodeIgniter\CodeIgniter->createController()
 4 SYSTEMPATH\CodeIgniter.php(355): CodeIgniter\CodeIgniter->handleRequest(null, Object(Config\Cache), false)
 5 SYSTEMPATH\Boot.php(325): CodeIgniter\CodeIgniter->run()
 6 SYSTEMPATH\Boot.php(67): CodeIgniter\Boot::runCodeIgniter(Object(CodeIgniter\CodeIgniter))
 7 FCPATH\index.php(56): CodeIgniter\Boot::bootWeb(Object(Config\Paths))
WARNING - 2024-12-19 06:15:19 --> [DEPRECATED] Creation of dynamic property IonAuth\Models\IonAuthModel::$join is deprecated in FCPATH\vendor\benedmunds\codeigniter-ion-auth\Models\IonAuthModel.php on line 231.
 1 FCPATH\vendor\benedmunds\codeigniter-ion-auth\Libraries\IonAuth.php(67): IonAuth\Models\IonAuthModel->__construct()
 2 APPPATH\Controllers\Login.php(13): IonAuth\Libraries\IonAuth->__construct()
 3 SYSTEMPATH\CodeIgniter.php(903): App\Controllers\Login->__construct()
 4 SYSTEMPATH\CodeIgniter.php(500): CodeIgniter\CodeIgniter->createController()
 5 SYSTEMPATH\CodeIgniter.php(355): CodeIgniter\CodeIgniter->handleRequest(null, Object(Config\Cache), false)
 6 SYSTEMPATH\Boot.php(325): CodeIgniter\CodeIgniter->run()
 7 SYSTEMPATH\Boot.php(67): CodeIgniter\Boot::runCodeIgniter(Object(CodeIgniter\CodeIgniter))
 8 FCPATH\index.php(56): CodeIgniter\Boot::bootWeb(Object(Config\Paths))
WARNING - 2024-12-19 06:15:19 --> [DEPRECATED] Creation of dynamic property IonAuth\Models\IonAuthModel::$hashMethod is deprecated in FCPATH\vendor\benedmunds\codeigniter-ion-auth\Models\IonAuthModel.php on line 234.
 1 FCPATH\vendor\benedmunds\codeigniter-ion-auth\Libraries\IonAuth.php(67): IonAuth\Models\IonAuthModel->__construct()
 2 APPPATH\Controllers\Login.php(13): IonAuth\Libraries\IonAuth->__construct()
 3 SYSTEMPATH\CodeIgniter.php(903): App\Controllers\Login->__construct()
 4 SYSTEMPATH\CodeIgniter.php(500): CodeIgniter\CodeIgniter->createController()
 5 SYSTEMPATH\CodeIgniter.php(355): CodeIgniter\CodeIgniter->handleRequest(null, Object(Config\Cache), false)
 6 SYSTEMPATH\Boot.php(325): CodeIgniter\CodeIgniter->run()
 7 SYSTEMPATH\Boot.php(67): CodeIgniter\Boot::runCodeIgniter(Object(CodeIgniter\CodeIgniter))
 8 FCPATH\index.php(56): CodeIgniter\Boot::bootWeb(Object(Config\Paths))
WARNING - 2024-12-19 06:15:19 --> [DEPRECATED] Creation of dynamic property IonAuth\Models\IonAuthModel::$messagesTemplates is deprecated in FCPATH\vendor\benedmunds\codeigniter-ion-auth\Models\IonAuthModel.php on line 237.
 1 FCPATH\vendor\benedmunds\codeigniter-ion-auth\Libraries\IonAuth.php(67): IonAuth\Models\IonAuthModel->__construct()
 2 APPPATH\Controllers\Login.php(13): IonAuth\Libraries\IonAuth->__construct()
 3 SYSTEMPATH\CodeIgniter.php(903): App\Controllers\Login->__construct()
 4 SYSTEMPATH\CodeIgniter.php(500): CodeIgniter\CodeIgniter->createController()
 5 SYSTEMPATH\CodeIgniter.php(355): CodeIgniter\CodeIgniter->handleRequest(null, Object(Config\Cache), false)
 6 SYSTEMPATH\Boot.php(325): CodeIgniter\CodeIgniter->run()
 7 SYSTEMPATH\Boot.php(67): CodeIgniter\Boot::runCodeIgniter(Object(CodeIgniter\CodeIgniter))
 8 FCPATH\index.php(56): CodeIgniter\Boot::bootWeb(Object(Config\Paths))
CRITICAL - 2024-12-19 11:45:19 --> ErrorException: Undefined variable $who_user_is
[Method: GET, Route: login]
in APPPATH\Views\frontend\header.php on line 29.
 1 APPPATH\Views\frontend\header.php(29): CodeIgniter\Debug\Exceptions->errorHandler(2, 'Undefined variable $who_user_is', 'C:\\xampp1\\htdocs\\Maareeye-sass-git\\app\\Views\\frontend\\header.php', 29)
 2 SYSTEMPATH\View\View.php(234): include('C:\\xampp1\\htdocs\\Maareeye-sass-git\\app\\Views\\frontend\\header.php')
 3 SYSTEMPATH\View\View.php(237): CodeIgniter\View\View->CodeIgniter\View\{closure}()
 4 SYSTEMPATH\Common.php(1171): CodeIgniter\View\View->render('frontend/header', [], true)
 5 APPPATH\Views\frontend\template.php(51): view('frontend/header')
 6 SYSTEMPATH\View\View.php(234): include('C:\\xampp1\\htdocs\\Maareeye-sass-git\\app\\Views\\frontend\\template.php')
 7 SYSTEMPATH\View\View.php(237): CodeIgniter\View\View->CodeIgniter\View\{closure}()
 8 SYSTEMPATH\Common.php(1171): CodeIgniter\View\View->render('frontend/template', [], true)
 9 APPPATH\Controllers\Login.php(37): view('frontend/template', [...])
10 SYSTEMPATH\CodeIgniter.php(933): App\Controllers\Login->index()
11 SYSTEMPATH\CodeIgniter.php(509): CodeIgniter\CodeIgniter->runController(Object(App\Controllers\Login))
12 SYSTEMPATH\CodeIgniter.php(355): CodeIgniter\CodeIgniter->handleRequest(null, Object(Config\Cache), false)
13 SYSTEMPATH\Boot.php(325): CodeIgniter\CodeIgniter->run()
14 SYSTEMPATH\Boot.php(67): CodeIgniter\Boot::runCodeIgniter(Object(CodeIgniter\CodeIgniter))
15 FCPATH\index.php(56): CodeIgniter\Boot::bootWeb(Object(Config\Paths))
CRITICAL - 2024-12-19 11:45:19 --> ErrorException: Uncaught Error: Call to undefined method CodeIgniter\Debug\ExceptionHandler::cleanPath() in C:\xampp1\htdocs\Maareeye-sass-git\app\Views\errors\html\error_exception.php:33
Stack trace:
#0 C:\xampp1\htdocs\Maareeye-sass-git\vendor\codeigniter4\framework\system\Debug\BaseExceptionHandler.php(266): include()
#1 C:\xampp1\htdocs\Maareeye-sass-git\vendor\codeigniter4\framework\system\Debug\BaseExceptionHandler.php(269): CodeIgniter\Debug\BaseExceptionHandler->CodeIgniter\Debug\{closure}()
#2 C:\xampp1\htdocs\Maareeye-sass-git\vendor\codeigniter4\framework\system\Debug\ExceptionHandler.php(114): CodeIgniter\Debug\BaseExceptionHandler->render(Object(ErrorException), 500, 'C:\\xampp1\\htdoc...')
#3 C:\xampp1\htdocs\Maareeye-sass-git\vendor\codeigniter4\framework\system\Debug\Exceptions.php(163): CodeIgniter\Debug\ExceptionHandler->handle(Object(ErrorException), Object(CodeIgniter\HTTP\IncomingRequest), Object(CodeIgniter\HTTP\Response), 500, 1)
#4 [internal function]: CodeIgniter\Debug\Exceptions->exceptionHandler(Object(ErrorException))
#5 {main}
  thrown
【Previous Exception】
ErrorException
Undefined variable $who_user_is
#0 C:\xampp1\htdocs\Maareeye-sass-git\app\Views\frontend\header.php(29): CodeIgniter\Debug\Exceptions->errorHandler(2, 'Undefined varia...', 'C:\\xampp1\\htdoc...', 29)
#1 C:\xampp1\htdocs\Maareeye-sass-git\vendor\codeigniter4\framework\system\View\View.php(234): include('C:\\xampp1\\htdoc...')
#2 C:\xampp1\htdocs\Maareeye-sass-git\vendor\codeigniter4\framework\system\View\View.php(237): CodeIgniter\View\View->CodeIgniter\View\{closure}()
#3 C:\xampp1\htdocs\Maareeye-sass-git\vendor\codeigniter4\framework\system\Common.php(1171): CodeIgniter\View\View->render('frontend/header', Array, true)
#4 C:\xampp1\htdocs\Maareeye-sass-git\app\Views\frontend\template.php(51): view('frontend/header')
#5 C:\xampp1\htdocs\Maareeye-sass-git\vendor\codeigniter4\framework\system\View\View.php(234): include('C:\\xampp1\\htdoc...')
#6 C:\xampp1\htdocs\Maareeye-sass-git\vendor\codeigniter4\framework\system\View\View.php(237): CodeIgniter\View\View->CodeIgniter\View\{closure}()
#7 C:\xampp1\htdocs\Maareeye-sass-git\vendor\codeigniter4\framework\system\Common.php(1171): CodeIgniter\View\View->render('frontend/templa...', Array, true)
#8 C:\xampp1\htdocs\Maareeye-sass-git\app\Controllers\Login.php(37): view('frontend/templa...', Array)
#9 C:\xampp1\htdocs\Maareeye-sass-git\vendor\codeigniter4\framework\system\CodeIgniter.php(933): App\Controllers\Login->index()
#10 C:\xampp1\htdocs\Maareeye-sass-git\vendor\codeigniter4\framework\system\CodeIgniter.php(509): CodeIgniter\CodeIgniter->runController(Object(App\Controllers\Login))
#11 C:\xampp1\htdocs\Maareeye-sass-git\vendor\codeigniter4\framework\system\CodeIgniter.php(355): CodeIgniter\CodeIgniter->handleRequest(NULL, Object(Config\Cache), false)
#12 C:\xampp1\htdocs\Maareeye-sass-git\vendor\codeigniter4\framework\system\Boot.php(325): CodeIgniter\CodeIgniter->run()
#13 C:\xampp1\htdocs\Maareeye-sass-git\vendor\codeigniter4\framework\system\Boot.php(67): CodeIgniter\Boot::runCodeIgniter(Object(CodeIgniter\CodeIgniter))
#14 C:\xampp1\htdocs\Maareeye-sass-git\index.php(56): CodeIgniter\Boot::bootWeb(Object(Config\Paths))
#15 {main}
[Method: GET, Route: login]
in APPPATH\Views\errors\html\error_exception.php on line 33.
 1 [internal function]: CodeIgniter\Debug\Exceptions->shutdownHandler()
INFO - 2024-12-19 06:15:20 --> Session: Class initialized using 'CodeIgniter\Session\Handlers\FileHandler' driver.
WARNING - 2024-12-19 06:15:20 --> [DEPRECATED] Creation of dynamic property IonAuth\Libraries\IonAuth::$session is deprecated in FCPATH\vendor\benedmunds\codeigniter-ion-auth\Libraries\IonAuth.php on line 65.
 1 APPPATH\Controllers\Login.php(13): IonAuth\Libraries\IonAuth->__construct()
 2 SYSTEMPATH\CodeIgniter.php(903): App\Controllers\Login->__construct()
 3 SYSTEMPATH\CodeIgniter.php(500): CodeIgniter\CodeIgniter->createController()
 4 SYSTEMPATH\CodeIgniter.php(355): CodeIgniter\CodeIgniter->handleRequest(null, Object(Config\Cache), false)
 5 SYSTEMPATH\Boot.php(325): CodeIgniter\CodeIgniter->run()
 6 SYSTEMPATH\Boot.php(67): CodeIgniter\Boot::runCodeIgniter(Object(CodeIgniter\CodeIgniter))
 7 FCPATH\index.php(56): CodeIgniter\Boot::bootWeb(Object(Config\Paths))
WARNING - 2024-12-19 06:15:20 --> [DEPRECATED] Creation of dynamic property IonAuth\Models\IonAuthModel::$join is deprecated in FCPATH\vendor\benedmunds\codeigniter-ion-auth\Models\IonAuthModel.php on line 231.
 1 FCPATH\vendor\benedmunds\codeigniter-ion-auth\Libraries\IonAuth.php(67): IonAuth\Models\IonAuthModel->__construct()
 2 APPPATH\Controllers\Login.php(13): IonAuth\Libraries\IonAuth->__construct()
 3 SYSTEMPATH\CodeIgniter.php(903): App\Controllers\Login->__construct()
 4 SYSTEMPATH\CodeIgniter.php(500): CodeIgniter\CodeIgniter->createController()
 5 SYSTEMPATH\CodeIgniter.php(355): CodeIgniter\CodeIgniter->handleRequest(null, Object(Config\Cache), false)
 6 SYSTEMPATH\Boot.php(325): CodeIgniter\CodeIgniter->run()
 7 SYSTEMPATH\Boot.php(67): CodeIgniter\Boot::runCodeIgniter(Object(CodeIgniter\CodeIgniter))
 8 FCPATH\index.php(56): CodeIgniter\Boot::bootWeb(Object(Config\Paths))
WARNING - 2024-12-19 06:15:20 --> [DEPRECATED] Creation of dynamic property IonAuth\Models\IonAuthModel::$hashMethod is deprecated in FCPATH\vendor\benedmunds\codeigniter-ion-auth\Models\IonAuthModel.php on line 234.
 1 FCPATH\vendor\benedmunds\codeigniter-ion-auth\Libraries\IonAuth.php(67): IonAuth\Models\IonAuthModel->__construct()
 2 APPPATH\Controllers\Login.php(13): IonAuth\Libraries\IonAuth->__construct()
 3 SYSTEMPATH\CodeIgniter.php(903): App\Controllers\Login->__construct()
 4 SYSTEMPATH\CodeIgniter.php(500): CodeIgniter\CodeIgniter->createController()
 5 SYSTEMPATH\CodeIgniter.php(355): CodeIgniter\CodeIgniter->handleRequest(null, Object(Config\Cache), false)
 6 SYSTEMPATH\Boot.php(325): CodeIgniter\CodeIgniter->run()
 7 SYSTEMPATH\Boot.php(67): CodeIgniter\Boot::runCodeIgniter(Object(CodeIgniter\CodeIgniter))
 8 FCPATH\index.php(56): CodeIgniter\Boot::bootWeb(Object(Config\Paths))
WARNING - 2024-12-19 06:15:20 --> [DEPRECATED] Creation of dynamic property IonAuth\Models\IonAuthModel::$messagesTemplates is deprecated in FCPATH\vendor\benedmunds\codeigniter-ion-auth\Models\IonAuthModel.php on line 237.
 1 FCPATH\vendor\benedmunds\codeigniter-ion-auth\Libraries\IonAuth.php(67): IonAuth\Models\IonAuthModel->__construct()
 2 APPPATH\Controllers\Login.php(13): IonAuth\Libraries\IonAuth->__construct()
 3 SYSTEMPATH\CodeIgniter.php(903): App\Controllers\Login->__construct()
 4 SYSTEMPATH\CodeIgniter.php(500): CodeIgniter\CodeIgniter->createController()
 5 SYSTEMPATH\CodeIgniter.php(355): CodeIgniter\CodeIgniter->handleRequest(null, Object(Config\Cache), false)
 6 SYSTEMPATH\Boot.php(325): CodeIgniter\CodeIgniter->run()
 7 SYSTEMPATH\Boot.php(67): CodeIgniter\Boot::runCodeIgniter(Object(CodeIgniter\CodeIgniter))
 8 FCPATH\index.php(56): CodeIgniter\Boot::bootWeb(Object(Config\Paths))
CRITICAL - 2024-12-19 11:45:20 --> ErrorException: Undefined variable $who_user_is
[Method: GET, Route: login]
in APPPATH\Views\frontend\header.php on line 29.
 1 APPPATH\Views\frontend\header.php(29): CodeIgniter\Debug\Exceptions->errorHandler(2, 'Undefined variable $who_user_is', 'C:\\xampp1\\htdocs\\Maareeye-sass-git\\app\\Views\\frontend\\header.php', 29)
 2 SYSTEMPATH\View\View.php(234): include('C:\\xampp1\\htdocs\\Maareeye-sass-git\\app\\Views\\frontend\\header.php')
 3 SYSTEMPATH\View\View.php(237): CodeIgniter\View\View->CodeIgniter\View\{closure}()
 4 SYSTEMPATH\Common.php(1171): CodeIgniter\View\View->render('frontend/header', [], true)
 5 APPPATH\Views\frontend\template.php(51): view('frontend/header')
 6 SYSTEMPATH\View\View.php(234): include('C:\\xampp1\\htdocs\\Maareeye-sass-git\\app\\Views\\frontend\\template.php')
 7 SYSTEMPATH\View\View.php(237): CodeIgniter\View\View->CodeIgniter\View\{closure}()
 8 SYSTEMPATH\Common.php(1171): CodeIgniter\View\View->render('frontend/template', [], true)
 9 APPPATH\Controllers\Login.php(37): view('frontend/template', [...])
10 SYSTEMPATH\CodeIgniter.php(933): App\Controllers\Login->index()
11 SYSTEMPATH\CodeIgniter.php(509): CodeIgniter\CodeIgniter->runController(Object(App\Controllers\Login))
12 SYSTEMPATH\CodeIgniter.php(355): CodeIgniter\CodeIgniter->handleRequest(null, Object(Config\Cache), false)
13 SYSTEMPATH\Boot.php(325): CodeIgniter\CodeIgniter->run()
14 SYSTEMPATH\Boot.php(67): CodeIgniter\Boot::runCodeIgniter(Object(CodeIgniter\CodeIgniter))
15 FCPATH\index.php(56): CodeIgniter\Boot::bootWeb(Object(Config\Paths))
CRITICAL - 2024-12-19 11:45:20 --> ErrorException: Uncaught Error: Call to undefined method CodeIgniter\Debug\ExceptionHandler::cleanPath() in C:\xampp1\htdocs\Maareeye-sass-git\app\Views\errors\html\error_exception.php:33
Stack trace:
#0 C:\xampp1\htdocs\Maareeye-sass-git\vendor\codeigniter4\framework\system\Debug\BaseExceptionHandler.php(266): include()
#1 C:\xampp1\htdocs\Maareeye-sass-git\vendor\codeigniter4\framework\system\Debug\BaseExceptionHandler.php(269): CodeIgniter\Debug\BaseExceptionHandler->CodeIgniter\Debug\{closure}()
#2 C:\xampp1\htdocs\Maareeye-sass-git\vendor\codeigniter4\framework\system\Debug\ExceptionHandler.php(114): CodeIgniter\Debug\BaseExceptionHandler->render(Object(ErrorException), 500, 'C:\\xampp1\\htdoc...')
#3 C:\xampp1\htdocs\Maareeye-sass-git\vendor\codeigniter4\framework\system\Debug\Exceptions.php(163): CodeIgniter\Debug\ExceptionHandler->handle(Object(ErrorException), Object(CodeIgniter\HTTP\IncomingRequest), Object(CodeIgniter\HTTP\Response), 500, 1)
#4 [internal function]: CodeIgniter\Debug\Exceptions->exceptionHandler(Object(ErrorException))
#5 {main}
  thrown
【Previous Exception】
ErrorException
Undefined variable $who_user_is
#0 C:\xampp1\htdocs\Maareeye-sass-git\app\Views\frontend\header.php(29): CodeIgniter\Debug\Exceptions->errorHandler(2, 'Undefined varia...', 'C:\\xampp1\\htdoc...', 29)
#1 C:\xampp1\htdocs\Maareeye-sass-git\vendor\codeigniter4\framework\system\View\View.php(234): include('C:\\xampp1\\htdoc...')
#2 C:\xampp1\htdocs\Maareeye-sass-git\vendor\codeigniter4\framework\system\View\View.php(237): CodeIgniter\View\View->CodeIgniter\View\{closure}()
#3 C:\xampp1\htdocs\Maareeye-sass-git\vendor\codeigniter4\framework\system\Common.php(1171): CodeIgniter\View\View->render('frontend/header', Array, true)
#4 C:\xampp1\htdocs\Maareeye-sass-git\app\Views\frontend\template.php(51): view('frontend/header')
#5 C:\xampp1\htdocs\Maareeye-sass-git\vendor\codeigniter4\framework\system\View\View.php(234): include('C:\\xampp1\\htdoc...')
#6 C:\xampp1\htdocs\Maareeye-sass-git\vendor\codeigniter4\framework\system\View\View.php(237): CodeIgniter\View\View->CodeIgniter\View\{closure}()
#7 C:\xampp1\htdocs\Maareeye-sass-git\vendor\codeigniter4\framework\system\Common.php(1171): CodeIgniter\View\View->render('frontend/templa...', Array, true)
#8 C:\xampp1\htdocs\Maareeye-sass-git\app\Controllers\Login.php(37): view('frontend/templa...', Array)
#9 C:\xampp1\htdocs\Maareeye-sass-git\vendor\codeigniter4\framework\system\CodeIgniter.php(933): App\Controllers\Login->index()
#10 C:\xampp1\htdocs\Maareeye-sass-git\vendor\codeigniter4\framework\system\CodeIgniter.php(509): CodeIgniter\CodeIgniter->runController(Object(App\Controllers\Login))
#11 C:\xampp1\htdocs\Maareeye-sass-git\vendor\codeigniter4\framework\system\CodeIgniter.php(355): CodeIgniter\CodeIgniter->handleRequest(NULL, Object(Config\Cache), false)
#12 C:\xampp1\htdocs\Maareeye-sass-git\vendor\codeigniter4\framework\system\Boot.php(325): CodeIgniter\CodeIgniter->run()
#13 C:\xampp1\htdocs\Maareeye-sass-git\vendor\codeigniter4\framework\system\Boot.php(67): CodeIgniter\Boot::runCodeIgniter(Object(CodeIgniter\CodeIgniter))
#14 C:\xampp1\htdocs\Maareeye-sass-git\index.php(56): CodeIgniter\Boot::bootWeb(Object(Config\Paths))
#15 {main}
[Method: GET, Route: login]
in APPPATH\Views\errors\html\error_exception.php on line 33.
 1 [internal function]: CodeIgniter\Debug\Exceptions->shutdownHandler()
INFO - 2024-12-19 06:15:21 --> Session: Class initialized using 'CodeIgniter\Session\Handlers\FileHandler' driver.
WARNING - 2024-12-19 06:15:21 --> [DEPRECATED] Creation of dynamic property IonAuth\Libraries\IonAuth::$session is deprecated in FCPATH\vendor\benedmunds\codeigniter-ion-auth\Libraries\IonAuth.php on line 65.
 1 APPPATH\Controllers\Login.php(13): IonAuth\Libraries\IonAuth->__construct()
 2 SYSTEMPATH\CodeIgniter.php(903): App\Controllers\Login->__construct()
 3 SYSTEMPATH\CodeIgniter.php(500): CodeIgniter\CodeIgniter->createController()
 4 SYSTEMPATH\CodeIgniter.php(355): CodeIgniter\CodeIgniter->handleRequest(null, Object(Config\Cache), false)
 5 SYSTEMPATH\Boot.php(325): CodeIgniter\CodeIgniter->run()
 6 SYSTEMPATH\Boot.php(67): CodeIgniter\Boot::runCodeIgniter(Object(CodeIgniter\CodeIgniter))
 7 FCPATH\index.php(56): CodeIgniter\Boot::bootWeb(Object(Config\Paths))
WARNING - 2024-12-19 06:15:21 --> [DEPRECATED] Creation of dynamic property IonAuth\Models\IonAuthModel::$join is deprecated in FCPATH\vendor\benedmunds\codeigniter-ion-auth\Models\IonAuthModel.php on line 231.
 1 FCPATH\vendor\benedmunds\codeigniter-ion-auth\Libraries\IonAuth.php(67): IonAuth\Models\IonAuthModel->__construct()
 2 APPPATH\Controllers\Login.php(13): IonAuth\Libraries\IonAuth->__construct()
 3 SYSTEMPATH\CodeIgniter.php(903): App\Controllers\Login->__construct()
 4 SYSTEMPATH\CodeIgniter.php(500): CodeIgniter\CodeIgniter->createController()
 5 SYSTEMPATH\CodeIgniter.php(355): CodeIgniter\CodeIgniter->handleRequest(null, Object(Config\Cache), false)
 6 SYSTEMPATH\Boot.php(325): CodeIgniter\CodeIgniter->run()
 7 SYSTEMPATH\Boot.php(67): CodeIgniter\Boot::runCodeIgniter(Object(CodeIgniter\CodeIgniter))
 8 FCPATH\index.php(56): CodeIgniter\Boot::bootWeb(Object(Config\Paths))
WARNING - 2024-12-19 06:15:21 --> [DEPRECATED] Creation of dynamic property IonAuth\Models\IonAuthModel::$hashMethod is deprecated in FCPATH\vendor\benedmunds\codeigniter-ion-auth\Models\IonAuthModel.php on line 234.
 1 FCPATH\vendor\benedmunds\codeigniter-ion-auth\Libraries\IonAuth.php(67): IonAuth\Models\IonAuthModel->__construct()
 2 APPPATH\Controllers\Login.php(13): IonAuth\Libraries\IonAuth->__construct()
 3 SYSTEMPATH\CodeIgniter.php(903): App\Controllers\Login->__construct()
 4 SYSTEMPATH\CodeIgniter.php(500): CodeIgniter\CodeIgniter->createController()
 5 SYSTEMPATH\CodeIgniter.php(355): CodeIgniter\CodeIgniter->handleRequest(null, Object(Config\Cache), false)
 6 SYSTEMPATH\Boot.php(325): CodeIgniter\CodeIgniter->run()
 7 SYSTEMPATH\Boot.php(67): CodeIgniter\Boot::runCodeIgniter(Object(CodeIgniter\CodeIgniter))
 8 FCPATH\index.php(56): CodeIgniter\Boot::bootWeb(Object(Config\Paths))
WARNING - 2024-12-19 06:15:21 --> [DEPRECATED] Creation of dynamic property IonAuth\Models\IonAuthModel::$messagesTemplates is deprecated in FCPATH\vendor\benedmunds\codeigniter-ion-auth\Models\IonAuthModel.php on line 237.
 1 FCPATH\vendor\benedmunds\codeigniter-ion-auth\Libraries\IonAuth.php(67): IonAuth\Models\IonAuthModel->__construct()
 2 APPPATH\Controllers\Login.php(13): IonAuth\Libraries\IonAuth->__construct()
 3 SYSTEMPATH\CodeIgniter.php(903): App\Controllers\Login->__construct()
 4 SYSTEMPATH\CodeIgniter.php(500): CodeIgniter\CodeIgniter->createController()
 5 SYSTEMPATH\CodeIgniter.php(355): CodeIgniter\CodeIgniter->handleRequest(null, Object(Config\Cache), false)
 6 SYSTEMPATH\Boot.php(325): CodeIgniter\CodeIgniter->run()
 7 SYSTEMPATH\Boot.php(67): CodeIgniter\Boot::runCodeIgniter(Object(CodeIgniter\CodeIgniter))
 8 FCPATH\index.php(56): CodeIgniter\Boot::bootWeb(Object(Config\Paths))
CRITICAL - 2024-12-19 11:45:21 --> ErrorException: Undefined variable $who_user_is
[Method: GET, Route: login]
in APPPATH\Views\frontend\header.php on line 29.
 1 APPPATH\Views\frontend\header.php(29): CodeIgniter\Debug\Exceptions->errorHandler(2, 'Undefined variable $who_user_is', 'C:\\xampp1\\htdocs\\Maareeye-sass-git\\app\\Views\\frontend\\header.php', 29)
 2 SYSTEMPATH\View\View.php(234): include('C:\\xampp1\\htdocs\\Maareeye-sass-git\\app\\Views\\frontend\\header.php')
 3 SYSTEMPATH\View\View.php(237): CodeIgniter\View\View->CodeIgniter\View\{closure}()
 4 SYSTEMPATH\Common.php(1171): CodeIgniter\View\View->render('frontend/header', [], true)
 5 APPPATH\Views\frontend\template.php(51): view('frontend/header')
 6 SYSTEMPATH\View\View.php(234): include('C:\\xampp1\\htdocs\\Maareeye-sass-git\\app\\Views\\frontend\\template.php')
 7 SYSTEMPATH\View\View.php(237): CodeIgniter\View\View->CodeIgniter\View\{closure}()
 8 SYSTEMPATH\Common.php(1171): CodeIgniter\View\View->render('frontend/template', [], true)
 9 APPPATH\Controllers\Login.php(37): view('frontend/template', [...])
10 SYSTEMPATH\CodeIgniter.php(933): App\Controllers\Login->index()
11 SYSTEMPATH\CodeIgniter.php(509): CodeIgniter\CodeIgniter->runController(Object(App\Controllers\Login))
12 SYSTEMPATH\CodeIgniter.php(355): CodeIgniter\CodeIgniter->handleRequest(null, Object(Config\Cache), false)
13 SYSTEMPATH\Boot.php(325): CodeIgniter\CodeIgniter->run()
14 SYSTEMPATH\Boot.php(67): CodeIgniter\Boot::runCodeIgniter(Object(CodeIgniter\CodeIgniter))
15 FCPATH\index.php(56): CodeIgniter\Boot::bootWeb(Object(Config\Paths))
CRITICAL - 2024-12-19 11:45:21 --> ErrorException: Uncaught Error: Call to undefined method CodeIgniter\Debug\ExceptionHandler::cleanPath() in C:\xampp1\htdocs\Maareeye-sass-git\app\Views\errors\html\error_exception.php:33
Stack trace:
#0 C:\xampp1\htdocs\Maareeye-sass-git\vendor\codeigniter4\framework\system\Debug\BaseExceptionHandler.php(266): include()
#1 C:\xampp1\htdocs\Maareeye-sass-git\vendor\codeigniter4\framework\system\Debug\BaseExceptionHandler.php(269): CodeIgniter\Debug\BaseExceptionHandler->CodeIgniter\Debug\{closure}()
#2 C:\xampp1\htdocs\Maareeye-sass-git\vendor\codeigniter4\framework\system\Debug\ExceptionHandler.php(114): CodeIgniter\Debug\BaseExceptionHandler->render(Object(ErrorException), 500, 'C:\\xampp1\\htdoc...')
#3 C:\xampp1\htdocs\Maareeye-sass-git\vendor\codeigniter4\framework\system\Debug\Exceptions.php(163): CodeIgniter\Debug\ExceptionHandler->handle(Object(ErrorException), Object(CodeIgniter\HTTP\IncomingRequest), Object(CodeIgniter\HTTP\Response), 500, 1)
#4 [internal function]: CodeIgniter\Debug\Exceptions->exceptionHandler(Object(ErrorException))
#5 {main}
  thrown
【Previous Exception】
ErrorException
Undefined variable $who_user_is
#0 C:\xampp1\htdocs\Maareeye-sass-git\app\Views\frontend\header.php(29): CodeIgniter\Debug\Exceptions->errorHandler(2, 'Undefined varia...', 'C:\\xampp1\\htdoc...', 29)
#1 C:\xampp1\htdocs\Maareeye-sass-git\vendor\codeigniter4\framework\system\View\View.php(234): include('C:\\xampp1\\htdoc...')
#2 C:\xampp1\htdocs\Maareeye-sass-git\vendor\codeigniter4\framework\system\View\View.php(237): CodeIgniter\View\View->CodeIgniter\View\{closure}()
#3 C:\xampp1\htdocs\Maareeye-sass-git\vendor\codeigniter4\framework\system\Common.php(1171): CodeIgniter\View\View->render('frontend/header', Array, true)
#4 C:\xampp1\htdocs\Maareeye-sass-git\app\Views\frontend\template.php(51): view('frontend/header')
#5 C:\xampp1\htdocs\Maareeye-sass-git\vendor\codeigniter4\framework\system\View\View.php(234): include('C:\\xampp1\\htdoc...')
#6 C:\xampp1\htdocs\Maareeye-sass-git\vendor\codeigniter4\framework\system\View\View.php(237): CodeIgniter\View\View->CodeIgniter\View\{closure}()
#7 C:\xampp1\htdocs\Maareeye-sass-git\vendor\codeigniter4\framework\system\Common.php(1171): CodeIgniter\View\View->render('frontend/templa...', Array, true)
#8 C:\xampp1\htdocs\Maareeye-sass-git\app\Controllers\Login.php(37): view('frontend/templa...', Array)
#9 C:\xampp1\htdocs\Maareeye-sass-git\vendor\codeigniter4\framework\system\CodeIgniter.php(933): App\Controllers\Login->index()
#10 C:\xampp1\htdocs\Maareeye-sass-git\vendor\codeigniter4\framework\system\CodeIgniter.php(509): CodeIgniter\CodeIgniter->runController(Object(App\Controllers\Login))
#11 C:\xampp1\htdocs\Maareeye-sass-git\vendor\codeigniter4\framework\system\CodeIgniter.php(355): CodeIgniter\CodeIgniter->handleRequest(NULL, Object(Config\Cache), false)
#12 C:\xampp1\htdocs\Maareeye-sass-git\vendor\codeigniter4\framework\system\Boot.php(325): CodeIgniter\CodeIgniter->run()
#13 C:\xampp1\htdocs\Maareeye-sass-git\vendor\codeigniter4\framework\system\Boot.php(67): CodeIgniter\Boot::runCodeIgniter(Object(CodeIgniter\CodeIgniter))
#14 C:\xampp1\htdocs\Maareeye-sass-git\index.php(56): CodeIgniter\Boot::bootWeb(Object(Config\Paths))
#15 {main}
[Method: GET, Route: login]
in APPPATH\Views\errors\html\error_exception.php on line 33.
 1 [internal function]: CodeIgniter\Debug\Exceptions->shutdownHandler()
INFO - 2024-12-19 06:15:24 --> Session: Class initialized using 'CodeIgniter\Session\Handlers\FileHandler' driver.
WARNING - 2024-12-19 06:15:24 --> [DEPRECATED] Creation of dynamic property IonAuth\Libraries\IonAuth::$session is deprecated in FCPATH\vendor\benedmunds\codeigniter-ion-auth\Libraries\IonAuth.php on line 65.
 1 APPPATH\Controllers\Login.php(13): IonAuth\Libraries\IonAuth->__construct()
 2 SYSTEMPATH\CodeIgniter.php(903): App\Controllers\Login->__construct()
 3 SYSTEMPATH\CodeIgniter.php(500): CodeIgniter\CodeIgniter->createController()
 4 SYSTEMPATH\CodeIgniter.php(355): CodeIgniter\CodeIgniter->handleRequest(null, Object(Config\Cache), false)
 5 SYSTEMPATH\Boot.php(325): CodeIgniter\CodeIgniter->run()
 6 SYSTEMPATH\Boot.php(67): CodeIgniter\Boot::runCodeIgniter(Object(CodeIgniter\CodeIgniter))
 7 FCPATH\index.php(56): CodeIgniter\Boot::bootWeb(Object(Config\Paths))
WARNING - 2024-12-19 06:15:24 --> [DEPRECATED] Creation of dynamic property IonAuth\Models\IonAuthModel::$join is deprecated in FCPATH\vendor\benedmunds\codeigniter-ion-auth\Models\IonAuthModel.php on line 231.
 1 FCPATH\vendor\benedmunds\codeigniter-ion-auth\Libraries\IonAuth.php(67): IonAuth\Models\IonAuthModel->__construct()
 2 APPPATH\Controllers\Login.php(13): IonAuth\Libraries\IonAuth->__construct()
 3 SYSTEMPATH\CodeIgniter.php(903): App\Controllers\Login->__construct()
 4 SYSTEMPATH\CodeIgniter.php(500): CodeIgniter\CodeIgniter->createController()
 5 SYSTEMPATH\CodeIgniter.php(355): CodeIgniter\CodeIgniter->handleRequest(null, Object(Config\Cache), false)
 6 SYSTEMPATH\Boot.php(325): CodeIgniter\CodeIgniter->run()
 7 SYSTEMPATH\Boot.php(67): CodeIgniter\Boot::runCodeIgniter(Object(CodeIgniter\CodeIgniter))
 8 FCPATH\index.php(56): CodeIgniter\Boot::bootWeb(Object(Config\Paths))
WARNING - 2024-12-19 06:15:24 --> [DEPRECATED] Creation of dynamic property IonAuth\Models\IonAuthModel::$hashMethod is deprecated in FCPATH\vendor\benedmunds\codeigniter-ion-auth\Models\IonAuthModel.php on line 234.
 1 FCPATH\vendor\benedmunds\codeigniter-ion-auth\Libraries\IonAuth.php(67): IonAuth\Models\IonAuthModel->__construct()
 2 APPPATH\Controllers\Login.php(13): IonAuth\Libraries\IonAuth->__construct()
 3 SYSTEMPATH\CodeIgniter.php(903): App\Controllers\Login->__construct()
 4 SYSTEMPATH\CodeIgniter.php(500): CodeIgniter\CodeIgniter->createController()
 5 SYSTEMPATH\CodeIgniter.php(355): CodeIgniter\CodeIgniter->handleRequest(null, Object(Config\Cache), false)
 6 SYSTEMPATH\Boot.php(325): CodeIgniter\CodeIgniter->run()
 7 SYSTEMPATH\Boot.php(67): CodeIgniter\Boot::runCodeIgniter(Object(CodeIgniter\CodeIgniter))
 8 FCPATH\index.php(56): CodeIgniter\Boot::bootWeb(Object(Config\Paths))
WARNING - 2024-12-19 06:15:24 --> [DEPRECATED] Creation of dynamic property IonAuth\Models\IonAuthModel::$messagesTemplates is deprecated in FCPATH\vendor\benedmunds\codeigniter-ion-auth\Models\IonAuthModel.php on line 237.
 1 FCPATH\vendor\benedmunds\codeigniter-ion-auth\Libraries\IonAuth.php(67): IonAuth\Models\IonAuthModel->__construct()
 2 APPPATH\Controllers\Login.php(13): IonAuth\Libraries\IonAuth->__construct()
 3 SYSTEMPATH\CodeIgniter.php(903): App\Controllers\Login->__construct()
 4 SYSTEMPATH\CodeIgniter.php(500): CodeIgniter\CodeIgniter->createController()
 5 SYSTEMPATH\CodeIgniter.php(355): CodeIgniter\CodeIgniter->handleRequest(null, Object(Config\Cache), false)
 6 SYSTEMPATH\Boot.php(325): CodeIgniter\CodeIgniter->run()
 7 SYSTEMPATH\Boot.php(67): CodeIgniter\Boot::runCodeIgniter(Object(CodeIgniter\CodeIgniter))
 8 FCPATH\index.php(56): CodeIgniter\Boot::bootWeb(Object(Config\Paths))
CRITICAL - 2024-12-19 11:45:24 --> ErrorException: Undefined variable $who_user_is
[Method: GET, Route: login]
in APPPATH\Views\frontend\header.php on line 29.
 1 APPPATH\Views\frontend\header.php(29): CodeIgniter\Debug\Exceptions->errorHandler(2, 'Undefined variable $who_user_is', 'C:\\xampp1\\htdocs\\Maareeye-sass-git\\app\\Views\\frontend\\header.php', 29)
 2 SYSTEMPATH\View\View.php(234): include('C:\\xampp1\\htdocs\\Maareeye-sass-git\\app\\Views\\frontend\\header.php')
 3 SYSTEMPATH\View\View.php(237): CodeIgniter\View\View->CodeIgniter\View\{closure}()
 4 SYSTEMPATH\Common.php(1171): CodeIgniter\View\View->render('frontend/header', [], true)
 5 APPPATH\Views\frontend\template.php(51): view('frontend/header')
 6 SYSTEMPATH\View\View.php(234): include('C:\\xampp1\\htdocs\\Maareeye-sass-git\\app\\Views\\frontend\\template.php')
 7 SYSTEMPATH\View\View.php(237): CodeIgniter\View\View->CodeIgniter\View\{closure}()
 8 SYSTEMPATH\Common.php(1171): CodeIgniter\View\View->render('frontend/template', [], true)
 9 APPPATH\Controllers\Login.php(37): view('frontend/template', [...])
10 SYSTEMPATH\CodeIgniter.php(933): App\Controllers\Login->index()
11 SYSTEMPATH\CodeIgniter.php(509): CodeIgniter\CodeIgniter->runController(Object(App\Controllers\Login))
12 SYSTEMPATH\CodeIgniter.php(355): CodeIgniter\CodeIgniter->handleRequest(null, Object(Config\Cache), false)
13 SYSTEMPATH\Boot.php(325): CodeIgniter\CodeIgniter->run()
14 SYSTEMPATH\Boot.php(67): CodeIgniter\Boot::runCodeIgniter(Object(CodeIgniter\CodeIgniter))
15 FCPATH\index.php(56): CodeIgniter\Boot::bootWeb(Object(Config\Paths))
CRITICAL - 2024-12-19 11:45:24 --> ErrorException: Uncaught Error: Call to undefined method CodeIgniter\Debug\ExceptionHandler::cleanPath() in C:\xampp1\htdocs\Maareeye-sass-git\app\Views\errors\html\error_exception.php:33
Stack trace:
#0 C:\xampp1\htdocs\Maareeye-sass-git\vendor\codeigniter4\framework\system\Debug\BaseExceptionHandler.php(266): include()
#1 C:\xampp1\htdocs\Maareeye-sass-git\vendor\codeigniter4\framework\system\Debug\BaseExceptionHandler.php(269): CodeIgniter\Debug\BaseExceptionHandler->CodeIgniter\Debug\{closure}()
#2 C:\xampp1\htdocs\Maareeye-sass-git\vendor\codeigniter4\framework\system\Debug\ExceptionHandler.php(114): CodeIgniter\Debug\BaseExceptionHandler->render(Object(ErrorException), 500, 'C:\\xampp1\\htdoc...')
#3 C:\xampp1\htdocs\Maareeye-sass-git\vendor\codeigniter4\framework\system\Debug\Exceptions.php(163): CodeIgniter\Debug\ExceptionHandler->handle(Object(ErrorException), Object(CodeIgniter\HTTP\IncomingRequest), Object(CodeIgniter\HTTP\Response), 500, 1)
#4 [internal function]: CodeIgniter\Debug\Exceptions->exceptionHandler(Object(ErrorException))
#5 {main}
  thrown
【Previous Exception】
ErrorException
Undefined variable $who_user_is
#0 C:\xampp1\htdocs\Maareeye-sass-git\app\Views\frontend\header.php(29): CodeIgniter\Debug\Exceptions->errorHandler(2, 'Undefined varia...', 'C:\\xampp1\\htdoc...', 29)
#1 C:\xampp1\htdocs\Maareeye-sass-git\vendor\codeigniter4\framework\system\View\View.php(234): include('C:\\xampp1\\htdoc...')
#2 C:\xampp1\htdocs\Maareeye-sass-git\vendor\codeigniter4\framework\system\View\View.php(237): CodeIgniter\View\View->CodeIgniter\View\{closure}()
#3 C:\xampp1\htdocs\Maareeye-sass-git\vendor\codeigniter4\framework\system\Common.php(1171): CodeIgniter\View\View->render('frontend/header', Array, true)
#4 C:\xampp1\htdocs\Maareeye-sass-git\app\Views\frontend\template.php(51): view('frontend/header')
#5 C:\xampp1\htdocs\Maareeye-sass-git\vendor\codeigniter4\framework\system\View\View.php(234): include('C:\\xampp1\\htdoc...')
#6 C:\xampp1\htdocs\Maareeye-sass-git\vendor\codeigniter4\framework\system\View\View.php(237): CodeIgniter\View\View->CodeIgniter\View\{closure}()
#7 C:\xampp1\htdocs\Maareeye-sass-git\vendor\codeigniter4\framework\system\Common.php(1171): CodeIgniter\View\View->render('frontend/templa...', Array, true)
#8 C:\xampp1\htdocs\Maareeye-sass-git\app\Controllers\Login.php(37): view('frontend/templa...', Array)
#9 C:\xampp1\htdocs\Maareeye-sass-git\vendor\codeigniter4\framework\system\CodeIgniter.php(933): App\Controllers\Login->index()
#10 C:\xampp1\htdocs\Maareeye-sass-git\vendor\codeigniter4\framework\system\CodeIgniter.php(509): CodeIgniter\CodeIgniter->runController(Object(App\Controllers\Login))
#11 C:\xampp1\htdocs\Maareeye-sass-git\vendor\codeigniter4\framework\system\CodeIgniter.php(355): CodeIgniter\CodeIgniter->handleRequest(NULL, Object(Config\Cache), false)
#12 C:\xampp1\htdocs\Maareeye-sass-git\vendor\codeigniter4\framework\system\Boot.php(325): CodeIgniter\CodeIgniter->run()
#13 C:\xampp1\htdocs\Maareeye-sass-git\vendor\codeigniter4\framework\system\Boot.php(67): CodeIgniter\Boot::runCodeIgniter(Object(CodeIgniter\CodeIgniter))
#14 C:\xampp1\htdocs\Maareeye-sass-git\index.php(56): CodeIgniter\Boot::bootWeb(Object(Config\Paths))
#15 {main}
[Method: GET, Route: login]
in APPPATH\Views\errors\html\error_exception.php on line 33.
 1 [internal function]: CodeIgniter\Debug\Exceptions->shutdownHandler()
INFO - 2024-12-19 06:17:09 --> Session: Class initialized using 'CodeIgniter\Session\Handlers\FileHandler' driver.
WARNING - 2024-12-19 06:17:09 --> [DEPRECATED] Creation of dynamic property IonAuth\Libraries\IonAuth::$session is deprecated in FCPATH\vendor\benedmunds\codeigniter-ion-auth\Libraries\IonAuth.php on line 65.
 1 APPPATH\Controllers\Login.php(13): IonAuth\Libraries\IonAuth->__construct()
 2 SYSTEMPATH\CodeIgniter.php(903): App\Controllers\Login->__construct()
 3 SYSTEMPATH\CodeIgniter.php(500): CodeIgniter\CodeIgniter->createController()
 4 SYSTEMPATH\CodeIgniter.php(355): CodeIgniter\CodeIgniter->handleRequest(null, Object(Config\Cache), false)
 5 SYSTEMPATH\Boot.php(325): CodeIgniter\CodeIgniter->run()
 6 SYSTEMPATH\Boot.php(67): CodeIgniter\Boot::runCodeIgniter(Object(CodeIgniter\CodeIgniter))
 7 FCPATH\index.php(56): CodeIgniter\Boot::bootWeb(Object(Config\Paths))
WARNING - 2024-12-19 06:17:09 --> [DEPRECATED] Creation of dynamic property IonAuth\Models\IonAuthModel::$join is deprecated in FCPATH\vendor\benedmunds\codeigniter-ion-auth\Models\IonAuthModel.php on line 231.
 1 FCPATH\vendor\benedmunds\codeigniter-ion-auth\Libraries\IonAuth.php(67): IonAuth\Models\IonAuthModel->__construct()
 2 APPPATH\Controllers\Login.php(13): IonAuth\Libraries\IonAuth->__construct()
 3 SYSTEMPATH\CodeIgniter.php(903): App\Controllers\Login->__construct()
 4 SYSTEMPATH\CodeIgniter.php(500): CodeIgniter\CodeIgniter->createController()
 5 SYSTEMPATH\CodeIgniter.php(355): CodeIgniter\CodeIgniter->handleRequest(null, Object(Config\Cache), false)
 6 SYSTEMPATH\Boot.php(325): CodeIgniter\CodeIgniter->run()
 7 SYSTEMPATH\Boot.php(67): CodeIgniter\Boot::runCodeIgniter(Object(CodeIgniter\CodeIgniter))
 8 FCPATH\index.php(56): CodeIgniter\Boot::bootWeb(Object(Config\Paths))
WARNING - 2024-12-19 06:17:09 --> [DEPRECATED] Creation of dynamic property IonAuth\Models\IonAuthModel::$hashMethod is deprecated in FCPATH\vendor\benedmunds\codeigniter-ion-auth\Models\IonAuthModel.php on line 234.
 1 FCPATH\vendor\benedmunds\codeigniter-ion-auth\Libraries\IonAuth.php(67): IonAuth\Models\IonAuthModel->__construct()
 2 APPPATH\Controllers\Login.php(13): IonAuth\Libraries\IonAuth->__construct()
 3 SYSTEMPATH\CodeIgniter.php(903): App\Controllers\Login->__construct()
 4 SYSTEMPATH\CodeIgniter.php(500): CodeIgniter\CodeIgniter->createController()
 5 SYSTEMPATH\CodeIgniter.php(355): CodeIgniter\CodeIgniter->handleRequest(null, Object(Config\Cache), false)
 6 SYSTEMPATH\Boot.php(325): CodeIgniter\CodeIgniter->run()
 7 SYSTEMPATH\Boot.php(67): CodeIgniter\Boot::runCodeIgniter(Object(CodeIgniter\CodeIgniter))
 8 FCPATH\index.php(56): CodeIgniter\Boot::bootWeb(Object(Config\Paths))
WARNING - 2024-12-19 06:17:09 --> [DEPRECATED] Creation of dynamic property IonAuth\Models\IonAuthModel::$messagesTemplates is deprecated in FCPATH\vendor\benedmunds\codeigniter-ion-auth\Models\IonAuthModel.php on line 237.
 1 FCPATH\vendor\benedmunds\codeigniter-ion-auth\Libraries\IonAuth.php(67): IonAuth\Models\IonAuthModel->__construct()
 2 APPPATH\Controllers\Login.php(13): IonAuth\Libraries\IonAuth->__construct()
 3 SYSTEMPATH\CodeIgniter.php(903): App\Controllers\Login->__construct()
 4 SYSTEMPATH\CodeIgniter.php(500): CodeIgniter\CodeIgniter->createController()
 5 SYSTEMPATH\CodeIgniter.php(355): CodeIgniter\CodeIgniter->handleRequest(null, Object(Config\Cache), false)
 6 SYSTEMPATH\Boot.php(325): CodeIgniter\CodeIgniter->run()
 7 SYSTEMPATH\Boot.php(67): CodeIgniter\Boot::runCodeIgniter(Object(CodeIgniter\CodeIgniter))
 8 FCPATH\index.php(56): CodeIgniter\Boot::bootWeb(Object(Config\Paths))
CRITICAL - 2024-12-19 11:47:09 --> ErrorException: Undefined variable $who_user_is
[Method: GET, Route: login]
in APPPATH\Views\frontend\header.php on line 29.
 1 APPPATH\Views\frontend\header.php(29): CodeIgniter\Debug\Exceptions->errorHandler(2, 'Undefined variable $who_user_is', 'C:\\xampp1\\htdocs\\Maareeye-sass-git\\app\\Views\\frontend\\header.php', 29)
 2 SYSTEMPATH\View\View.php(234): include('C:\\xampp1\\htdocs\\Maareeye-sass-git\\app\\Views\\frontend\\header.php')
 3 SYSTEMPATH\View\View.php(237): CodeIgniter\View\View->CodeIgniter\View\{closure}()
 4 SYSTEMPATH\Common.php(1171): CodeIgniter\View\View->render('frontend/header', [], true)
 5 APPPATH\Views\frontend\template.php(51): view('frontend/header')
 6 SYSTEMPATH\View\View.php(234): include('C:\\xampp1\\htdocs\\Maareeye-sass-git\\app\\Views\\frontend\\template.php')
 7 SYSTEMPATH\View\View.php(237): CodeIgniter\View\View->CodeIgniter\View\{closure}()
 8 SYSTEMPATH\Common.php(1171): CodeIgniter\View\View->render('frontend/template', [], true)
 9 APPPATH\Controllers\Login.php(37): view('frontend/template', [...])
10 SYSTEMPATH\CodeIgniter.php(933): App\Controllers\Login->index()
11 SYSTEMPATH\CodeIgniter.php(509): CodeIgniter\CodeIgniter->runController(Object(App\Controllers\Login))
12 SYSTEMPATH\CodeIgniter.php(355): CodeIgniter\CodeIgniter->handleRequest(null, Object(Config\Cache), false)
13 SYSTEMPATH\Boot.php(325): CodeIgniter\CodeIgniter->run()
14 SYSTEMPATH\Boot.php(67): CodeIgniter\Boot::runCodeIgniter(Object(CodeIgniter\CodeIgniter))
15 FCPATH\index.php(56): CodeIgniter\Boot::bootWeb(Object(Config\Paths))
CRITICAL - 2024-12-19 11:47:09 --> ErrorException: Uncaught Error: Call to undefined method CodeIgniter\Debug\ExceptionHandler::cleanPath() in C:\xampp1\htdocs\Maareeye-sass-git\app\Views\errors\html\error_exception.php:33
Stack trace:
#0 C:\xampp1\htdocs\Maareeye-sass-git\vendor\codeigniter4\framework\system\Debug\BaseExceptionHandler.php(266): include()
#1 C:\xampp1\htdocs\Maareeye-sass-git\vendor\codeigniter4\framework\system\Debug\BaseExceptionHandler.php(269): CodeIgniter\Debug\BaseExceptionHandler->CodeIgniter\Debug\{closure}()
#2 C:\xampp1\htdocs\Maareeye-sass-git\vendor\codeigniter4\framework\system\Debug\ExceptionHandler.php(114): CodeIgniter\Debug\BaseExceptionHandler->render(Object(ErrorException), 500, 'C:\\xampp1\\htdoc...')
#3 C:\xampp1\htdocs\Maareeye-sass-git\vendor\codeigniter4\framework\system\Debug\Exceptions.php(163): CodeIgniter\Debug\ExceptionHandler->handle(Object(ErrorException), Object(CodeIgniter\HTTP\IncomingRequest), Object(CodeIgniter\HTTP\Response), 500, 1)
#4 [internal function]: CodeIgniter\Debug\Exceptions->exceptionHandler(Object(ErrorException))
#5 {main}
  thrown
【Previous Exception】
ErrorException
Undefined variable $who_user_is
#0 C:\xampp1\htdocs\Maareeye-sass-git\app\Views\frontend\header.php(29): CodeIgniter\Debug\Exceptions->errorHandler(2, 'Undefined varia...', 'C:\\xampp1\\htdoc...', 29)
#1 C:\xampp1\htdocs\Maareeye-sass-git\vendor\codeigniter4\framework\system\View\View.php(234): include('C:\\xampp1\\htdoc...')
#2 C:\xampp1\htdocs\Maareeye-sass-git\vendor\codeigniter4\framework\system\View\View.php(237): CodeIgniter\View\View->CodeIgniter\View\{closure}()
#3 C:\xampp1\htdocs\Maareeye-sass-git\vendor\codeigniter4\framework\system\Common.php(1171): CodeIgniter\View\View->render('frontend/header', Array, true)
#4 C:\xampp1\htdocs\Maareeye-sass-git\app\Views\frontend\template.php(51): view('frontend/header')
#5 C:\xampp1\htdocs\Maareeye-sass-git\vendor\codeigniter4\framework\system\View\View.php(234): include('C:\\xampp1\\htdoc...')
#6 C:\xampp1\htdocs\Maareeye-sass-git\vendor\codeigniter4\framework\system\View\View.php(237): CodeIgniter\View\View->CodeIgniter\View\{closure}()
#7 C:\xampp1\htdocs\Maareeye-sass-git\vendor\codeigniter4\framework\system\Common.php(1171): CodeIgniter\View\View->render('frontend/templa...', Array, true)
#8 C:\xampp1\htdocs\Maareeye-sass-git\app\Controllers\Login.php(37): view('frontend/templa...', Array)
#9 C:\xampp1\htdocs\Maareeye-sass-git\vendor\codeigniter4\framework\system\CodeIgniter.php(933): App\Controllers\Login->index()
#10 C:\xampp1\htdocs\Maareeye-sass-git\vendor\codeigniter4\framework\system\CodeIgniter.php(509): CodeIgniter\CodeIgniter->runController(Object(App\Controllers\Login))
#11 C:\xampp1\htdocs\Maareeye-sass-git\vendor\codeigniter4\framework\system\CodeIgniter.php(355): CodeIgniter\CodeIgniter->handleRequest(NULL, Object(Config\Cache), false)
#12 C:\xampp1\htdocs\Maareeye-sass-git\vendor\codeigniter4\framework\system\Boot.php(325): CodeIgniter\CodeIgniter->run()
#13 C:\xampp1\htdocs\Maareeye-sass-git\vendor\codeigniter4\framework\system\Boot.php(67): CodeIgniter\Boot::runCodeIgniter(Object(CodeIgniter\CodeIgniter))
#14 C:\xampp1\htdocs\Maareeye-sass-git\index.php(56): CodeIgniter\Boot::bootWeb(Object(Config\Paths))
#15 {main}
[Method: GET, Route: login]
in APPPATH\Views\errors\html\error_exception.php on line 33.
 1 [internal function]: CodeIgniter\Debug\Exceptions->shutdownHandler()
INFO - 2024-12-19 06:17:11 --> Session: Class initialized using 'CodeIgniter\Session\Handlers\FileHandler' driver.
WARNING - 2024-12-19 06:17:11 --> [DEPRECATED] Creation of dynamic property IonAuth\Libraries\IonAuth::$session is deprecated in FCPATH\vendor\benedmunds\codeigniter-ion-auth\Libraries\IonAuth.php on line 65.
 1 APPPATH\Controllers\Login.php(13): IonAuth\Libraries\IonAuth->__construct()
 2 SYSTEMPATH\CodeIgniter.php(903): App\Controllers\Login->__construct()
 3 SYSTEMPATH\CodeIgniter.php(500): CodeIgniter\CodeIgniter->createController()
 4 SYSTEMPATH\CodeIgniter.php(355): CodeIgniter\CodeIgniter->handleRequest(null, Object(Config\Cache), false)
 5 SYSTEMPATH\Boot.php(325): CodeIgniter\CodeIgniter->run()
 6 SYSTEMPATH\Boot.php(67): CodeIgniter\Boot::runCodeIgniter(Object(CodeIgniter\CodeIgniter))
 7 FCPATH\index.php(56): CodeIgniter\Boot::bootWeb(Object(Config\Paths))
WARNING - 2024-12-19 06:17:11 --> [DEPRECATED] Creation of dynamic property IonAuth\Models\IonAuthModel::$join is deprecated in FCPATH\vendor\benedmunds\codeigniter-ion-auth\Models\IonAuthModel.php on line 231.
 1 FCPATH\vendor\benedmunds\codeigniter-ion-auth\Libraries\IonAuth.php(67): IonAuth\Models\IonAuthModel->__construct()
 2 APPPATH\Controllers\Login.php(13): IonAuth\Libraries\IonAuth->__construct()
 3 SYSTEMPATH\CodeIgniter.php(903): App\Controllers\Login->__construct()
 4 SYSTEMPATH\CodeIgniter.php(500): CodeIgniter\CodeIgniter->createController()
 5 SYSTEMPATH\CodeIgniter.php(355): CodeIgniter\CodeIgniter->handleRequest(null, Object(Config\Cache), false)
 6 SYSTEMPATH\Boot.php(325): CodeIgniter\CodeIgniter->run()
 7 SYSTEMPATH\Boot.php(67): CodeIgniter\Boot::runCodeIgniter(Object(CodeIgniter\CodeIgniter))
 8 FCPATH\index.php(56): CodeIgniter\Boot::bootWeb(Object(Config\Paths))
WARNING - 2024-12-19 06:17:11 --> [DEPRECATED] Creation of dynamic property IonAuth\Models\IonAuthModel::$hashMethod is deprecated in FCPATH\vendor\benedmunds\codeigniter-ion-auth\Models\IonAuthModel.php on line 234.
 1 FCPATH\vendor\benedmunds\codeigniter-ion-auth\Libraries\IonAuth.php(67): IonAuth\Models\IonAuthModel->__construct()
 2 APPPATH\Controllers\Login.php(13): IonAuth\Libraries\IonAuth->__construct()
 3 SYSTEMPATH\CodeIgniter.php(903): App\Controllers\Login->__construct()
 4 SYSTEMPATH\CodeIgniter.php(500): CodeIgniter\CodeIgniter->createController()
 5 SYSTEMPATH\CodeIgniter.php(355): CodeIgniter\CodeIgniter->handleRequest(null, Object(Config\Cache), false)
 6 SYSTEMPATH\Boot.php(325): CodeIgniter\CodeIgniter->run()
 7 SYSTEMPATH\Boot.php(67): CodeIgniter\Boot::runCodeIgniter(Object(CodeIgniter\CodeIgniter))
 8 FCPATH\index.php(56): CodeIgniter\Boot::bootWeb(Object(Config\Paths))
WARNING - 2024-12-19 06:17:11 --> [DEPRECATED] Creation of dynamic property IonAuth\Models\IonAuthModel::$messagesTemplates is deprecated in FCPATH\vendor\benedmunds\codeigniter-ion-auth\Models\IonAuthModel.php on line 237.
 1 FCPATH\vendor\benedmunds\codeigniter-ion-auth\Libraries\IonAuth.php(67): IonAuth\Models\IonAuthModel->__construct()
 2 APPPATH\Controllers\Login.php(13): IonAuth\Libraries\IonAuth->__construct()
 3 SYSTEMPATH\CodeIgniter.php(903): App\Controllers\Login->__construct()
 4 SYSTEMPATH\CodeIgniter.php(500): CodeIgniter\CodeIgniter->createController()
 5 SYSTEMPATH\CodeIgniter.php(355): CodeIgniter\CodeIgniter->handleRequest(null, Object(Config\Cache), false)
 6 SYSTEMPATH\Boot.php(325): CodeIgniter\CodeIgniter->run()
 7 SYSTEMPATH\Boot.php(67): CodeIgniter\Boot::runCodeIgniter(Object(CodeIgniter\CodeIgniter))
 8 FCPATH\index.php(56): CodeIgniter\Boot::bootWeb(Object(Config\Paths))
CRITICAL - 2024-12-19 11:47:11 --> ErrorException: Undefined variable $who_user_is
[Method: GET, Route: login]
in APPPATH\Views\frontend\header.php on line 29.
 1 APPPATH\Views\frontend\header.php(29): CodeIgniter\Debug\Exceptions->errorHandler(2, 'Undefined variable $who_user_is', 'C:\\xampp1\\htdocs\\Maareeye-sass-git\\app\\Views\\frontend\\header.php', 29)
 2 SYSTEMPATH\View\View.php(234): include('C:\\xampp1\\htdocs\\Maareeye-sass-git\\app\\Views\\frontend\\header.php')
 3 SYSTEMPATH\View\View.php(237): CodeIgniter\View\View->CodeIgniter\View\{closure}()
 4 SYSTEMPATH\Common.php(1171): CodeIgniter\View\View->render('frontend/header', [], true)
 5 APPPATH\Views\frontend\template.php(51): view('frontend/header')
 6 SYSTEMPATH\View\View.php(234): include('C:\\xampp1\\htdocs\\Maareeye-sass-git\\app\\Views\\frontend\\template.php')
 7 SYSTEMPATH\View\View.php(237): CodeIgniter\View\View->CodeIgniter\View\{closure}()
 8 SYSTEMPATH\Common.php(1171): CodeIgniter\View\View->render('frontend/template', [], true)
 9 APPPATH\Controllers\Login.php(37): view('frontend/template', [...])
10 SYSTEMPATH\CodeIgniter.php(933): App\Controllers\Login->index()
11 SYSTEMPATH\CodeIgniter.php(509): CodeIgniter\CodeIgniter->runController(Object(App\Controllers\Login))
12 SYSTEMPATH\CodeIgniter.php(355): CodeIgniter\CodeIgniter->handleRequest(null, Object(Config\Cache), false)
13 SYSTEMPATH\Boot.php(325): CodeIgniter\CodeIgniter->run()
14 SYSTEMPATH\Boot.php(67): CodeIgniter\Boot::runCodeIgniter(Object(CodeIgniter\CodeIgniter))
15 FCPATH\index.php(56): CodeIgniter\Boot::bootWeb(Object(Config\Paths))
CRITICAL - 2024-12-19 11:47:11 --> ErrorException: Uncaught Error: Call to undefined method CodeIgniter\Debug\ExceptionHandler::cleanPath() in C:\xampp1\htdocs\Maareeye-sass-git\app\Views\errors\html\error_exception.php:33
Stack trace:
#0 C:\xampp1\htdocs\Maareeye-sass-git\vendor\codeigniter4\framework\system\Debug\BaseExceptionHandler.php(266): include()
#1 C:\xampp1\htdocs\Maareeye-sass-git\vendor\codeigniter4\framework\system\Debug\BaseExceptionHandler.php(269): CodeIgniter\Debug\BaseExceptionHandler->CodeIgniter\Debug\{closure}()
#2 C:\xampp1\htdocs\Maareeye-sass-git\vendor\codeigniter4\framework\system\Debug\ExceptionHandler.php(114): CodeIgniter\Debug\BaseExceptionHandler->render(Object(ErrorException), 500, 'C:\\xampp1\\htdoc...')
#3 C:\xampp1\htdocs\Maareeye-sass-git\vendor\codeigniter4\framework\system\Debug\Exceptions.php(163): CodeIgniter\Debug\ExceptionHandler->handle(Object(ErrorException), Object(CodeIgniter\HTTP\IncomingRequest), Object(CodeIgniter\HTTP\Response), 500, 1)
#4 [internal function]: CodeIgniter\Debug\Exceptions->exceptionHandler(Object(ErrorException))
#5 {main}
  thrown
【Previous Exception】
ErrorException
Undefined variable $who_user_is
#0 C:\xampp1\htdocs\Maareeye-sass-git\app\Views\frontend\header.php(29): CodeIgniter\Debug\Exceptions->errorHandler(2, 'Undefined varia...', 'C:\\xampp1\\htdoc...', 29)
#1 C:\xampp1\htdocs\Maareeye-sass-git\vendor\codeigniter4\framework\system\View\View.php(234): include('C:\\xampp1\\htdoc...')
#2 C:\xampp1\htdocs\Maareeye-sass-git\vendor\codeigniter4\framework\system\View\View.php(237): CodeIgniter\View\View->CodeIgniter\View\{closure}()
#3 C:\xampp1\htdocs\Maareeye-sass-git\vendor\codeigniter4\framework\system\Common.php(1171): CodeIgniter\View\View->render('frontend/header', Array, true)
#4 C:\xampp1\htdocs\Maareeye-sass-git\app\Views\frontend\template.php(51): view('frontend/header')
#5 C:\xampp1\htdocs\Maareeye-sass-git\vendor\codeigniter4\framework\system\View\View.php(234): include('C:\\xampp1\\htdoc...')
#6 C:\xampp1\htdocs\Maareeye-sass-git\vendor\codeigniter4\framework\system\View\View.php(237): CodeIgniter\View\View->CodeIgniter\View\{closure}()
#7 C:\xampp1\htdocs\Maareeye-sass-git\vendor\codeigniter4\framework\system\Common.php(1171): CodeIgniter\View\View->render('frontend/templa...', Array, true)
#8 C:\xampp1\htdocs\Maareeye-sass-git\app\Controllers\Login.php(37): view('frontend/templa...', Array)
#9 C:\xampp1\htdocs\Maareeye-sass-git\vendor\codeigniter4\framework\system\CodeIgniter.php(933): App\Controllers\Login->index()
#10 C:\xampp1\htdocs\Maareeye-sass-git\vendor\codeigniter4\framework\system\CodeIgniter.php(509): CodeIgniter\CodeIgniter->runController(Object(App\Controllers\Login))
#11 C:\xampp1\htdocs\Maareeye-sass-git\vendor\codeigniter4\framework\system\CodeIgniter.php(355): CodeIgniter\CodeIgniter->handleRequest(NULL, Object(Config\Cache), false)
#12 C:\xampp1\htdocs\Maareeye-sass-git\vendor\codeigniter4\framework\system\Boot.php(325): CodeIgniter\CodeIgniter->run()
#13 C:\xampp1\htdocs\Maareeye-sass-git\vendor\codeigniter4\framework\system\Boot.php(67): CodeIgniter\Boot::runCodeIgniter(Object(CodeIgniter\CodeIgniter))
#14 C:\xampp1\htdocs\Maareeye-sass-git\index.php(56): CodeIgniter\Boot::bootWeb(Object(Config\Paths))
#15 {main}
[Method: GET, Route: login]
in APPPATH\Views\errors\html\error_exception.php on line 33.
 1 [internal function]: CodeIgniter\Debug\Exceptions->shutdownHandler()
INFO - 2024-12-19 06:17:12 --> Session: Class initialized using 'CodeIgniter\Session\Handlers\FileHandler' driver.
WARNING - 2024-12-19 06:17:12 --> [DEPRECATED] Creation of dynamic property IonAuth\Libraries\IonAuth::$session is deprecated in FCPATH\vendor\benedmunds\codeigniter-ion-auth\Libraries\IonAuth.php on line 65.
 1 APPPATH\Controllers\Login.php(13): IonAuth\Libraries\IonAuth->__construct()
 2 SYSTEMPATH\CodeIgniter.php(903): App\Controllers\Login->__construct()
 3 SYSTEMPATH\CodeIgniter.php(500): CodeIgniter\CodeIgniter->createController()
 4 SYSTEMPATH\CodeIgniter.php(355): CodeIgniter\CodeIgniter->handleRequest(null, Object(Config\Cache), false)
 5 SYSTEMPATH\Boot.php(325): CodeIgniter\CodeIgniter->run()
 6 SYSTEMPATH\Boot.php(67): CodeIgniter\Boot::runCodeIgniter(Object(CodeIgniter\CodeIgniter))
 7 FCPATH\index.php(56): CodeIgniter\Boot::bootWeb(Object(Config\Paths))
WARNING - 2024-12-19 06:17:12 --> [DEPRECATED] Creation of dynamic property IonAuth\Models\IonAuthModel::$join is deprecated in FCPATH\vendor\benedmunds\codeigniter-ion-auth\Models\IonAuthModel.php on line 231.
 1 FCPATH\vendor\benedmunds\codeigniter-ion-auth\Libraries\IonAuth.php(67): IonAuth\Models\IonAuthModel->__construct()
 2 APPPATH\Controllers\Login.php(13): IonAuth\Libraries\IonAuth->__construct()
 3 SYSTEMPATH\CodeIgniter.php(903): App\Controllers\Login->__construct()
 4 SYSTEMPATH\CodeIgniter.php(500): CodeIgniter\CodeIgniter->createController()
 5 SYSTEMPATH\CodeIgniter.php(355): CodeIgniter\CodeIgniter->handleRequest(null, Object(Config\Cache), false)
 6 SYSTEMPATH\Boot.php(325): CodeIgniter\CodeIgniter->run()
 7 SYSTEMPATH\Boot.php(67): CodeIgniter\Boot::runCodeIgniter(Object(CodeIgniter\CodeIgniter))
 8 FCPATH\index.php(56): CodeIgniter\Boot::bootWeb(Object(Config\Paths))
WARNING - 2024-12-19 06:17:12 --> [DEPRECATED] Creation of dynamic property IonAuth\Models\IonAuthModel::$hashMethod is deprecated in FCPATH\vendor\benedmunds\codeigniter-ion-auth\Models\IonAuthModel.php on line 234.
 1 FCPATH\vendor\benedmunds\codeigniter-ion-auth\Libraries\IonAuth.php(67): IonAuth\Models\IonAuthModel->__construct()
 2 APPPATH\Controllers\Login.php(13): IonAuth\Libraries\IonAuth->__construct()
 3 SYSTEMPATH\CodeIgniter.php(903): App\Controllers\Login->__construct()
 4 SYSTEMPATH\CodeIgniter.php(500): CodeIgniter\CodeIgniter->createController()
 5 SYSTEMPATH\CodeIgniter.php(355): CodeIgniter\CodeIgniter->handleRequest(null, Object(Config\Cache), false)
 6 SYSTEMPATH\Boot.php(325): CodeIgniter\CodeIgniter->run()
 7 SYSTEMPATH\Boot.php(67): CodeIgniter\Boot::runCodeIgniter(Object(CodeIgniter\CodeIgniter))
 8 FCPATH\index.php(56): CodeIgniter\Boot::bootWeb(Object(Config\Paths))
WARNING - 2024-12-19 06:17:12 --> [DEPRECATED] Creation of dynamic property IonAuth\Models\IonAuthModel::$messagesTemplates is deprecated in FCPATH\vendor\benedmunds\codeigniter-ion-auth\Models\IonAuthModel.php on line 237.
 1 FCPATH\vendor\benedmunds\codeigniter-ion-auth\Libraries\IonAuth.php(67): IonAuth\Models\IonAuthModel->__construct()
 2 APPPATH\Controllers\Login.php(13): IonAuth\Libraries\IonAuth->__construct()
 3 SYSTEMPATH\CodeIgniter.php(903): App\Controllers\Login->__construct()
 4 SYSTEMPATH\CodeIgniter.php(500): CodeIgniter\CodeIgniter->createController()
 5 SYSTEMPATH\CodeIgniter.php(355): CodeIgniter\CodeIgniter->handleRequest(null, Object(Config\Cache), false)
 6 SYSTEMPATH\Boot.php(325): CodeIgniter\CodeIgniter->run()
 7 SYSTEMPATH\Boot.php(67): CodeIgniter\Boot::runCodeIgniter(Object(CodeIgniter\CodeIgniter))
 8 FCPATH\index.php(56): CodeIgniter\Boot::bootWeb(Object(Config\Paths))
CRITICAL - 2024-12-19 11:47:12 --> ErrorException: Undefined variable $who_user_is
[Method: GET, Route: login]
in APPPATH\Views\frontend\header.php on line 29.
 1 APPPATH\Views\frontend\header.php(29): CodeIgniter\Debug\Exceptions->errorHandler(2, 'Undefined variable $who_user_is', 'C:\\xampp1\\htdocs\\Maareeye-sass-git\\app\\Views\\frontend\\header.php', 29)
 2 SYSTEMPATH\View\View.php(234): include('C:\\xampp1\\htdocs\\Maareeye-sass-git\\app\\Views\\frontend\\header.php')
 3 SYSTEMPATH\View\View.php(237): CodeIgniter\View\View->CodeIgniter\View\{closure}()
 4 SYSTEMPATH\Common.php(1171): CodeIgniter\View\View->render('frontend/header', [], true)
 5 APPPATH\Views\frontend\template.php(51): view('frontend/header')
 6 SYSTEMPATH\View\View.php(234): include('C:\\xampp1\\htdocs\\Maareeye-sass-git\\app\\Views\\frontend\\template.php')
 7 SYSTEMPATH\View\View.php(237): CodeIgniter\View\View->CodeIgniter\View\{closure}()
 8 SYSTEMPATH\Common.php(1171): CodeIgniter\View\View->render('frontend/template', [], true)
 9 APPPATH\Controllers\Login.php(37): view('frontend/template', [...])
10 SYSTEMPATH\CodeIgniter.php(933): App\Controllers\Login->index()
11 SYSTEMPATH\CodeIgniter.php(509): CodeIgniter\CodeIgniter->runController(Object(App\Controllers\Login))
12 SYSTEMPATH\CodeIgniter.php(355): CodeIgniter\CodeIgniter->handleRequest(null, Object(Config\Cache), false)
13 SYSTEMPATH\Boot.php(325): CodeIgniter\CodeIgniter->run()
14 SYSTEMPATH\Boot.php(67): CodeIgniter\Boot::runCodeIgniter(Object(CodeIgniter\CodeIgniter))
15 FCPATH\index.php(56): CodeIgniter\Boot::bootWeb(Object(Config\Paths))
CRITICAL - 2024-12-19 11:47:12 --> ErrorException: Uncaught Error: Call to undefined method CodeIgniter\Debug\ExceptionHandler::cleanPath() in C:\xampp1\htdocs\Maareeye-sass-git\app\Views\errors\html\error_exception.php:33
Stack trace:
#0 C:\xampp1\htdocs\Maareeye-sass-git\vendor\codeigniter4\framework\system\Debug\BaseExceptionHandler.php(266): include()
#1 C:\xampp1\htdocs\Maareeye-sass-git\vendor\codeigniter4\framework\system\Debug\BaseExceptionHandler.php(269): CodeIgniter\Debug\BaseExceptionHandler->CodeIgniter\Debug\{closure}()
#2 C:\xampp1\htdocs\Maareeye-sass-git\vendor\codeigniter4\framework\system\Debug\ExceptionHandler.php(114): CodeIgniter\Debug\BaseExceptionHandler->render(Object(ErrorException), 500, 'C:\\xampp1\\htdoc...')
#3 C:\xampp1\htdocs\Maareeye-sass-git\vendor\codeigniter4\framework\system\Debug\Exceptions.php(163): CodeIgniter\Debug\ExceptionHandler->handle(Object(ErrorException), Object(CodeIgniter\HTTP\IncomingRequest), Object(CodeIgniter\HTTP\Response), 500, 1)
#4 [internal function]: CodeIgniter\Debug\Exceptions->exceptionHandler(Object(ErrorException))
#5 {main}
  thrown
【Previous Exception】
ErrorException
Undefined variable $who_user_is
#0 C:\xampp1\htdocs\Maareeye-sass-git\app\Views\frontend\header.php(29): CodeIgniter\Debug\Exceptions->errorHandler(2, 'Undefined varia...', 'C:\\xampp1\\htdoc...', 29)
#1 C:\xampp1\htdocs\Maareeye-sass-git\vendor\codeigniter4\framework\system\View\View.php(234): include('C:\\xampp1\\htdoc...')
#2 C:\xampp1\htdocs\Maareeye-sass-git\vendor\codeigniter4\framework\system\View\View.php(237): CodeIgniter\View\View->CodeIgniter\View\{closure}()
#3 C:\xampp1\htdocs\Maareeye-sass-git\vendor\codeigniter4\framework\system\Common.php(1171): CodeIgniter\View\View->render('frontend/header', Array, true)
#4 C:\xampp1\htdocs\Maareeye-sass-git\app\Views\frontend\template.php(51): view('frontend/header')
#5 C:\xampp1\htdocs\Maareeye-sass-git\vendor\codeigniter4\framework\system\View\View.php(234): include('C:\\xampp1\\htdoc...')
#6 C:\xampp1\htdocs\Maareeye-sass-git\vendor\codeigniter4\framework\system\View\View.php(237): CodeIgniter\View\View->CodeIgniter\View\{closure}()
#7 C:\xampp1\htdocs\Maareeye-sass-git\vendor\codeigniter4\framework\system\Common.php(1171): CodeIgniter\View\View->render('frontend/templa...', Array, true)
#8 C:\xampp1\htdocs\Maareeye-sass-git\app\Controllers\Login.php(37): view('frontend/templa...', Array)
#9 C:\xampp1\htdocs\Maareeye-sass-git\vendor\codeigniter4\framework\system\CodeIgniter.php(933): App\Controllers\Login->index()
#10 C:\xampp1\htdocs\Maareeye-sass-git\vendor\codeigniter4\framework\system\CodeIgniter.php(509): CodeIgniter\CodeIgniter->runController(Object(App\Controllers\Login))
#11 C:\xampp1\htdocs\Maareeye-sass-git\vendor\codeigniter4\framework\system\CodeIgniter.php(355): CodeIgniter\CodeIgniter->handleRequest(NULL, Object(Config\Cache), false)
#12 C:\xampp1\htdocs\Maareeye-sass-git\vendor\codeigniter4\framework\system\Boot.php(325): CodeIgniter\CodeIgniter->run()
#13 C:\xampp1\htdocs\Maareeye-sass-git\vendor\codeigniter4\framework\system\Boot.php(67): CodeIgniter\Boot::runCodeIgniter(Object(CodeIgniter\CodeIgniter))
#14 C:\xampp1\htdocs\Maareeye-sass-git\index.php(56): CodeIgniter\Boot::bootWeb(Object(Config\Paths))
#15 {main}
[Method: GET, Route: login]
in APPPATH\Views\errors\html\error_exception.php on line 33.
 1 [internal function]: CodeIgniter\Debug\Exceptions->shutdownHandler()
INFO - 2024-12-19 06:18:19 --> Session: Class initialized using 'CodeIgniter\Session\Handlers\FileHandler' driver.
WARNING - 2024-12-19 06:18:19 --> [DEPRECATED] Creation of dynamic property IonAuth\Libraries\IonAuth::$session is deprecated in FCPATH\vendor\benedmunds\codeigniter-ion-auth\Libraries\IonAuth.php on line 65.
 1 APPPATH\Controllers\Login.php(13): IonAuth\Libraries\IonAuth->__construct()
 2 SYSTEMPATH\CodeIgniter.php(903): App\Controllers\Login->__construct()
 3 SYSTEMPATH\CodeIgniter.php(500): CodeIgniter\CodeIgniter->createController()
 4 SYSTEMPATH\CodeIgniter.php(355): CodeIgniter\CodeIgniter->handleRequest(null, Object(Config\Cache), false)
 5 SYSTEMPATH\Boot.php(325): CodeIgniter\CodeIgniter->run()
 6 SYSTEMPATH\Boot.php(67): CodeIgniter\Boot::runCodeIgniter(Object(CodeIgniter\CodeIgniter))
 7 FCPATH\index.php(56): CodeIgniter\Boot::bootWeb(Object(Config\Paths))
WARNING - 2024-12-19 06:18:19 --> [DEPRECATED] Creation of dynamic property IonAuth\Models\IonAuthModel::$join is deprecated in FCPATH\vendor\benedmunds\codeigniter-ion-auth\Models\IonAuthModel.php on line 231.
 1 FCPATH\vendor\benedmunds\codeigniter-ion-auth\Libraries\IonAuth.php(67): IonAuth\Models\IonAuthModel->__construct()
 2 APPPATH\Controllers\Login.php(13): IonAuth\Libraries\IonAuth->__construct()
 3 SYSTEMPATH\CodeIgniter.php(903): App\Controllers\Login->__construct()
 4 SYSTEMPATH\CodeIgniter.php(500): CodeIgniter\CodeIgniter->createController()
 5 SYSTEMPATH\CodeIgniter.php(355): CodeIgniter\CodeIgniter->handleRequest(null, Object(Config\Cache), false)
 6 SYSTEMPATH\Boot.php(325): CodeIgniter\CodeIgniter->run()
 7 SYSTEMPATH\Boot.php(67): CodeIgniter\Boot::runCodeIgniter(Object(CodeIgniter\CodeIgniter))
 8 FCPATH\index.php(56): CodeIgniter\Boot::bootWeb(Object(Config\Paths))
WARNING - 2024-12-19 06:18:19 --> [DEPRECATED] Creation of dynamic property IonAuth\Models\IonAuthModel::$hashMethod is deprecated in FCPATH\vendor\benedmunds\codeigniter-ion-auth\Models\IonAuthModel.php on line 234.
 1 FCPATH\vendor\benedmunds\codeigniter-ion-auth\Libraries\IonAuth.php(67): IonAuth\Models\IonAuthModel->__construct()
 2 APPPATH\Controllers\Login.php(13): IonAuth\Libraries\IonAuth->__construct()
 3 SYSTEMPATH\CodeIgniter.php(903): App\Controllers\Login->__construct()
 4 SYSTEMPATH\CodeIgniter.php(500): CodeIgniter\CodeIgniter->createController()
 5 SYSTEMPATH\CodeIgniter.php(355): CodeIgniter\CodeIgniter->handleRequest(null, Object(Config\Cache), false)
 6 SYSTEMPATH\Boot.php(325): CodeIgniter\CodeIgniter->run()
 7 SYSTEMPATH\Boot.php(67): CodeIgniter\Boot::runCodeIgniter(Object(CodeIgniter\CodeIgniter))
 8 FCPATH\index.php(56): CodeIgniter\Boot::bootWeb(Object(Config\Paths))
WARNING - 2024-12-19 06:18:19 --> [DEPRECATED] Creation of dynamic property IonAuth\Models\IonAuthModel::$messagesTemplates is deprecated in FCPATH\vendor\benedmunds\codeigniter-ion-auth\Models\IonAuthModel.php on line 237.
 1 FCPATH\vendor\benedmunds\codeigniter-ion-auth\Libraries\IonAuth.php(67): IonAuth\Models\IonAuthModel->__construct()
 2 APPPATH\Controllers\Login.php(13): IonAuth\Libraries\IonAuth->__construct()
 3 SYSTEMPATH\CodeIgniter.php(903): App\Controllers\Login->__construct()
 4 SYSTEMPATH\CodeIgniter.php(500): CodeIgniter\CodeIgniter->createController()
 5 SYSTEMPATH\CodeIgniter.php(355): CodeIgniter\CodeIgniter->handleRequest(null, Object(Config\Cache), false)
 6 SYSTEMPATH\Boot.php(325): CodeIgniter\CodeIgniter->run()
 7 SYSTEMPATH\Boot.php(67): CodeIgniter\Boot::runCodeIgniter(Object(CodeIgniter\CodeIgniter))
 8 FCPATH\index.php(56): CodeIgniter\Boot::bootWeb(Object(Config\Paths))
INFO - 2024-12-19 06:19:29 --> Session: Class initialized using 'CodeIgniter\Session\Handlers\FileHandler' driver.
WARNING - 2024-12-19 06:19:29 --> [DEPRECATED] Creation of dynamic property IonAuth\Libraries\IonAuth::$session is deprecated in FCPATH\vendor\benedmunds\codeigniter-ion-auth\Libraries\IonAuth.php on line 65.
 1 APPPATH\Controllers\Login.php(13): IonAuth\Libraries\IonAuth->__construct()
 2 SYSTEMPATH\CodeIgniter.php(903): App\Controllers\Login->__construct()
 3 SYSTEMPATH\CodeIgniter.php(500): CodeIgniter\CodeIgniter->createController()
 4 SYSTEMPATH\CodeIgniter.php(355): CodeIgniter\CodeIgniter->handleRequest(null, Object(Config\Cache), false)
 5 SYSTEMPATH\Boot.php(325): CodeIgniter\CodeIgniter->run()
 6 SYSTEMPATH\Boot.php(67): CodeIgniter\Boot::runCodeIgniter(Object(CodeIgniter\CodeIgniter))
 7 FCPATH\index.php(56): CodeIgniter\Boot::bootWeb(Object(Config\Paths))
WARNING - 2024-12-19 06:19:29 --> [DEPRECATED] Creation of dynamic property IonAuth\Models\IonAuthModel::$join is deprecated in FCPATH\vendor\benedmunds\codeigniter-ion-auth\Models\IonAuthModel.php on line 231.
 1 FCPATH\vendor\benedmunds\codeigniter-ion-auth\Libraries\IonAuth.php(67): IonAuth\Models\IonAuthModel->__construct()
 2 APPPATH\Controllers\Login.php(13): IonAuth\Libraries\IonAuth->__construct()
 3 SYSTEMPATH\CodeIgniter.php(903): App\Controllers\Login->__construct()
 4 SYSTEMPATH\CodeIgniter.php(500): CodeIgniter\CodeIgniter->createController()
 5 SYSTEMPATH\CodeIgniter.php(355): CodeIgniter\CodeIgniter->handleRequest(null, Object(Config\Cache), false)
 6 SYSTEMPATH\Boot.php(325): CodeIgniter\CodeIgniter->run()
 7 SYSTEMPATH\Boot.php(67): CodeIgniter\Boot::runCodeIgniter(Object(CodeIgniter\CodeIgniter))
 8 FCPATH\index.php(56): CodeIgniter\Boot::bootWeb(Object(Config\Paths))
WARNING - 2024-12-19 06:19:29 --> [DEPRECATED] Creation of dynamic property IonAuth\Models\IonAuthModel::$hashMethod is deprecated in FCPATH\vendor\benedmunds\codeigniter-ion-auth\Models\IonAuthModel.php on line 234.
 1 FCPATH\vendor\benedmunds\codeigniter-ion-auth\Libraries\IonAuth.php(67): IonAuth\Models\IonAuthModel->__construct()
 2 APPPATH\Controllers\Login.php(13): IonAuth\Libraries\IonAuth->__construct()
 3 SYSTEMPATH\CodeIgniter.php(903): App\Controllers\Login->__construct()
 4 SYSTEMPATH\CodeIgniter.php(500): CodeIgniter\CodeIgniter->createController()
 5 SYSTEMPATH\CodeIgniter.php(355): CodeIgniter\CodeIgniter->handleRequest(null, Object(Config\Cache), false)
 6 SYSTEMPATH\Boot.php(325): CodeIgniter\CodeIgniter->run()
 7 SYSTEMPATH\Boot.php(67): CodeIgniter\Boot::runCodeIgniter(Object(CodeIgniter\CodeIgniter))
 8 FCPATH\index.php(56): CodeIgniter\Boot::bootWeb(Object(Config\Paths))
WARNING - 2024-12-19 06:19:29 --> [DEPRECATED] Creation of dynamic property IonAuth\Models\IonAuthModel::$messagesTemplates is deprecated in FCPATH\vendor\benedmunds\codeigniter-ion-auth\Models\IonAuthModel.php on line 237.
 1 FCPATH\vendor\benedmunds\codeigniter-ion-auth\Libraries\IonAuth.php(67): IonAuth\Models\IonAuthModel->__construct()
 2 APPPATH\Controllers\Login.php(13): IonAuth\Libraries\IonAuth->__construct()
 3 SYSTEMPATH\CodeIgniter.php(903): App\Controllers\Login->__construct()
 4 SYSTEMPATH\CodeIgniter.php(500): CodeIgniter\CodeIgniter->createController()
 5 SYSTEMPATH\CodeIgniter.php(355): CodeIgniter\CodeIgniter->handleRequest(null, Object(Config\Cache), false)
 6 SYSTEMPATH\Boot.php(325): CodeIgniter\CodeIgniter->run()
 7 SYSTEMPATH\Boot.php(67): CodeIgniter\Boot::runCodeIgniter(Object(CodeIgniter\CodeIgniter))
 8 FCPATH\index.php(56): CodeIgniter\Boot::bootWeb(Object(Config\Paths))
INFO - 2024-12-19 06:19:34 --> Session: Class initialized using 'CodeIgniter\Session\Handlers\FileHandler' driver.
WARNING - 2024-12-19 06:19:34 --> [DEPRECATED] Creation of dynamic property IonAuth\Models\IonAuthModel::$join is deprecated in FCPATH\vendor\benedmunds\codeigniter-ion-auth\Models\IonAuthModel.php on line 231.
 1 APPPATH\Libraries\IonAuth.php(71): IonAuth\Models\IonAuthModel->__construct()
 2 APPPATH\Controllers\Home.php(12): App\Libraries\IonAuth->__construct()
 3 SYSTEMPATH\CodeIgniter.php(903): App\Controllers\Home->__construct()
 4 SYSTEMPATH\CodeIgniter.php(500): CodeIgniter\CodeIgniter->createController()
 5 SYSTEMPATH\CodeIgniter.php(355): CodeIgniter\CodeIgniter->handleRequest(null, Object(Config\Cache), false)
 6 SYSTEMPATH\Boot.php(325): CodeIgniter\CodeIgniter->run()
 7 SYSTEMPATH\Boot.php(67): CodeIgniter\Boot::runCodeIgniter(Object(CodeIgniter\CodeIgniter))
 8 FCPATH\index.php(56): CodeIgniter\Boot::bootWeb(Object(Config\Paths))
WARNING - 2024-12-19 06:19:34 --> [DEPRECATED] Creation of dynamic property IonAuth\Models\IonAuthModel::$hashMethod is deprecated in FCPATH\vendor\benedmunds\codeigniter-ion-auth\Models\IonAuthModel.php on line 234.
 1 APPPATH\Libraries\IonAuth.php(71): IonAuth\Models\IonAuthModel->__construct()
 2 APPPATH\Controllers\Home.php(12): App\Libraries\IonAuth->__construct()
 3 SYSTEMPATH\CodeIgniter.php(903): App\Controllers\Home->__construct()
 4 SYSTEMPATH\CodeIgniter.php(500): CodeIgniter\CodeIgniter->createController()
 5 SYSTEMPATH\CodeIgniter.php(355): CodeIgniter\CodeIgniter->handleRequest(null, Object(Config\Cache), false)
 6 SYSTEMPATH\Boot.php(325): CodeIgniter\CodeIgniter->run()
 7 SYSTEMPATH\Boot.php(67): CodeIgniter\Boot::runCodeIgniter(Object(CodeIgniter\CodeIgniter))
 8 FCPATH\index.php(56): CodeIgniter\Boot::bootWeb(Object(Config\Paths))
WARNING - 2024-12-19 06:19:34 --> [DEPRECATED] Creation of dynamic property IonAuth\Models\IonAuthModel::$messagesTemplates is deprecated in FCPATH\vendor\benedmunds\codeigniter-ion-auth\Models\IonAuthModel.php on line 237.
 1 APPPATH\Libraries\IonAuth.php(71): IonAuth\Models\IonAuthModel->__construct()
 2 APPPATH\Controllers\Home.php(12): App\Libraries\IonAuth->__construct()
 3 SYSTEMPATH\CodeIgniter.php(903): App\Controllers\Home->__construct()
 4 SYSTEMPATH\CodeIgniter.php(500): CodeIgniter\CodeIgniter->createController()
 5 SYSTEMPATH\CodeIgniter.php(355): CodeIgniter\CodeIgniter->handleRequest(null, Object(Config\Cache), false)
 6 SYSTEMPATH\Boot.php(325): CodeIgniter\CodeIgniter->run()
 7 SYSTEMPATH\Boot.php(67): CodeIgniter\Boot::runCodeIgniter(Object(CodeIgniter\CodeIgniter))
 8 FCPATH\index.php(56): CodeIgniter\Boot::bootWeb(Object(Config\Paths))
INFO - 2024-12-19 06:23:57 --> Session: Class initialized using 'CodeIgniter\Session\Handlers\FileHandler' driver.
WARNING - 2024-12-19 06:23:57 --> [DEPRECATED] Creation of dynamic property IonAuth\Models\IonAuthModel::$join is deprecated in FCPATH\vendor\benedmunds\codeigniter-ion-auth\Models\IonAuthModel.php on line 231.
 1 APPPATH\Libraries\IonAuth.php(71): IonAuth\Models\IonAuthModel->__construct()
 2 APPPATH\Controllers\Home.php(12): App\Libraries\IonAuth->__construct()
 3 SYSTEMPATH\CodeIgniter.php(903): App\Controllers\Home->__construct()
 4 SYSTEMPATH\CodeIgniter.php(500): CodeIgniter\CodeIgniter->createController()
 5 SYSTEMPATH\CodeIgniter.php(355): CodeIgniter\CodeIgniter->handleRequest(null, Object(Config\Cache), false)
 6 SYSTEMPATH\Boot.php(325): CodeIgniter\CodeIgniter->run()
 7 SYSTEMPATH\Boot.php(67): CodeIgniter\Boot::runCodeIgniter(Object(CodeIgniter\CodeIgniter))
 8 FCPATH\index.php(56): CodeIgniter\Boot::bootWeb(Object(Config\Paths))
WARNING - 2024-12-19 06:23:57 --> [DEPRECATED] Creation of dynamic property IonAuth\Models\IonAuthModel::$hashMethod is deprecated in FCPATH\vendor\benedmunds\codeigniter-ion-auth\Models\IonAuthModel.php on line 234.
 1 APPPATH\Libraries\IonAuth.php(71): IonAuth\Models\IonAuthModel->__construct()
 2 APPPATH\Controllers\Home.php(12): App\Libraries\IonAuth->__construct()
 3 SYSTEMPATH\CodeIgniter.php(903): App\Controllers\Home->__construct()
 4 SYSTEMPATH\CodeIgniter.php(500): CodeIgniter\CodeIgniter->createController()
 5 SYSTEMPATH\CodeIgniter.php(355): CodeIgniter\CodeIgniter->handleRequest(null, Object(Config\Cache), false)
 6 SYSTEMPATH\Boot.php(325): CodeIgniter\CodeIgniter->run()
 7 SYSTEMPATH\Boot.php(67): CodeIgniter\Boot::runCodeIgniter(Object(CodeIgniter\CodeIgniter))
 8 FCPATH\index.php(56): CodeIgniter\Boot::bootWeb(Object(Config\Paths))
WARNING - 2024-12-19 06:23:57 --> [DEPRECATED] Creation of dynamic property IonAuth\Models\IonAuthModel::$messagesTemplates is deprecated in FCPATH\vendor\benedmunds\codeigniter-ion-auth\Models\IonAuthModel.php on line 237.
 1 APPPATH\Libraries\IonAuth.php(71): IonAuth\Models\IonAuthModel->__construct()
 2 APPPATH\Controllers\Home.php(12): App\Libraries\IonAuth->__construct()
 3 SYSTEMPATH\CodeIgniter.php(903): App\Controllers\Home->__construct()
 4 SYSTEMPATH\CodeIgniter.php(500): CodeIgniter\CodeIgniter->createController()
 5 SYSTEMPATH\CodeIgniter.php(355): CodeIgniter\CodeIgniter->handleRequest(null, Object(Config\Cache), false)
 6 SYSTEMPATH\Boot.php(325): CodeIgniter\CodeIgniter->run()
 7 SYSTEMPATH\Boot.php(67): CodeIgniter\Boot::runCodeIgniter(Object(CodeIgniter\CodeIgniter))
 8 FCPATH\index.php(56): CodeIgniter\Boot::bootWeb(Object(Config\Paths))
INFO - 2024-12-19 06:24:09 --> Session: Class initialized using 'CodeIgniter\Session\Handlers\FileHandler' driver.
WARNING - 2024-12-19 06:24:09 --> [DEPRECATED] Creation of dynamic property IonAuth\Models\IonAuthModel::$join is deprecated in FCPATH\vendor\benedmunds\codeigniter-ion-auth\Models\IonAuthModel.php on line 231.
 1 APPPATH\Libraries\IonAuth.php(71): IonAuth\Models\IonAuthModel->__construct()
 2 APPPATH\Controllers\Home.php(12): App\Libraries\IonAuth->__construct()
 3 SYSTEMPATH\CodeIgniter.php(903): App\Controllers\Home->__construct()
 4 SYSTEMPATH\CodeIgniter.php(500): CodeIgniter\CodeIgniter->createController()
 5 SYSTEMPATH\CodeIgniter.php(355): CodeIgniter\CodeIgniter->handleRequest(null, Object(Config\Cache), false)
 6 SYSTEMPATH\Boot.php(325): CodeIgniter\CodeIgniter->run()
 7 SYSTEMPATH\Boot.php(67): CodeIgniter\Boot::runCodeIgniter(Object(CodeIgniter\CodeIgniter))
 8 FCPATH\index.php(56): CodeIgniter\Boot::bootWeb(Object(Config\Paths))
WARNING - 2024-12-19 06:24:09 --> [DEPRECATED] Creation of dynamic property IonAuth\Models\IonAuthModel::$hashMethod is deprecated in FCPATH\vendor\benedmunds\codeigniter-ion-auth\Models\IonAuthModel.php on line 234.
 1 APPPATH\Libraries\IonAuth.php(71): IonAuth\Models\IonAuthModel->__construct()
 2 APPPATH\Controllers\Home.php(12): App\Libraries\IonAuth->__construct()
 3 SYSTEMPATH\CodeIgniter.php(903): App\Controllers\Home->__construct()
 4 SYSTEMPATH\CodeIgniter.php(500): CodeIgniter\CodeIgniter->createController()
 5 SYSTEMPATH\CodeIgniter.php(355): CodeIgniter\CodeIgniter->handleRequest(null, Object(Config\Cache), false)
 6 SYSTEMPATH\Boot.php(325): CodeIgniter\CodeIgniter->run()
 7 SYSTEMPATH\Boot.php(67): CodeIgniter\Boot::runCodeIgniter(Object(CodeIgniter\CodeIgniter))
 8 FCPATH\index.php(56): CodeIgniter\Boot::bootWeb(Object(Config\Paths))
WARNING - 2024-12-19 06:24:09 --> [DEPRECATED] Creation of dynamic property IonAuth\Models\IonAuthModel::$messagesTemplates is deprecated in FCPATH\vendor\benedmunds\codeigniter-ion-auth\Models\IonAuthModel.php on line 237.
 1 APPPATH\Libraries\IonAuth.php(71): IonAuth\Models\IonAuthModel->__construct()
 2 APPPATH\Controllers\Home.php(12): App\Libraries\IonAuth->__construct()
 3 SYSTEMPATH\CodeIgniter.php(903): App\Controllers\Home->__construct()
 4 SYSTEMPATH\CodeIgniter.php(500): CodeIgniter\CodeIgniter->createController()
 5 SYSTEMPATH\CodeIgniter.php(355): CodeIgniter\CodeIgniter->handleRequest(null, Object(Config\Cache), false)
 6 SYSTEMPATH\Boot.php(325): CodeIgniter\CodeIgniter->run()
 7 SYSTEMPATH\Boot.php(67): CodeIgniter\Boot::runCodeIgniter(Object(CodeIgniter\CodeIgniter))
 8 FCPATH\index.php(56): CodeIgniter\Boot::bootWeb(Object(Config\Paths))
INFO - 2024-12-19 06:24:12 --> Session: Class initialized using 'CodeIgniter\Session\Handlers\FileHandler' driver.
WARNING - 2024-12-19 06:24:12 --> [DEPRECATED] Creation of dynamic property IonAuth\Models\IonAuthModel::$join is deprecated in FCPATH\vendor\benedmunds\codeigniter-ion-auth\Models\IonAuthModel.php on line 231.
 1 APPPATH\Libraries\IonAuth.php(71): IonAuth\Models\IonAuthModel->__construct()
 2 APPPATH\Controllers\Home.php(12): App\Libraries\IonAuth->__construct()
 3 SYSTEMPATH\CodeIgniter.php(903): App\Controllers\Home->__construct()
 4 SYSTEMPATH\CodeIgniter.php(500): CodeIgniter\CodeIgniter->createController()
 5 SYSTEMPATH\CodeIgniter.php(355): CodeIgniter\CodeIgniter->handleRequest(null, Object(Config\Cache), false)
 6 SYSTEMPATH\Boot.php(325): CodeIgniter\CodeIgniter->run()
 7 SYSTEMPATH\Boot.php(67): CodeIgniter\Boot::runCodeIgniter(Object(CodeIgniter\CodeIgniter))
 8 FCPATH\index.php(56): CodeIgniter\Boot::bootWeb(Object(Config\Paths))
WARNING - 2024-12-19 06:24:12 --> [DEPRECATED] Creation of dynamic property IonAuth\Models\IonAuthModel::$hashMethod is deprecated in FCPATH\vendor\benedmunds\codeigniter-ion-auth\Models\IonAuthModel.php on line 234.
 1 APPPATH\Libraries\IonAuth.php(71): IonAuth\Models\IonAuthModel->__construct()
 2 APPPATH\Controllers\Home.php(12): App\Libraries\IonAuth->__construct()
 3 SYSTEMPATH\CodeIgniter.php(903): App\Controllers\Home->__construct()
 4 SYSTEMPATH\CodeIgniter.php(500): CodeIgniter\CodeIgniter->createController()
 5 SYSTEMPATH\CodeIgniter.php(355): CodeIgniter\CodeIgniter->handleRequest(null, Object(Config\Cache), false)
 6 SYSTEMPATH\Boot.php(325): CodeIgniter\CodeIgniter->run()
 7 SYSTEMPATH\Boot.php(67): CodeIgniter\Boot::runCodeIgniter(Object(CodeIgniter\CodeIgniter))
 8 FCPATH\index.php(56): CodeIgniter\Boot::bootWeb(Object(Config\Paths))
WARNING - 2024-12-19 06:24:12 --> [DEPRECATED] Creation of dynamic property IonAuth\Models\IonAuthModel::$messagesTemplates is deprecated in FCPATH\vendor\benedmunds\codeigniter-ion-auth\Models\IonAuthModel.php on line 237.
 1 APPPATH\Libraries\IonAuth.php(71): IonAuth\Models\IonAuthModel->__construct()
 2 APPPATH\Controllers\Home.php(12): App\Libraries\IonAuth->__construct()
 3 SYSTEMPATH\CodeIgniter.php(903): App\Controllers\Home->__construct()
 4 SYSTEMPATH\CodeIgniter.php(500): CodeIgniter\CodeIgniter->createController()
 5 SYSTEMPATH\CodeIgniter.php(355): CodeIgniter\CodeIgniter->handleRequest(null, Object(Config\Cache), false)
 6 SYSTEMPATH\Boot.php(325): CodeIgniter\CodeIgniter->run()
 7 SYSTEMPATH\Boot.php(67): CodeIgniter\Boot::runCodeIgniter(Object(CodeIgniter\CodeIgniter))
 8 FCPATH\index.php(56): CodeIgniter\Boot::bootWeb(Object(Config\Paths))
INFO - 2024-12-19 06:24:26 --> Session: Class initialized using 'CodeIgniter\Session\Handlers\FileHandler' driver.
WARNING - 2024-12-19 06:24:26 --> [DEPRECATED] Creation of dynamic property IonAuth\Models\IonAuthModel::$join is deprecated in FCPATH\vendor\benedmunds\codeigniter-ion-auth\Models\IonAuthModel.php on line 231.
 1 APPPATH\Libraries\IonAuth.php(71): IonAuth\Models\IonAuthModel->__construct()
 2 APPPATH\Controllers\Home.php(12): App\Libraries\IonAuth->__construct()
 3 SYSTEMPATH\CodeIgniter.php(903): App\Controllers\Home->__construct()
 4 SYSTEMPATH\CodeIgniter.php(500): CodeIgniter\CodeIgniter->createController()
 5 SYSTEMPATH\CodeIgniter.php(355): CodeIgniter\CodeIgniter->handleRequest(null, Object(Config\Cache), false)
 6 SYSTEMPATH\Boot.php(325): CodeIgniter\CodeIgniter->run()
 7 SYSTEMPATH\Boot.php(67): CodeIgniter\Boot::runCodeIgniter(Object(CodeIgniter\CodeIgniter))
 8 FCPATH\index.php(56): CodeIgniter\Boot::bootWeb(Object(Config\Paths))
WARNING - 2024-12-19 06:24:26 --> [DEPRECATED] Creation of dynamic property IonAuth\Models\IonAuthModel::$hashMethod is deprecated in FCPATH\vendor\benedmunds\codeigniter-ion-auth\Models\IonAuthModel.php on line 234.
 1 APPPATH\Libraries\IonAuth.php(71): IonAuth\Models\IonAuthModel->__construct()
 2 APPPATH\Controllers\Home.php(12): App\Libraries\IonAuth->__construct()
 3 SYSTEMPATH\CodeIgniter.php(903): App\Controllers\Home->__construct()
 4 SYSTEMPATH\CodeIgniter.php(500): CodeIgniter\CodeIgniter->createController()
 5 SYSTEMPATH\CodeIgniter.php(355): CodeIgniter\CodeIgniter->handleRequest(null, Object(Config\Cache), false)
 6 SYSTEMPATH\Boot.php(325): CodeIgniter\CodeIgniter->run()
 7 SYSTEMPATH\Boot.php(67): CodeIgniter\Boot::runCodeIgniter(Object(CodeIgniter\CodeIgniter))
 8 FCPATH\index.php(56): CodeIgniter\Boot::bootWeb(Object(Config\Paths))
WARNING - 2024-12-19 06:24:26 --> [DEPRECATED] Creation of dynamic property IonAuth\Models\IonAuthModel::$messagesTemplates is deprecated in FCPATH\vendor\benedmunds\codeigniter-ion-auth\Models\IonAuthModel.php on line 237.
 1 APPPATH\Libraries\IonAuth.php(71): IonAuth\Models\IonAuthModel->__construct()
 2 APPPATH\Controllers\Home.php(12): App\Libraries\IonAuth->__construct()
 3 SYSTEMPATH\CodeIgniter.php(903): App\Controllers\Home->__construct()
 4 SYSTEMPATH\CodeIgniter.php(500): CodeIgniter\CodeIgniter->createController()
 5 SYSTEMPATH\CodeIgniter.php(355): CodeIgniter\CodeIgniter->handleRequest(null, Object(Config\Cache), false)
 6 SYSTEMPATH\Boot.php(325): CodeIgniter\CodeIgniter->run()
 7 SYSTEMPATH\Boot.php(67): CodeIgniter\Boot::runCodeIgniter(Object(CodeIgniter\CodeIgniter))
 8 FCPATH\index.php(56): CodeIgniter\Boot::bootWeb(Object(Config\Paths))
INFO - 2024-12-19 06:24:41 --> Session: Class initialized using 'CodeIgniter\Session\Handlers\FileHandler' driver.
WARNING - 2024-12-19 06:24:41 --> [DEPRECATED] Creation of dynamic property IonAuth\Models\IonAuthModel::$join is deprecated in FCPATH\vendor\benedmunds\codeigniter-ion-auth\Models\IonAuthModel.php on line 231.
 1 APPPATH\Libraries\IonAuth.php(71): IonAuth\Models\IonAuthModel->__construct()
 2 APPPATH\Controllers\Home.php(12): App\Libraries\IonAuth->__construct()
 3 SYSTEMPATH\CodeIgniter.php(903): App\Controllers\Home->__construct()
 4 SYSTEMPATH\CodeIgniter.php(500): CodeIgniter\CodeIgniter->createController()
 5 SYSTEMPATH\CodeIgniter.php(355): CodeIgniter\CodeIgniter->handleRequest(null, Object(Config\Cache), false)
 6 SYSTEMPATH\Boot.php(325): CodeIgniter\CodeIgniter->run()
 7 SYSTEMPATH\Boot.php(67): CodeIgniter\Boot::runCodeIgniter(Object(CodeIgniter\CodeIgniter))
 8 FCPATH\index.php(56): CodeIgniter\Boot::bootWeb(Object(Config\Paths))
WARNING - 2024-12-19 06:24:41 --> [DEPRECATED] Creation of dynamic property IonAuth\Models\IonAuthModel::$hashMethod is deprecated in FCPATH\vendor\benedmunds\codeigniter-ion-auth\Models\IonAuthModel.php on line 234.
 1 APPPATH\Libraries\IonAuth.php(71): IonAuth\Models\IonAuthModel->__construct()
 2 APPPATH\Controllers\Home.php(12): App\Libraries\IonAuth->__construct()
 3 SYSTEMPATH\CodeIgniter.php(903): App\Controllers\Home->__construct()
 4 SYSTEMPATH\CodeIgniter.php(500): CodeIgniter\CodeIgniter->createController()
 5 SYSTEMPATH\CodeIgniter.php(355): CodeIgniter\CodeIgniter->handleRequest(null, Object(Config\Cache), false)
 6 SYSTEMPATH\Boot.php(325): CodeIgniter\CodeIgniter->run()
 7 SYSTEMPATH\Boot.php(67): CodeIgniter\Boot::runCodeIgniter(Object(CodeIgniter\CodeIgniter))
 8 FCPATH\index.php(56): CodeIgniter\Boot::bootWeb(Object(Config\Paths))
WARNING - 2024-12-19 06:24:41 --> [DEPRECATED] Creation of dynamic property IonAuth\Models\IonAuthModel::$messagesTemplates is deprecated in FCPATH\vendor\benedmunds\codeigniter-ion-auth\Models\IonAuthModel.php on line 237.
 1 APPPATH\Libraries\IonAuth.php(71): IonAuth\Models\IonAuthModel->__construct()
 2 APPPATH\Controllers\Home.php(12): App\Libraries\IonAuth->__construct()
 3 SYSTEMPATH\CodeIgniter.php(903): App\Controllers\Home->__construct()
 4 SYSTEMPATH\CodeIgniter.php(500): CodeIgniter\CodeIgniter->createController()
 5 SYSTEMPATH\CodeIgniter.php(355): CodeIgniter\CodeIgniter->handleRequest(null, Object(Config\Cache), false)
 6 SYSTEMPATH\Boot.php(325): CodeIgniter\CodeIgniter->run()
 7 SYSTEMPATH\Boot.php(67): CodeIgniter\Boot::runCodeIgniter(Object(CodeIgniter\CodeIgniter))
 8 FCPATH\index.php(56): CodeIgniter\Boot::bootWeb(Object(Config\Paths))
INFO - 2024-12-19 06:25:32 --> Session: Class initialized using 'CodeIgniter\Session\Handlers\FileHandler' driver.
WARNING - 2024-12-19 06:25:32 --> [DEPRECATED] Creation of dynamic property IonAuth\Models\IonAuthModel::$join is deprecated in FCPATH\vendor\benedmunds\codeigniter-ion-auth\Models\IonAuthModel.php on line 231.
 1 APPPATH\Libraries\IonAuth.php(71): IonAuth\Models\IonAuthModel->__construct()
 2 APPPATH\Controllers\Home.php(12): App\Libraries\IonAuth->__construct()
 3 SYSTEMPATH\CodeIgniter.php(903): App\Controllers\Home->__construct()
 4 SYSTEMPATH\CodeIgniter.php(500): CodeIgniter\CodeIgniter->createController()
 5 SYSTEMPATH\CodeIgniter.php(355): CodeIgniter\CodeIgniter->handleRequest(null, Object(Config\Cache), false)
 6 SYSTEMPATH\Boot.php(325): CodeIgniter\CodeIgniter->run()
 7 SYSTEMPATH\Boot.php(67): CodeIgniter\Boot::runCodeIgniter(Object(CodeIgniter\CodeIgniter))
 8 FCPATH\index.php(56): CodeIgniter\Boot::bootWeb(Object(Config\Paths))
WARNING - 2024-12-19 06:25:32 --> [DEPRECATED] Creation of dynamic property IonAuth\Models\IonAuthModel::$hashMethod is deprecated in FCPATH\vendor\benedmunds\codeigniter-ion-auth\Models\IonAuthModel.php on line 234.
 1 APPPATH\Libraries\IonAuth.php(71): IonAuth\Models\IonAuthModel->__construct()
 2 APPPATH\Controllers\Home.php(12): App\Libraries\IonAuth->__construct()
 3 SYSTEMPATH\CodeIgniter.php(903): App\Controllers\Home->__construct()
 4 SYSTEMPATH\CodeIgniter.php(500): CodeIgniter\CodeIgniter->createController()
 5 SYSTEMPATH\CodeIgniter.php(355): CodeIgniter\CodeIgniter->handleRequest(null, Object(Config\Cache), false)
 6 SYSTEMPATH\Boot.php(325): CodeIgniter\CodeIgniter->run()
 7 SYSTEMPATH\Boot.php(67): CodeIgniter\Boot::runCodeIgniter(Object(CodeIgniter\CodeIgniter))
 8 FCPATH\index.php(56): CodeIgniter\Boot::bootWeb(Object(Config\Paths))
WARNING - 2024-12-19 06:25:32 --> [DEPRECATED] Creation of dynamic property IonAuth\Models\IonAuthModel::$messagesTemplates is deprecated in FCPATH\vendor\benedmunds\codeigniter-ion-auth\Models\IonAuthModel.php on line 237.
 1 APPPATH\Libraries\IonAuth.php(71): IonAuth\Models\IonAuthModel->__construct()
 2 APPPATH\Controllers\Home.php(12): App\Libraries\IonAuth->__construct()
 3 SYSTEMPATH\CodeIgniter.php(903): App\Controllers\Home->__construct()
 4 SYSTEMPATH\CodeIgniter.php(500): CodeIgniter\CodeIgniter->createController()
 5 SYSTEMPATH\CodeIgniter.php(355): CodeIgniter\CodeIgniter->handleRequest(null, Object(Config\Cache), false)
 6 SYSTEMPATH\Boot.php(325): CodeIgniter\CodeIgniter->run()
 7 SYSTEMPATH\Boot.php(67): CodeIgniter\Boot::runCodeIgniter(Object(CodeIgniter\CodeIgniter))
 8 FCPATH\index.php(56): CodeIgniter\Boot::bootWeb(Object(Config\Paths))
INFO - 2024-12-19 06:25:55 --> Session: Class initialized using 'CodeIgniter\Session\Handlers\FileHandler' driver.
WARNING - 2024-12-19 06:25:55 --> [DEPRECATED] Creation of dynamic property IonAuth\Models\IonAuthModel::$join is deprecated in FCPATH\vendor\benedmunds\codeigniter-ion-auth\Models\IonAuthModel.php on line 231.
 1 APPPATH\Libraries\IonAuth.php(71): IonAuth\Models\IonAuthModel->__construct()
 2 APPPATH\Controllers\Home.php(12): App\Libraries\IonAuth->__construct()
 3 SYSTEMPATH\CodeIgniter.php(903): App\Controllers\Home->__construct()
 4 SYSTEMPATH\CodeIgniter.php(500): CodeIgniter\CodeIgniter->createController()
 5 SYSTEMPATH\CodeIgniter.php(355): CodeIgniter\CodeIgniter->handleRequest(null, Object(Config\Cache), false)
 6 SYSTEMPATH\Boot.php(325): CodeIgniter\CodeIgniter->run()
 7 SYSTEMPATH\Boot.php(67): CodeIgniter\Boot::runCodeIgniter(Object(CodeIgniter\CodeIgniter))
 8 FCPATH\index.php(56): CodeIgniter\Boot::bootWeb(Object(Config\Paths))
WARNING - 2024-12-19 06:25:55 --> [DEPRECATED] Creation of dynamic property IonAuth\Models\IonAuthModel::$hashMethod is deprecated in FCPATH\vendor\benedmunds\codeigniter-ion-auth\Models\IonAuthModel.php on line 234.
 1 APPPATH\Libraries\IonAuth.php(71): IonAuth\Models\IonAuthModel->__construct()
 2 APPPATH\Controllers\Home.php(12): App\Libraries\IonAuth->__construct()
 3 SYSTEMPATH\CodeIgniter.php(903): App\Controllers\Home->__construct()
 4 SYSTEMPATH\CodeIgniter.php(500): CodeIgniter\CodeIgniter->createController()
 5 SYSTEMPATH\CodeIgniter.php(355): CodeIgniter\CodeIgniter->handleRequest(null, Object(Config\Cache), false)
 6 SYSTEMPATH\Boot.php(325): CodeIgniter\CodeIgniter->run()
 7 SYSTEMPATH\Boot.php(67): CodeIgniter\Boot::runCodeIgniter(Object(CodeIgniter\CodeIgniter))
 8 FCPATH\index.php(56): CodeIgniter\Boot::bootWeb(Object(Config\Paths))
WARNING - 2024-12-19 06:25:55 --> [DEPRECATED] Creation of dynamic property IonAuth\Models\IonAuthModel::$messagesTemplates is deprecated in FCPATH\vendor\benedmunds\codeigniter-ion-auth\Models\IonAuthModel.php on line 237.
 1 APPPATH\Libraries\IonAuth.php(71): IonAuth\Models\IonAuthModel->__construct()
 2 APPPATH\Controllers\Home.php(12): App\Libraries\IonAuth->__construct()
 3 SYSTEMPATH\CodeIgniter.php(903): App\Controllers\Home->__construct()
 4 SYSTEMPATH\CodeIgniter.php(500): CodeIgniter\CodeIgniter->createController()
 5 SYSTEMPATH\CodeIgniter.php(355): CodeIgniter\CodeIgniter->handleRequest(null, Object(Config\Cache), false)
 6 SYSTEMPATH\Boot.php(325): CodeIgniter\CodeIgniter->run()
 7 SYSTEMPATH\Boot.php(67): CodeIgniter\Boot::runCodeIgniter(Object(CodeIgniter\CodeIgniter))
 8 FCPATH\index.php(56): CodeIgniter\Boot::bootWeb(Object(Config\Paths))
INFO - 2024-12-19 06:26:03 --> Session: Class initialized using 'CodeIgniter\Session\Handlers\FileHandler' driver.
WARNING - 2024-12-19 06:26:03 --> [DEPRECATED] Creation of dynamic property IonAuth\Models\IonAuthModel::$join is deprecated in FCPATH\vendor\benedmunds\codeigniter-ion-auth\Models\IonAuthModel.php on line 231.
 1 APPPATH\Libraries\IonAuth.php(71): IonAuth\Models\IonAuthModel->__construct()
 2 APPPATH\Controllers\Home.php(12): App\Libraries\IonAuth->__construct()
 3 SYSTEMPATH\CodeIgniter.php(903): App\Controllers\Home->__construct()
 4 SYSTEMPATH\CodeIgniter.php(500): CodeIgniter\CodeIgniter->createController()
 5 SYSTEMPATH\CodeIgniter.php(355): CodeIgniter\CodeIgniter->handleRequest(null, Object(Config\Cache), false)
 6 SYSTEMPATH\Boot.php(325): CodeIgniter\CodeIgniter->run()
 7 SYSTEMPATH\Boot.php(67): CodeIgniter\Boot::runCodeIgniter(Object(CodeIgniter\CodeIgniter))
 8 FCPATH\index.php(56): CodeIgniter\Boot::bootWeb(Object(Config\Paths))
WARNING - 2024-12-19 06:26:03 --> [DEPRECATED] Creation of dynamic property IonAuth\Models\IonAuthModel::$hashMethod is deprecated in FCPATH\vendor\benedmunds\codeigniter-ion-auth\Models\IonAuthModel.php on line 234.
 1 APPPATH\Libraries\IonAuth.php(71): IonAuth\Models\IonAuthModel->__construct()
 2 APPPATH\Controllers\Home.php(12): App\Libraries\IonAuth->__construct()
 3 SYSTEMPATH\CodeIgniter.php(903): App\Controllers\Home->__construct()
 4 SYSTEMPATH\CodeIgniter.php(500): CodeIgniter\CodeIgniter->createController()
 5 SYSTEMPATH\CodeIgniter.php(355): CodeIgniter\CodeIgniter->handleRequest(null, Object(Config\Cache), false)
 6 SYSTEMPATH\Boot.php(325): CodeIgniter\CodeIgniter->run()
 7 SYSTEMPATH\Boot.php(67): CodeIgniter\Boot::runCodeIgniter(Object(CodeIgniter\CodeIgniter))
 8 FCPATH\index.php(56): CodeIgniter\Boot::bootWeb(Object(Config\Paths))
WARNING - 2024-12-19 06:26:03 --> [DEPRECATED] Creation of dynamic property IonAuth\Models\IonAuthModel::$messagesTemplates is deprecated in FCPATH\vendor\benedmunds\codeigniter-ion-auth\Models\IonAuthModel.php on line 237.
 1 APPPATH\Libraries\IonAuth.php(71): IonAuth\Models\IonAuthModel->__construct()
 2 APPPATH\Controllers\Home.php(12): App\Libraries\IonAuth->__construct()
 3 SYSTEMPATH\CodeIgniter.php(903): App\Controllers\Home->__construct()
 4 SYSTEMPATH\CodeIgniter.php(500): CodeIgniter\CodeIgniter->createController()
 5 SYSTEMPATH\CodeIgniter.php(355): CodeIgniter\CodeIgniter->handleRequest(null, Object(Config\Cache), false)
 6 SYSTEMPATH\Boot.php(325): CodeIgniter\CodeIgniter->run()
 7 SYSTEMPATH\Boot.php(67): CodeIgniter\Boot::runCodeIgniter(Object(CodeIgniter\CodeIgniter))
 8 FCPATH\index.php(56): CodeIgniter\Boot::bootWeb(Object(Config\Paths))
INFO - 2024-12-19 06:26:08 --> Session: Class initialized using 'CodeIgniter\Session\Handlers\FileHandler' driver.
WARNING - 2024-12-19 06:26:08 --> [DEPRECATED] Creation of dynamic property IonAuth\Libraries\IonAuth::$session is deprecated in FCPATH\vendor\benedmunds\codeigniter-ion-auth\Libraries\IonAuth.php on line 65.
 1 APPPATH\Controllers\Login.php(13): IonAuth\Libraries\IonAuth->__construct()
 2 SYSTEMPATH\CodeIgniter.php(903): App\Controllers\Login->__construct()
 3 SYSTEMPATH\CodeIgniter.php(500): CodeIgniter\CodeIgniter->createController()
 4 SYSTEMPATH\CodeIgniter.php(355): CodeIgniter\CodeIgniter->handleRequest(null, Object(Config\Cache), false)
 5 SYSTEMPATH\Boot.php(325): CodeIgniter\CodeIgniter->run()
 6 SYSTEMPATH\Boot.php(67): CodeIgniter\Boot::runCodeIgniter(Object(CodeIgniter\CodeIgniter))
 7 FCPATH\index.php(56): CodeIgniter\Boot::bootWeb(Object(Config\Paths))
WARNING - 2024-12-19 06:26:08 --> [DEPRECATED] Creation of dynamic property IonAuth\Models\IonAuthModel::$join is deprecated in FCPATH\vendor\benedmunds\codeigniter-ion-auth\Models\IonAuthModel.php on line 231.
 1 FCPATH\vendor\benedmunds\codeigniter-ion-auth\Libraries\IonAuth.php(67): IonAuth\Models\IonAuthModel->__construct()
 2 APPPATH\Controllers\Login.php(13): IonAuth\Libraries\IonAuth->__construct()
 3 SYSTEMPATH\CodeIgniter.php(903): App\Controllers\Login->__construct()
 4 SYSTEMPATH\CodeIgniter.php(500): CodeIgniter\CodeIgniter->createController()
 5 SYSTEMPATH\CodeIgniter.php(355): CodeIgniter\CodeIgniter->handleRequest(null, Object(Config\Cache), false)
 6 SYSTEMPATH\Boot.php(325): CodeIgniter\CodeIgniter->run()
 7 SYSTEMPATH\Boot.php(67): CodeIgniter\Boot::runCodeIgniter(Object(CodeIgniter\CodeIgniter))
 8 FCPATH\index.php(56): CodeIgniter\Boot::bootWeb(Object(Config\Paths))
WARNING - 2024-12-19 06:26:08 --> [DEPRECATED] Creation of dynamic property IonAuth\Models\IonAuthModel::$hashMethod is deprecated in FCPATH\vendor\benedmunds\codeigniter-ion-auth\Models\IonAuthModel.php on line 234.
 1 FCPATH\vendor\benedmunds\codeigniter-ion-auth\Libraries\IonAuth.php(67): IonAuth\Models\IonAuthModel->__construct()
 2 APPPATH\Controllers\Login.php(13): IonAuth\Libraries\IonAuth->__construct()
 3 SYSTEMPATH\CodeIgniter.php(903): App\Controllers\Login->__construct()
 4 SYSTEMPATH\CodeIgniter.php(500): CodeIgniter\CodeIgniter->createController()
 5 SYSTEMPATH\CodeIgniter.php(355): CodeIgniter\CodeIgniter->handleRequest(null, Object(Config\Cache), false)
 6 SYSTEMPATH\Boot.php(325): CodeIgniter\CodeIgniter->run()
 7 SYSTEMPATH\Boot.php(67): CodeIgniter\Boot::runCodeIgniter(Object(CodeIgniter\CodeIgniter))
 8 FCPATH\index.php(56): CodeIgniter\Boot::bootWeb(Object(Config\Paths))
WARNING - 2024-12-19 06:26:08 --> [DEPRECATED] Creation of dynamic property IonAuth\Models\IonAuthModel::$messagesTemplates is deprecated in FCPATH\vendor\benedmunds\codeigniter-ion-auth\Models\IonAuthModel.php on line 237.
 1 FCPATH\vendor\benedmunds\codeigniter-ion-auth\Libraries\IonAuth.php(67): IonAuth\Models\IonAuthModel->__construct()
 2 APPPATH\Controllers\Login.php(13): IonAuth\Libraries\IonAuth->__construct()
 3 SYSTEMPATH\CodeIgniter.php(903): App\Controllers\Login->__construct()
 4 SYSTEMPATH\CodeIgniter.php(500): CodeIgniter\CodeIgniter->createController()
 5 SYSTEMPATH\CodeIgniter.php(355): CodeIgniter\CodeIgniter->handleRequest(null, Object(Config\Cache), false)
 6 SYSTEMPATH\Boot.php(325): CodeIgniter\CodeIgniter->run()
 7 SYSTEMPATH\Boot.php(67): CodeIgniter\Boot::runCodeIgniter(Object(CodeIgniter\CodeIgniter))
 8 FCPATH\index.php(56): CodeIgniter\Boot::bootWeb(Object(Config\Paths))
INFO - 2024-12-19 06:26:12 --> Session: Class initialized using 'CodeIgniter\Session\Handlers\FileHandler' driver.
WARNING - 2024-12-19 06:26:12 --> [DEPRECATED] Creation of dynamic property IonAuth\Models\IonAuthModel::$join is deprecated in FCPATH\vendor\benedmunds\codeigniter-ion-auth\Models\IonAuthModel.php on line 231.
 1 APPPATH\Libraries\IonAuth.php(71): IonAuth\Models\IonAuthModel->__construct()
 2 APPPATH\Controllers\Home.php(12): App\Libraries\IonAuth->__construct()
 3 SYSTEMPATH\CodeIgniter.php(903): App\Controllers\Home->__construct()
 4 SYSTEMPATH\CodeIgniter.php(500): CodeIgniter\CodeIgniter->createController()
 5 SYSTEMPATH\CodeIgniter.php(355): CodeIgniter\CodeIgniter->handleRequest(null, Object(Config\Cache), false)
 6 SYSTEMPATH\Boot.php(325): CodeIgniter\CodeIgniter->run()
 7 SYSTEMPATH\Boot.php(67): CodeIgniter\Boot::runCodeIgniter(Object(CodeIgniter\CodeIgniter))
 8 FCPATH\index.php(56): CodeIgniter\Boot::bootWeb(Object(Config\Paths))
WARNING - 2024-12-19 06:26:12 --> [DEPRECATED] Creation of dynamic property IonAuth\Models\IonAuthModel::$hashMethod is deprecated in FCPATH\vendor\benedmunds\codeigniter-ion-auth\Models\IonAuthModel.php on line 234.
 1 APPPATH\Libraries\IonAuth.php(71): IonAuth\Models\IonAuthModel->__construct()
 2 APPPATH\Controllers\Home.php(12): App\Libraries\IonAuth->__construct()
 3 SYSTEMPATH\CodeIgniter.php(903): App\Controllers\Home->__construct()
 4 SYSTEMPATH\CodeIgniter.php(500): CodeIgniter\CodeIgniter->createController()
 5 SYSTEMPATH\CodeIgniter.php(355): CodeIgniter\CodeIgniter->handleRequest(null, Object(Config\Cache), false)
 6 SYSTEMPATH\Boot.php(325): CodeIgniter\CodeIgniter->run()
 7 SYSTEMPATH\Boot.php(67): CodeIgniter\Boot::runCodeIgniter(Object(CodeIgniter\CodeIgniter))
 8 FCPATH\index.php(56): CodeIgniter\Boot::bootWeb(Object(Config\Paths))
WARNING - 2024-12-19 06:26:12 --> [DEPRECATED] Creation of dynamic property IonAuth\Models\IonAuthModel::$messagesTemplates is deprecated in FCPATH\vendor\benedmunds\codeigniter-ion-auth\Models\IonAuthModel.php on line 237.
 1 APPPATH\Libraries\IonAuth.php(71): IonAuth\Models\IonAuthModel->__construct()
 2 APPPATH\Controllers\Home.php(12): App\Libraries\IonAuth->__construct()
 3 SYSTEMPATH\CodeIgniter.php(903): App\Controllers\Home->__construct()
 4 SYSTEMPATH\CodeIgniter.php(500): CodeIgniter\CodeIgniter->createController()
 5 SYSTEMPATH\CodeIgniter.php(355): CodeIgniter\CodeIgniter->handleRequest(null, Object(Config\Cache), false)
 6 SYSTEMPATH\Boot.php(325): CodeIgniter\CodeIgniter->run()
 7 SYSTEMPATH\Boot.php(67): CodeIgniter\Boot::runCodeIgniter(Object(CodeIgniter\CodeIgniter))
 8 FCPATH\index.php(56): CodeIgniter\Boot::bootWeb(Object(Config\Paths))
INFO - 2024-12-19 06:26:43 --> Session: Class initialized using 'CodeIgniter\Session\Handlers\FileHandler' driver.
WARNING - 2024-12-19 06:26:43 --> [DEPRECATED] Creation of dynamic property IonAuth\Models\IonAuthModel::$join is deprecated in FCPATH\vendor\benedmunds\codeigniter-ion-auth\Models\IonAuthModel.php on line 231.
 1 APPPATH\Libraries\IonAuth.php(71): IonAuth\Models\IonAuthModel->__construct()
 2 APPPATH\Controllers\Home.php(12): App\Libraries\IonAuth->__construct()
 3 SYSTEMPATH\CodeIgniter.php(903): App\Controllers\Home->__construct()
 4 SYSTEMPATH\CodeIgniter.php(500): CodeIgniter\CodeIgniter->createController()
 5 SYSTEMPATH\CodeIgniter.php(355): CodeIgniter\CodeIgniter->handleRequest(null, Object(Config\Cache), false)
 6 SYSTEMPATH\Boot.php(325): CodeIgniter\CodeIgniter->run()
 7 SYSTEMPATH\Boot.php(67): CodeIgniter\Boot::runCodeIgniter(Object(CodeIgniter\CodeIgniter))
 8 FCPATH\index.php(56): CodeIgniter\Boot::bootWeb(Object(Config\Paths))
WARNING - 2024-12-19 06:26:43 --> [DEPRECATED] Creation of dynamic property IonAuth\Models\IonAuthModel::$hashMethod is deprecated in FCPATH\vendor\benedmunds\codeigniter-ion-auth\Models\IonAuthModel.php on line 234.
 1 APPPATH\Libraries\IonAuth.php(71): IonAuth\Models\IonAuthModel->__construct()
 2 APPPATH\Controllers\Home.php(12): App\Libraries\IonAuth->__construct()
 3 SYSTEMPATH\CodeIgniter.php(903): App\Controllers\Home->__construct()
 4 SYSTEMPATH\CodeIgniter.php(500): CodeIgniter\CodeIgniter->createController()
 5 SYSTEMPATH\CodeIgniter.php(355): CodeIgniter\CodeIgniter->handleRequest(null, Object(Config\Cache), false)
 6 SYSTEMPATH\Boot.php(325): CodeIgniter\CodeIgniter->run()
 7 SYSTEMPATH\Boot.php(67): CodeIgniter\Boot::runCodeIgniter(Object(CodeIgniter\CodeIgniter))
 8 FCPATH\index.php(56): CodeIgniter\Boot::bootWeb(Object(Config\Paths))
WARNING - 2024-12-19 06:26:43 --> [DEPRECATED] Creation of dynamic property IonAuth\Models\IonAuthModel::$messagesTemplates is deprecated in FCPATH\vendor\benedmunds\codeigniter-ion-auth\Models\IonAuthModel.php on line 237.
 1 APPPATH\Libraries\IonAuth.php(71): IonAuth\Models\IonAuthModel->__construct()
 2 APPPATH\Controllers\Home.php(12): App\Libraries\IonAuth->__construct()
 3 SYSTEMPATH\CodeIgniter.php(903): App\Controllers\Home->__construct()
 4 SYSTEMPATH\CodeIgniter.php(500): CodeIgniter\CodeIgniter->createController()
 5 SYSTEMPATH\CodeIgniter.php(355): CodeIgniter\CodeIgniter->handleRequest(null, Object(Config\Cache), false)
 6 SYSTEMPATH\Boot.php(325): CodeIgniter\CodeIgniter->run()
 7 SYSTEMPATH\Boot.php(67): CodeIgniter\Boot::runCodeIgniter(Object(CodeIgniter\CodeIgniter))
 8 FCPATH\index.php(56): CodeIgniter\Boot::bootWeb(Object(Config\Paths))
INFO - 2024-12-19 06:26:46 --> Session: Class initialized using 'CodeIgniter\Session\Handlers\FileHandler' driver.
WARNING - 2024-12-19 06:26:46 --> [DEPRECATED] Creation of dynamic property IonAuth\Libraries\IonAuth::$session is deprecated in FCPATH\vendor\benedmunds\codeigniter-ion-auth\Libraries\IonAuth.php on line 65.
 1 APPPATH\Controllers\Login.php(13): IonAuth\Libraries\IonAuth->__construct()
 2 SYSTEMPATH\CodeIgniter.php(903): App\Controllers\Login->__construct()
 3 SYSTEMPATH\CodeIgniter.php(500): CodeIgniter\CodeIgniter->createController()
 4 SYSTEMPATH\CodeIgniter.php(355): CodeIgniter\CodeIgniter->handleRequest(null, Object(Config\Cache), false)
 5 SYSTEMPATH\Boot.php(325): CodeIgniter\CodeIgniter->run()
 6 SYSTEMPATH\Boot.php(67): CodeIgniter\Boot::runCodeIgniter(Object(CodeIgniter\CodeIgniter))
 7 FCPATH\index.php(56): CodeIgniter\Boot::bootWeb(Object(Config\Paths))
WARNING - 2024-12-19 06:26:46 --> [DEPRECATED] Creation of dynamic property IonAuth\Models\IonAuthModel::$join is deprecated in FCPATH\vendor\benedmunds\codeigniter-ion-auth\Models\IonAuthModel.php on line 231.
 1 FCPATH\vendor\benedmunds\codeigniter-ion-auth\Libraries\IonAuth.php(67): IonAuth\Models\IonAuthModel->__construct()
 2 APPPATH\Controllers\Login.php(13): IonAuth\Libraries\IonAuth->__construct()
 3 SYSTEMPATH\CodeIgniter.php(903): App\Controllers\Login->__construct()
 4 SYSTEMPATH\CodeIgniter.php(500): CodeIgniter\CodeIgniter->createController()
 5 SYSTEMPATH\CodeIgniter.php(355): CodeIgniter\CodeIgniter->handleRequest(null, Object(Config\Cache), false)
 6 SYSTEMPATH\Boot.php(325): CodeIgniter\CodeIgniter->run()
 7 SYSTEMPATH\Boot.php(67): CodeIgniter\Boot::runCodeIgniter(Object(CodeIgniter\CodeIgniter))
 8 FCPATH\index.php(56): CodeIgniter\Boot::bootWeb(Object(Config\Paths))
WARNING - 2024-12-19 06:26:46 --> [DEPRECATED] Creation of dynamic property IonAuth\Models\IonAuthModel::$hashMethod is deprecated in FCPATH\vendor\benedmunds\codeigniter-ion-auth\Models\IonAuthModel.php on line 234.
 1 FCPATH\vendor\benedmunds\codeigniter-ion-auth\Libraries\IonAuth.php(67): IonAuth\Models\IonAuthModel->__construct()
 2 APPPATH\Controllers\Login.php(13): IonAuth\Libraries\IonAuth->__construct()
 3 SYSTEMPATH\CodeIgniter.php(903): App\Controllers\Login->__construct()
 4 SYSTEMPATH\CodeIgniter.php(500): CodeIgniter\CodeIgniter->createController()
 5 SYSTEMPATH\CodeIgniter.php(355): CodeIgniter\CodeIgniter->handleRequest(null, Object(Config\Cache), false)
 6 SYSTEMPATH\Boot.php(325): CodeIgniter\CodeIgniter->run()
 7 SYSTEMPATH\Boot.php(67): CodeIgniter\Boot::runCodeIgniter(Object(CodeIgniter\CodeIgniter))
 8 FCPATH\index.php(56): CodeIgniter\Boot::bootWeb(Object(Config\Paths))
WARNING - 2024-12-19 06:26:46 --> [DEPRECATED] Creation of dynamic property IonAuth\Models\IonAuthModel::$messagesTemplates is deprecated in FCPATH\vendor\benedmunds\codeigniter-ion-auth\Models\IonAuthModel.php on line 237.
 1 FCPATH\vendor\benedmunds\codeigniter-ion-auth\Libraries\IonAuth.php(67): IonAuth\Models\IonAuthModel->__construct()
 2 APPPATH\Controllers\Login.php(13): IonAuth\Libraries\IonAuth->__construct()
 3 SYSTEMPATH\CodeIgniter.php(903): App\Controllers\Login->__construct()
 4 SYSTEMPATH\CodeIgniter.php(500): CodeIgniter\CodeIgniter->createController()
 5 SYSTEMPATH\CodeIgniter.php(355): CodeIgniter\CodeIgniter->handleRequest(null, Object(Config\Cache), false)
 6 SYSTEMPATH\Boot.php(325): CodeIgniter\CodeIgniter->run()
 7 SYSTEMPATH\Boot.php(67): CodeIgniter\Boot::runCodeIgniter(Object(CodeIgniter\CodeIgniter))
 8 FCPATH\index.php(56): CodeIgniter\Boot::bootWeb(Object(Config\Paths))
CRITICAL - 2024-12-19 11:56:46 --> ErrorException: Undefined variable $who_user_is
[Method: GET, Route: login]
in APPPATH\Views\frontend\header.php on line 41.
 1 APPPATH\Views\frontend\header.php(41): CodeIgniter\Debug\Exceptions->errorHandler(2, 'Undefined variable $who_user_is', 'C:\\xampp1\\htdocs\\Maareeye-sass-git\\app\\Views\\frontend\\header.php', 41)
 2 SYSTEMPATH\View\View.php(234): include('C:\\xampp1\\htdocs\\Maareeye-sass-git\\app\\Views\\frontend\\header.php')
 3 SYSTEMPATH\View\View.php(237): CodeIgniter\View\View->CodeIgniter\View\{closure}()
 4 SYSTEMPATH\Common.php(1171): CodeIgniter\View\View->render('frontend/header', [], true)
 5 APPPATH\Views\frontend\template.php(51): view('frontend/header')
 6 SYSTEMPATH\View\View.php(234): include('C:\\xampp1\\htdocs\\Maareeye-sass-git\\app\\Views\\frontend\\template.php')
 7 SYSTEMPATH\View\View.php(237): CodeIgniter\View\View->CodeIgniter\View\{closure}()
 8 SYSTEMPATH\Common.php(1171): CodeIgniter\View\View->render('frontend/template', [], true)
 9 APPPATH\Controllers\Login.php(37): view('frontend/template', [...])
10 SYSTEMPATH\CodeIgniter.php(933): App\Controllers\Login->index()
11 SYSTEMPATH\CodeIgniter.php(509): CodeIgniter\CodeIgniter->runController(Object(App\Controllers\Login))
12 SYSTEMPATH\CodeIgniter.php(355): CodeIgniter\CodeIgniter->handleRequest(null, Object(Config\Cache), false)
13 SYSTEMPATH\Boot.php(325): CodeIgniter\CodeIgniter->run()
14 SYSTEMPATH\Boot.php(67): CodeIgniter\Boot::runCodeIgniter(Object(CodeIgniter\CodeIgniter))
15 FCPATH\index.php(56): CodeIgniter\Boot::bootWeb(Object(Config\Paths))
CRITICAL - 2024-12-19 11:56:46 --> ErrorException: Uncaught Error: Call to undefined method CodeIgniter\Debug\ExceptionHandler::cleanPath() in C:\xampp1\htdocs\Maareeye-sass-git\app\Views\errors\html\error_exception.php:33
Stack trace:
#0 C:\xampp1\htdocs\Maareeye-sass-git\vendor\codeigniter4\framework\system\Debug\BaseExceptionHandler.php(266): include()
#1 C:\xampp1\htdocs\Maareeye-sass-git\vendor\codeigniter4\framework\system\Debug\BaseExceptionHandler.php(269): CodeIgniter\Debug\BaseExceptionHandler->CodeIgniter\Debug\{closure}()
#2 C:\xampp1\htdocs\Maareeye-sass-git\vendor\codeigniter4\framework\system\Debug\ExceptionHandler.php(114): CodeIgniter\Debug\BaseExceptionHandler->render(Object(ErrorException), 500, 'C:\\xampp1\\htdoc...')
#3 C:\xampp1\htdocs\Maareeye-sass-git\vendor\codeigniter4\framework\system\Debug\Exceptions.php(163): CodeIgniter\Debug\ExceptionHandler->handle(Object(ErrorException), Object(CodeIgniter\HTTP\IncomingRequest), Object(CodeIgniter\HTTP\Response), 500, 1)
#4 [internal function]: CodeIgniter\Debug\Exceptions->exceptionHandler(Object(ErrorException))
#5 {main}
  thrown
【Previous Exception】
ErrorException
Undefined variable $who_user_is
#0 C:\xampp1\htdocs\Maareeye-sass-git\app\Views\frontend\header.php(41): CodeIgniter\Debug\Exceptions->errorHandler(2, 'Undefined varia...', 'C:\\xampp1\\htdoc...', 41)
#1 C:\xampp1\htdocs\Maareeye-sass-git\vendor\codeigniter4\framework\system\View\View.php(234): include('C:\\xampp1\\htdoc...')
#2 C:\xampp1\htdocs\Maareeye-sass-git\vendor\codeigniter4\framework\system\View\View.php(237): CodeIgniter\View\View->CodeIgniter\View\{closure}()
#3 C:\xampp1\htdocs\Maareeye-sass-git\vendor\codeigniter4\framework\system\Common.php(1171): CodeIgniter\View\View->render('frontend/header', Array, true)
#4 C:\xampp1\htdocs\Maareeye-sass-git\app\Views\frontend\template.php(51): view('frontend/header')
#5 C:\xampp1\htdocs\Maareeye-sass-git\vendor\codeigniter4\framework\system\View\View.php(234): include('C:\\xampp1\\htdoc...')
#6 C:\xampp1\htdocs\Maareeye-sass-git\vendor\codeigniter4\framework\system\View\View.php(237): CodeIgniter\View\View->CodeIgniter\View\{closure}()
#7 C:\xampp1\htdocs\Maareeye-sass-git\vendor\codeigniter4\framework\system\Common.php(1171): CodeIgniter\View\View->render('frontend/templa...', Array, true)
#8 C:\xampp1\htdocs\Maareeye-sass-git\app\Controllers\Login.php(37): view('frontend/templa...', Array)
#9 C:\xampp1\htdocs\Maareeye-sass-git\vendor\codeigniter4\framework\system\CodeIgniter.php(933): App\Controllers\Login->index()
#10 C:\xampp1\htdocs\Maareeye-sass-git\vendor\codeigniter4\framework\system\CodeIgniter.php(509): CodeIgniter\CodeIgniter->runController(Object(App\Controllers\Login))
#11 C:\xampp1\htdocs\Maareeye-sass-git\vendor\codeigniter4\framework\system\CodeIgniter.php(355): CodeIgniter\CodeIgniter->handleRequest(NULL, Object(Config\Cache), false)
#12 C:\xampp1\htdocs\Maareeye-sass-git\vendor\codeigniter4\framework\system\Boot.php(325): CodeIgniter\CodeIgniter->run()
#13 C:\xampp1\htdocs\Maareeye-sass-git\vendor\codeigniter4\framework\system\Boot.php(67): CodeIgniter\Boot::runCodeIgniter(Object(CodeIgniter\CodeIgniter))
#14 C:\xampp1\htdocs\Maareeye-sass-git\index.php(56): CodeIgniter\Boot::bootWeb(Object(Config\Paths))
#15 {main}
[Method: GET, Route: login]
in APPPATH\Views\errors\html\error_exception.php on line 33.
 1 [internal function]: CodeIgniter\Debug\Exceptions->shutdownHandler()
INFO - 2024-12-19 06:27:16 --> Session: Class initialized using 'CodeIgniter\Session\Handlers\FileHandler' driver.
WARNING - 2024-12-19 06:27:16 --> [DEPRECATED] Creation of dynamic property IonAuth\Libraries\IonAuth::$session is deprecated in FCPATH\vendor\benedmunds\codeigniter-ion-auth\Libraries\IonAuth.php on line 65.
 1 APPPATH\Controllers\Login.php(13): IonAuth\Libraries\IonAuth->__construct()
 2 SYSTEMPATH\CodeIgniter.php(903): App\Controllers\Login->__construct()
 3 SYSTEMPATH\CodeIgniter.php(500): CodeIgniter\CodeIgniter->createController()
 4 SYSTEMPATH\CodeIgniter.php(355): CodeIgniter\CodeIgniter->handleRequest(null, Object(Config\Cache), false)
 5 SYSTEMPATH\Boot.php(325): CodeIgniter\CodeIgniter->run()
 6 SYSTEMPATH\Boot.php(67): CodeIgniter\Boot::runCodeIgniter(Object(CodeIgniter\CodeIgniter))
 7 FCPATH\index.php(56): CodeIgniter\Boot::bootWeb(Object(Config\Paths))
WARNING - 2024-12-19 06:27:16 --> [DEPRECATED] Creation of dynamic property IonAuth\Models\IonAuthModel::$join is deprecated in FCPATH\vendor\benedmunds\codeigniter-ion-auth\Models\IonAuthModel.php on line 231.
 1 FCPATH\vendor\benedmunds\codeigniter-ion-auth\Libraries\IonAuth.php(67): IonAuth\Models\IonAuthModel->__construct()
 2 APPPATH\Controllers\Login.php(13): IonAuth\Libraries\IonAuth->__construct()
 3 SYSTEMPATH\CodeIgniter.php(903): App\Controllers\Login->__construct()
 4 SYSTEMPATH\CodeIgniter.php(500): CodeIgniter\CodeIgniter->createController()
 5 SYSTEMPATH\CodeIgniter.php(355): CodeIgniter\CodeIgniter->handleRequest(null, Object(Config\Cache), false)
 6 SYSTEMPATH\Boot.php(325): CodeIgniter\CodeIgniter->run()
 7 SYSTEMPATH\Boot.php(67): CodeIgniter\Boot::runCodeIgniter(Object(CodeIgniter\CodeIgniter))
 8 FCPATH\index.php(56): CodeIgniter\Boot::bootWeb(Object(Config\Paths))
WARNING - 2024-12-19 06:27:16 --> [DEPRECATED] Creation of dynamic property IonAuth\Models\IonAuthModel::$hashMethod is deprecated in FCPATH\vendor\benedmunds\codeigniter-ion-auth\Models\IonAuthModel.php on line 234.
 1 FCPATH\vendor\benedmunds\codeigniter-ion-auth\Libraries\IonAuth.php(67): IonAuth\Models\IonAuthModel->__construct()
 2 APPPATH\Controllers\Login.php(13): IonAuth\Libraries\IonAuth->__construct()
 3 SYSTEMPATH\CodeIgniter.php(903): App\Controllers\Login->__construct()
 4 SYSTEMPATH\CodeIgniter.php(500): CodeIgniter\CodeIgniter->createController()
 5 SYSTEMPATH\CodeIgniter.php(355): CodeIgniter\CodeIgniter->handleRequest(null, Object(Config\Cache), false)
 6 SYSTEMPATH\Boot.php(325): CodeIgniter\CodeIgniter->run()
 7 SYSTEMPATH\Boot.php(67): CodeIgniter\Boot::runCodeIgniter(Object(CodeIgniter\CodeIgniter))
 8 FCPATH\index.php(56): CodeIgniter\Boot::bootWeb(Object(Config\Paths))
WARNING - 2024-12-19 06:27:16 --> [DEPRECATED] Creation of dynamic property IonAuth\Models\IonAuthModel::$messagesTemplates is deprecated in FCPATH\vendor\benedmunds\codeigniter-ion-auth\Models\IonAuthModel.php on line 237.
 1 FCPATH\vendor\benedmunds\codeigniter-ion-auth\Libraries\IonAuth.php(67): IonAuth\Models\IonAuthModel->__construct()
 2 APPPATH\Controllers\Login.php(13): IonAuth\Libraries\IonAuth->__construct()
 3 SYSTEMPATH\CodeIgniter.php(903): App\Controllers\Login->__construct()
 4 SYSTEMPATH\CodeIgniter.php(500): CodeIgniter\CodeIgniter->createController()
 5 SYSTEMPATH\CodeIgniter.php(355): CodeIgniter\CodeIgniter->handleRequest(null, Object(Config\Cache), false)
 6 SYSTEMPATH\Boot.php(325): CodeIgniter\CodeIgniter->run()
 7 SYSTEMPATH\Boot.php(67): CodeIgniter\Boot::runCodeIgniter(Object(CodeIgniter\CodeIgniter))
 8 FCPATH\index.php(56): CodeIgniter\Boot::bootWeb(Object(Config\Paths))
INFO - 2024-12-19 06:27:25 --> Session: Class initialized using 'CodeIgniter\Session\Handlers\FileHandler' driver.
WARNING - 2024-12-19 06:27:25 --> [DEPRECATED] Creation of dynamic property IonAuth\Libraries\IonAuth::$session is deprecated in FCPATH\vendor\benedmunds\codeigniter-ion-auth\Libraries\IonAuth.php on line 65.
 1 APPPATH\Controllers\admin\Home.php(17): IonAuth\Libraries\IonAuth->__construct()
 2 SYSTEMPATH\CodeIgniter.php(903): App\Controllers\admin\Home->__construct()
 3 SYSTEMPATH\CodeIgniter.php(500): CodeIgniter\CodeIgniter->createController()
 4 SYSTEMPATH\CodeIgniter.php(355): CodeIgniter\CodeIgniter->handleRequest(null, Object(Config\Cache), false)
 5 SYSTEMPATH\Boot.php(325): CodeIgniter\CodeIgniter->run()
 6 SYSTEMPATH\Boot.php(67): CodeIgniter\Boot::runCodeIgniter(Object(CodeIgniter\CodeIgniter))
 7 FCPATH\index.php(56): CodeIgniter\Boot::bootWeb(Object(Config\Paths))
WARNING - 2024-12-19 06:27:25 --> [DEPRECATED] Creation of dynamic property IonAuth\Models\IonAuthModel::$join is deprecated in FCPATH\vendor\benedmunds\codeigniter-ion-auth\Models\IonAuthModel.php on line 231.
 1 FCPATH\vendor\benedmunds\codeigniter-ion-auth\Libraries\IonAuth.php(67): IonAuth\Models\IonAuthModel->__construct()
 2 APPPATH\Controllers\admin\Home.php(17): IonAuth\Libraries\IonAuth->__construct()
 3 SYSTEMPATH\CodeIgniter.php(903): App\Controllers\admin\Home->__construct()
 4 SYSTEMPATH\CodeIgniter.php(500): CodeIgniter\CodeIgniter->createController()
 5 SYSTEMPATH\CodeIgniter.php(355): CodeIgniter\CodeIgniter->handleRequest(null, Object(Config\Cache), false)
 6 SYSTEMPATH\Boot.php(325): CodeIgniter\CodeIgniter->run()
 7 SYSTEMPATH\Boot.php(67): CodeIgniter\Boot::runCodeIgniter(Object(CodeIgniter\CodeIgniter))
 8 FCPATH\index.php(56): CodeIgniter\Boot::bootWeb(Object(Config\Paths))
WARNING - 2024-12-19 06:27:25 --> [DEPRECATED] Creation of dynamic property IonAuth\Models\IonAuthModel::$hashMethod is deprecated in FCPATH\vendor\benedmunds\codeigniter-ion-auth\Models\IonAuthModel.php on line 234.
 1 FCPATH\vendor\benedmunds\codeigniter-ion-auth\Libraries\IonAuth.php(67): IonAuth\Models\IonAuthModel->__construct()
 2 APPPATH\Controllers\admin\Home.php(17): IonAuth\Libraries\IonAuth->__construct()
 3 SYSTEMPATH\CodeIgniter.php(903): App\Controllers\admin\Home->__construct()
 4 SYSTEMPATH\CodeIgniter.php(500): CodeIgniter\CodeIgniter->createController()
 5 SYSTEMPATH\CodeIgniter.php(355): CodeIgniter\CodeIgniter->handleRequest(null, Object(Config\Cache), false)
 6 SYSTEMPATH\Boot.php(325): CodeIgniter\CodeIgniter->run()
 7 SYSTEMPATH\Boot.php(67): CodeIgniter\Boot::runCodeIgniter(Object(CodeIgniter\CodeIgniter))
 8 FCPATH\index.php(56): CodeIgniter\Boot::bootWeb(Object(Config\Paths))
WARNING - 2024-12-19 06:27:25 --> [DEPRECATED] Creation of dynamic property IonAuth\Models\IonAuthModel::$messagesTemplates is deprecated in FCPATH\vendor\benedmunds\codeigniter-ion-auth\Models\IonAuthModel.php on line 237.
 1 FCPATH\vendor\benedmunds\codeigniter-ion-auth\Libraries\IonAuth.php(67): IonAuth\Models\IonAuthModel->__construct()
 2 APPPATH\Controllers\admin\Home.php(17): IonAuth\Libraries\IonAuth->__construct()
 3 SYSTEMPATH\CodeIgniter.php(903): App\Controllers\admin\Home->__construct()
 4 SYSTEMPATH\CodeIgniter.php(500): CodeIgniter\CodeIgniter->createController()
 5 SYSTEMPATH\CodeIgniter.php(355): CodeIgniter\CodeIgniter->handleRequest(null, Object(Config\Cache), false)
 6 SYSTEMPATH\Boot.php(325): CodeIgniter\CodeIgniter->run()
 7 SYSTEMPATH\Boot.php(67): CodeIgniter\Boot::runCodeIgniter(Object(CodeIgniter\CodeIgniter))
 8 FCPATH\index.php(56): CodeIgniter\Boot::bootWeb(Object(Config\Paths))
INFO - 2024-12-19 06:27:25 --> Session: Class initialized using 'CodeIgniter\Session\Handlers\FileHandler' driver.
WARNING - 2024-12-19 06:27:25 --> [DEPRECATED] Creation of dynamic property IonAuth\Libraries\IonAuth::$session is deprecated in FCPATH\vendor\benedmunds\codeigniter-ion-auth\Libraries\IonAuth.php on line 65.
 1 APPPATH\Controllers\Login.php(13): IonAuth\Libraries\IonAuth->__construct()
 2 SYSTEMPATH\CodeIgniter.php(903): App\Controllers\Login->__construct()
 3 SYSTEMPATH\CodeIgniter.php(500): CodeIgniter\CodeIgniter->createController()
 4 SYSTEMPATH\CodeIgniter.php(355): CodeIgniter\CodeIgniter->handleRequest(null, Object(Config\Cache), false)
 5 SYSTEMPATH\Boot.php(325): CodeIgniter\CodeIgniter->run()
 6 SYSTEMPATH\Boot.php(67): CodeIgniter\Boot::runCodeIgniter(Object(CodeIgniter\CodeIgniter))
 7 FCPATH\index.php(56): CodeIgniter\Boot::bootWeb(Object(Config\Paths))
WARNING - 2024-12-19 06:27:25 --> [DEPRECATED] Creation of dynamic property IonAuth\Models\IonAuthModel::$join is deprecated in FCPATH\vendor\benedmunds\codeigniter-ion-auth\Models\IonAuthModel.php on line 231.
 1 FCPATH\vendor\benedmunds\codeigniter-ion-auth\Libraries\IonAuth.php(67): IonAuth\Models\IonAuthModel->__construct()
 2 APPPATH\Controllers\Login.php(13): IonAuth\Libraries\IonAuth->__construct()
 3 SYSTEMPATH\CodeIgniter.php(903): App\Controllers\Login->__construct()
 4 SYSTEMPATH\CodeIgniter.php(500): CodeIgniter\CodeIgniter->createController()
 5 SYSTEMPATH\CodeIgniter.php(355): CodeIgniter\CodeIgniter->handleRequest(null, Object(Config\Cache), false)
 6 SYSTEMPATH\Boot.php(325): CodeIgniter\CodeIgniter->run()
 7 SYSTEMPATH\Boot.php(67): CodeIgniter\Boot::runCodeIgniter(Object(CodeIgniter\CodeIgniter))
 8 FCPATH\index.php(56): CodeIgniter\Boot::bootWeb(Object(Config\Paths))
WARNING - 2024-12-19 06:27:25 --> [DEPRECATED] Creation of dynamic property IonAuth\Models\IonAuthModel::$hashMethod is deprecated in FCPATH\vendor\benedmunds\codeigniter-ion-auth\Models\IonAuthModel.php on line 234.
 1 FCPATH\vendor\benedmunds\codeigniter-ion-auth\Libraries\IonAuth.php(67): IonAuth\Models\IonAuthModel->__construct()
 2 APPPATH\Controllers\Login.php(13): IonAuth\Libraries\IonAuth->__construct()
 3 SYSTEMPATH\CodeIgniter.php(903): App\Controllers\Login->__construct()
 4 SYSTEMPATH\CodeIgniter.php(500): CodeIgniter\CodeIgniter->createController()
 5 SYSTEMPATH\CodeIgniter.php(355): CodeIgniter\CodeIgniter->handleRequest(null, Object(Config\Cache), false)
 6 SYSTEMPATH\Boot.php(325): CodeIgniter\CodeIgniter->run()
 7 SYSTEMPATH\Boot.php(67): CodeIgniter\Boot::runCodeIgniter(Object(CodeIgniter\CodeIgniter))
 8 FCPATH\index.php(56): CodeIgniter\Boot::bootWeb(Object(Config\Paths))
WARNING - 2024-12-19 06:27:25 --> [DEPRECATED] Creation of dynamic property IonAuth\Models\IonAuthModel::$messagesTemplates is deprecated in FCPATH\vendor\benedmunds\codeigniter-ion-auth\Models\IonAuthModel.php on line 237.
 1 FCPATH\vendor\benedmunds\codeigniter-ion-auth\Libraries\IonAuth.php(67): IonAuth\Models\IonAuthModel->__construct()
 2 APPPATH\Controllers\Login.php(13): IonAuth\Libraries\IonAuth->__construct()
 3 SYSTEMPATH\CodeIgniter.php(903): App\Controllers\Login->__construct()
 4 SYSTEMPATH\CodeIgniter.php(500): CodeIgniter\CodeIgniter->createController()
 5 SYSTEMPATH\CodeIgniter.php(355): CodeIgniter\CodeIgniter->handleRequest(null, Object(Config\Cache), false)
 6 SYSTEMPATH\Boot.php(325): CodeIgniter\CodeIgniter->run()
 7 SYSTEMPATH\Boot.php(67): CodeIgniter\Boot::runCodeIgniter(Object(CodeIgniter\CodeIgniter))
 8 FCPATH\index.php(56): CodeIgniter\Boot::bootWeb(Object(Config\Paths))
INFO - 2024-12-19 06:27:31 --> Session: Class initialized using 'CodeIgniter\Session\Handlers\FileHandler' driver.
WARNING - 2024-12-19 06:27:31 --> [DEPRECATED] Creation of dynamic property IonAuth\Libraries\IonAuth::$session is deprecated in FCPATH\vendor\benedmunds\codeigniter-ion-auth\Libraries\IonAuth.php on line 65.
 1 APPPATH\Controllers\Login.php(13): IonAuth\Libraries\IonAuth->__construct()
 2 SYSTEMPATH\CodeIgniter.php(903): App\Controllers\Login->__construct()
 3 SYSTEMPATH\CodeIgniter.php(500): CodeIgniter\CodeIgniter->createController()
 4 SYSTEMPATH\CodeIgniter.php(355): CodeIgniter\CodeIgniter->handleRequest(null, Object(Config\Cache), false)
 5 SYSTEMPATH\Boot.php(325): CodeIgniter\CodeIgniter->run()
 6 SYSTEMPATH\Boot.php(67): CodeIgniter\Boot::runCodeIgniter(Object(CodeIgniter\CodeIgniter))
 7 FCPATH\index.php(56): CodeIgniter\Boot::bootWeb(Object(Config\Paths))
WARNING - 2024-12-19 06:27:31 --> [DEPRECATED] Creation of dynamic property IonAuth\Models\IonAuthModel::$join is deprecated in FCPATH\vendor\benedmunds\codeigniter-ion-auth\Models\IonAuthModel.php on line 231.
 1 FCPATH\vendor\benedmunds\codeigniter-ion-auth\Libraries\IonAuth.php(67): IonAuth\Models\IonAuthModel->__construct()
 2 APPPATH\Controllers\Login.php(13): IonAuth\Libraries\IonAuth->__construct()
 3 SYSTEMPATH\CodeIgniter.php(903): App\Controllers\Login->__construct()
 4 SYSTEMPATH\CodeIgniter.php(500): CodeIgniter\CodeIgniter->createController()
 5 SYSTEMPATH\CodeIgniter.php(355): CodeIgniter\CodeIgniter->handleRequest(null, Object(Config\Cache), false)
 6 SYSTEMPATH\Boot.php(325): CodeIgniter\CodeIgniter->run()
 7 SYSTEMPATH\Boot.php(67): CodeIgniter\Boot::runCodeIgniter(Object(CodeIgniter\CodeIgniter))
 8 FCPATH\index.php(56): CodeIgniter\Boot::bootWeb(Object(Config\Paths))
WARNING - 2024-12-19 06:27:31 --> [DEPRECATED] Creation of dynamic property IonAuth\Models\IonAuthModel::$hashMethod is deprecated in FCPATH\vendor\benedmunds\codeigniter-ion-auth\Models\IonAuthModel.php on line 234.
 1 FCPATH\vendor\benedmunds\codeigniter-ion-auth\Libraries\IonAuth.php(67): IonAuth\Models\IonAuthModel->__construct()
 2 APPPATH\Controllers\Login.php(13): IonAuth\Libraries\IonAuth->__construct()
 3 SYSTEMPATH\CodeIgniter.php(903): App\Controllers\Login->__construct()
 4 SYSTEMPATH\CodeIgniter.php(500): CodeIgniter\CodeIgniter->createController()
 5 SYSTEMPATH\CodeIgniter.php(355): CodeIgniter\CodeIgniter->handleRequest(null, Object(Config\Cache), false)
 6 SYSTEMPATH\Boot.php(325): CodeIgniter\CodeIgniter->run()
 7 SYSTEMPATH\Boot.php(67): CodeIgniter\Boot::runCodeIgniter(Object(CodeIgniter\CodeIgniter))
 8 FCPATH\index.php(56): CodeIgniter\Boot::bootWeb(Object(Config\Paths))
WARNING - 2024-12-19 06:27:31 --> [DEPRECATED] Creation of dynamic property IonAuth\Models\IonAuthModel::$messagesTemplates is deprecated in FCPATH\vendor\benedmunds\codeigniter-ion-auth\Models\IonAuthModel.php on line 237.
 1 FCPATH\vendor\benedmunds\codeigniter-ion-auth\Libraries\IonAuth.php(67): IonAuth\Models\IonAuthModel->__construct()
 2 APPPATH\Controllers\Login.php(13): IonAuth\Libraries\IonAuth->__construct()
 3 SYSTEMPATH\CodeIgniter.php(903): App\Controllers\Login->__construct()
 4 SYSTEMPATH\CodeIgniter.php(500): CodeIgniter\CodeIgniter->createController()
 5 SYSTEMPATH\CodeIgniter.php(355): CodeIgniter\CodeIgniter->handleRequest(null, Object(Config\Cache), false)
 6 SYSTEMPATH\Boot.php(325): CodeIgniter\CodeIgniter->run()
 7 SYSTEMPATH\Boot.php(67): CodeIgniter\Boot::runCodeIgniter(Object(CodeIgniter\CodeIgniter))
 8 FCPATH\index.php(56): CodeIgniter\Boot::bootWeb(Object(Config\Paths))
INFO - 2024-12-19 06:27:34 --> Session: Class initialized using 'CodeIgniter\Session\Handlers\FileHandler' driver.
WARNING - 2024-12-19 06:27:34 --> [DEPRECATED] Creation of dynamic property IonAuth\Models\IonAuthModel::$join is deprecated in FCPATH\vendor\benedmunds\codeigniter-ion-auth\Models\IonAuthModel.php on line 231.
 1 APPPATH\Libraries\IonAuth.php(71): IonAuth\Models\IonAuthModel->__construct()
 2 APPPATH\Controllers\Home.php(12): App\Libraries\IonAuth->__construct()
 3 SYSTEMPATH\CodeIgniter.php(903): App\Controllers\Home->__construct()
 4 SYSTEMPATH\CodeIgniter.php(500): CodeIgniter\CodeIgniter->createController()
 5 SYSTEMPATH\CodeIgniter.php(355): CodeIgniter\CodeIgniter->handleRequest(null, Object(Config\Cache), false)
 6 SYSTEMPATH\Boot.php(325): CodeIgniter\CodeIgniter->run()
 7 SYSTEMPATH\Boot.php(67): CodeIgniter\Boot::runCodeIgniter(Object(CodeIgniter\CodeIgniter))
 8 FCPATH\index.php(56): CodeIgniter\Boot::bootWeb(Object(Config\Paths))
WARNING - 2024-12-19 06:27:34 --> [DEPRECATED] Creation of dynamic property IonAuth\Models\IonAuthModel::$hashMethod is deprecated in FCPATH\vendor\benedmunds\codeigniter-ion-auth\Models\IonAuthModel.php on line 234.
 1 APPPATH\Libraries\IonAuth.php(71): IonAuth\Models\IonAuthModel->__construct()
 2 APPPATH\Controllers\Home.php(12): App\Libraries\IonAuth->__construct()
 3 SYSTEMPATH\CodeIgniter.php(903): App\Controllers\Home->__construct()
 4 SYSTEMPATH\CodeIgniter.php(500): CodeIgniter\CodeIgniter->createController()
 5 SYSTEMPATH\CodeIgniter.php(355): CodeIgniter\CodeIgniter->handleRequest(null, Object(Config\Cache), false)
 6 SYSTEMPATH\Boot.php(325): CodeIgniter\CodeIgniter->run()
 7 SYSTEMPATH\Boot.php(67): CodeIgniter\Boot::runCodeIgniter(Object(CodeIgniter\CodeIgniter))
 8 FCPATH\index.php(56): CodeIgniter\Boot::bootWeb(Object(Config\Paths))
WARNING - 2024-12-19 06:27:34 --> [DEPRECATED] Creation of dynamic property IonAuth\Models\IonAuthModel::$messagesTemplates is deprecated in FCPATH\vendor\benedmunds\codeigniter-ion-auth\Models\IonAuthModel.php on line 237.
 1 APPPATH\Libraries\IonAuth.php(71): IonAuth\Models\IonAuthModel->__construct()
 2 APPPATH\Controllers\Home.php(12): App\Libraries\IonAuth->__construct()
 3 SYSTEMPATH\CodeIgniter.php(903): App\Controllers\Home->__construct()
 4 SYSTEMPATH\CodeIgniter.php(500): CodeIgniter\CodeIgniter->createController()
 5 SYSTEMPATH\CodeIgniter.php(355): CodeIgniter\CodeIgniter->handleRequest(null, Object(Config\Cache), false)
 6 SYSTEMPATH\Boot.php(325): CodeIgniter\CodeIgniter->run()
 7 SYSTEMPATH\Boot.php(67): CodeIgniter\Boot::runCodeIgniter(Object(CodeIgniter\CodeIgniter))
 8 FCPATH\index.php(56): CodeIgniter\Boot::bootWeb(Object(Config\Paths))
INFO - 2024-12-19 06:27:40 --> Session: Class initialized using 'CodeIgniter\Session\Handlers\FileHandler' driver.
WARNING - 2024-12-19 06:27:40 --> [DEPRECATED] Creation of dynamic property IonAuth\Models\IonAuthModel::$join is deprecated in FCPATH\vendor\benedmunds\codeigniter-ion-auth\Models\IonAuthModel.php on line 231.
 1 APPPATH\Libraries\IonAuth.php(71): IonAuth\Models\IonAuthModel->__construct()
 2 APPPATH\Controllers\Home.php(12): App\Libraries\IonAuth->__construct()
 3 SYSTEMPATH\CodeIgniter.php(903): App\Controllers\Home->__construct()
 4 SYSTEMPATH\CodeIgniter.php(500): CodeIgniter\CodeIgniter->createController()
 5 SYSTEMPATH\CodeIgniter.php(355): CodeIgniter\CodeIgniter->handleRequest(null, Object(Config\Cache), false)
 6 SYSTEMPATH\Boot.php(325): CodeIgniter\CodeIgniter->run()
 7 SYSTEMPATH\Boot.php(67): CodeIgniter\Boot::runCodeIgniter(Object(CodeIgniter\CodeIgniter))
 8 FCPATH\index.php(56): CodeIgniter\Boot::bootWeb(Object(Config\Paths))
WARNING - 2024-12-19 06:27:40 --> [DEPRECATED] Creation of dynamic property IonAuth\Models\IonAuthModel::$hashMethod is deprecated in FCPATH\vendor\benedmunds\codeigniter-ion-auth\Models\IonAuthModel.php on line 234.
 1 APPPATH\Libraries\IonAuth.php(71): IonAuth\Models\IonAuthModel->__construct()
 2 APPPATH\Controllers\Home.php(12): App\Libraries\IonAuth->__construct()
 3 SYSTEMPATH\CodeIgniter.php(903): App\Controllers\Home->__construct()
 4 SYSTEMPATH\CodeIgniter.php(500): CodeIgniter\CodeIgniter->createController()
 5 SYSTEMPATH\CodeIgniter.php(355): CodeIgniter\CodeIgniter->handleRequest(null, Object(Config\Cache), false)
 6 SYSTEMPATH\Boot.php(325): CodeIgniter\CodeIgniter->run()
 7 SYSTEMPATH\Boot.php(67): CodeIgniter\Boot::runCodeIgniter(Object(CodeIgniter\CodeIgniter))
 8 FCPATH\index.php(56): CodeIgniter\Boot::bootWeb(Object(Config\Paths))
WARNING - 2024-12-19 06:27:40 --> [DEPRECATED] Creation of dynamic property IonAuth\Models\IonAuthModel::$messagesTemplates is deprecated in FCPATH\vendor\benedmunds\codeigniter-ion-auth\Models\IonAuthModel.php on line 237.
 1 APPPATH\Libraries\IonAuth.php(71): IonAuth\Models\IonAuthModel->__construct()
 2 APPPATH\Controllers\Home.php(12): App\Libraries\IonAuth->__construct()
 3 SYSTEMPATH\CodeIgniter.php(903): App\Controllers\Home->__construct()
 4 SYSTEMPATH\CodeIgniter.php(500): CodeIgniter\CodeIgniter->createController()
 5 SYSTEMPATH\CodeIgniter.php(355): CodeIgniter\CodeIgniter->handleRequest(null, Object(Config\Cache), false)
 6 SYSTEMPATH\Boot.php(325): CodeIgniter\CodeIgniter->run()
 7 SYSTEMPATH\Boot.php(67): CodeIgniter\Boot::runCodeIgniter(Object(CodeIgniter\CodeIgniter))
 8 FCPATH\index.php(56): CodeIgniter\Boot::bootWeb(Object(Config\Paths))
INFO - 2024-12-19 06:30:10 --> Session: Class initialized using 'CodeIgniter\Session\Handlers\FileHandler' driver.
WARNING - 2024-12-19 06:30:10 --> [DEPRECATED] Creation of dynamic property IonAuth\Models\IonAuthModel::$join is deprecated in FCPATH\vendor\benedmunds\codeigniter-ion-auth\Models\IonAuthModel.php on line 231.
 1 APPPATH\Libraries\IonAuth.php(71): IonAuth\Models\IonAuthModel->__construct()
 2 APPPATH\Controllers\Home.php(12): App\Libraries\IonAuth->__construct()
 3 SYSTEMPATH\CodeIgniter.php(903): App\Controllers\Home->__construct()
 4 SYSTEMPATH\CodeIgniter.php(500): CodeIgniter\CodeIgniter->createController()
 5 SYSTEMPATH\CodeIgniter.php(355): CodeIgniter\CodeIgniter->handleRequest(null, Object(Config\Cache), false)
 6 SYSTEMPATH\Boot.php(325): CodeIgniter\CodeIgniter->run()
 7 SYSTEMPATH\Boot.php(67): CodeIgniter\Boot::runCodeIgniter(Object(CodeIgniter\CodeIgniter))
 8 FCPATH\index.php(56): CodeIgniter\Boot::bootWeb(Object(Config\Paths))
WARNING - 2024-12-19 06:30:10 --> [DEPRECATED] Creation of dynamic property IonAuth\Models\IonAuthModel::$hashMethod is deprecated in FCPATH\vendor\benedmunds\codeigniter-ion-auth\Models\IonAuthModel.php on line 234.
 1 APPPATH\Libraries\IonAuth.php(71): IonAuth\Models\IonAuthModel->__construct()
 2 APPPATH\Controllers\Home.php(12): App\Libraries\IonAuth->__construct()
 3 SYSTEMPATH\CodeIgniter.php(903): App\Controllers\Home->__construct()
 4 SYSTEMPATH\CodeIgniter.php(500): CodeIgniter\CodeIgniter->createController()
 5 SYSTEMPATH\CodeIgniter.php(355): CodeIgniter\CodeIgniter->handleRequest(null, Object(Config\Cache), false)
 6 SYSTEMPATH\Boot.php(325): CodeIgniter\CodeIgniter->run()
 7 SYSTEMPATH\Boot.php(67): CodeIgniter\Boot::runCodeIgniter(Object(CodeIgniter\CodeIgniter))
 8 FCPATH\index.php(56): CodeIgniter\Boot::bootWeb(Object(Config\Paths))
WARNING - 2024-12-19 06:30:10 --> [DEPRECATED] Creation of dynamic property IonAuth\Models\IonAuthModel::$messagesTemplates is deprecated in FCPATH\vendor\benedmunds\codeigniter-ion-auth\Models\IonAuthModel.php on line 237.
 1 APPPATH\Libraries\IonAuth.php(71): IonAuth\Models\IonAuthModel->__construct()
 2 APPPATH\Controllers\Home.php(12): App\Libraries\IonAuth->__construct()
 3 SYSTEMPATH\CodeIgniter.php(903): App\Controllers\Home->__construct()
 4 SYSTEMPATH\CodeIgniter.php(500): CodeIgniter\CodeIgniter->createController()
 5 SYSTEMPATH\CodeIgniter.php(355): CodeIgniter\CodeIgniter->handleRequest(null, Object(Config\Cache), false)
 6 SYSTEMPATH\Boot.php(325): CodeIgniter\CodeIgniter->run()
 7 SYSTEMPATH\Boot.php(67): CodeIgniter\Boot::runCodeIgniter(Object(CodeIgniter\CodeIgniter))
 8 FCPATH\index.php(56): CodeIgniter\Boot::bootWeb(Object(Config\Paths))
INFO - 2024-12-19 06:30:22 --> Session: Class initialized using 'CodeIgniter\Session\Handlers\FileHandler' driver.
WARNING - 2024-12-19 06:30:22 --> [DEPRECATED] Creation of dynamic property IonAuth\Models\IonAuthModel::$join is deprecated in FCPATH\vendor\benedmunds\codeigniter-ion-auth\Models\IonAuthModel.php on line 231.
 1 APPPATH\Libraries\IonAuth.php(71): IonAuth\Models\IonAuthModel->__construct()
 2 APPPATH\Controllers\Home.php(12): App\Libraries\IonAuth->__construct()
 3 SYSTEMPATH\CodeIgniter.php(903): App\Controllers\Home->__construct()
 4 SYSTEMPATH\CodeIgniter.php(500): CodeIgniter\CodeIgniter->createController()
 5 SYSTEMPATH\CodeIgniter.php(355): CodeIgniter\CodeIgniter->handleRequest(null, Object(Config\Cache), false)
 6 SYSTEMPATH\Boot.php(325): CodeIgniter\CodeIgniter->run()
 7 SYSTEMPATH\Boot.php(67): CodeIgniter\Boot::runCodeIgniter(Object(CodeIgniter\CodeIgniter))
 8 FCPATH\index.php(56): CodeIgniter\Boot::bootWeb(Object(Config\Paths))
WARNING - 2024-12-19 06:30:22 --> [DEPRECATED] Creation of dynamic property IonAuth\Models\IonAuthModel::$hashMethod is deprecated in FCPATH\vendor\benedmunds\codeigniter-ion-auth\Models\IonAuthModel.php on line 234.
 1 APPPATH\Libraries\IonAuth.php(71): IonAuth\Models\IonAuthModel->__construct()
 2 APPPATH\Controllers\Home.php(12): App\Libraries\IonAuth->__construct()
 3 SYSTEMPATH\CodeIgniter.php(903): App\Controllers\Home->__construct()
 4 SYSTEMPATH\CodeIgniter.php(500): CodeIgniter\CodeIgniter->createController()
 5 SYSTEMPATH\CodeIgniter.php(355): CodeIgniter\CodeIgniter->handleRequest(null, Object(Config\Cache), false)
 6 SYSTEMPATH\Boot.php(325): CodeIgniter\CodeIgniter->run()
 7 SYSTEMPATH\Boot.php(67): CodeIgniter\Boot::runCodeIgniter(Object(CodeIgniter\CodeIgniter))
 8 FCPATH\index.php(56): CodeIgniter\Boot::bootWeb(Object(Config\Paths))
WARNING - 2024-12-19 06:30:22 --> [DEPRECATED] Creation of dynamic property IonAuth\Models\IonAuthModel::$messagesTemplates is deprecated in FCPATH\vendor\benedmunds\codeigniter-ion-auth\Models\IonAuthModel.php on line 237.
 1 APPPATH\Libraries\IonAuth.php(71): IonAuth\Models\IonAuthModel->__construct()
 2 APPPATH\Controllers\Home.php(12): App\Libraries\IonAuth->__construct()
 3 SYSTEMPATH\CodeIgniter.php(903): App\Controllers\Home->__construct()
 4 SYSTEMPATH\CodeIgniter.php(500): CodeIgniter\CodeIgniter->createController()
 5 SYSTEMPATH\CodeIgniter.php(355): CodeIgniter\CodeIgniter->handleRequest(null, Object(Config\Cache), false)
 6 SYSTEMPATH\Boot.php(325): CodeIgniter\CodeIgniter->run()
 7 SYSTEMPATH\Boot.php(67): CodeIgniter\Boot::runCodeIgniter(Object(CodeIgniter\CodeIgniter))
 8 FCPATH\index.php(56): CodeIgniter\Boot::bootWeb(Object(Config\Paths))
INFO - 2024-12-19 06:30:34 --> Session: Class initialized using 'CodeIgniter\Session\Handlers\FileHandler' driver.
WARNING - 2024-12-19 06:30:34 --> [DEPRECATED] Creation of dynamic property IonAuth\Libraries\IonAuth::$session is deprecated in FCPATH\vendor\benedmunds\codeigniter-ion-auth\Libraries\IonAuth.php on line 65.
 1 APPPATH\Controllers\Login.php(13): IonAuth\Libraries\IonAuth->__construct()
 2 SYSTEMPATH\CodeIgniter.php(903): App\Controllers\Login->__construct()
 3 SYSTEMPATH\CodeIgniter.php(500): CodeIgniter\CodeIgniter->createController()
 4 SYSTEMPATH\CodeIgniter.php(355): CodeIgniter\CodeIgniter->handleRequest(null, Object(Config\Cache), false)
 5 SYSTEMPATH\Boot.php(325): CodeIgniter\CodeIgniter->run()
 6 SYSTEMPATH\Boot.php(67): CodeIgniter\Boot::runCodeIgniter(Object(CodeIgniter\CodeIgniter))
 7 FCPATH\index.php(56): CodeIgniter\Boot::bootWeb(Object(Config\Paths))
WARNING - 2024-12-19 06:30:34 --> [DEPRECATED] Creation of dynamic property IonAuth\Models\IonAuthModel::$join is deprecated in FCPATH\vendor\benedmunds\codeigniter-ion-auth\Models\IonAuthModel.php on line 231.
 1 FCPATH\vendor\benedmunds\codeigniter-ion-auth\Libraries\IonAuth.php(67): IonAuth\Models\IonAuthModel->__construct()
 2 APPPATH\Controllers\Login.php(13): IonAuth\Libraries\IonAuth->__construct()
 3 SYSTEMPATH\CodeIgniter.php(903): App\Controllers\Login->__construct()
 4 SYSTEMPATH\CodeIgniter.php(500): CodeIgniter\CodeIgniter->createController()
 5 SYSTEMPATH\CodeIgniter.php(355): CodeIgniter\CodeIgniter->handleRequest(null, Object(Config\Cache), false)
 6 SYSTEMPATH\Boot.php(325): CodeIgniter\CodeIgniter->run()
 7 SYSTEMPATH\Boot.php(67): CodeIgniter\Boot::runCodeIgniter(Object(CodeIgniter\CodeIgniter))
 8 FCPATH\index.php(56): CodeIgniter\Boot::bootWeb(Object(Config\Paths))
WARNING - 2024-12-19 06:30:34 --> [DEPRECATED] Creation of dynamic property IonAuth\Models\IonAuthModel::$hashMethod is deprecated in FCPATH\vendor\benedmunds\codeigniter-ion-auth\Models\IonAuthModel.php on line 234.
 1 FCPATH\vendor\benedmunds\codeigniter-ion-auth\Libraries\IonAuth.php(67): IonAuth\Models\IonAuthModel->__construct()
 2 APPPATH\Controllers\Login.php(13): IonAuth\Libraries\IonAuth->__construct()
 3 SYSTEMPATH\CodeIgniter.php(903): App\Controllers\Login->__construct()
 4 SYSTEMPATH\CodeIgniter.php(500): CodeIgniter\CodeIgniter->createController()
 5 SYSTEMPATH\CodeIgniter.php(355): CodeIgniter\CodeIgniter->handleRequest(null, Object(Config\Cache), false)
 6 SYSTEMPATH\Boot.php(325): CodeIgniter\CodeIgniter->run()
 7 SYSTEMPATH\Boot.php(67): CodeIgniter\Boot::runCodeIgniter(Object(CodeIgniter\CodeIgniter))
 8 FCPATH\index.php(56): CodeIgniter\Boot::bootWeb(Object(Config\Paths))
WARNING - 2024-12-19 06:30:34 --> [DEPRECATED] Creation of dynamic property IonAuth\Models\IonAuthModel::$messagesTemplates is deprecated in FCPATH\vendor\benedmunds\codeigniter-ion-auth\Models\IonAuthModel.php on line 237.
 1 FCPATH\vendor\benedmunds\codeigniter-ion-auth\Libraries\IonAuth.php(67): IonAuth\Models\IonAuthModel->__construct()
 2 APPPATH\Controllers\Login.php(13): IonAuth\Libraries\IonAuth->__construct()
 3 SYSTEMPATH\CodeIgniter.php(903): App\Controllers\Login->__construct()
 4 SYSTEMPATH\CodeIgniter.php(500): CodeIgniter\CodeIgniter->createController()
 5 SYSTEMPATH\CodeIgniter.php(355): CodeIgniter\CodeIgniter->handleRequest(null, Object(Config\Cache), false)
 6 SYSTEMPATH\Boot.php(325): CodeIgniter\CodeIgniter->run()
 7 SYSTEMPATH\Boot.php(67): CodeIgniter\Boot::runCodeIgniter(Object(CodeIgniter\CodeIgniter))
 8 FCPATH\index.php(56): CodeIgniter\Boot::bootWeb(Object(Config\Paths))
INFO - 2024-12-19 06:32:03 --> Session: Class initialized using 'CodeIgniter\Session\Handlers\FileHandler' driver.
WARNING - 2024-12-19 06:32:03 --> [DEPRECATED] Creation of dynamic property IonAuth\Libraries\IonAuth::$session is deprecated in FCPATH\vendor\benedmunds\codeigniter-ion-auth\Libraries\IonAuth.php on line 65.
 1 APPPATH\Controllers\Login.php(13): IonAuth\Libraries\IonAuth->__construct()
 2 SYSTEMPATH\CodeIgniter.php(903): App\Controllers\Login->__construct()
 3 SYSTEMPATH\CodeIgniter.php(500): CodeIgniter\CodeIgniter->createController()
 4 SYSTEMPATH\CodeIgniter.php(355): CodeIgniter\CodeIgniter->handleRequest(null, Object(Config\Cache), false)
 5 SYSTEMPATH\Boot.php(325): CodeIgniter\CodeIgniter->run()
 6 SYSTEMPATH\Boot.php(67): CodeIgniter\Boot::runCodeIgniter(Object(CodeIgniter\CodeIgniter))
 7 FCPATH\index.php(56): CodeIgniter\Boot::bootWeb(Object(Config\Paths))
WARNING - 2024-12-19 06:32:03 --> [DEPRECATED] Creation of dynamic property IonAuth\Models\IonAuthModel::$join is deprecated in FCPATH\vendor\benedmunds\codeigniter-ion-auth\Models\IonAuthModel.php on line 231.
 1 FCPATH\vendor\benedmunds\codeigniter-ion-auth\Libraries\IonAuth.php(67): IonAuth\Models\IonAuthModel->__construct()
 2 APPPATH\Controllers\Login.php(13): IonAuth\Libraries\IonAuth->__construct()
 3 SYSTEMPATH\CodeIgniter.php(903): App\Controllers\Login->__construct()
 4 SYSTEMPATH\CodeIgniter.php(500): CodeIgniter\CodeIgniter->createController()
 5 SYSTEMPATH\CodeIgniter.php(355): CodeIgniter\CodeIgniter->handleRequest(null, Object(Config\Cache), false)
 6 SYSTEMPATH\Boot.php(325): CodeIgniter\CodeIgniter->run()
 7 SYSTEMPATH\Boot.php(67): CodeIgniter\Boot::runCodeIgniter(Object(CodeIgniter\CodeIgniter))
 8 FCPATH\index.php(56): CodeIgniter\Boot::bootWeb(Object(Config\Paths))
WARNING - 2024-12-19 06:32:03 --> [DEPRECATED] Creation of dynamic property IonAuth\Models\IonAuthModel::$hashMethod is deprecated in FCPATH\vendor\benedmunds\codeigniter-ion-auth\Models\IonAuthModel.php on line 234.
 1 FCPATH\vendor\benedmunds\codeigniter-ion-auth\Libraries\IonAuth.php(67): IonAuth\Models\IonAuthModel->__construct()
 2 APPPATH\Controllers\Login.php(13): IonAuth\Libraries\IonAuth->__construct()
 3 SYSTEMPATH\CodeIgniter.php(903): App\Controllers\Login->__construct()
 4 SYSTEMPATH\CodeIgniter.php(500): CodeIgniter\CodeIgniter->createController()
 5 SYSTEMPATH\CodeIgniter.php(355): CodeIgniter\CodeIgniter->handleRequest(null, Object(Config\Cache), false)
 6 SYSTEMPATH\Boot.php(325): CodeIgniter\CodeIgniter->run()
 7 SYSTEMPATH\Boot.php(67): CodeIgniter\Boot::runCodeIgniter(Object(CodeIgniter\CodeIgniter))
 8 FCPATH\index.php(56): CodeIgniter\Boot::bootWeb(Object(Config\Paths))
WARNING - 2024-12-19 06:32:03 --> [DEPRECATED] Creation of dynamic property IonAuth\Models\IonAuthModel::$messagesTemplates is deprecated in FCPATH\vendor\benedmunds\codeigniter-ion-auth\Models\IonAuthModel.php on line 237.
 1 FCPATH\vendor\benedmunds\codeigniter-ion-auth\Libraries\IonAuth.php(67): IonAuth\Models\IonAuthModel->__construct()
 2 APPPATH\Controllers\Login.php(13): IonAuth\Libraries\IonAuth->__construct()
 3 SYSTEMPATH\CodeIgniter.php(903): App\Controllers\Login->__construct()
 4 SYSTEMPATH\CodeIgniter.php(500): CodeIgniter\CodeIgniter->createController()
 5 SYSTEMPATH\CodeIgniter.php(355): CodeIgniter\CodeIgniter->handleRequest(null, Object(Config\Cache), false)
 6 SYSTEMPATH\Boot.php(325): CodeIgniter\CodeIgniter->run()
 7 SYSTEMPATH\Boot.php(67): CodeIgniter\Boot::runCodeIgniter(Object(CodeIgniter\CodeIgniter))
 8 FCPATH\index.php(56): CodeIgniter\Boot::bootWeb(Object(Config\Paths))
INFO - 2024-12-19 06:32:05 --> Session: Class initialized using 'CodeIgniter\Session\Handlers\FileHandler' driver.
WARNING - 2024-12-19 06:32:05 --> [DEPRECATED] Creation of dynamic property IonAuth\Models\IonAuthModel::$join is deprecated in FCPATH\vendor\benedmunds\codeigniter-ion-auth\Models\IonAuthModel.php on line 231.
 1 APPPATH\Libraries\IonAuth.php(71): IonAuth\Models\IonAuthModel->__construct()
 2 APPPATH\Controllers\Home.php(12): App\Libraries\IonAuth->__construct()
 3 SYSTEMPATH\CodeIgniter.php(903): App\Controllers\Home->__construct()
 4 SYSTEMPATH\CodeIgniter.php(500): CodeIgniter\CodeIgniter->createController()
 5 SYSTEMPATH\CodeIgniter.php(355): CodeIgniter\CodeIgniter->handleRequest(null, Object(Config\Cache), false)
 6 SYSTEMPATH\Boot.php(325): CodeIgniter\CodeIgniter->run()
 7 SYSTEMPATH\Boot.php(67): CodeIgniter\Boot::runCodeIgniter(Object(CodeIgniter\CodeIgniter))
 8 FCPATH\index.php(56): CodeIgniter\Boot::bootWeb(Object(Config\Paths))
WARNING - 2024-12-19 06:32:05 --> [DEPRECATED] Creation of dynamic property IonAuth\Models\IonAuthModel::$hashMethod is deprecated in FCPATH\vendor\benedmunds\codeigniter-ion-auth\Models\IonAuthModel.php on line 234.
 1 APPPATH\Libraries\IonAuth.php(71): IonAuth\Models\IonAuthModel->__construct()
 2 APPPATH\Controllers\Home.php(12): App\Libraries\IonAuth->__construct()
 3 SYSTEMPATH\CodeIgniter.php(903): App\Controllers\Home->__construct()
 4 SYSTEMPATH\CodeIgniter.php(500): CodeIgniter\CodeIgniter->createController()
 5 SYSTEMPATH\CodeIgniter.php(355): CodeIgniter\CodeIgniter->handleRequest(null, Object(Config\Cache), false)
 6 SYSTEMPATH\Boot.php(325): CodeIgniter\CodeIgniter->run()
 7 SYSTEMPATH\Boot.php(67): CodeIgniter\Boot::runCodeIgniter(Object(CodeIgniter\CodeIgniter))
 8 FCPATH\index.php(56): CodeIgniter\Boot::bootWeb(Object(Config\Paths))
WARNING - 2024-12-19 06:32:05 --> [DEPRECATED] Creation of dynamic property IonAuth\Models\IonAuthModel::$messagesTemplates is deprecated in FCPATH\vendor\benedmunds\codeigniter-ion-auth\Models\IonAuthModel.php on line 237.
 1 APPPATH\Libraries\IonAuth.php(71): IonAuth\Models\IonAuthModel->__construct()
 2 APPPATH\Controllers\Home.php(12): App\Libraries\IonAuth->__construct()
 3 SYSTEMPATH\CodeIgniter.php(903): App\Controllers\Home->__construct()
 4 SYSTEMPATH\CodeIgniter.php(500): CodeIgniter\CodeIgniter->createController()
 5 SYSTEMPATH\CodeIgniter.php(355): CodeIgniter\CodeIgniter->handleRequest(null, Object(Config\Cache), false)
 6 SYSTEMPATH\Boot.php(325): CodeIgniter\CodeIgniter->run()
 7 SYSTEMPATH\Boot.php(67): CodeIgniter\Boot::runCodeIgniter(Object(CodeIgniter\CodeIgniter))
 8 FCPATH\index.php(56): CodeIgniter\Boot::bootWeb(Object(Config\Paths))
INFO - 2024-12-19 06:32:10 --> Session: Class initialized using 'CodeIgniter\Session\Handlers\FileHandler' driver.
WARNING - 2024-12-19 06:32:10 --> [DEPRECATED] Creation of dynamic property IonAuth\Models\IonAuthModel::$join is deprecated in FCPATH\vendor\benedmunds\codeigniter-ion-auth\Models\IonAuthModel.php on line 231.
 1 APPPATH\Libraries\IonAuth.php(71): IonAuth\Models\IonAuthModel->__construct()
 2 APPPATH\Controllers\Home.php(12): App\Libraries\IonAuth->__construct()
 3 SYSTEMPATH\CodeIgniter.php(903): App\Controllers\Home->__construct()
 4 SYSTEMPATH\CodeIgniter.php(500): CodeIgniter\CodeIgniter->createController()
 5 SYSTEMPATH\CodeIgniter.php(355): CodeIgniter\CodeIgniter->handleRequest(null, Object(Config\Cache), false)
 6 SYSTEMPATH\Boot.php(325): CodeIgniter\CodeIgniter->run()
 7 SYSTEMPATH\Boot.php(67): CodeIgniter\Boot::runCodeIgniter(Object(CodeIgniter\CodeIgniter))
 8 FCPATH\index.php(56): CodeIgniter\Boot::bootWeb(Object(Config\Paths))
WARNING - 2024-12-19 06:32:10 --> [DEPRECATED] Creation of dynamic property IonAuth\Models\IonAuthModel::$hashMethod is deprecated in FCPATH\vendor\benedmunds\codeigniter-ion-auth\Models\IonAuthModel.php on line 234.
 1 APPPATH\Libraries\IonAuth.php(71): IonAuth\Models\IonAuthModel->__construct()
 2 APPPATH\Controllers\Home.php(12): App\Libraries\IonAuth->__construct()
 3 SYSTEMPATH\CodeIgniter.php(903): App\Controllers\Home->__construct()
 4 SYSTEMPATH\CodeIgniter.php(500): CodeIgniter\CodeIgniter->createController()
 5 SYSTEMPATH\CodeIgniter.php(355): CodeIgniter\CodeIgniter->handleRequest(null, Object(Config\Cache), false)
 6 SYSTEMPATH\Boot.php(325): CodeIgniter\CodeIgniter->run()
 7 SYSTEMPATH\Boot.php(67): CodeIgniter\Boot::runCodeIgniter(Object(CodeIgniter\CodeIgniter))
 8 FCPATH\index.php(56): CodeIgniter\Boot::bootWeb(Object(Config\Paths))
WARNING - 2024-12-19 06:32:10 --> [DEPRECATED] Creation of dynamic property IonAuth\Models\IonAuthModel::$messagesTemplates is deprecated in FCPATH\vendor\benedmunds\codeigniter-ion-auth\Models\IonAuthModel.php on line 237.
 1 APPPATH\Libraries\IonAuth.php(71): IonAuth\Models\IonAuthModel->__construct()
 2 APPPATH\Controllers\Home.php(12): App\Libraries\IonAuth->__construct()
 3 SYSTEMPATH\CodeIgniter.php(903): App\Controllers\Home->__construct()
 4 SYSTEMPATH\CodeIgniter.php(500): CodeIgniter\CodeIgniter->createController()
 5 SYSTEMPATH\CodeIgniter.php(355): CodeIgniter\CodeIgniter->handleRequest(null, Object(Config\Cache), false)
 6 SYSTEMPATH\Boot.php(325): CodeIgniter\CodeIgniter->run()
 7 SYSTEMPATH\Boot.php(67): CodeIgniter\Boot::runCodeIgniter(Object(CodeIgniter\CodeIgniter))
 8 FCPATH\index.php(56): CodeIgniter\Boot::bootWeb(Object(Config\Paths))
INFO - 2024-12-19 06:33:41 --> Session: Class initialized using 'CodeIgniter\Session\Handlers\FileHandler' driver.
WARNING - 2024-12-19 06:33:41 --> [DEPRECATED] Creation of dynamic property IonAuth\Models\IonAuthModel::$join is deprecated in FCPATH\vendor\benedmunds\codeigniter-ion-auth\Models\IonAuthModel.php on line 231.
 1 APPPATH\Libraries\IonAuth.php(71): IonAuth\Models\IonAuthModel->__construct()
 2 APPPATH\Controllers\Auth.php(77): App\Libraries\IonAuth->__construct()
 3 SYSTEMPATH\CodeIgniter.php(903): App\Controllers\Auth->__construct()
 4 SYSTEMPATH\CodeIgniter.php(500): CodeIgniter\CodeIgniter->createController()
 5 SYSTEMPATH\CodeIgniter.php(355): CodeIgniter\CodeIgniter->handleRequest(null, Object(Config\Cache), false)
 6 SYSTEMPATH\Boot.php(325): CodeIgniter\CodeIgniter->run()
 7 SYSTEMPATH\Boot.php(67): CodeIgniter\Boot::runCodeIgniter(Object(CodeIgniter\CodeIgniter))
 8 FCPATH\index.php(56): CodeIgniter\Boot::bootWeb(Object(Config\Paths))
WARNING - 2024-12-19 06:33:41 --> [DEPRECATED] Creation of dynamic property IonAuth\Models\IonAuthModel::$hashMethod is deprecated in FCPATH\vendor\benedmunds\codeigniter-ion-auth\Models\IonAuthModel.php on line 234.
 1 APPPATH\Libraries\IonAuth.php(71): IonAuth\Models\IonAuthModel->__construct()
 2 APPPATH\Controllers\Auth.php(77): App\Libraries\IonAuth->__construct()
 3 SYSTEMPATH\CodeIgniter.php(903): App\Controllers\Auth->__construct()
 4 SYSTEMPATH\CodeIgniter.php(500): CodeIgniter\CodeIgniter->createController()
 5 SYSTEMPATH\CodeIgniter.php(355): CodeIgniter\CodeIgniter->handleRequest(null, Object(Config\Cache), false)
 6 SYSTEMPATH\Boot.php(325): CodeIgniter\CodeIgniter->run()
 7 SYSTEMPATH\Boot.php(67): CodeIgniter\Boot::runCodeIgniter(Object(CodeIgniter\CodeIgniter))
 8 FCPATH\index.php(56): CodeIgniter\Boot::bootWeb(Object(Config\Paths))
WARNING - 2024-12-19 06:33:41 --> [DEPRECATED] Creation of dynamic property IonAuth\Models\IonAuthModel::$messagesTemplates is deprecated in FCPATH\vendor\benedmunds\codeigniter-ion-auth\Models\IonAuthModel.php on line 237.
 1 APPPATH\Libraries\IonAuth.php(71): IonAuth\Models\IonAuthModel->__construct()
 2 APPPATH\Controllers\Auth.php(77): App\Libraries\IonAuth->__construct()
 3 SYSTEMPATH\CodeIgniter.php(903): App\Controllers\Auth->__construct()
 4 SYSTEMPATH\CodeIgniter.php(500): CodeIgniter\CodeIgniter->createController()
 5 SYSTEMPATH\CodeIgniter.php(355): CodeIgniter\CodeIgniter->handleRequest(null, Object(Config\Cache), false)
 6 SYSTEMPATH\Boot.php(325): CodeIgniter\CodeIgniter->run()
 7 SYSTEMPATH\Boot.php(67): CodeIgniter\Boot::runCodeIgniter(Object(CodeIgniter\CodeIgniter))
 8 FCPATH\index.php(56): CodeIgniter\Boot::bootWeb(Object(Config\Paths))
INFO - 2024-12-19 06:33:42 --> Session: Class initialized using 'CodeIgniter\Session\Handlers\FileHandler' driver.
WARNING - 2024-12-19 06:33:42 --> [DEPRECATED] Creation of dynamic property IonAuth\Libraries\IonAuth::$session is deprecated in FCPATH\vendor\benedmunds\codeigniter-ion-auth\Libraries\IonAuth.php on line 65.
 1 APPPATH\Controllers\Login.php(13): IonAuth\Libraries\IonAuth->__construct()
 2 SYSTEMPATH\CodeIgniter.php(903): App\Controllers\Login->__construct()
 3 SYSTEMPATH\CodeIgniter.php(500): CodeIgniter\CodeIgniter->createController()
 4 SYSTEMPATH\CodeIgniter.php(355): CodeIgniter\CodeIgniter->handleRequest(null, Object(Config\Cache), false)
 5 SYSTEMPATH\Boot.php(325): CodeIgniter\CodeIgniter->run()
 6 SYSTEMPATH\Boot.php(67): CodeIgniter\Boot::runCodeIgniter(Object(CodeIgniter\CodeIgniter))
 7 FCPATH\index.php(56): CodeIgniter\Boot::bootWeb(Object(Config\Paths))
WARNING - 2024-12-19 06:33:42 --> [DEPRECATED] Creation of dynamic property IonAuth\Models\IonAuthModel::$join is deprecated in FCPATH\vendor\benedmunds\codeigniter-ion-auth\Models\IonAuthModel.php on line 231.
 1 FCPATH\vendor\benedmunds\codeigniter-ion-auth\Libraries\IonAuth.php(67): IonAuth\Models\IonAuthModel->__construct()
 2 APPPATH\Controllers\Login.php(13): IonAuth\Libraries\IonAuth->__construct()
 3 SYSTEMPATH\CodeIgniter.php(903): App\Controllers\Login->__construct()
 4 SYSTEMPATH\CodeIgniter.php(500): CodeIgniter\CodeIgniter->createController()
 5 SYSTEMPATH\CodeIgniter.php(355): CodeIgniter\CodeIgniter->handleRequest(null, Object(Config\Cache), false)
 6 SYSTEMPATH\Boot.php(325): CodeIgniter\CodeIgniter->run()
 7 SYSTEMPATH\Boot.php(67): CodeIgniter\Boot::runCodeIgniter(Object(CodeIgniter\CodeIgniter))
 8 FCPATH\index.php(56): CodeIgniter\Boot::bootWeb(Object(Config\Paths))
WARNING - 2024-12-19 06:33:42 --> [DEPRECATED] Creation of dynamic property IonAuth\Models\IonAuthModel::$hashMethod is deprecated in FCPATH\vendor\benedmunds\codeigniter-ion-auth\Models\IonAuthModel.php on line 234.
 1 FCPATH\vendor\benedmunds\codeigniter-ion-auth\Libraries\IonAuth.php(67): IonAuth\Models\IonAuthModel->__construct()
 2 APPPATH\Controllers\Login.php(13): IonAuth\Libraries\IonAuth->__construct()
 3 SYSTEMPATH\CodeIgniter.php(903): App\Controllers\Login->__construct()
 4 SYSTEMPATH\CodeIgniter.php(500): CodeIgniter\CodeIgniter->createController()
 5 SYSTEMPATH\CodeIgniter.php(355): CodeIgniter\CodeIgniter->handleRequest(null, Object(Config\Cache), false)
 6 SYSTEMPATH\Boot.php(325): CodeIgniter\CodeIgniter->run()
 7 SYSTEMPATH\Boot.php(67): CodeIgniter\Boot::runCodeIgniter(Object(CodeIgniter\CodeIgniter))
 8 FCPATH\index.php(56): CodeIgniter\Boot::bootWeb(Object(Config\Paths))
WARNING - 2024-12-19 06:33:42 --> [DEPRECATED] Creation of dynamic property IonAuth\Models\IonAuthModel::$messagesTemplates is deprecated in FCPATH\vendor\benedmunds\codeigniter-ion-auth\Models\IonAuthModel.php on line 237.
 1 FCPATH\vendor\benedmunds\codeigniter-ion-auth\Libraries\IonAuth.php(67): IonAuth\Models\IonAuthModel->__construct()
 2 APPPATH\Controllers\Login.php(13): IonAuth\Libraries\IonAuth->__construct()
 3 SYSTEMPATH\CodeIgniter.php(903): App\Controllers\Login->__construct()
 4 SYSTEMPATH\CodeIgniter.php(500): CodeIgniter\CodeIgniter->createController()
 5 SYSTEMPATH\CodeIgniter.php(355): CodeIgniter\CodeIgniter->handleRequest(null, Object(Config\Cache), false)
 6 SYSTEMPATH\Boot.php(325): CodeIgniter\CodeIgniter->run()
 7 SYSTEMPATH\Boot.php(67): CodeIgniter\Boot::runCodeIgniter(Object(CodeIgniter\CodeIgniter))
 8 FCPATH\index.php(56): CodeIgniter\Boot::bootWeb(Object(Config\Paths))
INFO - 2024-12-19 06:33:44 --> Session: Class initialized using 'CodeIgniter\Session\Handlers\FileHandler' driver.
WARNING - 2024-12-19 06:33:44 --> [DEPRECATED] Creation of dynamic property IonAuth\Libraries\IonAuth::$session is deprecated in FCPATH\vendor\benedmunds\codeigniter-ion-auth\Libraries\IonAuth.php on line 65.
 1 APPPATH\Controllers\Login.php(13): IonAuth\Libraries\IonAuth->__construct()
 2 SYSTEMPATH\CodeIgniter.php(903): App\Controllers\Login->__construct()
 3 SYSTEMPATH\CodeIgniter.php(500): CodeIgniter\CodeIgniter->createController()
 4 SYSTEMPATH\CodeIgniter.php(355): CodeIgniter\CodeIgniter->handleRequest(null, Object(Config\Cache), false)
 5 SYSTEMPATH\Boot.php(325): CodeIgniter\CodeIgniter->run()
 6 SYSTEMPATH\Boot.php(67): CodeIgniter\Boot::runCodeIgniter(Object(CodeIgniter\CodeIgniter))
 7 FCPATH\index.php(56): CodeIgniter\Boot::bootWeb(Object(Config\Paths))
WARNING - 2024-12-19 06:33:44 --> [DEPRECATED] Creation of dynamic property IonAuth\Models\IonAuthModel::$join is deprecated in FCPATH\vendor\benedmunds\codeigniter-ion-auth\Models\IonAuthModel.php on line 231.
 1 FCPATH\vendor\benedmunds\codeigniter-ion-auth\Libraries\IonAuth.php(67): IonAuth\Models\IonAuthModel->__construct()
 2 APPPATH\Controllers\Login.php(13): IonAuth\Libraries\IonAuth->__construct()
 3 SYSTEMPATH\CodeIgniter.php(903): App\Controllers\Login->__construct()
 4 SYSTEMPATH\CodeIgniter.php(500): CodeIgniter\CodeIgniter->createController()
 5 SYSTEMPATH\CodeIgniter.php(355): CodeIgniter\CodeIgniter->handleRequest(null, Object(Config\Cache), false)
 6 SYSTEMPATH\Boot.php(325): CodeIgniter\CodeIgniter->run()
 7 SYSTEMPATH\Boot.php(67): CodeIgniter\Boot::runCodeIgniter(Object(CodeIgniter\CodeIgniter))
 8 FCPATH\index.php(56): CodeIgniter\Boot::bootWeb(Object(Config\Paths))
WARNING - 2024-12-19 06:33:44 --> [DEPRECATED] Creation of dynamic property IonAuth\Models\IonAuthModel::$hashMethod is deprecated in FCPATH\vendor\benedmunds\codeigniter-ion-auth\Models\IonAuthModel.php on line 234.
 1 FCPATH\vendor\benedmunds\codeigniter-ion-auth\Libraries\IonAuth.php(67): IonAuth\Models\IonAuthModel->__construct()
 2 APPPATH\Controllers\Login.php(13): IonAuth\Libraries\IonAuth->__construct()
 3 SYSTEMPATH\CodeIgniter.php(903): App\Controllers\Login->__construct()
 4 SYSTEMPATH\CodeIgniter.php(500): CodeIgniter\CodeIgniter->createController()
 5 SYSTEMPATH\CodeIgniter.php(355): CodeIgniter\CodeIgniter->handleRequest(null, Object(Config\Cache), false)
 6 SYSTEMPATH\Boot.php(325): CodeIgniter\CodeIgniter->run()
 7 SYSTEMPATH\Boot.php(67): CodeIgniter\Boot::runCodeIgniter(Object(CodeIgniter\CodeIgniter))
 8 FCPATH\index.php(56): CodeIgniter\Boot::bootWeb(Object(Config\Paths))
WARNING - 2024-12-19 06:33:44 --> [DEPRECATED] Creation of dynamic property IonAuth\Models\IonAuthModel::$messagesTemplates is deprecated in FCPATH\vendor\benedmunds\codeigniter-ion-auth\Models\IonAuthModel.php on line 237.
 1 FCPATH\vendor\benedmunds\codeigniter-ion-auth\Libraries\IonAuth.php(67): IonAuth\Models\IonAuthModel->__construct()
 2 APPPATH\Controllers\Login.php(13): IonAuth\Libraries\IonAuth->__construct()
 3 SYSTEMPATH\CodeIgniter.php(903): App\Controllers\Login->__construct()
 4 SYSTEMPATH\CodeIgniter.php(500): CodeIgniter\CodeIgniter->createController()
 5 SYSTEMPATH\CodeIgniter.php(355): CodeIgniter\CodeIgniter->handleRequest(null, Object(Config\Cache), false)
 6 SYSTEMPATH\Boot.php(325): CodeIgniter\CodeIgniter->run()
 7 SYSTEMPATH\Boot.php(67): CodeIgniter\Boot::runCodeIgniter(Object(CodeIgniter\CodeIgniter))
 8 FCPATH\index.php(56): CodeIgniter\Boot::bootWeb(Object(Config\Paths))
INFO - 2024-12-19 06:33:49 --> Session: Class initialized using 'CodeIgniter\Session\Handlers\FileHandler' driver.
WARNING - 2024-12-19 06:33:49 --> [DEPRECATED] Creation of dynamic property IonAuth\Models\IonAuthModel::$join is deprecated in FCPATH\vendor\benedmunds\codeigniter-ion-auth\Models\IonAuthModel.php on line 231.
 1 APPPATH\Libraries\IonAuth.php(71): IonAuth\Models\IonAuthModel->__construct()
 2 APPPATH\Controllers\Auth.php(77): App\Libraries\IonAuth->__construct()
 3 SYSTEMPATH\CodeIgniter.php(903): App\Controllers\Auth->__construct()
 4 SYSTEMPATH\CodeIgniter.php(500): CodeIgniter\CodeIgniter->createController()
 5 SYSTEMPATH\CodeIgniter.php(355): CodeIgniter\CodeIgniter->handleRequest(null, Object(Config\Cache), false)
 6 SYSTEMPATH\Boot.php(325): CodeIgniter\CodeIgniter->run()
 7 SYSTEMPATH\Boot.php(67): CodeIgniter\Boot::runCodeIgniter(Object(CodeIgniter\CodeIgniter))
 8 FCPATH\index.php(56): CodeIgniter\Boot::bootWeb(Object(Config\Paths))
WARNING - 2024-12-19 06:33:49 --> [DEPRECATED] Creation of dynamic property IonAuth\Models\IonAuthModel::$hashMethod is deprecated in FCPATH\vendor\benedmunds\codeigniter-ion-auth\Models\IonAuthModel.php on line 234.
 1 APPPATH\Libraries\IonAuth.php(71): IonAuth\Models\IonAuthModel->__construct()
 2 APPPATH\Controllers\Auth.php(77): App\Libraries\IonAuth->__construct()
 3 SYSTEMPATH\CodeIgniter.php(903): App\Controllers\Auth->__construct()
 4 SYSTEMPATH\CodeIgniter.php(500): CodeIgniter\CodeIgniter->createController()
 5 SYSTEMPATH\CodeIgniter.php(355): CodeIgniter\CodeIgniter->handleRequest(null, Object(Config\Cache), false)
 6 SYSTEMPATH\Boot.php(325): CodeIgniter\CodeIgniter->run()
 7 SYSTEMPATH\Boot.php(67): CodeIgniter\Boot::runCodeIgniter(Object(CodeIgniter\CodeIgniter))
 8 FCPATH\index.php(56): CodeIgniter\Boot::bootWeb(Object(Config\Paths))
WARNING - 2024-12-19 06:33:49 --> [DEPRECATED] Creation of dynamic property IonAuth\Models\IonAuthModel::$messagesTemplates is deprecated in FCPATH\vendor\benedmunds\codeigniter-ion-auth\Models\IonAuthModel.php on line 237.
 1 APPPATH\Libraries\IonAuth.php(71): IonAuth\Models\IonAuthModel->__construct()
 2 APPPATH\Controllers\Auth.php(77): App\Libraries\IonAuth->__construct()
 3 SYSTEMPATH\CodeIgniter.php(903): App\Controllers\Auth->__construct()
 4 SYSTEMPATH\CodeIgniter.php(500): CodeIgniter\CodeIgniter->createController()
 5 SYSTEMPATH\CodeIgniter.php(355): CodeIgniter\CodeIgniter->handleRequest(null, Object(Config\Cache), false)
 6 SYSTEMPATH\Boot.php(325): CodeIgniter\CodeIgniter->run()
 7 SYSTEMPATH\Boot.php(67): CodeIgniter\Boot::runCodeIgniter(Object(CodeIgniter\CodeIgniter))
 8 FCPATH\index.php(56): CodeIgniter\Boot::bootWeb(Object(Config\Paths))
INFO - 2024-12-19 06:33:50 --> Session: Class initialized using 'CodeIgniter\Session\Handlers\FileHandler' driver.
WARNING - 2024-12-19 06:33:50 --> [DEPRECATED] Creation of dynamic property IonAuth\Libraries\IonAuth::$session is deprecated in FCPATH\vendor\benedmunds\codeigniter-ion-auth\Libraries\IonAuth.php on line 65.
 1 APPPATH\Controllers\admin\Home.php(17): IonAuth\Libraries\IonAuth->__construct()
 2 SYSTEMPATH\CodeIgniter.php(903): App\Controllers\admin\Home->__construct()
 3 SYSTEMPATH\CodeIgniter.php(500): CodeIgniter\CodeIgniter->createController()
 4 SYSTEMPATH\CodeIgniter.php(355): CodeIgniter\CodeIgniter->handleRequest(null, Object(Config\Cache), false)
 5 SYSTEMPATH\Boot.php(325): CodeIgniter\CodeIgniter->run()
 6 SYSTEMPATH\Boot.php(67): CodeIgniter\Boot::runCodeIgniter(Object(CodeIgniter\CodeIgniter))
 7 FCPATH\index.php(56): CodeIgniter\Boot::bootWeb(Object(Config\Paths))
WARNING - 2024-12-19 06:33:50 --> [DEPRECATED] Creation of dynamic property IonAuth\Models\IonAuthModel::$join is deprecated in FCPATH\vendor\benedmunds\codeigniter-ion-auth\Models\IonAuthModel.php on line 231.
 1 FCPATH\vendor\benedmunds\codeigniter-ion-auth\Libraries\IonAuth.php(67): IonAuth\Models\IonAuthModel->__construct()
 2 APPPATH\Controllers\admin\Home.php(17): IonAuth\Libraries\IonAuth->__construct()
 3 SYSTEMPATH\CodeIgniter.php(903): App\Controllers\admin\Home->__construct()
 4 SYSTEMPATH\CodeIgniter.php(500): CodeIgniter\CodeIgniter->createController()
 5 SYSTEMPATH\CodeIgniter.php(355): CodeIgniter\CodeIgniter->handleRequest(null, Object(Config\Cache), false)
 6 SYSTEMPATH\Boot.php(325): CodeIgniter\CodeIgniter->run()
 7 SYSTEMPATH\Boot.php(67): CodeIgniter\Boot::runCodeIgniter(Object(CodeIgniter\CodeIgniter))
 8 FCPATH\index.php(56): CodeIgniter\Boot::bootWeb(Object(Config\Paths))
WARNING - 2024-12-19 06:33:50 --> [DEPRECATED] Creation of dynamic property IonAuth\Models\IonAuthModel::$hashMethod is deprecated in FCPATH\vendor\benedmunds\codeigniter-ion-auth\Models\IonAuthModel.php on line 234.
 1 FCPATH\vendor\benedmunds\codeigniter-ion-auth\Libraries\IonAuth.php(67): IonAuth\Models\IonAuthModel->__construct()
 2 APPPATH\Controllers\admin\Home.php(17): IonAuth\Libraries\IonAuth->__construct()
 3 SYSTEMPATH\CodeIgniter.php(903): App\Controllers\admin\Home->__construct()
 4 SYSTEMPATH\CodeIgniter.php(500): CodeIgniter\CodeIgniter->createController()
 5 SYSTEMPATH\CodeIgniter.php(355): CodeIgniter\CodeIgniter->handleRequest(null, Object(Config\Cache), false)
 6 SYSTEMPATH\Boot.php(325): CodeIgniter\CodeIgniter->run()
 7 SYSTEMPATH\Boot.php(67): CodeIgniter\Boot::runCodeIgniter(Object(CodeIgniter\CodeIgniter))
 8 FCPATH\index.php(56): CodeIgniter\Boot::bootWeb(Object(Config\Paths))
WARNING - 2024-12-19 06:33:50 --> [DEPRECATED] Creation of dynamic property IonAuth\Models\IonAuthModel::$messagesTemplates is deprecated in FCPATH\vendor\benedmunds\codeigniter-ion-auth\Models\IonAuthModel.php on line 237.
 1 FCPATH\vendor\benedmunds\codeigniter-ion-auth\Libraries\IonAuth.php(67): IonAuth\Models\IonAuthModel->__construct()
 2 APPPATH\Controllers\admin\Home.php(17): IonAuth\Libraries\IonAuth->__construct()
 3 SYSTEMPATH\CodeIgniter.php(903): App\Controllers\admin\Home->__construct()
 4 SYSTEMPATH\CodeIgniter.php(500): CodeIgniter\CodeIgniter->createController()
 5 SYSTEMPATH\CodeIgniter.php(355): CodeIgniter\CodeIgniter->handleRequest(null, Object(Config\Cache), false)
 6 SYSTEMPATH\Boot.php(325): CodeIgniter\CodeIgniter->run()
 7 SYSTEMPATH\Boot.php(67): CodeIgniter\Boot::runCodeIgniter(Object(CodeIgniter\CodeIgniter))
 8 FCPATH\index.php(56): CodeIgniter\Boot::bootWeb(Object(Config\Paths))
INFO - 2024-12-19 06:33:51 --> Session: Class initialized using 'CodeIgniter\Session\Handlers\FileHandler' driver.
WARNING - 2024-12-19 06:33:51 --> [DEPRECATED] Creation of dynamic property IonAuth\Libraries\IonAuth::$session is deprecated in FCPATH\vendor\benedmunds\codeigniter-ion-auth\Libraries\IonAuth.php on line 65.
 1 APPPATH\Controllers\admin\Home.php(17): IonAuth\Libraries\IonAuth->__construct()
 2 SYSTEMPATH\CodeIgniter.php(903): App\Controllers\admin\Home->__construct()
 3 SYSTEMPATH\CodeIgniter.php(500): CodeIgniter\CodeIgniter->createController()
 4 SYSTEMPATH\CodeIgniter.php(355): CodeIgniter\CodeIgniter->handleRequest(null, Object(Config\Cache), false)
 5 SYSTEMPATH\Boot.php(325): CodeIgniter\CodeIgniter->run()
 6 SYSTEMPATH\Boot.php(67): CodeIgniter\Boot::runCodeIgniter(Object(CodeIgniter\CodeIgniter))
 7 FCPATH\index.php(56): CodeIgniter\Boot::bootWeb(Object(Config\Paths))
WARNING - 2024-12-19 06:33:51 --> [DEPRECATED] Creation of dynamic property IonAuth\Models\IonAuthModel::$join is deprecated in FCPATH\vendor\benedmunds\codeigniter-ion-auth\Models\IonAuthModel.php on line 231.
 1 FCPATH\vendor\benedmunds\codeigniter-ion-auth\Libraries\IonAuth.php(67): IonAuth\Models\IonAuthModel->__construct()
 2 APPPATH\Controllers\admin\Home.php(17): IonAuth\Libraries\IonAuth->__construct()
 3 SYSTEMPATH\CodeIgniter.php(903): App\Controllers\admin\Home->__construct()
 4 SYSTEMPATH\CodeIgniter.php(500): CodeIgniter\CodeIgniter->createController()
 5 SYSTEMPATH\CodeIgniter.php(355): CodeIgniter\CodeIgniter->handleRequest(null, Object(Config\Cache), false)
 6 SYSTEMPATH\Boot.php(325): CodeIgniter\CodeIgniter->run()
 7 SYSTEMPATH\Boot.php(67): CodeIgniter\Boot::runCodeIgniter(Object(CodeIgniter\CodeIgniter))
 8 FCPATH\index.php(56): CodeIgniter\Boot::bootWeb(Object(Config\Paths))
WARNING - 2024-12-19 06:33:51 --> [DEPRECATED] Creation of dynamic property IonAuth\Models\IonAuthModel::$hashMethod is deprecated in FCPATH\vendor\benedmunds\codeigniter-ion-auth\Models\IonAuthModel.php on line 234.
 1 FCPATH\vendor\benedmunds\codeigniter-ion-auth\Libraries\IonAuth.php(67): IonAuth\Models\IonAuthModel->__construct()
 2 APPPATH\Controllers\admin\Home.php(17): IonAuth\Libraries\IonAuth->__construct()
 3 SYSTEMPATH\CodeIgniter.php(903): App\Controllers\admin\Home->__construct()
 4 SYSTEMPATH\CodeIgniter.php(500): CodeIgniter\CodeIgniter->createController()
 5 SYSTEMPATH\CodeIgniter.php(355): CodeIgniter\CodeIgniter->handleRequest(null, Object(Config\Cache), false)
 6 SYSTEMPATH\Boot.php(325): CodeIgniter\CodeIgniter->run()
 7 SYSTEMPATH\Boot.php(67): CodeIgniter\Boot::runCodeIgniter(Object(CodeIgniter\CodeIgniter))
 8 FCPATH\index.php(56): CodeIgniter\Boot::bootWeb(Object(Config\Paths))
WARNING - 2024-12-19 06:33:51 --> [DEPRECATED] Creation of dynamic property IonAuth\Models\IonAuthModel::$messagesTemplates is deprecated in FCPATH\vendor\benedmunds\codeigniter-ion-auth\Models\IonAuthModel.php on line 237.
 1 FCPATH\vendor\benedmunds\codeigniter-ion-auth\Libraries\IonAuth.php(67): IonAuth\Models\IonAuthModel->__construct()
 2 APPPATH\Controllers\admin\Home.php(17): IonAuth\Libraries\IonAuth->__construct()
 3 SYSTEMPATH\CodeIgniter.php(903): App\Controllers\admin\Home->__construct()
 4 SYSTEMPATH\CodeIgniter.php(500): CodeIgniter\CodeIgniter->createController()
 5 SYSTEMPATH\CodeIgniter.php(355): CodeIgniter\CodeIgniter->handleRequest(null, Object(Config\Cache), false)
 6 SYSTEMPATH\Boot.php(325): CodeIgniter\CodeIgniter->run()
 7 SYSTEMPATH\Boot.php(67): CodeIgniter\Boot::runCodeIgniter(Object(CodeIgniter\CodeIgniter))
 8 FCPATH\index.php(56): CodeIgniter\Boot::bootWeb(Object(Config\Paths))
INFO - 2024-12-19 06:33:51 --> Session: Class initialized using 'CodeIgniter\Session\Handlers\FileHandler' driver.
WARNING - 2024-12-19 06:33:51 --> [DEPRECATED] Creation of dynamic property IonAuth\Libraries\IonAuth::$session is deprecated in FCPATH\vendor\benedmunds\codeigniter-ion-auth\Libraries\IonAuth.php on line 65.
 1 APPPATH\Controllers\admin\Home.php(17): IonAuth\Libraries\IonAuth->__construct()
 2 SYSTEMPATH\CodeIgniter.php(903): App\Controllers\admin\Home->__construct()
 3 SYSTEMPATH\CodeIgniter.php(500): CodeIgniter\CodeIgniter->createController()
 4 SYSTEMPATH\CodeIgniter.php(355): CodeIgniter\CodeIgniter->handleRequest(null, Object(Config\Cache), false)
 5 SYSTEMPATH\Boot.php(325): CodeIgniter\CodeIgniter->run()
 6 SYSTEMPATH\Boot.php(67): CodeIgniter\Boot::runCodeIgniter(Object(CodeIgniter\CodeIgniter))
 7 FCPATH\index.php(56): CodeIgniter\Boot::bootWeb(Object(Config\Paths))
WARNING - 2024-12-19 06:33:51 --> [DEPRECATED] Creation of dynamic property IonAuth\Models\IonAuthModel::$join is deprecated in FCPATH\vendor\benedmunds\codeigniter-ion-auth\Models\IonAuthModel.php on line 231.
 1 FCPATH\vendor\benedmunds\codeigniter-ion-auth\Libraries\IonAuth.php(67): IonAuth\Models\IonAuthModel->__construct()
 2 APPPATH\Controllers\admin\Home.php(17): IonAuth\Libraries\IonAuth->__construct()
 3 SYSTEMPATH\CodeIgniter.php(903): App\Controllers\admin\Home->__construct()
 4 SYSTEMPATH\CodeIgniter.php(500): CodeIgniter\CodeIgniter->createController()
 5 SYSTEMPATH\CodeIgniter.php(355): CodeIgniter\CodeIgniter->handleRequest(null, Object(Config\Cache), false)
 6 SYSTEMPATH\Boot.php(325): CodeIgniter\CodeIgniter->run()
 7 SYSTEMPATH\Boot.php(67): CodeIgniter\Boot::runCodeIgniter(Object(CodeIgniter\CodeIgniter))
 8 FCPATH\index.php(56): CodeIgniter\Boot::bootWeb(Object(Config\Paths))
WARNING - 2024-12-19 06:33:51 --> [DEPRECATED] Creation of dynamic property IonAuth\Models\IonAuthModel::$hashMethod is deprecated in FCPATH\vendor\benedmunds\codeigniter-ion-auth\Models\IonAuthModel.php on line 234.
 1 FCPATH\vendor\benedmunds\codeigniter-ion-auth\Libraries\IonAuth.php(67): IonAuth\Models\IonAuthModel->__construct()
 2 APPPATH\Controllers\admin\Home.php(17): IonAuth\Libraries\IonAuth->__construct()
 3 SYSTEMPATH\CodeIgniter.php(903): App\Controllers\admin\Home->__construct()
 4 SYSTEMPATH\CodeIgniter.php(500): CodeIgniter\CodeIgniter->createController()
 5 SYSTEMPATH\CodeIgniter.php(355): CodeIgniter\CodeIgniter->handleRequest(null, Object(Config\Cache), false)
 6 SYSTEMPATH\Boot.php(325): CodeIgniter\CodeIgniter->run()
 7 SYSTEMPATH\Boot.php(67): CodeIgniter\Boot::runCodeIgniter(Object(CodeIgniter\CodeIgniter))
 8 FCPATH\index.php(56): CodeIgniter\Boot::bootWeb(Object(Config\Paths))
WARNING - 2024-12-19 06:33:51 --> [DEPRECATED] Creation of dynamic property IonAuth\Models\IonAuthModel::$messagesTemplates is deprecated in FCPATH\vendor\benedmunds\codeigniter-ion-auth\Models\IonAuthModel.php on line 237.
 1 FCPATH\vendor\benedmunds\codeigniter-ion-auth\Libraries\IonAuth.php(67): IonAuth\Models\IonAuthModel->__construct()
 2 APPPATH\Controllers\admin\Home.php(17): IonAuth\Libraries\IonAuth->__construct()
 3 SYSTEMPATH\CodeIgniter.php(903): App\Controllers\admin\Home->__construct()
 4 SYSTEMPATH\CodeIgniter.php(500): CodeIgniter\CodeIgniter->createController()
 5 SYSTEMPATH\CodeIgniter.php(355): CodeIgniter\CodeIgniter->handleRequest(null, Object(Config\Cache), false)
 6 SYSTEMPATH\Boot.php(325): CodeIgniter\CodeIgniter->run()
 7 SYSTEMPATH\Boot.php(67): CodeIgniter\Boot::runCodeIgniter(Object(CodeIgniter\CodeIgniter))
 8 FCPATH\index.php(56): CodeIgniter\Boot::bootWeb(Object(Config\Paths))
INFO - 2024-12-19 06:33:53 --> Session: Class initialized using 'CodeIgniter\Session\Handlers\FileHandler' driver.
WARNING - 2024-12-19 06:33:53 --> [DEPRECATED] Creation of dynamic property IonAuth\Models\IonAuthModel::$join is deprecated in FCPATH\vendor\benedmunds\codeigniter-ion-auth\Models\IonAuthModel.php on line 231.
 1 APPPATH\Libraries\IonAuth.php(71): IonAuth\Models\IonAuthModel->__construct()
 2 APPPATH\Controllers\Home.php(12): App\Libraries\IonAuth->__construct()
 3 SYSTEMPATH\CodeIgniter.php(903): App\Controllers\Home->__construct()
 4 SYSTEMPATH\CodeIgniter.php(500): CodeIgniter\CodeIgniter->createController()
 5 SYSTEMPATH\CodeIgniter.php(355): CodeIgniter\CodeIgniter->handleRequest(null, Object(Config\Cache), false)
 6 SYSTEMPATH\Boot.php(325): CodeIgniter\CodeIgniter->run()
 7 SYSTEMPATH\Boot.php(67): CodeIgniter\Boot::runCodeIgniter(Object(CodeIgniter\CodeIgniter))
 8 FCPATH\index.php(56): CodeIgniter\Boot::bootWeb(Object(Config\Paths))
WARNING - 2024-12-19 06:33:53 --> [DEPRECATED] Creation of dynamic property IonAuth\Models\IonAuthModel::$hashMethod is deprecated in FCPATH\vendor\benedmunds\codeigniter-ion-auth\Models\IonAuthModel.php on line 234.
 1 APPPATH\Libraries\IonAuth.php(71): IonAuth\Models\IonAuthModel->__construct()
 2 APPPATH\Controllers\Home.php(12): App\Libraries\IonAuth->__construct()
 3 SYSTEMPATH\CodeIgniter.php(903): App\Controllers\Home->__construct()
 4 SYSTEMPATH\CodeIgniter.php(500): CodeIgniter\CodeIgniter->createController()
 5 SYSTEMPATH\CodeIgniter.php(355): CodeIgniter\CodeIgniter->handleRequest(null, Object(Config\Cache), false)
 6 SYSTEMPATH\Boot.php(325): CodeIgniter\CodeIgniter->run()
 7 SYSTEMPATH\Boot.php(67): CodeIgniter\Boot::runCodeIgniter(Object(CodeIgniter\CodeIgniter))
 8 FCPATH\index.php(56): CodeIgniter\Boot::bootWeb(Object(Config\Paths))
WARNING - 2024-12-19 06:33:53 --> [DEPRECATED] Creation of dynamic property IonAuth\Models\IonAuthModel::$messagesTemplates is deprecated in FCPATH\vendor\benedmunds\codeigniter-ion-auth\Models\IonAuthModel.php on line 237.
 1 APPPATH\Libraries\IonAuth.php(71): IonAuth\Models\IonAuthModel->__construct()
 2 APPPATH\Controllers\Home.php(12): App\Libraries\IonAuth->__construct()
 3 SYSTEMPATH\CodeIgniter.php(903): App\Controllers\Home->__construct()
 4 SYSTEMPATH\CodeIgniter.php(500): CodeIgniter\CodeIgniter->createController()
 5 SYSTEMPATH\CodeIgniter.php(355): CodeIgniter\CodeIgniter->handleRequest(null, Object(Config\Cache), false)
 6 SYSTEMPATH\Boot.php(325): CodeIgniter\CodeIgniter->run()
 7 SYSTEMPATH\Boot.php(67): CodeIgniter\Boot::runCodeIgniter(Object(CodeIgniter\CodeIgniter))
 8 FCPATH\index.php(56): CodeIgniter\Boot::bootWeb(Object(Config\Paths))
INFO - 2024-12-19 06:33:59 --> Session: Class initialized using 'CodeIgniter\Session\Handlers\FileHandler' driver.
WARNING - 2024-12-19 06:33:59 --> [DEPRECATED] Creation of dynamic property IonAuth\Libraries\IonAuth::$session is deprecated in FCPATH\vendor\benedmunds\codeigniter-ion-auth\Libraries\IonAuth.php on line 65.
 1 APPPATH\Controllers\admin\Home.php(17): IonAuth\Libraries\IonAuth->__construct()
 2 SYSTEMPATH\CodeIgniter.php(903): App\Controllers\admin\Home->__construct()
 3 SYSTEMPATH\CodeIgniter.php(500): CodeIgniter\CodeIgniter->createController()
 4 SYSTEMPATH\CodeIgniter.php(355): CodeIgniter\CodeIgniter->handleRequest(null, Object(Config\Cache), false)
 5 SYSTEMPATH\Boot.php(325): CodeIgniter\CodeIgniter->run()
 6 SYSTEMPATH\Boot.php(67): CodeIgniter\Boot::runCodeIgniter(Object(CodeIgniter\CodeIgniter))
 7 FCPATH\index.php(56): CodeIgniter\Boot::bootWeb(Object(Config\Paths))
WARNING - 2024-12-19 06:33:59 --> [DEPRECATED] Creation of dynamic property IonAuth\Models\IonAuthModel::$join is deprecated in FCPATH\vendor\benedmunds\codeigniter-ion-auth\Models\IonAuthModel.php on line 231.
 1 FCPATH\vendor\benedmunds\codeigniter-ion-auth\Libraries\IonAuth.php(67): IonAuth\Models\IonAuthModel->__construct()
 2 APPPATH\Controllers\admin\Home.php(17): IonAuth\Libraries\IonAuth->__construct()
 3 SYSTEMPATH\CodeIgniter.php(903): App\Controllers\admin\Home->__construct()
 4 SYSTEMPATH\CodeIgniter.php(500): CodeIgniter\CodeIgniter->createController()
 5 SYSTEMPATH\CodeIgniter.php(355): CodeIgniter\CodeIgniter->handleRequest(null, Object(Config\Cache), false)
 6 SYSTEMPATH\Boot.php(325): CodeIgniter\CodeIgniter->run()
 7 SYSTEMPATH\Boot.php(67): CodeIgniter\Boot::runCodeIgniter(Object(CodeIgniter\CodeIgniter))
 8 FCPATH\index.php(56): CodeIgniter\Boot::bootWeb(Object(Config\Paths))
WARNING - 2024-12-19 06:33:59 --> [DEPRECATED] Creation of dynamic property IonAuth\Models\IonAuthModel::$hashMethod is deprecated in FCPATH\vendor\benedmunds\codeigniter-ion-auth\Models\IonAuthModel.php on line 234.
 1 FCPATH\vendor\benedmunds\codeigniter-ion-auth\Libraries\IonAuth.php(67): IonAuth\Models\IonAuthModel->__construct()
 2 APPPATH\Controllers\admin\Home.php(17): IonAuth\Libraries\IonAuth->__construct()
 3 SYSTEMPATH\CodeIgniter.php(903): App\Controllers\admin\Home->__construct()
 4 SYSTEMPATH\CodeIgniter.php(500): CodeIgniter\CodeIgniter->createController()
 5 SYSTEMPATH\CodeIgniter.php(355): CodeIgniter\CodeIgniter->handleRequest(null, Object(Config\Cache), false)
 6 SYSTEMPATH\Boot.php(325): CodeIgniter\CodeIgniter->run()
 7 SYSTEMPATH\Boot.php(67): CodeIgniter\Boot::runCodeIgniter(Object(CodeIgniter\CodeIgniter))
 8 FCPATH\index.php(56): CodeIgniter\Boot::bootWeb(Object(Config\Paths))
WARNING - 2024-12-19 06:33:59 --> [DEPRECATED] Creation of dynamic property IonAuth\Models\IonAuthModel::$messagesTemplates is deprecated in FCPATH\vendor\benedmunds\codeigniter-ion-auth\Models\IonAuthModel.php on line 237.
 1 FCPATH\vendor\benedmunds\codeigniter-ion-auth\Libraries\IonAuth.php(67): IonAuth\Models\IonAuthModel->__construct()
 2 APPPATH\Controllers\admin\Home.php(17): IonAuth\Libraries\IonAuth->__construct()
 3 SYSTEMPATH\CodeIgniter.php(903): App\Controllers\admin\Home->__construct()
 4 SYSTEMPATH\CodeIgniter.php(500): CodeIgniter\CodeIgniter->createController()
 5 SYSTEMPATH\CodeIgniter.php(355): CodeIgniter\CodeIgniter->handleRequest(null, Object(Config\Cache), false)
 6 SYSTEMPATH\Boot.php(325): CodeIgniter\CodeIgniter->run()
 7 SYSTEMPATH\Boot.php(67): CodeIgniter\Boot::runCodeIgniter(Object(CodeIgniter\CodeIgniter))
 8 FCPATH\index.php(56): CodeIgniter\Boot::bootWeb(Object(Config\Paths))
INFO - 2024-12-19 06:33:59 --> Session: Class initialized using 'CodeIgniter\Session\Handlers\FileHandler' driver.
WARNING - 2024-12-19 06:33:59 --> [DEPRECATED] Creation of dynamic property IonAuth\Libraries\IonAuth::$session is deprecated in FCPATH\vendor\benedmunds\codeigniter-ion-auth\Libraries\IonAuth.php on line 65.
 1 APPPATH\Controllers\admin\Home.php(17): IonAuth\Libraries\IonAuth->__construct()
 2 SYSTEMPATH\CodeIgniter.php(903): App\Controllers\admin\Home->__construct()
 3 SYSTEMPATH\CodeIgniter.php(500): CodeIgniter\CodeIgniter->createController()
 4 SYSTEMPATH\CodeIgniter.php(355): CodeIgniter\CodeIgniter->handleRequest(null, Object(Config\Cache), false)
 5 SYSTEMPATH\Boot.php(325): CodeIgniter\CodeIgniter->run()
 6 SYSTEMPATH\Boot.php(67): CodeIgniter\Boot::runCodeIgniter(Object(CodeIgniter\CodeIgniter))
 7 FCPATH\index.php(56): CodeIgniter\Boot::bootWeb(Object(Config\Paths))
WARNING - 2024-12-19 06:33:59 --> [DEPRECATED] Creation of dynamic property IonAuth\Models\IonAuthModel::$join is deprecated in FCPATH\vendor\benedmunds\codeigniter-ion-auth\Models\IonAuthModel.php on line 231.
 1 FCPATH\vendor\benedmunds\codeigniter-ion-auth\Libraries\IonAuth.php(67): IonAuth\Models\IonAuthModel->__construct()
 2 APPPATH\Controllers\admin\Home.php(17): IonAuth\Libraries\IonAuth->__construct()
 3 SYSTEMPATH\CodeIgniter.php(903): App\Controllers\admin\Home->__construct()
 4 SYSTEMPATH\CodeIgniter.php(500): CodeIgniter\CodeIgniter->createController()
 5 SYSTEMPATH\CodeIgniter.php(355): CodeIgniter\CodeIgniter->handleRequest(null, Object(Config\Cache), false)
 6 SYSTEMPATH\Boot.php(325): CodeIgniter\CodeIgniter->run()
 7 SYSTEMPATH\Boot.php(67): CodeIgniter\Boot::runCodeIgniter(Object(CodeIgniter\CodeIgniter))
 8 FCPATH\index.php(56): CodeIgniter\Boot::bootWeb(Object(Config\Paths))
WARNING - 2024-12-19 06:33:59 --> [DEPRECATED] Creation of dynamic property IonAuth\Models\IonAuthModel::$hashMethod is deprecated in FCPATH\vendor\benedmunds\codeigniter-ion-auth\Models\IonAuthModel.php on line 234.
 1 FCPATH\vendor\benedmunds\codeigniter-ion-auth\Libraries\IonAuth.php(67): IonAuth\Models\IonAuthModel->__construct()
 2 APPPATH\Controllers\admin\Home.php(17): IonAuth\Libraries\IonAuth->__construct()
 3 SYSTEMPATH\CodeIgniter.php(903): App\Controllers\admin\Home->__construct()
 4 SYSTEMPATH\CodeIgniter.php(500): CodeIgniter\CodeIgniter->createController()
 5 SYSTEMPATH\CodeIgniter.php(355): CodeIgniter\CodeIgniter->handleRequest(null, Object(Config\Cache), false)
 6 SYSTEMPATH\Boot.php(325): CodeIgniter\CodeIgniter->run()
 7 SYSTEMPATH\Boot.php(67): CodeIgniter\Boot::runCodeIgniter(Object(CodeIgniter\CodeIgniter))
 8 FCPATH\index.php(56): CodeIgniter\Boot::bootWeb(Object(Config\Paths))
WARNING - 2024-12-19 06:33:59 --> [DEPRECATED] Creation of dynamic property IonAuth\Models\IonAuthModel::$messagesTemplates is deprecated in FCPATH\vendor\benedmunds\codeigniter-ion-auth\Models\IonAuthModel.php on line 237.
 1 FCPATH\vendor\benedmunds\codeigniter-ion-auth\Libraries\IonAuth.php(67): IonAuth\Models\IonAuthModel->__construct()
 2 APPPATH\Controllers\admin\Home.php(17): IonAuth\Libraries\IonAuth->__construct()
 3 SYSTEMPATH\CodeIgniter.php(903): App\Controllers\admin\Home->__construct()
 4 SYSTEMPATH\CodeIgniter.php(500): CodeIgniter\CodeIgniter->createController()
 5 SYSTEMPATH\CodeIgniter.php(355): CodeIgniter\CodeIgniter->handleRequest(null, Object(Config\Cache), false)
 6 SYSTEMPATH\Boot.php(325): CodeIgniter\CodeIgniter->run()
 7 SYSTEMPATH\Boot.php(67): CodeIgniter\Boot::runCodeIgniter(Object(CodeIgniter\CodeIgniter))
 8 FCPATH\index.php(56): CodeIgniter\Boot::bootWeb(Object(Config\Paths))
INFO - 2024-12-19 06:33:59 --> Session: Class initialized using 'CodeIgniter\Session\Handlers\FileHandler' driver.
WARNING - 2024-12-19 06:33:59 --> [DEPRECATED] Creation of dynamic property IonAuth\Libraries\IonAuth::$session is deprecated in FCPATH\vendor\benedmunds\codeigniter-ion-auth\Libraries\IonAuth.php on line 65.
 1 APPPATH\Controllers\admin\Home.php(17): IonAuth\Libraries\IonAuth->__construct()
 2 SYSTEMPATH\CodeIgniter.php(903): App\Controllers\admin\Home->__construct()
 3 SYSTEMPATH\CodeIgniter.php(500): CodeIgniter\CodeIgniter->createController()
 4 SYSTEMPATH\CodeIgniter.php(355): CodeIgniter\CodeIgniter->handleRequest(null, Object(Config\Cache), false)
 5 SYSTEMPATH\Boot.php(325): CodeIgniter\CodeIgniter->run()
 6 SYSTEMPATH\Boot.php(67): CodeIgniter\Boot::runCodeIgniter(Object(CodeIgniter\CodeIgniter))
 7 FCPATH\index.php(56): CodeIgniter\Boot::bootWeb(Object(Config\Paths))
WARNING - 2024-12-19 06:33:59 --> [DEPRECATED] Creation of dynamic property IonAuth\Models\IonAuthModel::$join is deprecated in FCPATH\vendor\benedmunds\codeigniter-ion-auth\Models\IonAuthModel.php on line 231.
 1 FCPATH\vendor\benedmunds\codeigniter-ion-auth\Libraries\IonAuth.php(67): IonAuth\Models\IonAuthModel->__construct()
 2 APPPATH\Controllers\admin\Home.php(17): IonAuth\Libraries\IonAuth->__construct()
 3 SYSTEMPATH\CodeIgniter.php(903): App\Controllers\admin\Home->__construct()
 4 SYSTEMPATH\CodeIgniter.php(500): CodeIgniter\CodeIgniter->createController()
 5 SYSTEMPATH\CodeIgniter.php(355): CodeIgniter\CodeIgniter->handleRequest(null, Object(Config\Cache), false)
 6 SYSTEMPATH\Boot.php(325): CodeIgniter\CodeIgniter->run()
 7 SYSTEMPATH\Boot.php(67): CodeIgniter\Boot::runCodeIgniter(Object(CodeIgniter\CodeIgniter))
 8 FCPATH\index.php(56): CodeIgniter\Boot::bootWeb(Object(Config\Paths))
WARNING - 2024-12-19 06:33:59 --> [DEPRECATED] Creation of dynamic property IonAuth\Models\IonAuthModel::$hashMethod is deprecated in FCPATH\vendor\benedmunds\codeigniter-ion-auth\Models\IonAuthModel.php on line 234.
 1 FCPATH\vendor\benedmunds\codeigniter-ion-auth\Libraries\IonAuth.php(67): IonAuth\Models\IonAuthModel->__construct()
 2 APPPATH\Controllers\admin\Home.php(17): IonAuth\Libraries\IonAuth->__construct()
 3 SYSTEMPATH\CodeIgniter.php(903): App\Controllers\admin\Home->__construct()
 4 SYSTEMPATH\CodeIgniter.php(500): CodeIgniter\CodeIgniter->createController()
 5 SYSTEMPATH\CodeIgniter.php(355): CodeIgniter\CodeIgniter->handleRequest(null, Object(Config\Cache), false)
 6 SYSTEMPATH\Boot.php(325): CodeIgniter\CodeIgniter->run()
 7 SYSTEMPATH\Boot.php(67): CodeIgniter\Boot::runCodeIgniter(Object(CodeIgniter\CodeIgniter))
 8 FCPATH\index.php(56): CodeIgniter\Boot::bootWeb(Object(Config\Paths))
WARNING - 2024-12-19 06:33:59 --> [DEPRECATED] Creation of dynamic property IonAuth\Models\IonAuthModel::$messagesTemplates is deprecated in FCPATH\vendor\benedmunds\codeigniter-ion-auth\Models\IonAuthModel.php on line 237.
 1 FCPATH\vendor\benedmunds\codeigniter-ion-auth\Libraries\IonAuth.php(67): IonAuth\Models\IonAuthModel->__construct()
 2 APPPATH\Controllers\admin\Home.php(17): IonAuth\Libraries\IonAuth->__construct()
 3 SYSTEMPATH\CodeIgniter.php(903): App\Controllers\admin\Home->__construct()
 4 SYSTEMPATH\CodeIgniter.php(500): CodeIgniter\CodeIgniter->createController()
 5 SYSTEMPATH\CodeIgniter.php(355): CodeIgniter\CodeIgniter->handleRequest(null, Object(Config\Cache), false)
 6 SYSTEMPATH\Boot.php(325): CodeIgniter\CodeIgniter->run()
 7 SYSTEMPATH\Boot.php(67): CodeIgniter\Boot::runCodeIgniter(Object(CodeIgniter\CodeIgniter))
 8 FCPATH\index.php(56): CodeIgniter\Boot::bootWeb(Object(Config\Paths))
INFO - 2024-12-19 06:34:41 --> Session: Class initialized using 'CodeIgniter\Session\Handlers\FileHandler' driver.
WARNING - 2024-12-19 06:34:41 --> [DEPRECATED] Creation of dynamic property IonAuth\Libraries\IonAuth::$session is deprecated in FCPATH\vendor\benedmunds\codeigniter-ion-auth\Libraries\IonAuth.php on line 65.
 1 APPPATH\Controllers\admin\Home.php(17): IonAuth\Libraries\IonAuth->__construct()
 2 SYSTEMPATH\CodeIgniter.php(903): App\Controllers\admin\Home->__construct()
 3 SYSTEMPATH\CodeIgniter.php(500): CodeIgniter\CodeIgniter->createController()
 4 SYSTEMPATH\CodeIgniter.php(355): CodeIgniter\CodeIgniter->handleRequest(null, Object(Config\Cache), false)
 5 SYSTEMPATH\Boot.php(325): CodeIgniter\CodeIgniter->run()
 6 SYSTEMPATH\Boot.php(67): CodeIgniter\Boot::runCodeIgniter(Object(CodeIgniter\CodeIgniter))
 7 FCPATH\index.php(56): CodeIgniter\Boot::bootWeb(Object(Config\Paths))
WARNING - 2024-12-19 06:34:41 --> [DEPRECATED] Creation of dynamic property IonAuth\Models\IonAuthModel::$join is deprecated in FCPATH\vendor\benedmunds\codeigniter-ion-auth\Models\IonAuthModel.php on line 231.
 1 FCPATH\vendor\benedmunds\codeigniter-ion-auth\Libraries\IonAuth.php(67): IonAuth\Models\IonAuthModel->__construct()
 2 APPPATH\Controllers\admin\Home.php(17): IonAuth\Libraries\IonAuth->__construct()
 3 SYSTEMPATH\CodeIgniter.php(903): App\Controllers\admin\Home->__construct()
 4 SYSTEMPATH\CodeIgniter.php(500): CodeIgniter\CodeIgniter->createController()
 5 SYSTEMPATH\CodeIgniter.php(355): CodeIgniter\CodeIgniter->handleRequest(null, Object(Config\Cache), false)
 6 SYSTEMPATH\Boot.php(325): CodeIgniter\CodeIgniter->run()
 7 SYSTEMPATH\Boot.php(67): CodeIgniter\Boot::runCodeIgniter(Object(CodeIgniter\CodeIgniter))
 8 FCPATH\index.php(56): CodeIgniter\Boot::bootWeb(Object(Config\Paths))
WARNING - 2024-12-19 06:34:41 --> [DEPRECATED] Creation of dynamic property IonAuth\Models\IonAuthModel::$hashMethod is deprecated in FCPATH\vendor\benedmunds\codeigniter-ion-auth\Models\IonAuthModel.php on line 234.
 1 FCPATH\vendor\benedmunds\codeigniter-ion-auth\Libraries\IonAuth.php(67): IonAuth\Models\IonAuthModel->__construct()
 2 APPPATH\Controllers\admin\Home.php(17): IonAuth\Libraries\IonAuth->__construct()
 3 SYSTEMPATH\CodeIgniter.php(903): App\Controllers\admin\Home->__construct()
 4 SYSTEMPATH\CodeIgniter.php(500): CodeIgniter\CodeIgniter->createController()
 5 SYSTEMPATH\CodeIgniter.php(355): CodeIgniter\CodeIgniter->handleRequest(null, Object(Config\Cache), false)
 6 SYSTEMPATH\Boot.php(325): CodeIgniter\CodeIgniter->run()
 7 SYSTEMPATH\Boot.php(67): CodeIgniter\Boot::runCodeIgniter(Object(CodeIgniter\CodeIgniter))
 8 FCPATH\index.php(56): CodeIgniter\Boot::bootWeb(Object(Config\Paths))
WARNING - 2024-12-19 06:34:41 --> [DEPRECATED] Creation of dynamic property IonAuth\Models\IonAuthModel::$messagesTemplates is deprecated in FCPATH\vendor\benedmunds\codeigniter-ion-auth\Models\IonAuthModel.php on line 237.
 1 FCPATH\vendor\benedmunds\codeigniter-ion-auth\Libraries\IonAuth.php(67): IonAuth\Models\IonAuthModel->__construct()
 2 APPPATH\Controllers\admin\Home.php(17): IonAuth\Libraries\IonAuth->__construct()
 3 SYSTEMPATH\CodeIgniter.php(903): App\Controllers\admin\Home->__construct()
 4 SYSTEMPATH\CodeIgniter.php(500): CodeIgniter\CodeIgniter->createController()
 5 SYSTEMPATH\CodeIgniter.php(355): CodeIgniter\CodeIgniter->handleRequest(null, Object(Config\Cache), false)
 6 SYSTEMPATH\Boot.php(325): CodeIgniter\CodeIgniter->run()
 7 SYSTEMPATH\Boot.php(67): CodeIgniter\Boot::runCodeIgniter(Object(CodeIgniter\CodeIgniter))
 8 FCPATH\index.php(56): CodeIgniter\Boot::bootWeb(Object(Config\Paths))
INFO - 2024-12-19 06:34:42 --> Session: Class initialized using 'CodeIgniter\Session\Handlers\FileHandler' driver.
WARNING - 2024-12-19 06:34:42 --> [DEPRECATED] Creation of dynamic property IonAuth\Libraries\IonAuth::$session is deprecated in FCPATH\vendor\benedmunds\codeigniter-ion-auth\Libraries\IonAuth.php on line 65.
 1 APPPATH\Controllers\admin\Home.php(17): IonAuth\Libraries\IonAuth->__construct()
 2 SYSTEMPATH\CodeIgniter.php(903): App\Controllers\admin\Home->__construct()
 3 SYSTEMPATH\CodeIgniter.php(500): CodeIgniter\CodeIgniter->createController()
 4 SYSTEMPATH\CodeIgniter.php(355): CodeIgniter\CodeIgniter->handleRequest(null, Object(Config\Cache), false)
 5 SYSTEMPATH\Boot.php(325): CodeIgniter\CodeIgniter->run()
 6 SYSTEMPATH\Boot.php(67): CodeIgniter\Boot::runCodeIgniter(Object(CodeIgniter\CodeIgniter))
 7 FCPATH\index.php(56): CodeIgniter\Boot::bootWeb(Object(Config\Paths))
WARNING - 2024-12-19 06:34:42 --> [DEPRECATED] Creation of dynamic property IonAuth\Models\IonAuthModel::$join is deprecated in FCPATH\vendor\benedmunds\codeigniter-ion-auth\Models\IonAuthModel.php on line 231.
 1 FCPATH\vendor\benedmunds\codeigniter-ion-auth\Libraries\IonAuth.php(67): IonAuth\Models\IonAuthModel->__construct()
 2 APPPATH\Controllers\admin\Home.php(17): IonAuth\Libraries\IonAuth->__construct()
 3 SYSTEMPATH\CodeIgniter.php(903): App\Controllers\admin\Home->__construct()
 4 SYSTEMPATH\CodeIgniter.php(500): CodeIgniter\CodeIgniter->createController()
 5 SYSTEMPATH\CodeIgniter.php(355): CodeIgniter\CodeIgniter->handleRequest(null, Object(Config\Cache), false)
 6 SYSTEMPATH\Boot.php(325): CodeIgniter\CodeIgniter->run()
 7 SYSTEMPATH\Boot.php(67): CodeIgniter\Boot::runCodeIgniter(Object(CodeIgniter\CodeIgniter))
 8 FCPATH\index.php(56): CodeIgniter\Boot::bootWeb(Object(Config\Paths))
WARNING - 2024-12-19 06:34:42 --> [DEPRECATED] Creation of dynamic property IonAuth\Models\IonAuthModel::$hashMethod is deprecated in FCPATH\vendor\benedmunds\codeigniter-ion-auth\Models\IonAuthModel.php on line 234.
 1 FCPATH\vendor\benedmunds\codeigniter-ion-auth\Libraries\IonAuth.php(67): IonAuth\Models\IonAuthModel->__construct()
 2 APPPATH\Controllers\admin\Home.php(17): IonAuth\Libraries\IonAuth->__construct()
 3 SYSTEMPATH\CodeIgniter.php(903): App\Controllers\admin\Home->__construct()
 4 SYSTEMPATH\CodeIgniter.php(500): CodeIgniter\CodeIgniter->createController()
 5 SYSTEMPATH\CodeIgniter.php(355): CodeIgniter\CodeIgniter->handleRequest(null, Object(Config\Cache), false)
 6 SYSTEMPATH\Boot.php(325): CodeIgniter\CodeIgniter->run()
 7 SYSTEMPATH\Boot.php(67): CodeIgniter\Boot::runCodeIgniter(Object(CodeIgniter\CodeIgniter))
 8 FCPATH\index.php(56): CodeIgniter\Boot::bootWeb(Object(Config\Paths))
WARNING - 2024-12-19 06:34:42 --> [DEPRECATED] Creation of dynamic property IonAuth\Models\IonAuthModel::$messagesTemplates is deprecated in FCPATH\vendor\benedmunds\codeigniter-ion-auth\Models\IonAuthModel.php on line 237.
 1 FCPATH\vendor\benedmunds\codeigniter-ion-auth\Libraries\IonAuth.php(67): IonAuth\Models\IonAuthModel->__construct()
 2 APPPATH\Controllers\admin\Home.php(17): IonAuth\Libraries\IonAuth->__construct()
 3 SYSTEMPATH\CodeIgniter.php(903): App\Controllers\admin\Home->__construct()
 4 SYSTEMPATH\CodeIgniter.php(500): CodeIgniter\CodeIgniter->createController()
 5 SYSTEMPATH\CodeIgniter.php(355): CodeIgniter\CodeIgniter->handleRequest(null, Object(Config\Cache), false)
 6 SYSTEMPATH\Boot.php(325): CodeIgniter\CodeIgniter->run()
 7 SYSTEMPATH\Boot.php(67): CodeIgniter\Boot::runCodeIgniter(Object(CodeIgniter\CodeIgniter))
 8 FCPATH\index.php(56): CodeIgniter\Boot::bootWeb(Object(Config\Paths))
INFO - 2024-12-19 06:34:42 --> Session: Class initialized using 'CodeIgniter\Session\Handlers\FileHandler' driver.
WARNING - 2024-12-19 06:34:42 --> [DEPRECATED] Creation of dynamic property IonAuth\Libraries\IonAuth::$session is deprecated in FCPATH\vendor\benedmunds\codeigniter-ion-auth\Libraries\IonAuth.php on line 65.
 1 APPPATH\Controllers\admin\Home.php(17): IonAuth\Libraries\IonAuth->__construct()
 2 SYSTEMPATH\CodeIgniter.php(903): App\Controllers\admin\Home->__construct()
 3 SYSTEMPATH\CodeIgniter.php(500): CodeIgniter\CodeIgniter->createController()
 4 SYSTEMPATH\CodeIgniter.php(355): CodeIgniter\CodeIgniter->handleRequest(null, Object(Config\Cache), false)
 5 SYSTEMPATH\Boot.php(325): CodeIgniter\CodeIgniter->run()
 6 SYSTEMPATH\Boot.php(67): CodeIgniter\Boot::runCodeIgniter(Object(CodeIgniter\CodeIgniter))
 7 FCPATH\index.php(56): CodeIgniter\Boot::bootWeb(Object(Config\Paths))
WARNING - 2024-12-19 06:34:42 --> [DEPRECATED] Creation of dynamic property IonAuth\Models\IonAuthModel::$join is deprecated in FCPATH\vendor\benedmunds\codeigniter-ion-auth\Models\IonAuthModel.php on line 231.
 1 FCPATH\vendor\benedmunds\codeigniter-ion-auth\Libraries\IonAuth.php(67): IonAuth\Models\IonAuthModel->__construct()
 2 APPPATH\Controllers\admin\Home.php(17): IonAuth\Libraries\IonAuth->__construct()
 3 SYSTEMPATH\CodeIgniter.php(903): App\Controllers\admin\Home->__construct()
 4 SYSTEMPATH\CodeIgniter.php(500): CodeIgniter\CodeIgniter->createController()
 5 SYSTEMPATH\CodeIgniter.php(355): CodeIgniter\CodeIgniter->handleRequest(null, Object(Config\Cache), false)
 6 SYSTEMPATH\Boot.php(325): CodeIgniter\CodeIgniter->run()
 7 SYSTEMPATH\Boot.php(67): CodeIgniter\Boot::runCodeIgniter(Object(CodeIgniter\CodeIgniter))
 8 FCPATH\index.php(56): CodeIgniter\Boot::bootWeb(Object(Config\Paths))
WARNING - 2024-12-19 06:34:42 --> [DEPRECATED] Creation of dynamic property IonAuth\Models\IonAuthModel::$hashMethod is deprecated in FCPATH\vendor\benedmunds\codeigniter-ion-auth\Models\IonAuthModel.php on line 234.
 1 FCPATH\vendor\benedmunds\codeigniter-ion-auth\Libraries\IonAuth.php(67): IonAuth\Models\IonAuthModel->__construct()
 2 APPPATH\Controllers\admin\Home.php(17): IonAuth\Libraries\IonAuth->__construct()
 3 SYSTEMPATH\CodeIgniter.php(903): App\Controllers\admin\Home->__construct()
 4 SYSTEMPATH\CodeIgniter.php(500): CodeIgniter\CodeIgniter->createController()
 5 SYSTEMPATH\CodeIgniter.php(355): CodeIgniter\CodeIgniter->handleRequest(null, Object(Config\Cache), false)
 6 SYSTEMPATH\Boot.php(325): CodeIgniter\CodeIgniter->run()
 7 SYSTEMPATH\Boot.php(67): CodeIgniter\Boot::runCodeIgniter(Object(CodeIgniter\CodeIgniter))
 8 FCPATH\index.php(56): CodeIgniter\Boot::bootWeb(Object(Config\Paths))
WARNING - 2024-12-19 06:34:42 --> [DEPRECATED] Creation of dynamic property IonAuth\Models\IonAuthModel::$messagesTemplates is deprecated in FCPATH\vendor\benedmunds\codeigniter-ion-auth\Models\IonAuthModel.php on line 237.
 1 FCPATH\vendor\benedmunds\codeigniter-ion-auth\Libraries\IonAuth.php(67): IonAuth\Models\IonAuthModel->__construct()
 2 APPPATH\Controllers\admin\Home.php(17): IonAuth\Libraries\IonAuth->__construct()
 3 SYSTEMPATH\CodeIgniter.php(903): App\Controllers\admin\Home->__construct()
 4 SYSTEMPATH\CodeIgniter.php(500): CodeIgniter\CodeIgniter->createController()
 5 SYSTEMPATH\CodeIgniter.php(355): CodeIgniter\CodeIgniter->handleRequest(null, Object(Config\Cache), false)
 6 SYSTEMPATH\Boot.php(325): CodeIgniter\CodeIgniter->run()
 7 SYSTEMPATH\Boot.php(67): CodeIgniter\Boot::runCodeIgniter(Object(CodeIgniter\CodeIgniter))
 8 FCPATH\index.php(56): CodeIgniter\Boot::bootWeb(Object(Config\Paths))
INFO - 2024-12-19 06:34:43 --> Session: Class initialized using 'CodeIgniter\Session\Handlers\FileHandler' driver.
WARNING - 2024-12-19 06:34:43 --> [DEPRECATED] Creation of dynamic property IonAuth\Libraries\IonAuth::$session is deprecated in FCPATH\vendor\benedmunds\codeigniter-ion-auth\Libraries\IonAuth.php on line 65.
 1 APPPATH\Controllers\admin\Home.php(17): IonAuth\Libraries\IonAuth->__construct()
 2 SYSTEMPATH\CodeIgniter.php(903): App\Controllers\admin\Home->__construct()
 3 SYSTEMPATH\CodeIgniter.php(500): CodeIgniter\CodeIgniter->createController()
 4 SYSTEMPATH\CodeIgniter.php(355): CodeIgniter\CodeIgniter->handleRequest(null, Object(Config\Cache), false)
 5 SYSTEMPATH\Boot.php(325): CodeIgniter\CodeIgniter->run()
 6 SYSTEMPATH\Boot.php(67): CodeIgniter\Boot::runCodeIgniter(Object(CodeIgniter\CodeIgniter))
 7 FCPATH\index.php(56): CodeIgniter\Boot::bootWeb(Object(Config\Paths))
WARNING - 2024-12-19 06:34:43 --> [DEPRECATED] Creation of dynamic property IonAuth\Models\IonAuthModel::$join is deprecated in FCPATH\vendor\benedmunds\codeigniter-ion-auth\Models\IonAuthModel.php on line 231.
 1 FCPATH\vendor\benedmunds\codeigniter-ion-auth\Libraries\IonAuth.php(67): IonAuth\Models\IonAuthModel->__construct()
 2 APPPATH\Controllers\admin\Home.php(17): IonAuth\Libraries\IonAuth->__construct()
 3 SYSTEMPATH\CodeIgniter.php(903): App\Controllers\admin\Home->__construct()
 4 SYSTEMPATH\CodeIgniter.php(500): CodeIgniter\CodeIgniter->createController()
 5 SYSTEMPATH\CodeIgniter.php(355): CodeIgniter\CodeIgniter->handleRequest(null, Object(Config\Cache), false)
 6 SYSTEMPATH\Boot.php(325): CodeIgniter\CodeIgniter->run()
 7 SYSTEMPATH\Boot.php(67): CodeIgniter\Boot::runCodeIgniter(Object(CodeIgniter\CodeIgniter))
 8 FCPATH\index.php(56): CodeIgniter\Boot::bootWeb(Object(Config\Paths))
WARNING - 2024-12-19 06:34:43 --> [DEPRECATED] Creation of dynamic property IonAuth\Models\IonAuthModel::$hashMethod is deprecated in FCPATH\vendor\benedmunds\codeigniter-ion-auth\Models\IonAuthModel.php on line 234.
 1 FCPATH\vendor\benedmunds\codeigniter-ion-auth\Libraries\IonAuth.php(67): IonAuth\Models\IonAuthModel->__construct()
 2 APPPATH\Controllers\admin\Home.php(17): IonAuth\Libraries\IonAuth->__construct()
 3 SYSTEMPATH\CodeIgniter.php(903): App\Controllers\admin\Home->__construct()
 4 SYSTEMPATH\CodeIgniter.php(500): CodeIgniter\CodeIgniter->createController()
 5 SYSTEMPATH\CodeIgniter.php(355): CodeIgniter\CodeIgniter->handleRequest(null, Object(Config\Cache), false)
 6 SYSTEMPATH\Boot.php(325): CodeIgniter\CodeIgniter->run()
 7 SYSTEMPATH\Boot.php(67): CodeIgniter\Boot::runCodeIgniter(Object(CodeIgniter\CodeIgniter))
 8 FCPATH\index.php(56): CodeIgniter\Boot::bootWeb(Object(Config\Paths))
WARNING - 2024-12-19 06:34:43 --> [DEPRECATED] Creation of dynamic property IonAuth\Models\IonAuthModel::$messagesTemplates is deprecated in FCPATH\vendor\benedmunds\codeigniter-ion-auth\Models\IonAuthModel.php on line 237.
 1 FCPATH\vendor\benedmunds\codeigniter-ion-auth\Libraries\IonAuth.php(67): IonAuth\Models\IonAuthModel->__construct()
 2 APPPATH\Controllers\admin\Home.php(17): IonAuth\Libraries\IonAuth->__construct()
 3 SYSTEMPATH\CodeIgniter.php(903): App\Controllers\admin\Home->__construct()
 4 SYSTEMPATH\CodeIgniter.php(500): CodeIgniter\CodeIgniter->createController()
 5 SYSTEMPATH\CodeIgniter.php(355): CodeIgniter\CodeIgniter->handleRequest(null, Object(Config\Cache), false)
 6 SYSTEMPATH\Boot.php(325): CodeIgniter\CodeIgniter->run()
 7 SYSTEMPATH\Boot.php(67): CodeIgniter\Boot::runCodeIgniter(Object(CodeIgniter\CodeIgniter))
 8 FCPATH\index.php(56): CodeIgniter\Boot::bootWeb(Object(Config\Paths))
INFO - 2024-12-19 06:34:44 --> Session: Class initialized using 'CodeIgniter\Session\Handlers\FileHandler' driver.
WARNING - 2024-12-19 06:34:44 --> [DEPRECATED] Creation of dynamic property IonAuth\Libraries\IonAuth::$session is deprecated in FCPATH\vendor\benedmunds\codeigniter-ion-auth\Libraries\IonAuth.php on line 65.
 1 APPPATH\Controllers\admin\Home.php(17): IonAuth\Libraries\IonAuth->__construct()
 2 SYSTEMPATH\CodeIgniter.php(903): App\Controllers\admin\Home->__construct()
 3 SYSTEMPATH\CodeIgniter.php(500): CodeIgniter\CodeIgniter->createController()
 4 SYSTEMPATH\CodeIgniter.php(355): CodeIgniter\CodeIgniter->handleRequest(null, Object(Config\Cache), false)
 5 SYSTEMPATH\Boot.php(325): CodeIgniter\CodeIgniter->run()
 6 SYSTEMPATH\Boot.php(67): CodeIgniter\Boot::runCodeIgniter(Object(CodeIgniter\CodeIgniter))
 7 FCPATH\index.php(56): CodeIgniter\Boot::bootWeb(Object(Config\Paths))
WARNING - 2024-12-19 06:34:44 --> [DEPRECATED] Creation of dynamic property IonAuth\Models\IonAuthModel::$join is deprecated in FCPATH\vendor\benedmunds\codeigniter-ion-auth\Models\IonAuthModel.php on line 231.
 1 FCPATH\vendor\benedmunds\codeigniter-ion-auth\Libraries\IonAuth.php(67): IonAuth\Models\IonAuthModel->__construct()
 2 APPPATH\Controllers\admin\Home.php(17): IonAuth\Libraries\IonAuth->__construct()
 3 SYSTEMPATH\CodeIgniter.php(903): App\Controllers\admin\Home->__construct()
 4 SYSTEMPATH\CodeIgniter.php(500): CodeIgniter\CodeIgniter->createController()
 5 SYSTEMPATH\CodeIgniter.php(355): CodeIgniter\CodeIgniter->handleRequest(null, Object(Config\Cache), false)
 6 SYSTEMPATH\Boot.php(325): CodeIgniter\CodeIgniter->run()
 7 SYSTEMPATH\Boot.php(67): CodeIgniter\Boot::runCodeIgniter(Object(CodeIgniter\CodeIgniter))
 8 FCPATH\index.php(56): CodeIgniter\Boot::bootWeb(Object(Config\Paths))
WARNING - 2024-12-19 06:34:44 --> [DEPRECATED] Creation of dynamic property IonAuth\Models\IonAuthModel::$hashMethod is deprecated in FCPATH\vendor\benedmunds\codeigniter-ion-auth\Models\IonAuthModel.php on line 234.
 1 FCPATH\vendor\benedmunds\codeigniter-ion-auth\Libraries\IonAuth.php(67): IonAuth\Models\IonAuthModel->__construct()
 2 APPPATH\Controllers\admin\Home.php(17): IonAuth\Libraries\IonAuth->__construct()
 3 SYSTEMPATH\CodeIgniter.php(903): App\Controllers\admin\Home->__construct()
 4 SYSTEMPATH\CodeIgniter.php(500): CodeIgniter\CodeIgniter->createController()
 5 SYSTEMPATH\CodeIgniter.php(355): CodeIgniter\CodeIgniter->handleRequest(null, Object(Config\Cache), false)
 6 SYSTEMPATH\Boot.php(325): CodeIgniter\CodeIgniter->run()
 7 SYSTEMPATH\Boot.php(67): CodeIgniter\Boot::runCodeIgniter(Object(CodeIgniter\CodeIgniter))
 8 FCPATH\index.php(56): CodeIgniter\Boot::bootWeb(Object(Config\Paths))
WARNING - 2024-12-19 06:34:44 --> [DEPRECATED] Creation of dynamic property IonAuth\Models\IonAuthModel::$messagesTemplates is deprecated in FCPATH\vendor\benedmunds\codeigniter-ion-auth\Models\IonAuthModel.php on line 237.
 1 FCPATH\vendor\benedmunds\codeigniter-ion-auth\Libraries\IonAuth.php(67): IonAuth\Models\IonAuthModel->__construct()
 2 APPPATH\Controllers\admin\Home.php(17): IonAuth\Libraries\IonAuth->__construct()
 3 SYSTEMPATH\CodeIgniter.php(903): App\Controllers\admin\Home->__construct()
 4 SYSTEMPATH\CodeIgniter.php(500): CodeIgniter\CodeIgniter->createController()
 5 SYSTEMPATH\CodeIgniter.php(355): CodeIgniter\CodeIgniter->handleRequest(null, Object(Config\Cache), false)
 6 SYSTEMPATH\Boot.php(325): CodeIgniter\CodeIgniter->run()
 7 SYSTEMPATH\Boot.php(67): CodeIgniter\Boot::runCodeIgniter(Object(CodeIgniter\CodeIgniter))
 8 FCPATH\index.php(56): CodeIgniter\Boot::bootWeb(Object(Config\Paths))
INFO - 2024-12-19 06:34:44 --> Session: Class initialized using 'CodeIgniter\Session\Handlers\FileHandler' driver.
WARNING - 2024-12-19 06:34:44 --> [DEPRECATED] Creation of dynamic property IonAuth\Libraries\IonAuth::$session is deprecated in FCPATH\vendor\benedmunds\codeigniter-ion-auth\Libraries\IonAuth.php on line 65.
 1 APPPATH\Controllers\admin\Home.php(17): IonAuth\Libraries\IonAuth->__construct()
 2 SYSTEMPATH\CodeIgniter.php(903): App\Controllers\admin\Home->__construct()
 3 SYSTEMPATH\CodeIgniter.php(500): CodeIgniter\CodeIgniter->createController()
 4 SYSTEMPATH\CodeIgniter.php(355): CodeIgniter\CodeIgniter->handleRequest(null, Object(Config\Cache), false)
 5 SYSTEMPATH\Boot.php(325): CodeIgniter\CodeIgniter->run()
 6 SYSTEMPATH\Boot.php(67): CodeIgniter\Boot::runCodeIgniter(Object(CodeIgniter\CodeIgniter))
 7 FCPATH\index.php(56): CodeIgniter\Boot::bootWeb(Object(Config\Paths))
WARNING - 2024-12-19 06:34:44 --> [DEPRECATED] Creation of dynamic property IonAuth\Models\IonAuthModel::$join is deprecated in FCPATH\vendor\benedmunds\codeigniter-ion-auth\Models\IonAuthModel.php on line 231.
 1 FCPATH\vendor\benedmunds\codeigniter-ion-auth\Libraries\IonAuth.php(67): IonAuth\Models\IonAuthModel->__construct()
 2 APPPATH\Controllers\admin\Home.php(17): IonAuth\Libraries\IonAuth->__construct()
 3 SYSTEMPATH\CodeIgniter.php(903): App\Controllers\admin\Home->__construct()
 4 SYSTEMPATH\CodeIgniter.php(500): CodeIgniter\CodeIgniter->createController()
 5 SYSTEMPATH\CodeIgniter.php(355): CodeIgniter\CodeIgniter->handleRequest(null, Object(Config\Cache), false)
 6 SYSTEMPATH\Boot.php(325): CodeIgniter\CodeIgniter->run()
 7 SYSTEMPATH\Boot.php(67): CodeIgniter\Boot::runCodeIgniter(Object(CodeIgniter\CodeIgniter))
 8 FCPATH\index.php(56): CodeIgniter\Boot::bootWeb(Object(Config\Paths))
WARNING - 2024-12-19 06:34:44 --> [DEPRECATED] Creation of dynamic property IonAuth\Models\IonAuthModel::$hashMethod is deprecated in FCPATH\vendor\benedmunds\codeigniter-ion-auth\Models\IonAuthModel.php on line 234.
 1 FCPATH\vendor\benedmunds\codeigniter-ion-auth\Libraries\IonAuth.php(67): IonAuth\Models\IonAuthModel->__construct()
 2 APPPATH\Controllers\admin\Home.php(17): IonAuth\Libraries\IonAuth->__construct()
 3 SYSTEMPATH\CodeIgniter.php(903): App\Controllers\admin\Home->__construct()
 4 SYSTEMPATH\CodeIgniter.php(500): CodeIgniter\CodeIgniter->createController()
 5 SYSTEMPATH\CodeIgniter.php(355): CodeIgniter\CodeIgniter->handleRequest(null, Object(Config\Cache), false)
 6 SYSTEMPATH\Boot.php(325): CodeIgniter\CodeIgniter->run()
 7 SYSTEMPATH\Boot.php(67): CodeIgniter\Boot::runCodeIgniter(Object(CodeIgniter\CodeIgniter))
 8 FCPATH\index.php(56): CodeIgniter\Boot::bootWeb(Object(Config\Paths))
WARNING - 2024-12-19 06:34:44 --> [DEPRECATED] Creation of dynamic property IonAuth\Models\IonAuthModel::$messagesTemplates is deprecated in FCPATH\vendor\benedmunds\codeigniter-ion-auth\Models\IonAuthModel.php on line 237.
 1 FCPATH\vendor\benedmunds\codeigniter-ion-auth\Libraries\IonAuth.php(67): IonAuth\Models\IonAuthModel->__construct()
 2 APPPATH\Controllers\admin\Home.php(17): IonAuth\Libraries\IonAuth->__construct()
 3 SYSTEMPATH\CodeIgniter.php(903): App\Controllers\admin\Home->__construct()
 4 SYSTEMPATH\CodeIgniter.php(500): CodeIgniter\CodeIgniter->createController()
 5 SYSTEMPATH\CodeIgniter.php(355): CodeIgniter\CodeIgniter->handleRequest(null, Object(Config\Cache), false)
 6 SYSTEMPATH\Boot.php(325): CodeIgniter\CodeIgniter->run()
 7 SYSTEMPATH\Boot.php(67): CodeIgniter\Boot::runCodeIgniter(Object(CodeIgniter\CodeIgniter))
 8 FCPATH\index.php(56): CodeIgniter\Boot::bootWeb(Object(Config\Paths))
INFO - 2024-12-19 06:38:22 --> Session: Class initialized using 'CodeIgniter\Session\Handlers\FileHandler' driver.
WARNING - 2024-12-19 06:38:22 --> [DEPRECATED] Creation of dynamic property IonAuth\Libraries\IonAuth::$session is deprecated in FCPATH\vendor\benedmunds\codeigniter-ion-auth\Libraries\IonAuth.php on line 65.
 1 APPPATH\Controllers\Login.php(13): IonAuth\Libraries\IonAuth->__construct()
 2 SYSTEMPATH\CodeIgniter.php(903): App\Controllers\Login->__construct()
 3 SYSTEMPATH\CodeIgniter.php(500): CodeIgniter\CodeIgniter->createController()
 4 SYSTEMPATH\CodeIgniter.php(355): CodeIgniter\CodeIgniter->handleRequest(null, Object(Config\Cache), false)
 5 SYSTEMPATH\Boot.php(325): CodeIgniter\CodeIgniter->run()
 6 SYSTEMPATH\Boot.php(67): CodeIgniter\Boot::runCodeIgniter(Object(CodeIgniter\CodeIgniter))
 7 FCPATH\index.php(56): CodeIgniter\Boot::bootWeb(Object(Config\Paths))
WARNING - 2024-12-19 06:38:22 --> [DEPRECATED] Creation of dynamic property IonAuth\Models\IonAuthModel::$join is deprecated in FCPATH\vendor\benedmunds\codeigniter-ion-auth\Models\IonAuthModel.php on line 231.
 1 FCPATH\vendor\benedmunds\codeigniter-ion-auth\Libraries\IonAuth.php(67): IonAuth\Models\IonAuthModel->__construct()
 2 APPPATH\Controllers\Login.php(13): IonAuth\Libraries\IonAuth->__construct()
 3 SYSTEMPATH\CodeIgniter.php(903): App\Controllers\Login->__construct()
 4 SYSTEMPATH\CodeIgniter.php(500): CodeIgniter\CodeIgniter->createController()
 5 SYSTEMPATH\CodeIgniter.php(355): CodeIgniter\CodeIgniter->handleRequest(null, Object(Config\Cache), false)
 6 SYSTEMPATH\Boot.php(325): CodeIgniter\CodeIgniter->run()
 7 SYSTEMPATH\Boot.php(67): CodeIgniter\Boot::runCodeIgniter(Object(CodeIgniter\CodeIgniter))
 8 FCPATH\index.php(56): CodeIgniter\Boot::bootWeb(Object(Config\Paths))
WARNING - 2024-12-19 06:38:22 --> [DEPRECATED] Creation of dynamic property IonAuth\Models\IonAuthModel::$hashMethod is deprecated in FCPATH\vendor\benedmunds\codeigniter-ion-auth\Models\IonAuthModel.php on line 234.
 1 FCPATH\vendor\benedmunds\codeigniter-ion-auth\Libraries\IonAuth.php(67): IonAuth\Models\IonAuthModel->__construct()
 2 APPPATH\Controllers\Login.php(13): IonAuth\Libraries\IonAuth->__construct()
 3 SYSTEMPATH\CodeIgniter.php(903): App\Controllers\Login->__construct()
 4 SYSTEMPATH\CodeIgniter.php(500): CodeIgniter\CodeIgniter->createController()
 5 SYSTEMPATH\CodeIgniter.php(355): CodeIgniter\CodeIgniter->handleRequest(null, Object(Config\Cache), false)
 6 SYSTEMPATH\Boot.php(325): CodeIgniter\CodeIgniter->run()
 7 SYSTEMPATH\Boot.php(67): CodeIgniter\Boot::runCodeIgniter(Object(CodeIgniter\CodeIgniter))
 8 FCPATH\index.php(56): CodeIgniter\Boot::bootWeb(Object(Config\Paths))
WARNING - 2024-12-19 06:38:22 --> [DEPRECATED] Creation of dynamic property IonAuth\Models\IonAuthModel::$messagesTemplates is deprecated in FCPATH\vendor\benedmunds\codeigniter-ion-auth\Models\IonAuthModel.php on line 237.
 1 FCPATH\vendor\benedmunds\codeigniter-ion-auth\Libraries\IonAuth.php(67): IonAuth\Models\IonAuthModel->__construct()
 2 APPPATH\Controllers\Login.php(13): IonAuth\Libraries\IonAuth->__construct()
 3 SYSTEMPATH\CodeIgniter.php(903): App\Controllers\Login->__construct()
 4 SYSTEMPATH\CodeIgniter.php(500): CodeIgniter\CodeIgniter->createController()
 5 SYSTEMPATH\CodeIgniter.php(355): CodeIgniter\CodeIgniter->handleRequest(null, Object(Config\Cache), false)
 6 SYSTEMPATH\Boot.php(325): CodeIgniter\CodeIgniter->run()
 7 SYSTEMPATH\Boot.php(67): CodeIgniter\Boot::runCodeIgniter(Object(CodeIgniter\CodeIgniter))
 8 FCPATH\index.php(56): CodeIgniter\Boot::bootWeb(Object(Config\Paths))
INFO - 2024-12-19 06:38:22 --> Session: Class initialized using 'CodeIgniter\Session\Handlers\FileHandler' driver.
WARNING - 2024-12-19 06:38:22 --> [DEPRECATED] Creation of dynamic property IonAuth\Libraries\IonAuth::$session is deprecated in FCPATH\vendor\benedmunds\codeigniter-ion-auth\Libraries\IonAuth.php on line 65.
 1 APPPATH\Controllers\admin\Home.php(17): IonAuth\Libraries\IonAuth->__construct()
 2 SYSTEMPATH\CodeIgniter.php(903): App\Controllers\admin\Home->__construct()
 3 SYSTEMPATH\CodeIgniter.php(500): CodeIgniter\CodeIgniter->createController()
 4 SYSTEMPATH\CodeIgniter.php(355): CodeIgniter\CodeIgniter->handleRequest(null, Object(Config\Cache), false)
 5 SYSTEMPATH\Boot.php(325): CodeIgniter\CodeIgniter->run()
 6 SYSTEMPATH\Boot.php(67): CodeIgniter\Boot::runCodeIgniter(Object(CodeIgniter\CodeIgniter))
 7 FCPATH\index.php(56): CodeIgniter\Boot::bootWeb(Object(Config\Paths))
WARNING - 2024-12-19 06:38:22 --> [DEPRECATED] Creation of dynamic property IonAuth\Models\IonAuthModel::$join is deprecated in FCPATH\vendor\benedmunds\codeigniter-ion-auth\Models\IonAuthModel.php on line 231.
 1 FCPATH\vendor\benedmunds\codeigniter-ion-auth\Libraries\IonAuth.php(67): IonAuth\Models\IonAuthModel->__construct()
 2 APPPATH\Controllers\admin\Home.php(17): IonAuth\Libraries\IonAuth->__construct()
 3 SYSTEMPATH\CodeIgniter.php(903): App\Controllers\admin\Home->__construct()
 4 SYSTEMPATH\CodeIgniter.php(500): CodeIgniter\CodeIgniter->createController()
 5 SYSTEMPATH\CodeIgniter.php(355): CodeIgniter\CodeIgniter->handleRequest(null, Object(Config\Cache), false)
 6 SYSTEMPATH\Boot.php(325): CodeIgniter\CodeIgniter->run()
 7 SYSTEMPATH\Boot.php(67): CodeIgniter\Boot::runCodeIgniter(Object(CodeIgniter\CodeIgniter))
 8 FCPATH\index.php(56): CodeIgniter\Boot::bootWeb(Object(Config\Paths))
WARNING - 2024-12-19 06:38:22 --> [DEPRECATED] Creation of dynamic property IonAuth\Models\IonAuthModel::$hashMethod is deprecated in FCPATH\vendor\benedmunds\codeigniter-ion-auth\Models\IonAuthModel.php on line 234.
 1 FCPATH\vendor\benedmunds\codeigniter-ion-auth\Libraries\IonAuth.php(67): IonAuth\Models\IonAuthModel->__construct()
 2 APPPATH\Controllers\admin\Home.php(17): IonAuth\Libraries\IonAuth->__construct()
 3 SYSTEMPATH\CodeIgniter.php(903): App\Controllers\admin\Home->__construct()
 4 SYSTEMPATH\CodeIgniter.php(500): CodeIgniter\CodeIgniter->createController()
 5 SYSTEMPATH\CodeIgniter.php(355): CodeIgniter\CodeIgniter->handleRequest(null, Object(Config\Cache), false)
 6 SYSTEMPATH\Boot.php(325): CodeIgniter\CodeIgniter->run()
 7 SYSTEMPATH\Boot.php(67): CodeIgniter\Boot::runCodeIgniter(Object(CodeIgniter\CodeIgniter))
 8 FCPATH\index.php(56): CodeIgniter\Boot::bootWeb(Object(Config\Paths))
WARNING - 2024-12-19 06:38:22 --> [DEPRECATED] Creation of dynamic property IonAuth\Models\IonAuthModel::$messagesTemplates is deprecated in FCPATH\vendor\benedmunds\codeigniter-ion-auth\Models\IonAuthModel.php on line 237.
 1 FCPATH\vendor\benedmunds\codeigniter-ion-auth\Libraries\IonAuth.php(67): IonAuth\Models\IonAuthModel->__construct()
 2 APPPATH\Controllers\admin\Home.php(17): IonAuth\Libraries\IonAuth->__construct()
 3 SYSTEMPATH\CodeIgniter.php(903): App\Controllers\admin\Home->__construct()
 4 SYSTEMPATH\CodeIgniter.php(500): CodeIgniter\CodeIgniter->createController()
 5 SYSTEMPATH\CodeIgniter.php(355): CodeIgniter\CodeIgniter->handleRequest(null, Object(Config\Cache), false)
 6 SYSTEMPATH\Boot.php(325): CodeIgniter\CodeIgniter->run()
 7 SYSTEMPATH\Boot.php(67): CodeIgniter\Boot::runCodeIgniter(Object(CodeIgniter\CodeIgniter))
 8 FCPATH\index.php(56): CodeIgniter\Boot::bootWeb(Object(Config\Paths))
INFO - 2024-12-19 06:38:23 --> Session: Class initialized using 'CodeIgniter\Session\Handlers\FileHandler' driver.
WARNING - 2024-12-19 06:38:23 --> [DEPRECATED] Creation of dynamic property IonAuth\Libraries\IonAuth::$session is deprecated in FCPATH\vendor\benedmunds\codeigniter-ion-auth\Libraries\IonAuth.php on line 65.
 1 APPPATH\Controllers\Login.php(13): IonAuth\Libraries\IonAuth->__construct()
 2 SYSTEMPATH\CodeIgniter.php(903): App\Controllers\Login->__construct()
 3 SYSTEMPATH\CodeIgniter.php(500): CodeIgniter\CodeIgniter->createController()
 4 SYSTEMPATH\CodeIgniter.php(355): CodeIgniter\CodeIgniter->handleRequest(null, Object(Config\Cache), false)
 5 SYSTEMPATH\Boot.php(325): CodeIgniter\CodeIgniter->run()
 6 SYSTEMPATH\Boot.php(67): CodeIgniter\Boot::runCodeIgniter(Object(CodeIgniter\CodeIgniter))
 7 FCPATH\index.php(56): CodeIgniter\Boot::bootWeb(Object(Config\Paths))
WARNING - 2024-12-19 06:38:23 --> [DEPRECATED] Creation of dynamic property IonAuth\Models\IonAuthModel::$join is deprecated in FCPATH\vendor\benedmunds\codeigniter-ion-auth\Models\IonAuthModel.php on line 231.
 1 FCPATH\vendor\benedmunds\codeigniter-ion-auth\Libraries\IonAuth.php(67): IonAuth\Models\IonAuthModel->__construct()
 2 APPPATH\Controllers\Login.php(13): IonAuth\Libraries\IonAuth->__construct()
 3 SYSTEMPATH\CodeIgniter.php(903): App\Controllers\Login->__construct()
 4 SYSTEMPATH\CodeIgniter.php(500): CodeIgniter\CodeIgniter->createController()
 5 SYSTEMPATH\CodeIgniter.php(355): CodeIgniter\CodeIgniter->handleRequest(null, Object(Config\Cache), false)
 6 SYSTEMPATH\Boot.php(325): CodeIgniter\CodeIgniter->run()
 7 SYSTEMPATH\Boot.php(67): CodeIgniter\Boot::runCodeIgniter(Object(CodeIgniter\CodeIgniter))
 8 FCPATH\index.php(56): CodeIgniter\Boot::bootWeb(Object(Config\Paths))
WARNING - 2024-12-19 06:38:23 --> [DEPRECATED] Creation of dynamic property IonAuth\Models\IonAuthModel::$hashMethod is deprecated in FCPATH\vendor\benedmunds\codeigniter-ion-auth\Models\IonAuthModel.php on line 234.
 1 FCPATH\vendor\benedmunds\codeigniter-ion-auth\Libraries\IonAuth.php(67): IonAuth\Models\IonAuthModel->__construct()
 2 APPPATH\Controllers\Login.php(13): IonAuth\Libraries\IonAuth->__construct()
 3 SYSTEMPATH\CodeIgniter.php(903): App\Controllers\Login->__construct()
 4 SYSTEMPATH\CodeIgniter.php(500): CodeIgniter\CodeIgniter->createController()
 5 SYSTEMPATH\CodeIgniter.php(355): CodeIgniter\CodeIgniter->handleRequest(null, Object(Config\Cache), false)
 6 SYSTEMPATH\Boot.php(325): CodeIgniter\CodeIgniter->run()
 7 SYSTEMPATH\Boot.php(67): CodeIgniter\Boot::runCodeIgniter(Object(CodeIgniter\CodeIgniter))
 8 FCPATH\index.php(56): CodeIgniter\Boot::bootWeb(Object(Config\Paths))
WARNING - 2024-12-19 06:38:23 --> [DEPRECATED] Creation of dynamic property IonAuth\Models\IonAuthModel::$messagesTemplates is deprecated in FCPATH\vendor\benedmunds\codeigniter-ion-auth\Models\IonAuthModel.php on line 237.
 1 FCPATH\vendor\benedmunds\codeigniter-ion-auth\Libraries\IonAuth.php(67): IonAuth\Models\IonAuthModel->__construct()
 2 APPPATH\Controllers\Login.php(13): IonAuth\Libraries\IonAuth->__construct()
 3 SYSTEMPATH\CodeIgniter.php(903): App\Controllers\Login->__construct()
 4 SYSTEMPATH\CodeIgniter.php(500): CodeIgniter\CodeIgniter->createController()
 5 SYSTEMPATH\CodeIgniter.php(355): CodeIgniter\CodeIgniter->handleRequest(null, Object(Config\Cache), false)
 6 SYSTEMPATH\Boot.php(325): CodeIgniter\CodeIgniter->run()
 7 SYSTEMPATH\Boot.php(67): CodeIgniter\Boot::runCodeIgniter(Object(CodeIgniter\CodeIgniter))
 8 FCPATH\index.php(56): CodeIgniter\Boot::bootWeb(Object(Config\Paths))
INFO - 2024-12-19 06:38:23 --> Session: Class initialized using 'CodeIgniter\Session\Handlers\FileHandler' driver.
WARNING - 2024-12-19 06:38:23 --> [DEPRECATED] Creation of dynamic property IonAuth\Libraries\IonAuth::$session is deprecated in FCPATH\vendor\benedmunds\codeigniter-ion-auth\Libraries\IonAuth.php on line 65.
 1 APPPATH\Controllers\admin\Home.php(17): IonAuth\Libraries\IonAuth->__construct()
 2 SYSTEMPATH\CodeIgniter.php(903): App\Controllers\admin\Home->__construct()
 3 SYSTEMPATH\CodeIgniter.php(500): CodeIgniter\CodeIgniter->createController()
 4 SYSTEMPATH\CodeIgniter.php(355): CodeIgniter\CodeIgniter->handleRequest(null, Object(Config\Cache), false)
 5 SYSTEMPATH\Boot.php(325): CodeIgniter\CodeIgniter->run()
 6 SYSTEMPATH\Boot.php(67): CodeIgniter\Boot::runCodeIgniter(Object(CodeIgniter\CodeIgniter))
 7 FCPATH\index.php(56): CodeIgniter\Boot::bootWeb(Object(Config\Paths))
WARNING - 2024-12-19 06:38:23 --> [DEPRECATED] Creation of dynamic property IonAuth\Models\IonAuthModel::$join is deprecated in FCPATH\vendor\benedmunds\codeigniter-ion-auth\Models\IonAuthModel.php on line 231.
 1 FCPATH\vendor\benedmunds\codeigniter-ion-auth\Libraries\IonAuth.php(67): IonAuth\Models\IonAuthModel->__construct()
 2 APPPATH\Controllers\admin\Home.php(17): IonAuth\Libraries\IonAuth->__construct()
 3 SYSTEMPATH\CodeIgniter.php(903): App\Controllers\admin\Home->__construct()
 4 SYSTEMPATH\CodeIgniter.php(500): CodeIgniter\CodeIgniter->createController()
 5 SYSTEMPATH\CodeIgniter.php(355): CodeIgniter\CodeIgniter->handleRequest(null, Object(Config\Cache), false)
 6 SYSTEMPATH\Boot.php(325): CodeIgniter\CodeIgniter->run()
 7 SYSTEMPATH\Boot.php(67): CodeIgniter\Boot::runCodeIgniter(Object(CodeIgniter\CodeIgniter))
 8 FCPATH\index.php(56): CodeIgniter\Boot::bootWeb(Object(Config\Paths))
WARNING - 2024-12-19 06:38:23 --> [DEPRECATED] Creation of dynamic property IonAuth\Models\IonAuthModel::$hashMethod is deprecated in FCPATH\vendor\benedmunds\codeigniter-ion-auth\Models\IonAuthModel.php on line 234.
 1 FCPATH\vendor\benedmunds\codeigniter-ion-auth\Libraries\IonAuth.php(67): IonAuth\Models\IonAuthModel->__construct()
 2 APPPATH\Controllers\admin\Home.php(17): IonAuth\Libraries\IonAuth->__construct()
 3 SYSTEMPATH\CodeIgniter.php(903): App\Controllers\admin\Home->__construct()
 4 SYSTEMPATH\CodeIgniter.php(500): CodeIgniter\CodeIgniter->createController()
 5 SYSTEMPATH\CodeIgniter.php(355): CodeIgniter\CodeIgniter->handleRequest(null, Object(Config\Cache), false)
 6 SYSTEMPATH\Boot.php(325): CodeIgniter\CodeIgniter->run()
 7 SYSTEMPATH\Boot.php(67): CodeIgniter\Boot::runCodeIgniter(Object(CodeIgniter\CodeIgniter))
 8 FCPATH\index.php(56): CodeIgniter\Boot::bootWeb(Object(Config\Paths))
WARNING - 2024-12-19 06:38:23 --> [DEPRECATED] Creation of dynamic property IonAuth\Models\IonAuthModel::$messagesTemplates is deprecated in FCPATH\vendor\benedmunds\codeigniter-ion-auth\Models\IonAuthModel.php on line 237.
 1 FCPATH\vendor\benedmunds\codeigniter-ion-auth\Libraries\IonAuth.php(67): IonAuth\Models\IonAuthModel->__construct()
 2 APPPATH\Controllers\admin\Home.php(17): IonAuth\Libraries\IonAuth->__construct()
 3 SYSTEMPATH\CodeIgniter.php(903): App\Controllers\admin\Home->__construct()
 4 SYSTEMPATH\CodeIgniter.php(500): CodeIgniter\CodeIgniter->createController()
 5 SYSTEMPATH\CodeIgniter.php(355): CodeIgniter\CodeIgniter->handleRequest(null, Object(Config\Cache), false)
 6 SYSTEMPATH\Boot.php(325): CodeIgniter\CodeIgniter->run()
 7 SYSTEMPATH\Boot.php(67): CodeIgniter\Boot::runCodeIgniter(Object(CodeIgniter\CodeIgniter))
 8 FCPATH\index.php(56): CodeIgniter\Boot::bootWeb(Object(Config\Paths))
INFO - 2024-12-19 06:38:23 --> Session: Class initialized using 'CodeIgniter\Session\Handlers\FileHandler' driver.
WARNING - 2024-12-19 06:38:23 --> [DEPRECATED] Creation of dynamic property IonAuth\Libraries\IonAuth::$session is deprecated in FCPATH\vendor\benedmunds\codeigniter-ion-auth\Libraries\IonAuth.php on line 65.
 1 APPPATH\Controllers\admin\Home.php(17): IonAuth\Libraries\IonAuth->__construct()
 2 SYSTEMPATH\CodeIgniter.php(903): App\Controllers\admin\Home->__construct()
 3 SYSTEMPATH\CodeIgniter.php(500): CodeIgniter\CodeIgniter->createController()
 4 SYSTEMPATH\CodeIgniter.php(355): CodeIgniter\CodeIgniter->handleRequest(null, Object(Config\Cache), false)
 5 SYSTEMPATH\Boot.php(325): CodeIgniter\CodeIgniter->run()
 6 SYSTEMPATH\Boot.php(67): CodeIgniter\Boot::runCodeIgniter(Object(CodeIgniter\CodeIgniter))
 7 FCPATH\index.php(56): CodeIgniter\Boot::bootWeb(Object(Config\Paths))
WARNING - 2024-12-19 06:38:23 --> [DEPRECATED] Creation of dynamic property IonAuth\Models\IonAuthModel::$join is deprecated in FCPATH\vendor\benedmunds\codeigniter-ion-auth\Models\IonAuthModel.php on line 231.
 1 FCPATH\vendor\benedmunds\codeigniter-ion-auth\Libraries\IonAuth.php(67): IonAuth\Models\IonAuthModel->__construct()
 2 APPPATH\Controllers\admin\Home.php(17): IonAuth\Libraries\IonAuth->__construct()
 3 SYSTEMPATH\CodeIgniter.php(903): App\Controllers\admin\Home->__construct()
 4 SYSTEMPATH\CodeIgniter.php(500): CodeIgniter\CodeIgniter->createController()
 5 SYSTEMPATH\CodeIgniter.php(355): CodeIgniter\CodeIgniter->handleRequest(null, Object(Config\Cache), false)
 6 SYSTEMPATH\Boot.php(325): CodeIgniter\CodeIgniter->run()
 7 SYSTEMPATH\Boot.php(67): CodeIgniter\Boot::runCodeIgniter(Object(CodeIgniter\CodeIgniter))
 8 FCPATH\index.php(56): CodeIgniter\Boot::bootWeb(Object(Config\Paths))
WARNING - 2024-12-19 06:38:23 --> [DEPRECATED] Creation of dynamic property IonAuth\Models\IonAuthModel::$hashMethod is deprecated in FCPATH\vendor\benedmunds\codeigniter-ion-auth\Models\IonAuthModel.php on line 234.
 1 FCPATH\vendor\benedmunds\codeigniter-ion-auth\Libraries\IonAuth.php(67): IonAuth\Models\IonAuthModel->__construct()
 2 APPPATH\Controllers\admin\Home.php(17): IonAuth\Libraries\IonAuth->__construct()
 3 SYSTEMPATH\CodeIgniter.php(903): App\Controllers\admin\Home->__construct()
 4 SYSTEMPATH\CodeIgniter.php(500): CodeIgniter\CodeIgniter->createController()
 5 SYSTEMPATH\CodeIgniter.php(355): CodeIgniter\CodeIgniter->handleRequest(null, Object(Config\Cache), false)
 6 SYSTEMPATH\Boot.php(325): CodeIgniter\CodeIgniter->run()
 7 SYSTEMPATH\Boot.php(67): CodeIgniter\Boot::runCodeIgniter(Object(CodeIgniter\CodeIgniter))
 8 FCPATH\index.php(56): CodeIgniter\Boot::bootWeb(Object(Config\Paths))
WARNING - 2024-12-19 06:38:23 --> [DEPRECATED] Creation of dynamic property IonAuth\Models\IonAuthModel::$messagesTemplates is deprecated in FCPATH\vendor\benedmunds\codeigniter-ion-auth\Models\IonAuthModel.php on line 237.
 1 FCPATH\vendor\benedmunds\codeigniter-ion-auth\Libraries\IonAuth.php(67): IonAuth\Models\IonAuthModel->__construct()
 2 APPPATH\Controllers\admin\Home.php(17): IonAuth\Libraries\IonAuth->__construct()
 3 SYSTEMPATH\CodeIgniter.php(903): App\Controllers\admin\Home->__construct()
 4 SYSTEMPATH\CodeIgniter.php(500): CodeIgniter\CodeIgniter->createController()
 5 SYSTEMPATH\CodeIgniter.php(355): CodeIgniter\CodeIgniter->handleRequest(null, Object(Config\Cache), false)
 6 SYSTEMPATH\Boot.php(325): CodeIgniter\CodeIgniter->run()
 7 SYSTEMPATH\Boot.php(67): CodeIgniter\Boot::runCodeIgniter(Object(CodeIgniter\CodeIgniter))
 8 FCPATH\index.php(56): CodeIgniter\Boot::bootWeb(Object(Config\Paths))
INFO - 2024-12-19 06:38:23 --> Session: Class initialized using 'CodeIgniter\Session\Handlers\FileHandler' driver.
WARNING - 2024-12-19 06:38:23 --> [DEPRECATED] Creation of dynamic property IonAuth\Libraries\IonAuth::$session is deprecated in FCPATH\vendor\benedmunds\codeigniter-ion-auth\Libraries\IonAuth.php on line 65.
 1 APPPATH\Controllers\admin\Home.php(17): IonAuth\Libraries\IonAuth->__construct()
 2 SYSTEMPATH\CodeIgniter.php(903): App\Controllers\admin\Home->__construct()
 3 SYSTEMPATH\CodeIgniter.php(500): CodeIgniter\CodeIgniter->createController()
 4 SYSTEMPATH\CodeIgniter.php(355): CodeIgniter\CodeIgniter->handleRequest(null, Object(Config\Cache), false)
 5 SYSTEMPATH\Boot.php(325): CodeIgniter\CodeIgniter->run()
 6 SYSTEMPATH\Boot.php(67): CodeIgniter\Boot::runCodeIgniter(Object(CodeIgniter\CodeIgniter))
 7 FCPATH\index.php(56): CodeIgniter\Boot::bootWeb(Object(Config\Paths))
WARNING - 2024-12-19 06:38:23 --> [DEPRECATED] Creation of dynamic property IonAuth\Models\IonAuthModel::$join is deprecated in FCPATH\vendor\benedmunds\codeigniter-ion-auth\Models\IonAuthModel.php on line 231.
 1 FCPATH\vendor\benedmunds\codeigniter-ion-auth\Libraries\IonAuth.php(67): IonAuth\Models\IonAuthModel->__construct()
 2 APPPATH\Controllers\admin\Home.php(17): IonAuth\Libraries\IonAuth->__construct()
 3 SYSTEMPATH\CodeIgniter.php(903): App\Controllers\admin\Home->__construct()
 4 SYSTEMPATH\CodeIgniter.php(500): CodeIgniter\CodeIgniter->createController()
 5 SYSTEMPATH\CodeIgniter.php(355): CodeIgniter\CodeIgniter->handleRequest(null, Object(Config\Cache), false)
 6 SYSTEMPATH\Boot.php(325): CodeIgniter\CodeIgniter->run()
 7 SYSTEMPATH\Boot.php(67): CodeIgniter\Boot::runCodeIgniter(Object(CodeIgniter\CodeIgniter))
 8 FCPATH\index.php(56): CodeIgniter\Boot::bootWeb(Object(Config\Paths))
WARNING - 2024-12-19 06:38:23 --> [DEPRECATED] Creation of dynamic property IonAuth\Models\IonAuthModel::$hashMethod is deprecated in FCPATH\vendor\benedmunds\codeigniter-ion-auth\Models\IonAuthModel.php on line 234.
 1 FCPATH\vendor\benedmunds\codeigniter-ion-auth\Libraries\IonAuth.php(67): IonAuth\Models\IonAuthModel->__construct()
 2 APPPATH\Controllers\admin\Home.php(17): IonAuth\Libraries\IonAuth->__construct()
 3 SYSTEMPATH\CodeIgniter.php(903): App\Controllers\admin\Home->__construct()
 4 SYSTEMPATH\CodeIgniter.php(500): CodeIgniter\CodeIgniter->createController()
 5 SYSTEMPATH\CodeIgniter.php(355): CodeIgniter\CodeIgniter->handleRequest(null, Object(Config\Cache), false)
 6 SYSTEMPATH\Boot.php(325): CodeIgniter\CodeIgniter->run()
 7 SYSTEMPATH\Boot.php(67): CodeIgniter\Boot::runCodeIgniter(Object(CodeIgniter\CodeIgniter))
 8 FCPATH\index.php(56): CodeIgniter\Boot::bootWeb(Object(Config\Paths))
WARNING - 2024-12-19 06:38:23 --> [DEPRECATED] Creation of dynamic property IonAuth\Models\IonAuthModel::$messagesTemplates is deprecated in FCPATH\vendor\benedmunds\codeigniter-ion-auth\Models\IonAuthModel.php on line 237.
 1 FCPATH\vendor\benedmunds\codeigniter-ion-auth\Libraries\IonAuth.php(67): IonAuth\Models\IonAuthModel->__construct()
 2 APPPATH\Controllers\admin\Home.php(17): IonAuth\Libraries\IonAuth->__construct()
 3 SYSTEMPATH\CodeIgniter.php(903): App\Controllers\admin\Home->__construct()
 4 SYSTEMPATH\CodeIgniter.php(500): CodeIgniter\CodeIgniter->createController()
 5 SYSTEMPATH\CodeIgniter.php(355): CodeIgniter\CodeIgniter->handleRequest(null, Object(Config\Cache), false)
 6 SYSTEMPATH\Boot.php(325): CodeIgniter\CodeIgniter->run()
 7 SYSTEMPATH\Boot.php(67): CodeIgniter\Boot::runCodeIgniter(Object(CodeIgniter\CodeIgniter))
 8 FCPATH\index.php(56): CodeIgniter\Boot::bootWeb(Object(Config\Paths))
INFO - 2024-12-19 06:38:24 --> Session: Class initialized using 'CodeIgniter\Session\Handlers\FileHandler' driver.
WARNING - 2024-12-19 06:38:24 --> [DEPRECATED] Creation of dynamic property IonAuth\Libraries\IonAuth::$session is deprecated in FCPATH\vendor\benedmunds\codeigniter-ion-auth\Libraries\IonAuth.php on line 65.
 1 APPPATH\Controllers\admin\Home.php(17): IonAuth\Libraries\IonAuth->__construct()
 2 SYSTEMPATH\CodeIgniter.php(903): App\Controllers\admin\Home->__construct()
 3 SYSTEMPATH\CodeIgniter.php(500): CodeIgniter\CodeIgniter->createController()
 4 SYSTEMPATH\CodeIgniter.php(355): CodeIgniter\CodeIgniter->handleRequest(null, Object(Config\Cache), false)
 5 SYSTEMPATH\Boot.php(325): CodeIgniter\CodeIgniter->run()
 6 SYSTEMPATH\Boot.php(67): CodeIgniter\Boot::runCodeIgniter(Object(CodeIgniter\CodeIgniter))
 7 FCPATH\index.php(56): CodeIgniter\Boot::bootWeb(Object(Config\Paths))
WARNING - 2024-12-19 06:38:24 --> [DEPRECATED] Creation of dynamic property IonAuth\Models\IonAuthModel::$join is deprecated in FCPATH\vendor\benedmunds\codeigniter-ion-auth\Models\IonAuthModel.php on line 231.
 1 FCPATH\vendor\benedmunds\codeigniter-ion-auth\Libraries\IonAuth.php(67): IonAuth\Models\IonAuthModel->__construct()
 2 APPPATH\Controllers\admin\Home.php(17): IonAuth\Libraries\IonAuth->__construct()
 3 SYSTEMPATH\CodeIgniter.php(903): App\Controllers\admin\Home->__construct()
 4 SYSTEMPATH\CodeIgniter.php(500): CodeIgniter\CodeIgniter->createController()
 5 SYSTEMPATH\CodeIgniter.php(355): CodeIgniter\CodeIgniter->handleRequest(null, Object(Config\Cache), false)
 6 SYSTEMPATH\Boot.php(325): CodeIgniter\CodeIgniter->run()
 7 SYSTEMPATH\Boot.php(67): CodeIgniter\Boot::runCodeIgniter(Object(CodeIgniter\CodeIgniter))
 8 FCPATH\index.php(56): CodeIgniter\Boot::bootWeb(Object(Config\Paths))
WARNING - 2024-12-19 06:38:24 --> [DEPRECATED] Creation of dynamic property IonAuth\Models\IonAuthModel::$hashMethod is deprecated in FCPATH\vendor\benedmunds\codeigniter-ion-auth\Models\IonAuthModel.php on line 234.
 1 FCPATH\vendor\benedmunds\codeigniter-ion-auth\Libraries\IonAuth.php(67): IonAuth\Models\IonAuthModel->__construct()
 2 APPPATH\Controllers\admin\Home.php(17): IonAuth\Libraries\IonAuth->__construct()
 3 SYSTEMPATH\CodeIgniter.php(903): App\Controllers\admin\Home->__construct()
 4 SYSTEMPATH\CodeIgniter.php(500): CodeIgniter\CodeIgniter->createController()
 5 SYSTEMPATH\CodeIgniter.php(355): CodeIgniter\CodeIgniter->handleRequest(null, Object(Config\Cache), false)
 6 SYSTEMPATH\Boot.php(325): CodeIgniter\CodeIgniter->run()
 7 SYSTEMPATH\Boot.php(67): CodeIgniter\Boot::runCodeIgniter(Object(CodeIgniter\CodeIgniter))
 8 FCPATH\index.php(56): CodeIgniter\Boot::bootWeb(Object(Config\Paths))
WARNING - 2024-12-19 06:38:24 --> [DEPRECATED] Creation of dynamic property IonAuth\Models\IonAuthModel::$messagesTemplates is deprecated in FCPATH\vendor\benedmunds\codeigniter-ion-auth\Models\IonAuthModel.php on line 237.
 1 FCPATH\vendor\benedmunds\codeigniter-ion-auth\Libraries\IonAuth.php(67): IonAuth\Models\IonAuthModel->__construct()
 2 APPPATH\Controllers\admin\Home.php(17): IonAuth\Libraries\IonAuth->__construct()
 3 SYSTEMPATH\CodeIgniter.php(903): App\Controllers\admin\Home->__construct()
 4 SYSTEMPATH\CodeIgniter.php(500): CodeIgniter\CodeIgniter->createController()
 5 SYSTEMPATH\CodeIgniter.php(355): CodeIgniter\CodeIgniter->handleRequest(null, Object(Config\Cache), false)
 6 SYSTEMPATH\Boot.php(325): CodeIgniter\CodeIgniter->run()
 7 SYSTEMPATH\Boot.php(67): CodeIgniter\Boot::runCodeIgniter(Object(CodeIgniter\CodeIgniter))
 8 FCPATH\index.php(56): CodeIgniter\Boot::bootWeb(Object(Config\Paths))
INFO - 2024-12-19 06:38:24 --> Session: Class initialized using 'CodeIgniter\Session\Handlers\FileHandler' driver.
WARNING - 2024-12-19 06:38:24 --> [DEPRECATED] Creation of dynamic property IonAuth\Libraries\IonAuth::$session is deprecated in FCPATH\vendor\benedmunds\codeigniter-ion-auth\Libraries\IonAuth.php on line 65.
 1 APPPATH\Controllers\admin\Home.php(17): IonAuth\Libraries\IonAuth->__construct()
 2 SYSTEMPATH\CodeIgniter.php(903): App\Controllers\admin\Home->__construct()
 3 SYSTEMPATH\CodeIgniter.php(500): CodeIgniter\CodeIgniter->createController()
 4 SYSTEMPATH\CodeIgniter.php(355): CodeIgniter\CodeIgniter->handleRequest(null, Object(Config\Cache), false)
 5 SYSTEMPATH\Boot.php(325): CodeIgniter\CodeIgniter->run()
 6 SYSTEMPATH\Boot.php(67): CodeIgniter\Boot::runCodeIgniter(Object(CodeIgniter\CodeIgniter))
 7 FCPATH\index.php(56): CodeIgniter\Boot::bootWeb(Object(Config\Paths))
WARNING - 2024-12-19 06:38:24 --> [DEPRECATED] Creation of dynamic property IonAuth\Models\IonAuthModel::$join is deprecated in FCPATH\vendor\benedmunds\codeigniter-ion-auth\Models\IonAuthModel.php on line 231.
 1 FCPATH\vendor\benedmunds\codeigniter-ion-auth\Libraries\IonAuth.php(67): IonAuth\Models\IonAuthModel->__construct()
 2 APPPATH\Controllers\admin\Home.php(17): IonAuth\Libraries\IonAuth->__construct()
 3 SYSTEMPATH\CodeIgniter.php(903): App\Controllers\admin\Home->__construct()
 4 SYSTEMPATH\CodeIgniter.php(500): CodeIgniter\CodeIgniter->createController()
 5 SYSTEMPATH\CodeIgniter.php(355): CodeIgniter\CodeIgniter->handleRequest(null, Object(Config\Cache), false)
 6 SYSTEMPATH\Boot.php(325): CodeIgniter\CodeIgniter->run()
 7 SYSTEMPATH\Boot.php(67): CodeIgniter\Boot::runCodeIgniter(Object(CodeIgniter\CodeIgniter))
 8 FCPATH\index.php(56): CodeIgniter\Boot::bootWeb(Object(Config\Paths))
WARNING - 2024-12-19 06:38:24 --> [DEPRECATED] Creation of dynamic property IonAuth\Models\IonAuthModel::$hashMethod is deprecated in FCPATH\vendor\benedmunds\codeigniter-ion-auth\Models\IonAuthModel.php on line 234.
 1 FCPATH\vendor\benedmunds\codeigniter-ion-auth\Libraries\IonAuth.php(67): IonAuth\Models\IonAuthModel->__construct()
 2 APPPATH\Controllers\admin\Home.php(17): IonAuth\Libraries\IonAuth->__construct()
 3 SYSTEMPATH\CodeIgniter.php(903): App\Controllers\admin\Home->__construct()
 4 SYSTEMPATH\CodeIgniter.php(500): CodeIgniter\CodeIgniter->createController()
 5 SYSTEMPATH\CodeIgniter.php(355): CodeIgniter\CodeIgniter->handleRequest(null, Object(Config\Cache), false)
 6 SYSTEMPATH\Boot.php(325): CodeIgniter\CodeIgniter->run()
 7 SYSTEMPATH\Boot.php(67): CodeIgniter\Boot::runCodeIgniter(Object(CodeIgniter\CodeIgniter))
 8 FCPATH\index.php(56): CodeIgniter\Boot::bootWeb(Object(Config\Paths))
WARNING - 2024-12-19 06:38:24 --> [DEPRECATED] Creation of dynamic property IonAuth\Models\IonAuthModel::$messagesTemplates is deprecated in FCPATH\vendor\benedmunds\codeigniter-ion-auth\Models\IonAuthModel.php on line 237.
 1 FCPATH\vendor\benedmunds\codeigniter-ion-auth\Libraries\IonAuth.php(67): IonAuth\Models\IonAuthModel->__construct()
 2 APPPATH\Controllers\admin\Home.php(17): IonAuth\Libraries\IonAuth->__construct()
 3 SYSTEMPATH\CodeIgniter.php(903): App\Controllers\admin\Home->__construct()
 4 SYSTEMPATH\CodeIgniter.php(500): CodeIgniter\CodeIgniter->createController()
 5 SYSTEMPATH\CodeIgniter.php(355): CodeIgniter\CodeIgniter->handleRequest(null, Object(Config\Cache), false)
 6 SYSTEMPATH\Boot.php(325): CodeIgniter\CodeIgniter->run()
 7 SYSTEMPATH\Boot.php(67): CodeIgniter\Boot::runCodeIgniter(Object(CodeIgniter\CodeIgniter))
 8 FCPATH\index.php(56): CodeIgniter\Boot::bootWeb(Object(Config\Paths))
INFO - 2024-12-19 06:41:04 --> Session: Class initialized using 'CodeIgniter\Session\Handlers\FileHandler' driver.
WARNING - 2024-12-19 06:41:04 --> [DEPRECATED] Creation of dynamic property IonAuth\Libraries\IonAuth::$session is deprecated in FCPATH\vendor\benedmunds\codeigniter-ion-auth\Libraries\IonAuth.php on line 65.
 1 APPPATH\Controllers\admin\Home.php(17): IonAuth\Libraries\IonAuth->__construct()
 2 SYSTEMPATH\CodeIgniter.php(903): App\Controllers\admin\Home->__construct()
 3 SYSTEMPATH\CodeIgniter.php(500): CodeIgniter\CodeIgniter->createController()
 4 SYSTEMPATH\CodeIgniter.php(355): CodeIgniter\CodeIgniter->handleRequest(null, Object(Config\Cache), false)
 5 SYSTEMPATH\Boot.php(325): CodeIgniter\CodeIgniter->run()
 6 SYSTEMPATH\Boot.php(67): CodeIgniter\Boot::runCodeIgniter(Object(CodeIgniter\CodeIgniter))
 7 FCPATH\index.php(56): CodeIgniter\Boot::bootWeb(Object(Config\Paths))
WARNING - 2024-12-19 06:41:04 --> [DEPRECATED] Creation of dynamic property IonAuth\Models\IonAuthModel::$join is deprecated in FCPATH\vendor\benedmunds\codeigniter-ion-auth\Models\IonAuthModel.php on line 231.
 1 FCPATH\vendor\benedmunds\codeigniter-ion-auth\Libraries\IonAuth.php(67): IonAuth\Models\IonAuthModel->__construct()
 2 APPPATH\Controllers\admin\Home.php(17): IonAuth\Libraries\IonAuth->__construct()
 3 SYSTEMPATH\CodeIgniter.php(903): App\Controllers\admin\Home->__construct()
 4 SYSTEMPATH\CodeIgniter.php(500): CodeIgniter\CodeIgniter->createController()
 5 SYSTEMPATH\CodeIgniter.php(355): CodeIgniter\CodeIgniter->handleRequest(null, Object(Config\Cache), false)
 6 SYSTEMPATH\Boot.php(325): CodeIgniter\CodeIgniter->run()
 7 SYSTEMPATH\Boot.php(67): CodeIgniter\Boot::runCodeIgniter(Object(CodeIgniter\CodeIgniter))
 8 FCPATH\index.php(56): CodeIgniter\Boot::bootWeb(Object(Config\Paths))
WARNING - 2024-12-19 06:41:04 --> [DEPRECATED] Creation of dynamic property IonAuth\Models\IonAuthModel::$hashMethod is deprecated in FCPATH\vendor\benedmunds\codeigniter-ion-auth\Models\IonAuthModel.php on line 234.
 1 FCPATH\vendor\benedmunds\codeigniter-ion-auth\Libraries\IonAuth.php(67): IonAuth\Models\IonAuthModel->__construct()
 2 APPPATH\Controllers\admin\Home.php(17): IonAuth\Libraries\IonAuth->__construct()
 3 SYSTEMPATH\CodeIgniter.php(903): App\Controllers\admin\Home->__construct()
 4 SYSTEMPATH\CodeIgniter.php(500): CodeIgniter\CodeIgniter->createController()
 5 SYSTEMPATH\CodeIgniter.php(355): CodeIgniter\CodeIgniter->handleRequest(null, Object(Config\Cache), false)
 6 SYSTEMPATH\Boot.php(325): CodeIgniter\CodeIgniter->run()
 7 SYSTEMPATH\Boot.php(67): CodeIgniter\Boot::runCodeIgniter(Object(CodeIgniter\CodeIgniter))
 8 FCPATH\index.php(56): CodeIgniter\Boot::bootWeb(Object(Config\Paths))
WARNING - 2024-12-19 06:41:04 --> [DEPRECATED] Creation of dynamic property IonAuth\Models\IonAuthModel::$messagesTemplates is deprecated in FCPATH\vendor\benedmunds\codeigniter-ion-auth\Models\IonAuthModel.php on line 237.
 1 FCPATH\vendor\benedmunds\codeigniter-ion-auth\Libraries\IonAuth.php(67): IonAuth\Models\IonAuthModel->__construct()
 2 APPPATH\Controllers\admin\Home.php(17): IonAuth\Libraries\IonAuth->__construct()
 3 SYSTEMPATH\CodeIgniter.php(903): App\Controllers\admin\Home->__construct()
 4 SYSTEMPATH\CodeIgniter.php(500): CodeIgniter\CodeIgniter->createController()
 5 SYSTEMPATH\CodeIgniter.php(355): CodeIgniter\CodeIgniter->handleRequest(null, Object(Config\Cache), false)
 6 SYSTEMPATH\Boot.php(325): CodeIgniter\CodeIgniter->run()
 7 SYSTEMPATH\Boot.php(67): CodeIgniter\Boot::runCodeIgniter(Object(CodeIgniter\CodeIgniter))
 8 FCPATH\index.php(56): CodeIgniter\Boot::bootWeb(Object(Config\Paths))
INFO - 2024-12-19 06:41:05 --> Session: Class initialized using 'CodeIgniter\Session\Handlers\FileHandler' driver.
WARNING - 2024-12-19 06:41:05 --> [DEPRECATED] Creation of dynamic property IonAuth\Libraries\IonAuth::$session is deprecated in FCPATH\vendor\benedmunds\codeigniter-ion-auth\Libraries\IonAuth.php on line 65.
 1 APPPATH\Controllers\admin\Home.php(17): IonAuth\Libraries\IonAuth->__construct()
 2 SYSTEMPATH\CodeIgniter.php(903): App\Controllers\admin\Home->__construct()
 3 SYSTEMPATH\CodeIgniter.php(500): CodeIgniter\CodeIgniter->createController()
 4 SYSTEMPATH\CodeIgniter.php(355): CodeIgniter\CodeIgniter->handleRequest(null, Object(Config\Cache), false)
 5 SYSTEMPATH\Boot.php(325): CodeIgniter\CodeIgniter->run()
 6 SYSTEMPATH\Boot.php(67): CodeIgniter\Boot::runCodeIgniter(Object(CodeIgniter\CodeIgniter))
 7 FCPATH\index.php(56): CodeIgniter\Boot::bootWeb(Object(Config\Paths))
WARNING - 2024-12-19 06:41:05 --> [DEPRECATED] Creation of dynamic property IonAuth\Models\IonAuthModel::$join is deprecated in FCPATH\vendor\benedmunds\codeigniter-ion-auth\Models\IonAuthModel.php on line 231.
 1 FCPATH\vendor\benedmunds\codeigniter-ion-auth\Libraries\IonAuth.php(67): IonAuth\Models\IonAuthModel->__construct()
 2 APPPATH\Controllers\admin\Home.php(17): IonAuth\Libraries\IonAuth->__construct()
 3 SYSTEMPATH\CodeIgniter.php(903): App\Controllers\admin\Home->__construct()
 4 SYSTEMPATH\CodeIgniter.php(500): CodeIgniter\CodeIgniter->createController()
 5 SYSTEMPATH\CodeIgniter.php(355): CodeIgniter\CodeIgniter->handleRequest(null, Object(Config\Cache), false)
 6 SYSTEMPATH\Boot.php(325): CodeIgniter\CodeIgniter->run()
 7 SYSTEMPATH\Boot.php(67): CodeIgniter\Boot::runCodeIgniter(Object(CodeIgniter\CodeIgniter))
 8 FCPATH\index.php(56): CodeIgniter\Boot::bootWeb(Object(Config\Paths))
WARNING - 2024-12-19 06:41:05 --> [DEPRECATED] Creation of dynamic property IonAuth\Models\IonAuthModel::$hashMethod is deprecated in FCPATH\vendor\benedmunds\codeigniter-ion-auth\Models\IonAuthModel.php on line 234.
 1 FCPATH\vendor\benedmunds\codeigniter-ion-auth\Libraries\IonAuth.php(67): IonAuth\Models\IonAuthModel->__construct()
 2 APPPATH\Controllers\admin\Home.php(17): IonAuth\Libraries\IonAuth->__construct()
 3 SYSTEMPATH\CodeIgniter.php(903): App\Controllers\admin\Home->__construct()
 4 SYSTEMPATH\CodeIgniter.php(500): CodeIgniter\CodeIgniter->createController()
 5 SYSTEMPATH\CodeIgniter.php(355): CodeIgniter\CodeIgniter->handleRequest(null, Object(Config\Cache), false)
 6 SYSTEMPATH\Boot.php(325): CodeIgniter\CodeIgniter->run()
 7 SYSTEMPATH\Boot.php(67): CodeIgniter\Boot::runCodeIgniter(Object(CodeIgniter\CodeIgniter))
 8 FCPATH\index.php(56): CodeIgniter\Boot::bootWeb(Object(Config\Paths))
WARNING - 2024-12-19 06:41:05 --> [DEPRECATED] Creation of dynamic property IonAuth\Models\IonAuthModel::$messagesTemplates is deprecated in FCPATH\vendor\benedmunds\codeigniter-ion-auth\Models\IonAuthModel.php on line 237.
 1 FCPATH\vendor\benedmunds\codeigniter-ion-auth\Libraries\IonAuth.php(67): IonAuth\Models\IonAuthModel->__construct()
 2 APPPATH\Controllers\admin\Home.php(17): IonAuth\Libraries\IonAuth->__construct()
 3 SYSTEMPATH\CodeIgniter.php(903): App\Controllers\admin\Home->__construct()
 4 SYSTEMPATH\CodeIgniter.php(500): CodeIgniter\CodeIgniter->createController()
 5 SYSTEMPATH\CodeIgniter.php(355): CodeIgniter\CodeIgniter->handleRequest(null, Object(Config\Cache), false)
 6 SYSTEMPATH\Boot.php(325): CodeIgniter\CodeIgniter->run()
 7 SYSTEMPATH\Boot.php(67): CodeIgniter\Boot::runCodeIgniter(Object(CodeIgniter\CodeIgniter))
 8 FCPATH\index.php(56): CodeIgniter\Boot::bootWeb(Object(Config\Paths))
INFO - 2024-12-19 06:41:05 --> Session: Class initialized using 'CodeIgniter\Session\Handlers\FileHandler' driver.
WARNING - 2024-12-19 06:41:05 --> [DEPRECATED] Creation of dynamic property IonAuth\Libraries\IonAuth::$session is deprecated in FCPATH\vendor\benedmunds\codeigniter-ion-auth\Libraries\IonAuth.php on line 65.
 1 APPPATH\Controllers\admin\Home.php(17): IonAuth\Libraries\IonAuth->__construct()
 2 SYSTEMPATH\CodeIgniter.php(903): App\Controllers\admin\Home->__construct()
 3 SYSTEMPATH\CodeIgniter.php(500): CodeIgniter\CodeIgniter->createController()
 4 SYSTEMPATH\CodeIgniter.php(355): CodeIgniter\CodeIgniter->handleRequest(null, Object(Config\Cache), false)
 5 SYSTEMPATH\Boot.php(325): CodeIgniter\CodeIgniter->run()
 6 SYSTEMPATH\Boot.php(67): CodeIgniter\Boot::runCodeIgniter(Object(CodeIgniter\CodeIgniter))
 7 FCPATH\index.php(56): CodeIgniter\Boot::bootWeb(Object(Config\Paths))
WARNING - 2024-12-19 06:41:05 --> [DEPRECATED] Creation of dynamic property IonAuth\Models\IonAuthModel::$join is deprecated in FCPATH\vendor\benedmunds\codeigniter-ion-auth\Models\IonAuthModel.php on line 231.
 1 FCPATH\vendor\benedmunds\codeigniter-ion-auth\Libraries\IonAuth.php(67): IonAuth\Models\IonAuthModel->__construct()
 2 APPPATH\Controllers\admin\Home.php(17): IonAuth\Libraries\IonAuth->__construct()
 3 SYSTEMPATH\CodeIgniter.php(903): App\Controllers\admin\Home->__construct()
 4 SYSTEMPATH\CodeIgniter.php(500): CodeIgniter\CodeIgniter->createController()
 5 SYSTEMPATH\CodeIgniter.php(355): CodeIgniter\CodeIgniter->handleRequest(null, Object(Config\Cache), false)
 6 SYSTEMPATH\Boot.php(325): CodeIgniter\CodeIgniter->run()
 7 SYSTEMPATH\Boot.php(67): CodeIgniter\Boot::runCodeIgniter(Object(CodeIgniter\CodeIgniter))
 8 FCPATH\index.php(56): CodeIgniter\Boot::bootWeb(Object(Config\Paths))
WARNING - 2024-12-19 06:41:05 --> [DEPRECATED] Creation of dynamic property IonAuth\Models\IonAuthModel::$hashMethod is deprecated in FCPATH\vendor\benedmunds\codeigniter-ion-auth\Models\IonAuthModel.php on line 234.
 1 FCPATH\vendor\benedmunds\codeigniter-ion-auth\Libraries\IonAuth.php(67): IonAuth\Models\IonAuthModel->__construct()
 2 APPPATH\Controllers\admin\Home.php(17): IonAuth\Libraries\IonAuth->__construct()
 3 SYSTEMPATH\CodeIgniter.php(903): App\Controllers\admin\Home->__construct()
 4 SYSTEMPATH\CodeIgniter.php(500): CodeIgniter\CodeIgniter->createController()
 5 SYSTEMPATH\CodeIgniter.php(355): CodeIgniter\CodeIgniter->handleRequest(null, Object(Config\Cache), false)
 6 SYSTEMPATH\Boot.php(325): CodeIgniter\CodeIgniter->run()
 7 SYSTEMPATH\Boot.php(67): CodeIgniter\Boot::runCodeIgniter(Object(CodeIgniter\CodeIgniter))
 8 FCPATH\index.php(56): CodeIgniter\Boot::bootWeb(Object(Config\Paths))
WARNING - 2024-12-19 06:41:05 --> [DEPRECATED] Creation of dynamic property IonAuth\Models\IonAuthModel::$messagesTemplates is deprecated in FCPATH\vendor\benedmunds\codeigniter-ion-auth\Models\IonAuthModel.php on line 237.
 1 FCPATH\vendor\benedmunds\codeigniter-ion-auth\Libraries\IonAuth.php(67): IonAuth\Models\IonAuthModel->__construct()
 2 APPPATH\Controllers\admin\Home.php(17): IonAuth\Libraries\IonAuth->__construct()
 3 SYSTEMPATH\CodeIgniter.php(903): App\Controllers\admin\Home->__construct()
 4 SYSTEMPATH\CodeIgniter.php(500): CodeIgniter\CodeIgniter->createController()
 5 SYSTEMPATH\CodeIgniter.php(355): CodeIgniter\CodeIgniter->handleRequest(null, Object(Config\Cache), false)
 6 SYSTEMPATH\Boot.php(325): CodeIgniter\CodeIgniter->run()
 7 SYSTEMPATH\Boot.php(67): CodeIgniter\Boot::runCodeIgniter(Object(CodeIgniter\CodeIgniter))
 8 FCPATH\index.php(56): CodeIgniter\Boot::bootWeb(Object(Config\Paths))
INFO - 2024-12-19 06:41:09 --> Session: Class initialized using 'CodeIgniter\Session\Handlers\FileHandler' driver.
WARNING - 2024-12-19 06:41:09 --> [DEPRECATED] Creation of dynamic property IonAuth\Models\IonAuthModel::$join is deprecated in FCPATH\vendor\benedmunds\codeigniter-ion-auth\Models\IonAuthModel.php on line 231.
 1 APPPATH\Libraries\IonAuth.php(71): IonAuth\Models\IonAuthModel->__construct()
 2 APPPATH\Controllers\Home.php(12): App\Libraries\IonAuth->__construct()
 3 SYSTEMPATH\CodeIgniter.php(903): App\Controllers\Home->__construct()
 4 SYSTEMPATH\CodeIgniter.php(500): CodeIgniter\CodeIgniter->createController()
 5 SYSTEMPATH\CodeIgniter.php(355): CodeIgniter\CodeIgniter->handleRequest(null, Object(Config\Cache), false)
 6 SYSTEMPATH\Boot.php(325): CodeIgniter\CodeIgniter->run()
 7 SYSTEMPATH\Boot.php(67): CodeIgniter\Boot::runCodeIgniter(Object(CodeIgniter\CodeIgniter))
 8 FCPATH\index.php(56): CodeIgniter\Boot::bootWeb(Object(Config\Paths))
WARNING - 2024-12-19 06:41:09 --> [DEPRECATED] Creation of dynamic property IonAuth\Models\IonAuthModel::$hashMethod is deprecated in FCPATH\vendor\benedmunds\codeigniter-ion-auth\Models\IonAuthModel.php on line 234.
 1 APPPATH\Libraries\IonAuth.php(71): IonAuth\Models\IonAuthModel->__construct()
 2 APPPATH\Controllers\Home.php(12): App\Libraries\IonAuth->__construct()
 3 SYSTEMPATH\CodeIgniter.php(903): App\Controllers\Home->__construct()
 4 SYSTEMPATH\CodeIgniter.php(500): CodeIgniter\CodeIgniter->createController()
 5 SYSTEMPATH\CodeIgniter.php(355): CodeIgniter\CodeIgniter->handleRequest(null, Object(Config\Cache), false)
 6 SYSTEMPATH\Boot.php(325): CodeIgniter\CodeIgniter->run()
 7 SYSTEMPATH\Boot.php(67): CodeIgniter\Boot::runCodeIgniter(Object(CodeIgniter\CodeIgniter))
 8 FCPATH\index.php(56): CodeIgniter\Boot::bootWeb(Object(Config\Paths))
WARNING - 2024-12-19 06:41:09 --> [DEPRECATED] Creation of dynamic property IonAuth\Models\IonAuthModel::$messagesTemplates is deprecated in FCPATH\vendor\benedmunds\codeigniter-ion-auth\Models\IonAuthModel.php on line 237.
 1 APPPATH\Libraries\IonAuth.php(71): IonAuth\Models\IonAuthModel->__construct()
 2 APPPATH\Controllers\Home.php(12): App\Libraries\IonAuth->__construct()
 3 SYSTEMPATH\CodeIgniter.php(903): App\Controllers\Home->__construct()
 4 SYSTEMPATH\CodeIgniter.php(500): CodeIgniter\CodeIgniter->createController()
 5 SYSTEMPATH\CodeIgniter.php(355): CodeIgniter\CodeIgniter->handleRequest(null, Object(Config\Cache), false)
 6 SYSTEMPATH\Boot.php(325): CodeIgniter\CodeIgniter->run()
 7 SYSTEMPATH\Boot.php(67): CodeIgniter\Boot::runCodeIgniter(Object(CodeIgniter\CodeIgniter))
 8 FCPATH\index.php(56): CodeIgniter\Boot::bootWeb(Object(Config\Paths))
INFO - 2024-12-19 06:41:15 --> Session: Class initialized using 'CodeIgniter\Session\Handlers\FileHandler' driver.
WARNING - 2024-12-19 06:41:15 --> [DEPRECATED] Creation of dynamic property IonAuth\Libraries\IonAuth::$session is deprecated in FCPATH\vendor\benedmunds\codeigniter-ion-auth\Libraries\IonAuth.php on line 65.
 1 APPPATH\Controllers\admin\Home.php(17): IonAuth\Libraries\IonAuth->__construct()
 2 SYSTEMPATH\CodeIgniter.php(903): App\Controllers\admin\Home->__construct()
 3 SYSTEMPATH\CodeIgniter.php(500): CodeIgniter\CodeIgniter->createController()
 4 SYSTEMPATH\CodeIgniter.php(355): CodeIgniter\CodeIgniter->handleRequest(null, Object(Config\Cache), false)
 5 SYSTEMPATH\Boot.php(325): CodeIgniter\CodeIgniter->run()
 6 SYSTEMPATH\Boot.php(67): CodeIgniter\Boot::runCodeIgniter(Object(CodeIgniter\CodeIgniter))
 7 FCPATH\index.php(56): CodeIgniter\Boot::bootWeb(Object(Config\Paths))
WARNING - 2024-12-19 06:41:15 --> [DEPRECATED] Creation of dynamic property IonAuth\Models\IonAuthModel::$join is deprecated in FCPATH\vendor\benedmunds\codeigniter-ion-auth\Models\IonAuthModel.php on line 231.
 1 FCPATH\vendor\benedmunds\codeigniter-ion-auth\Libraries\IonAuth.php(67): IonAuth\Models\IonAuthModel->__construct()
 2 APPPATH\Controllers\admin\Home.php(17): IonAuth\Libraries\IonAuth->__construct()
 3 SYSTEMPATH\CodeIgniter.php(903): App\Controllers\admin\Home->__construct()
 4 SYSTEMPATH\CodeIgniter.php(500): CodeIgniter\CodeIgniter->createController()
 5 SYSTEMPATH\CodeIgniter.php(355): CodeIgniter\CodeIgniter->handleRequest(null, Object(Config\Cache), false)
 6 SYSTEMPATH\Boot.php(325): CodeIgniter\CodeIgniter->run()
 7 SYSTEMPATH\Boot.php(67): CodeIgniter\Boot::runCodeIgniter(Object(CodeIgniter\CodeIgniter))
 8 FCPATH\index.php(56): CodeIgniter\Boot::bootWeb(Object(Config\Paths))
WARNING - 2024-12-19 06:41:15 --> [DEPRECATED] Creation of dynamic property IonAuth\Models\IonAuthModel::$hashMethod is deprecated in FCPATH\vendor\benedmunds\codeigniter-ion-auth\Models\IonAuthModel.php on line 234.
 1 FCPATH\vendor\benedmunds\codeigniter-ion-auth\Libraries\IonAuth.php(67): IonAuth\Models\IonAuthModel->__construct()
 2 APPPATH\Controllers\admin\Home.php(17): IonAuth\Libraries\IonAuth->__construct()
 3 SYSTEMPATH\CodeIgniter.php(903): App\Controllers\admin\Home->__construct()
 4 SYSTEMPATH\CodeIgniter.php(500): CodeIgniter\CodeIgniter->createController()
 5 SYSTEMPATH\CodeIgniter.php(355): CodeIgniter\CodeIgniter->handleRequest(null, Object(Config\Cache), false)
 6 SYSTEMPATH\Boot.php(325): CodeIgniter\CodeIgniter->run()
 7 SYSTEMPATH\Boot.php(67): CodeIgniter\Boot::runCodeIgniter(Object(CodeIgniter\CodeIgniter))
 8 FCPATH\index.php(56): CodeIgniter\Boot::bootWeb(Object(Config\Paths))
WARNING - 2024-12-19 06:41:15 --> [DEPRECATED] Creation of dynamic property IonAuth\Models\IonAuthModel::$messagesTemplates is deprecated in FCPATH\vendor\benedmunds\codeigniter-ion-auth\Models\IonAuthModel.php on line 237.
 1 FCPATH\vendor\benedmunds\codeigniter-ion-auth\Libraries\IonAuth.php(67): IonAuth\Models\IonAuthModel->__construct()
 2 APPPATH\Controllers\admin\Home.php(17): IonAuth\Libraries\IonAuth->__construct()
 3 SYSTEMPATH\CodeIgniter.php(903): App\Controllers\admin\Home->__construct()
 4 SYSTEMPATH\CodeIgniter.php(500): CodeIgniter\CodeIgniter->createController()
 5 SYSTEMPATH\CodeIgniter.php(355): CodeIgniter\CodeIgniter->handleRequest(null, Object(Config\Cache), false)
 6 SYSTEMPATH\Boot.php(325): CodeIgniter\CodeIgniter->run()
 7 SYSTEMPATH\Boot.php(67): CodeIgniter\Boot::runCodeIgniter(Object(CodeIgniter\CodeIgniter))
 8 FCPATH\index.php(56): CodeIgniter\Boot::bootWeb(Object(Config\Paths))
INFO - 2024-12-19 06:41:15 --> Session: Class initialized using 'CodeIgniter\Session\Handlers\FileHandler' driver.
WARNING - 2024-12-19 06:41:15 --> [DEPRECATED] Creation of dynamic property IonAuth\Libraries\IonAuth::$session is deprecated in FCPATH\vendor\benedmunds\codeigniter-ion-auth\Libraries\IonAuth.php on line 65.
 1 APPPATH\Controllers\admin\Home.php(17): IonAuth\Libraries\IonAuth->__construct()
 2 SYSTEMPATH\CodeIgniter.php(903): App\Controllers\admin\Home->__construct()
 3 SYSTEMPATH\CodeIgniter.php(500): CodeIgniter\CodeIgniter->createController()
 4 SYSTEMPATH\CodeIgniter.php(355): CodeIgniter\CodeIgniter->handleRequest(null, Object(Config\Cache), false)
 5 SYSTEMPATH\Boot.php(325): CodeIgniter\CodeIgniter->run()
 6 SYSTEMPATH\Boot.php(67): CodeIgniter\Boot::runCodeIgniter(Object(CodeIgniter\CodeIgniter))
 7 FCPATH\index.php(56): CodeIgniter\Boot::bootWeb(Object(Config\Paths))
WARNING - 2024-12-19 06:41:15 --> [DEPRECATED] Creation of dynamic property IonAuth\Models\IonAuthModel::$join is deprecated in FCPATH\vendor\benedmunds\codeigniter-ion-auth\Models\IonAuthModel.php on line 231.
 1 FCPATH\vendor\benedmunds\codeigniter-ion-auth\Libraries\IonAuth.php(67): IonAuth\Models\IonAuthModel->__construct()
 2 APPPATH\Controllers\admin\Home.php(17): IonAuth\Libraries\IonAuth->__construct()
 3 SYSTEMPATH\CodeIgniter.php(903): App\Controllers\admin\Home->__construct()
 4 SYSTEMPATH\CodeIgniter.php(500): CodeIgniter\CodeIgniter->createController()
 5 SYSTEMPATH\CodeIgniter.php(355): CodeIgniter\CodeIgniter->handleRequest(null, Object(Config\Cache), false)
 6 SYSTEMPATH\Boot.php(325): CodeIgniter\CodeIgniter->run()
 7 SYSTEMPATH\Boot.php(67): CodeIgniter\Boot::runCodeIgniter(Object(CodeIgniter\CodeIgniter))
 8 FCPATH\index.php(56): CodeIgniter\Boot::bootWeb(Object(Config\Paths))
WARNING - 2024-12-19 06:41:15 --> [DEPRECATED] Creation of dynamic property IonAuth\Models\IonAuthModel::$hashMethod is deprecated in FCPATH\vendor\benedmunds\codeigniter-ion-auth\Models\IonAuthModel.php on line 234.
 1 FCPATH\vendor\benedmunds\codeigniter-ion-auth\Libraries\IonAuth.php(67): IonAuth\Models\IonAuthModel->__construct()
 2 APPPATH\Controllers\admin\Home.php(17): IonAuth\Libraries\IonAuth->__construct()
 3 SYSTEMPATH\CodeIgniter.php(903): App\Controllers\admin\Home->__construct()
 4 SYSTEMPATH\CodeIgniter.php(500): CodeIgniter\CodeIgniter->createController()
 5 SYSTEMPATH\CodeIgniter.php(355): CodeIgniter\CodeIgniter->handleRequest(null, Object(Config\Cache), false)
 6 SYSTEMPATH\Boot.php(325): CodeIgniter\CodeIgniter->run()
 7 SYSTEMPATH\Boot.php(67): CodeIgniter\Boot::runCodeIgniter(Object(CodeIgniter\CodeIgniter))
 8 FCPATH\index.php(56): CodeIgniter\Boot::bootWeb(Object(Config\Paths))
WARNING - 2024-12-19 06:41:15 --> [DEPRECATED] Creation of dynamic property IonAuth\Models\IonAuthModel::$messagesTemplates is deprecated in FCPATH\vendor\benedmunds\codeigniter-ion-auth\Models\IonAuthModel.php on line 237.
 1 FCPATH\vendor\benedmunds\codeigniter-ion-auth\Libraries\IonAuth.php(67): IonAuth\Models\IonAuthModel->__construct()
 2 APPPATH\Controllers\admin\Home.php(17): IonAuth\Libraries\IonAuth->__construct()
 3 SYSTEMPATH\CodeIgniter.php(903): App\Controllers\admin\Home->__construct()
 4 SYSTEMPATH\CodeIgniter.php(500): CodeIgniter\CodeIgniter->createController()
 5 SYSTEMPATH\CodeIgniter.php(355): CodeIgniter\CodeIgniter->handleRequest(null, Object(Config\Cache), false)
 6 SYSTEMPATH\Boot.php(325): CodeIgniter\CodeIgniter->run()
 7 SYSTEMPATH\Boot.php(67): CodeIgniter\Boot::runCodeIgniter(Object(CodeIgniter\CodeIgniter))
 8 FCPATH\index.php(56): CodeIgniter\Boot::bootWeb(Object(Config\Paths))
INFO - 2024-12-19 06:41:16 --> Session: Class initialized using 'CodeIgniter\Session\Handlers\FileHandler' driver.
WARNING - 2024-12-19 06:41:16 --> [DEPRECATED] Creation of dynamic property IonAuth\Libraries\IonAuth::$session is deprecated in FCPATH\vendor\benedmunds\codeigniter-ion-auth\Libraries\IonAuth.php on line 65.
 1 APPPATH\Controllers\admin\Home.php(17): IonAuth\Libraries\IonAuth->__construct()
 2 SYSTEMPATH\CodeIgniter.php(903): App\Controllers\admin\Home->__construct()
 3 SYSTEMPATH\CodeIgniter.php(500): CodeIgniter\CodeIgniter->createController()
 4 SYSTEMPATH\CodeIgniter.php(355): CodeIgniter\CodeIgniter->handleRequest(null, Object(Config\Cache), false)
 5 SYSTEMPATH\Boot.php(325): CodeIgniter\CodeIgniter->run()
 6 SYSTEMPATH\Boot.php(67): CodeIgniter\Boot::runCodeIgniter(Object(CodeIgniter\CodeIgniter))
 7 FCPATH\index.php(56): CodeIgniter\Boot::bootWeb(Object(Config\Paths))
WARNING - 2024-12-19 06:41:16 --> [DEPRECATED] Creation of dynamic property IonAuth\Models\IonAuthModel::$join is deprecated in FCPATH\vendor\benedmunds\codeigniter-ion-auth\Models\IonAuthModel.php on line 231.
 1 FCPATH\vendor\benedmunds\codeigniter-ion-auth\Libraries\IonAuth.php(67): IonAuth\Models\IonAuthModel->__construct()
 2 APPPATH\Controllers\admin\Home.php(17): IonAuth\Libraries\IonAuth->__construct()
 3 SYSTEMPATH\CodeIgniter.php(903): App\Controllers\admin\Home->__construct()
 4 SYSTEMPATH\CodeIgniter.php(500): CodeIgniter\CodeIgniter->createController()
 5 SYSTEMPATH\CodeIgniter.php(355): CodeIgniter\CodeIgniter->handleRequest(null, Object(Config\Cache), false)
 6 SYSTEMPATH\Boot.php(325): CodeIgniter\CodeIgniter->run()
 7 SYSTEMPATH\Boot.php(67): CodeIgniter\Boot::runCodeIgniter(Object(CodeIgniter\CodeIgniter))
 8 FCPATH\index.php(56): CodeIgniter\Boot::bootWeb(Object(Config\Paths))
WARNING - 2024-12-19 06:41:16 --> [DEPRECATED] Creation of dynamic property IonAuth\Models\IonAuthModel::$hashMethod is deprecated in FCPATH\vendor\benedmunds\codeigniter-ion-auth\Models\IonAuthModel.php on line 234.
 1 FCPATH\vendor\benedmunds\codeigniter-ion-auth\Libraries\IonAuth.php(67): IonAuth\Models\IonAuthModel->__construct()
 2 APPPATH\Controllers\admin\Home.php(17): IonAuth\Libraries\IonAuth->__construct()
 3 SYSTEMPATH\CodeIgniter.php(903): App\Controllers\admin\Home->__construct()
 4 SYSTEMPATH\CodeIgniter.php(500): CodeIgniter\CodeIgniter->createController()
 5 SYSTEMPATH\CodeIgniter.php(355): CodeIgniter\CodeIgniter->handleRequest(null, Object(Config\Cache), false)
 6 SYSTEMPATH\Boot.php(325): CodeIgniter\CodeIgniter->run()
 7 SYSTEMPATH\Boot.php(67): CodeIgniter\Boot::runCodeIgniter(Object(CodeIgniter\CodeIgniter))
 8 FCPATH\index.php(56): CodeIgniter\Boot::bootWeb(Object(Config\Paths))
WARNING - 2024-12-19 06:41:16 --> [DEPRECATED] Creation of dynamic property IonAuth\Models\IonAuthModel::$messagesTemplates is deprecated in FCPATH\vendor\benedmunds\codeigniter-ion-auth\Models\IonAuthModel.php on line 237.
 1 FCPATH\vendor\benedmunds\codeigniter-ion-auth\Libraries\IonAuth.php(67): IonAuth\Models\IonAuthModel->__construct()
 2 APPPATH\Controllers\admin\Home.php(17): IonAuth\Libraries\IonAuth->__construct()
 3 SYSTEMPATH\CodeIgniter.php(903): App\Controllers\admin\Home->__construct()
 4 SYSTEMPATH\CodeIgniter.php(500): CodeIgniter\CodeIgniter->createController()
 5 SYSTEMPATH\CodeIgniter.php(355): CodeIgniter\CodeIgniter->handleRequest(null, Object(Config\Cache), false)
 6 SYSTEMPATH\Boot.php(325): CodeIgniter\CodeIgniter->run()
 7 SYSTEMPATH\Boot.php(67): CodeIgniter\Boot::runCodeIgniter(Object(CodeIgniter\CodeIgniter))
 8 FCPATH\index.php(56): CodeIgniter\Boot::bootWeb(Object(Config\Paths))
INFO - 2024-12-19 06:47:56 --> Session: Class initialized using 'CodeIgniter\Session\Handlers\FileHandler' driver.
WARNING - 2024-12-19 06:47:56 --> [DEPRECATED] Creation of dynamic property IonAuth\Libraries\IonAuth::$session is deprecated in FCPATH\vendor\benedmunds\codeigniter-ion-auth\Libraries\IonAuth.php on line 65.
 1 APPPATH\Controllers\admin\Home.php(17): IonAuth\Libraries\IonAuth->__construct()
 2 SYSTEMPATH\CodeIgniter.php(903): App\Controllers\admin\Home->__construct()
 3 SYSTEMPATH\CodeIgniter.php(500): CodeIgniter\CodeIgniter->createController()
 4 SYSTEMPATH\CodeIgniter.php(355): CodeIgniter\CodeIgniter->handleRequest(null, Object(Config\Cache), false)
 5 SYSTEMPATH\Boot.php(325): CodeIgniter\CodeIgniter->run()
 6 SYSTEMPATH\Boot.php(67): CodeIgniter\Boot::runCodeIgniter(Object(CodeIgniter\CodeIgniter))
 7 FCPATH\index.php(56): CodeIgniter\Boot::bootWeb(Object(Config\Paths))
WARNING - 2024-12-19 06:47:56 --> [DEPRECATED] Creation of dynamic property IonAuth\Models\IonAuthModel::$join is deprecated in FCPATH\vendor\benedmunds\codeigniter-ion-auth\Models\IonAuthModel.php on line 231.
 1 FCPATH\vendor\benedmunds\codeigniter-ion-auth\Libraries\IonAuth.php(67): IonAuth\Models\IonAuthModel->__construct()
 2 APPPATH\Controllers\admin\Home.php(17): IonAuth\Libraries\IonAuth->__construct()
 3 SYSTEMPATH\CodeIgniter.php(903): App\Controllers\admin\Home->__construct()
 4 SYSTEMPATH\CodeIgniter.php(500): CodeIgniter\CodeIgniter->createController()
 5 SYSTEMPATH\CodeIgniter.php(355): CodeIgniter\CodeIgniter->handleRequest(null, Object(Config\Cache), false)
 6 SYSTEMPATH\Boot.php(325): CodeIgniter\CodeIgniter->run()
 7 SYSTEMPATH\Boot.php(67): CodeIgniter\Boot::runCodeIgniter(Object(CodeIgniter\CodeIgniter))
 8 FCPATH\index.php(56): CodeIgniter\Boot::bootWeb(Object(Config\Paths))
WARNING - 2024-12-19 06:47:56 --> [DEPRECATED] Creation of dynamic property IonAuth\Models\IonAuthModel::$hashMethod is deprecated in FCPATH\vendor\benedmunds\codeigniter-ion-auth\Models\IonAuthModel.php on line 234.
 1 FCPATH\vendor\benedmunds\codeigniter-ion-auth\Libraries\IonAuth.php(67): IonAuth\Models\IonAuthModel->__construct()
 2 APPPATH\Controllers\admin\Home.php(17): IonAuth\Libraries\IonAuth->__construct()
 3 SYSTEMPATH\CodeIgniter.php(903): App\Controllers\admin\Home->__construct()
 4 SYSTEMPATH\CodeIgniter.php(500): CodeIgniter\CodeIgniter->createController()
 5 SYSTEMPATH\CodeIgniter.php(355): CodeIgniter\CodeIgniter->handleRequest(null, Object(Config\Cache), false)
 6 SYSTEMPATH\Boot.php(325): CodeIgniter\CodeIgniter->run()
 7 SYSTEMPATH\Boot.php(67): CodeIgniter\Boot::runCodeIgniter(Object(CodeIgniter\CodeIgniter))
 8 FCPATH\index.php(56): CodeIgniter\Boot::bootWeb(Object(Config\Paths))
WARNING - 2024-12-19 06:47:56 --> [DEPRECATED] Creation of dynamic property IonAuth\Models\IonAuthModel::$messagesTemplates is deprecated in FCPATH\vendor\benedmunds\codeigniter-ion-auth\Models\IonAuthModel.php on line 237.
 1 FCPATH\vendor\benedmunds\codeigniter-ion-auth\Libraries\IonAuth.php(67): IonAuth\Models\IonAuthModel->__construct()
 2 APPPATH\Controllers\admin\Home.php(17): IonAuth\Libraries\IonAuth->__construct()
 3 SYSTEMPATH\CodeIgniter.php(903): App\Controllers\admin\Home->__construct()
 4 SYSTEMPATH\CodeIgniter.php(500): CodeIgniter\CodeIgniter->createController()
 5 SYSTEMPATH\CodeIgniter.php(355): CodeIgniter\CodeIgniter->handleRequest(null, Object(Config\Cache), false)
 6 SYSTEMPATH\Boot.php(325): CodeIgniter\CodeIgniter->run()
 7 SYSTEMPATH\Boot.php(67): CodeIgniter\Boot::runCodeIgniter(Object(CodeIgniter\CodeIgniter))
 8 FCPATH\index.php(56): CodeIgniter\Boot::bootWeb(Object(Config\Paths))
INFO - 2024-12-19 06:47:56 --> Session: Class initialized using 'CodeIgniter\Session\Handlers\FileHandler' driver.
WARNING - 2024-12-19 06:47:56 --> [DEPRECATED] Creation of dynamic property IonAuth\Libraries\IonAuth::$session is deprecated in FCPATH\vendor\benedmunds\codeigniter-ion-auth\Libraries\IonAuth.php on line 65.
 1 APPPATH\Controllers\admin\Home.php(17): IonAuth\Libraries\IonAuth->__construct()
 2 SYSTEMPATH\CodeIgniter.php(903): App\Controllers\admin\Home->__construct()
 3 SYSTEMPATH\CodeIgniter.php(500): CodeIgniter\CodeIgniter->createController()
 4 SYSTEMPATH\CodeIgniter.php(355): CodeIgniter\CodeIgniter->handleRequest(null, Object(Config\Cache), false)
 5 SYSTEMPATH\Boot.php(325): CodeIgniter\CodeIgniter->run()
 6 SYSTEMPATH\Boot.php(67): CodeIgniter\Boot::runCodeIgniter(Object(CodeIgniter\CodeIgniter))
 7 FCPATH\index.php(56): CodeIgniter\Boot::bootWeb(Object(Config\Paths))
WARNING - 2024-12-19 06:47:56 --> [DEPRECATED] Creation of dynamic property IonAuth\Models\IonAuthModel::$join is deprecated in FCPATH\vendor\benedmunds\codeigniter-ion-auth\Models\IonAuthModel.php on line 231.
 1 FCPATH\vendor\benedmunds\codeigniter-ion-auth\Libraries\IonAuth.php(67): IonAuth\Models\IonAuthModel->__construct()
 2 APPPATH\Controllers\admin\Home.php(17): IonAuth\Libraries\IonAuth->__construct()
 3 SYSTEMPATH\CodeIgniter.php(903): App\Controllers\admin\Home->__construct()
 4 SYSTEMPATH\CodeIgniter.php(500): CodeIgniter\CodeIgniter->createController()
 5 SYSTEMPATH\CodeIgniter.php(355): CodeIgniter\CodeIgniter->handleRequest(null, Object(Config\Cache), false)
 6 SYSTEMPATH\Boot.php(325): CodeIgniter\CodeIgniter->run()
 7 SYSTEMPATH\Boot.php(67): CodeIgniter\Boot::runCodeIgniter(Object(CodeIgniter\CodeIgniter))
 8 FCPATH\index.php(56): CodeIgniter\Boot::bootWeb(Object(Config\Paths))
WARNING - 2024-12-19 06:47:56 --> [DEPRECATED] Creation of dynamic property IonAuth\Models\IonAuthModel::$hashMethod is deprecated in FCPATH\vendor\benedmunds\codeigniter-ion-auth\Models\IonAuthModel.php on line 234.
 1 FCPATH\vendor\benedmunds\codeigniter-ion-auth\Libraries\IonAuth.php(67): IonAuth\Models\IonAuthModel->__construct()
 2 APPPATH\Controllers\admin\Home.php(17): IonAuth\Libraries\IonAuth->__construct()
 3 SYSTEMPATH\CodeIgniter.php(903): App\Controllers\admin\Home->__construct()
 4 SYSTEMPATH\CodeIgniter.php(500): CodeIgniter\CodeIgniter->createController()
 5 SYSTEMPATH\CodeIgniter.php(355): CodeIgniter\CodeIgniter->handleRequest(null, Object(Config\Cache), false)
 6 SYSTEMPATH\Boot.php(325): CodeIgniter\CodeIgniter->run()
 7 SYSTEMPATH\Boot.php(67): CodeIgniter\Boot::runCodeIgniter(Object(CodeIgniter\CodeIgniter))
 8 FCPATH\index.php(56): CodeIgniter\Boot::bootWeb(Object(Config\Paths))
WARNING - 2024-12-19 06:47:56 --> [DEPRECATED] Creation of dynamic property IonAuth\Models\IonAuthModel::$messagesTemplates is deprecated in FCPATH\vendor\benedmunds\codeigniter-ion-auth\Models\IonAuthModel.php on line 237.
 1 FCPATH\vendor\benedmunds\codeigniter-ion-auth\Libraries\IonAuth.php(67): IonAuth\Models\IonAuthModel->__construct()
 2 APPPATH\Controllers\admin\Home.php(17): IonAuth\Libraries\IonAuth->__construct()
 3 SYSTEMPATH\CodeIgniter.php(903): App\Controllers\admin\Home->__construct()
 4 SYSTEMPATH\CodeIgniter.php(500): CodeIgniter\CodeIgniter->createController()
 5 SYSTEMPATH\CodeIgniter.php(355): CodeIgniter\CodeIgniter->handleRequest(null, Object(Config\Cache), false)
 6 SYSTEMPATH\Boot.php(325): CodeIgniter\CodeIgniter->run()
 7 SYSTEMPATH\Boot.php(67): CodeIgniter\Boot::runCodeIgniter(Object(CodeIgniter\CodeIgniter))
 8 FCPATH\index.php(56): CodeIgniter\Boot::bootWeb(Object(Config\Paths))
INFO - 2024-12-19 06:47:56 --> Session: Class initialized using 'CodeIgniter\Session\Handlers\FileHandler' driver.
WARNING - 2024-12-19 06:47:56 --> [DEPRECATED] Creation of dynamic property IonAuth\Libraries\IonAuth::$session is deprecated in FCPATH\vendor\benedmunds\codeigniter-ion-auth\Libraries\IonAuth.php on line 65.
 1 APPPATH\Controllers\admin\Home.php(17): IonAuth\Libraries\IonAuth->__construct()
 2 SYSTEMPATH\CodeIgniter.php(903): App\Controllers\admin\Home->__construct()
 3 SYSTEMPATH\CodeIgniter.php(500): CodeIgniter\CodeIgniter->createController()
 4 SYSTEMPATH\CodeIgniter.php(355): CodeIgniter\CodeIgniter->handleRequest(null, Object(Config\Cache), false)
 5 SYSTEMPATH\Boot.php(325): CodeIgniter\CodeIgniter->run()
 6 SYSTEMPATH\Boot.php(67): CodeIgniter\Boot::runCodeIgniter(Object(CodeIgniter\CodeIgniter))
 7 FCPATH\index.php(56): CodeIgniter\Boot::bootWeb(Object(Config\Paths))
WARNING - 2024-12-19 06:47:56 --> [DEPRECATED] Creation of dynamic property IonAuth\Models\IonAuthModel::$join is deprecated in FCPATH\vendor\benedmunds\codeigniter-ion-auth\Models\IonAuthModel.php on line 231.
 1 FCPATH\vendor\benedmunds\codeigniter-ion-auth\Libraries\IonAuth.php(67): IonAuth\Models\IonAuthModel->__construct()
 2 APPPATH\Controllers\admin\Home.php(17): IonAuth\Libraries\IonAuth->__construct()
 3 SYSTEMPATH\CodeIgniter.php(903): App\Controllers\admin\Home->__construct()
 4 SYSTEMPATH\CodeIgniter.php(500): CodeIgniter\CodeIgniter->createController()
 5 SYSTEMPATH\CodeIgniter.php(355): CodeIgniter\CodeIgniter->handleRequest(null, Object(Config\Cache), false)
 6 SYSTEMPATH\Boot.php(325): CodeIgniter\CodeIgniter->run()
 7 SYSTEMPATH\Boot.php(67): CodeIgniter\Boot::runCodeIgniter(Object(CodeIgniter\CodeIgniter))
 8 FCPATH\index.php(56): CodeIgniter\Boot::bootWeb(Object(Config\Paths))
WARNING - 2024-12-19 06:47:56 --> [DEPRECATED] Creation of dynamic property IonAuth\Models\IonAuthModel::$hashMethod is deprecated in FCPATH\vendor\benedmunds\codeigniter-ion-auth\Models\IonAuthModel.php on line 234.
 1 FCPATH\vendor\benedmunds\codeigniter-ion-auth\Libraries\IonAuth.php(67): IonAuth\Models\IonAuthModel->__construct()
 2 APPPATH\Controllers\admin\Home.php(17): IonAuth\Libraries\IonAuth->__construct()
 3 SYSTEMPATH\CodeIgniter.php(903): App\Controllers\admin\Home->__construct()
 4 SYSTEMPATH\CodeIgniter.php(500): CodeIgniter\CodeIgniter->createController()
 5 SYSTEMPATH\CodeIgniter.php(355): CodeIgniter\CodeIgniter->handleRequest(null, Object(Config\Cache), false)
 6 SYSTEMPATH\Boot.php(325): CodeIgniter\CodeIgniter->run()
 7 SYSTEMPATH\Boot.php(67): CodeIgniter\Boot::runCodeIgniter(Object(CodeIgniter\CodeIgniter))
 8 FCPATH\index.php(56): CodeIgniter\Boot::bootWeb(Object(Config\Paths))
WARNING - 2024-12-19 06:47:56 --> [DEPRECATED] Creation of dynamic property IonAuth\Models\IonAuthModel::$messagesTemplates is deprecated in FCPATH\vendor\benedmunds\codeigniter-ion-auth\Models\IonAuthModel.php on line 237.
 1 FCPATH\vendor\benedmunds\codeigniter-ion-auth\Libraries\IonAuth.php(67): IonAuth\Models\IonAuthModel->__construct()
 2 APPPATH\Controllers\admin\Home.php(17): IonAuth\Libraries\IonAuth->__construct()
 3 SYSTEMPATH\CodeIgniter.php(903): App\Controllers\admin\Home->__construct()
 4 SYSTEMPATH\CodeIgniter.php(500): CodeIgniter\CodeIgniter->createController()
 5 SYSTEMPATH\CodeIgniter.php(355): CodeIgniter\CodeIgniter->handleRequest(null, Object(Config\Cache), false)
 6 SYSTEMPATH\Boot.php(325): CodeIgniter\CodeIgniter->run()
 7 SYSTEMPATH\Boot.php(67): CodeIgniter\Boot::runCodeIgniter(Object(CodeIgniter\CodeIgniter))
 8 FCPATH\index.php(56): CodeIgniter\Boot::bootWeb(Object(Config\Paths))
INFO - 2024-12-19 06:47:58 --> Session: Class initialized using 'CodeIgniter\Session\Handlers\FileHandler' driver.
WARNING - 2024-12-19 06:47:58 --> [DEPRECATED] Creation of dynamic property IonAuth\Models\IonAuthModel::$join is deprecated in FCPATH\vendor\benedmunds\codeigniter-ion-auth\Models\IonAuthModel.php on line 231.
 1 APPPATH\Libraries\IonAuth.php(71): IonAuth\Models\IonAuthModel->__construct()
 2 APPPATH\Controllers\Auth.php(77): App\Libraries\IonAuth->__construct()
 3 SYSTEMPATH\CodeIgniter.php(903): App\Controllers\Auth->__construct()
 4 SYSTEMPATH\CodeIgniter.php(500): CodeIgniter\CodeIgniter->createController()
 5 SYSTEMPATH\CodeIgniter.php(355): CodeIgniter\CodeIgniter->handleRequest(null, Object(Config\Cache), false)
 6 SYSTEMPATH\Boot.php(325): CodeIgniter\CodeIgniter->run()
 7 SYSTEMPATH\Boot.php(67): CodeIgniter\Boot::runCodeIgniter(Object(CodeIgniter\CodeIgniter))
 8 FCPATH\index.php(56): CodeIgniter\Boot::bootWeb(Object(Config\Paths))
WARNING - 2024-12-19 06:47:58 --> [DEPRECATED] Creation of dynamic property IonAuth\Models\IonAuthModel::$hashMethod is deprecated in FCPATH\vendor\benedmunds\codeigniter-ion-auth\Models\IonAuthModel.php on line 234.
 1 APPPATH\Libraries\IonAuth.php(71): IonAuth\Models\IonAuthModel->__construct()
 2 APPPATH\Controllers\Auth.php(77): App\Libraries\IonAuth->__construct()
 3 SYSTEMPATH\CodeIgniter.php(903): App\Controllers\Auth->__construct()
 4 SYSTEMPATH\CodeIgniter.php(500): CodeIgniter\CodeIgniter->createController()
 5 SYSTEMPATH\CodeIgniter.php(355): CodeIgniter\CodeIgniter->handleRequest(null, Object(Config\Cache), false)
 6 SYSTEMPATH\Boot.php(325): CodeIgniter\CodeIgniter->run()
 7 SYSTEMPATH\Boot.php(67): CodeIgniter\Boot::runCodeIgniter(Object(CodeIgniter\CodeIgniter))
 8 FCPATH\index.php(56): CodeIgniter\Boot::bootWeb(Object(Config\Paths))
WARNING - 2024-12-19 06:47:58 --> [DEPRECATED] Creation of dynamic property IonAuth\Models\IonAuthModel::$messagesTemplates is deprecated in FCPATH\vendor\benedmunds\codeigniter-ion-auth\Models\IonAuthModel.php on line 237.
 1 APPPATH\Libraries\IonAuth.php(71): IonAuth\Models\IonAuthModel->__construct()
 2 APPPATH\Controllers\Auth.php(77): App\Libraries\IonAuth->__construct()
 3 SYSTEMPATH\CodeIgniter.php(903): App\Controllers\Auth->__construct()
 4 SYSTEMPATH\CodeIgniter.php(500): CodeIgniter\CodeIgniter->createController()
 5 SYSTEMPATH\CodeIgniter.php(355): CodeIgniter\CodeIgniter->handleRequest(null, Object(Config\Cache), false)
 6 SYSTEMPATH\Boot.php(325): CodeIgniter\CodeIgniter->run()
 7 SYSTEMPATH\Boot.php(67): CodeIgniter\Boot::runCodeIgniter(Object(CodeIgniter\CodeIgniter))
 8 FCPATH\index.php(56): CodeIgniter\Boot::bootWeb(Object(Config\Paths))
INFO - 2024-12-19 06:47:58 --> Session: Class initialized using 'CodeIgniter\Session\Handlers\FileHandler' driver.
WARNING - 2024-12-19 06:47:58 --> [DEPRECATED] Creation of dynamic property IonAuth\Libraries\IonAuth::$session is deprecated in FCPATH\vendor\benedmunds\codeigniter-ion-auth\Libraries\IonAuth.php on line 65.
 1 APPPATH\Controllers\Login.php(13): IonAuth\Libraries\IonAuth->__construct()
 2 SYSTEMPATH\CodeIgniter.php(903): App\Controllers\Login->__construct()
 3 SYSTEMPATH\CodeIgniter.php(500): CodeIgniter\CodeIgniter->createController()
 4 SYSTEMPATH\CodeIgniter.php(355): CodeIgniter\CodeIgniter->handleRequest(null, Object(Config\Cache), false)
 5 SYSTEMPATH\Boot.php(325): CodeIgniter\CodeIgniter->run()
 6 SYSTEMPATH\Boot.php(67): CodeIgniter\Boot::runCodeIgniter(Object(CodeIgniter\CodeIgniter))
 7 FCPATH\index.php(56): CodeIgniter\Boot::bootWeb(Object(Config\Paths))
WARNING - 2024-12-19 06:47:58 --> [DEPRECATED] Creation of dynamic property IonAuth\Models\IonAuthModel::$join is deprecated in FCPATH\vendor\benedmunds\codeigniter-ion-auth\Models\IonAuthModel.php on line 231.
 1 FCPATH\vendor\benedmunds\codeigniter-ion-auth\Libraries\IonAuth.php(67): IonAuth\Models\IonAuthModel->__construct()
 2 APPPATH\Controllers\Login.php(13): IonAuth\Libraries\IonAuth->__construct()
 3 SYSTEMPATH\CodeIgniter.php(903): App\Controllers\Login->__construct()
 4 SYSTEMPATH\CodeIgniter.php(500): CodeIgniter\CodeIgniter->createController()
 5 SYSTEMPATH\CodeIgniter.php(355): CodeIgniter\CodeIgniter->handleRequest(null, Object(Config\Cache), false)
 6 SYSTEMPATH\Boot.php(325): CodeIgniter\CodeIgniter->run()
 7 SYSTEMPATH\Boot.php(67): CodeIgniter\Boot::runCodeIgniter(Object(CodeIgniter\CodeIgniter))
 8 FCPATH\index.php(56): CodeIgniter\Boot::bootWeb(Object(Config\Paths))
WARNING - 2024-12-19 06:47:58 --> [DEPRECATED] Creation of dynamic property IonAuth\Models\IonAuthModel::$hashMethod is deprecated in FCPATH\vendor\benedmunds\codeigniter-ion-auth\Models\IonAuthModel.php on line 234.
 1 FCPATH\vendor\benedmunds\codeigniter-ion-auth\Libraries\IonAuth.php(67): IonAuth\Models\IonAuthModel->__construct()
 2 APPPATH\Controllers\Login.php(13): IonAuth\Libraries\IonAuth->__construct()
 3 SYSTEMPATH\CodeIgniter.php(903): App\Controllers\Login->__construct()
 4 SYSTEMPATH\CodeIgniter.php(500): CodeIgniter\CodeIgniter->createController()
 5 SYSTEMPATH\CodeIgniter.php(355): CodeIgniter\CodeIgniter->handleRequest(null, Object(Config\Cache), false)
 6 SYSTEMPATH\Boot.php(325): CodeIgniter\CodeIgniter->run()
 7 SYSTEMPATH\Boot.php(67): CodeIgniter\Boot::runCodeIgniter(Object(CodeIgniter\CodeIgniter))
 8 FCPATH\index.php(56): CodeIgniter\Boot::bootWeb(Object(Config\Paths))
WARNING - 2024-12-19 06:47:58 --> [DEPRECATED] Creation of dynamic property IonAuth\Models\IonAuthModel::$messagesTemplates is deprecated in FCPATH\vendor\benedmunds\codeigniter-ion-auth\Models\IonAuthModel.php on line 237.
 1 FCPATH\vendor\benedmunds\codeigniter-ion-auth\Libraries\IonAuth.php(67): IonAuth\Models\IonAuthModel->__construct()
 2 APPPATH\Controllers\Login.php(13): IonAuth\Libraries\IonAuth->__construct()
 3 SYSTEMPATH\CodeIgniter.php(903): App\Controllers\Login->__construct()
 4 SYSTEMPATH\CodeIgniter.php(500): CodeIgniter\CodeIgniter->createController()
 5 SYSTEMPATH\CodeIgniter.php(355): CodeIgniter\CodeIgniter->handleRequest(null, Object(Config\Cache), false)
 6 SYSTEMPATH\Boot.php(325): CodeIgniter\CodeIgniter->run()
 7 SYSTEMPATH\Boot.php(67): CodeIgniter\Boot::runCodeIgniter(Object(CodeIgniter\CodeIgniter))
 8 FCPATH\index.php(56): CodeIgniter\Boot::bootWeb(Object(Config\Paths))
